G0 Z20
G21
G90
G94
F80.00
G00 Z3.0000
M03 S45
G4 P1
G00 X9.3082Y9.4447
G01 Z-0.2000
G01 X11.0000Y7.7527
G01 X11.0821Y7.6784
G01 X11.1784Y7.6068
G01 X11.2817Y7.5450
G01 X11.3904Y7.4942
G01 X11.4970Y7.4562
G01 X11.6087Y7.4281
G01 X11.7272Y7.4104
G01 X11.8450Y7.4046
G01 X14.1646Y7.4046
G01 X14.2824Y7.4104
G01 X14.4009Y7.4281
G01 X14.5176Y7.4578
G01 X14.6262Y7.4969
G01 X14.7279Y7.5450
G01 X14.8353Y7.6097
G01 X14.9275Y7.6784
G01 X15.0096Y7.7527
G01 X18.3999Y11.1429
G01 X18.4776Y11.2285
G01 X18.5492Y11.3248
G01 X18.6110Y11.4281
G01 X18.6581Y11.5277
G01 X18.6998Y11.6433
G01 X18.7279Y11.7551
G01 X18.7450Y11.8689
G01 X18.7514Y11.9914
G01 X18.7513Y22.0013
G01 X18.7450Y22.1189
G01 X18.7279Y22.2327
G01 X18.7010Y22.3400
G01 X18.6590Y22.4580
G01 X18.6110Y22.5597
G01 X18.5492Y22.6630
G01 X18.4758Y22.7614
G01 X18.3999Y22.8449
G01 X18.3164Y22.9208
G01 X18.2180Y22.9942
G01 X18.1147Y23.0560
G01 X18.0060Y23.1068
G01 X17.8994Y23.1448
G01 X17.7903Y23.1723
G01 X17.6692Y23.1906
G01 X17.5465Y23.1963
G01 X17.4336Y23.1906
G01 X17.3221Y23.1742
G01 X17.2034Y23.1448
G01 X17.0898Y23.1040
G01 X16.9815Y23.0523
G01 X16.8848Y22.9942
G01 X16.7940Y22.9270
G01 X16.7029Y22.8449
G01 X16.6252Y22.7593
G01 X16.5510Y22.6589
G01 X16.4918Y22.5597
G01 X16.4447Y22.4601
G01 X16.4030Y22.3444
G01 X16.3736Y22.2257
G01 X16.3572Y22.1142
G01 X16.3514Y21.9964
G01 X16.3514Y12.4884
G01 X13.6675Y9.8046
G01 X12.3421Y9.8046
G01 X11.3600Y10.7866
G01 X11.3599Y11.4349
G01 X11.3542Y11.5478
G01 X11.3365Y11.6663
G01 X11.3068Y11.7830
G01 X11.2676Y11.8916
G01 X11.2196Y11.9933
G01 X11.1549Y12.1007
G01 X11.0862Y12.1929
G01 X11.0085Y12.2785
G01 X10.9229Y12.3562
G01 X10.8307Y12.4249
G01 X10.7233Y12.4896
G01 X10.6216Y12.5376
G01 X10.5130Y12.5768
G01 X10.3963Y12.6065
G01 X10.2727Y12.6246
G01 X10.1600Y12.6300
G01 X10.0422Y12.6242
G01 X9.9237Y12.6065
G01 X9.8164Y12.5796
G01 X9.6984Y12.5376
G01 X9.5901Y12.4859
G01 X9.4934Y12.4278
G01 X9.4026Y12.3606
G01 X9.3115Y12.2785
G01 X9.2294Y12.1874
G01 X9.1622Y12.0966
G01 X9.1041Y11.9999
G01 X9.0524Y11.8916
G01 X9.0104Y11.7736
G01 X8.9835Y11.6663
G01 X8.9664Y11.5525
G01 X8.9600Y11.4300
G01 X8.9600Y10.2896
G01 X8.9658Y10.1718
G01 X8.9822Y10.0603
G01 X9.0132Y9.9366
G01 X9.0524Y9.8280
G01 X9.1004Y9.7263
G01 X9.1651Y9.6189
G01 X9.2338Y9.5267
G01 X9.3082Y9.4447
G00 Z3.0000
G00 X11.3048Y12.4151
G01 Z-0.2000
G01 X11.2893Y12.4010
G01 X11.2602Y12.3792
G01 X11.2282Y12.3604
G01 X11.2089Y12.3513
G01 X11.1736Y12.3383
G01 X11.1528Y12.3329
G01 X11.1214Y12.3273
G01 X11.1012Y12.3253
G01 X11.1622Y12.2580
G01 X11.2353Y12.1603
G01 X11.2462Y12.1439
G01 X11.3048Y12.0456
G01 X11.3048Y12.4151
G00 Z3.0000
G00 X14.6311Y10.9095
G01 Z-0.2000
G01 X14.9232Y11.2016
G01 X14.8976Y11.2031
G01 X14.8620Y11.2086
G01 X14.8360Y11.2153
G01 X14.8007Y11.2282
G01 X14.7814Y11.2373
G01 X14.7494Y11.2561
G01 X14.7203Y11.2780
G01 X14.6998Y11.2969
G01 X14.6966Y11.2377
G01 X14.6738Y11.0826
G01 X14.6700Y11.0634
G01 X14.6311Y10.9095
G00 Z3.0000
G00 X11.1012Y21.9647
G01 Z-0.2000
G01 X11.1214Y21.9627
G01 X11.1528Y21.9571
G01 X11.1736Y21.9517
G01 X11.2089Y21.9387
G01 X11.2282Y21.9296
G01 X11.2602Y21.9108
G01 X11.2893Y21.8890
G01 X11.3048Y21.8749
G01 X11.3048Y22.2444
G01 X11.2462Y22.1461
G01 X11.2353Y22.1297
G01 X11.1622Y22.0320
G01 X11.1012Y21.9647
G00 Z3.0000
G00 X11.3599Y22.8551
G01 Z-0.2000
G01 X11.3600Y86.3600
G01 X11.3542Y86.4778
G01 X11.3365Y86.5963
G01 X11.3084Y86.7080
G01 X11.2677Y86.8216
G01 X11.2196Y86.9233
G01 X11.1578Y87.0266
G01 X11.0862Y87.1229
G01 X11.0085Y87.2085
G01 X10.9229Y87.2862
G01 X10.8266Y87.3578
G01 X10.7233Y87.4196
G01 X10.6216Y87.4676
G01 X10.5080Y87.5084
G01 X10.3963Y87.5365
G01 X10.2778Y87.5542
G01 X10.1600Y87.5600
G01 X10.0422Y87.5542
G01 X9.9237Y87.5365
G01 X9.8120Y87.5084
G01 X9.6984Y87.4676
G01 X9.5967Y87.4196
G01 X9.4934Y87.3578
G01 X9.3971Y87.2862
G01 X9.3115Y87.2085
G01 X9.2338Y87.1229
G01 X9.1622Y87.0266
G01 X9.1004Y86.9233
G01 X9.0524Y86.8216
G01 X9.0116Y86.7080
G01 X8.9835Y86.5963
G01 X8.9658Y86.4778
G01 X8.9600Y86.3600
G01 X8.9600Y22.8600
G01 X8.9658Y22.7422
G01 X8.9835Y22.6237
G01 X9.0116Y22.5120
G01 X9.0524Y22.3984
G01 X9.1004Y22.2967
G01 X9.1622Y22.1934
G01 X9.2338Y22.0971
G01 X9.3115Y22.0115
G01 X9.3971Y21.9338
G01 X9.4934Y21.8622
G01 X9.5967Y21.8004
G01 X9.6984Y21.7524
G01 X9.8120Y21.7116
G01 X9.9237Y21.6835
G01 X10.0422Y21.6658
G01 X10.1600Y21.6600
G01 X10.2778Y21.6658
G01 X10.3963Y21.6835
G01 X10.5080Y21.7116
G01 X10.6216Y21.7524
G01 X10.7233Y21.8004
G01 X10.8266Y21.8622
G01 X10.9229Y21.9338
G01 X11.0085Y22.0115
G01 X11.0862Y22.0971
G01 X11.1578Y22.1934
G01 X11.2196Y22.2967
G01 X11.2676Y22.3984
G01 X11.3084Y22.5120
G01 X11.3365Y22.6237
G01 X11.3542Y22.7422
G01 X11.3599Y22.8551
G00 Z3.0000
G00 X19.2419Y32.4982
G01 Z-0.2000
G01 X19.2567Y32.3476
G01 X19.3111Y32.1685
G01 X19.3993Y32.0035
G01 X19.5180Y31.8588
G01 X19.5457Y31.8361
G01 X19.5621Y31.8213
G01 X22.5683Y28.8151
G01 X22.5831Y28.7987
G01 X22.6059Y28.7710
G01 X22.7505Y28.6523
G01 X22.9155Y28.5641
G01 X23.0946Y28.5097
G01 X23.2809Y28.4914
G01 X23.3165Y28.4949
G01 X23.3386Y28.4960
G01 X30.6551Y28.4960
G01 X30.6821Y28.4943
G01 X30.7012Y28.4912
G01 X30.7201Y28.4864
G01 X30.7436Y28.4779
G01 X30.7655Y28.4670
G01 X30.7800Y28.4581
G01 X30.7940Y28.4479
G01 X30.8142Y28.4301
G01 X33.6842Y25.5601
G01 X33.7021Y25.5399
G01 X33.7123Y25.5259
G01 X33.7211Y25.5113
G01 X33.7320Y25.4894
G01 X33.7417Y25.4616
G01 X33.7466Y25.4401
G01 X33.7490Y25.4232
G01 X33.7500Y25.4059
G01 X33.7490Y25.3788
G01 X33.7453Y25.3549
G01 X33.7405Y25.3360
G01 X33.7310Y25.3104
G01 X33.7211Y25.2907
G01 X33.7123Y25.2761
G01 X33.7021Y25.2621
G01 X33.6842Y25.2419
G01 X33.6695Y25.2284
G01 X33.6500Y25.2139
G01 X33.6288Y25.2013
G01 X33.6066Y25.1914
G01 X33.5857Y25.1844
G01 X33.5642Y25.1795
G01 X33.5473Y25.1771
G01 X33.5300Y25.1761
G01 X24.0020Y25.1760
G01 X23.9450Y25.1648
G01 X23.9280Y25.1624
G01 X23.8752Y25.1572
G01 X23.8243Y25.1418
G01 X23.8077Y25.1375
G01 X23.7508Y25.1260
G01 X23.6971Y25.1039
G01 X23.6809Y25.0983
G01 X23.6301Y25.0829
G01 X23.5833Y25.0578
G01 X23.5678Y25.0504
G01 X23.5142Y25.0280
G01 X23.4659Y24.9959
G01 X23.4511Y24.9872
G01 X23.4043Y24.9621
G01 X23.3632Y24.9284
G01 X23.3495Y24.9181
G01 X23.3013Y24.8858
G01 X23.2602Y24.8448
G01 X23.2474Y24.8334
G01 X23.2063Y24.7997
G01 X23.1726Y24.7586
G01 X23.1612Y24.7458
G01 X23.1202Y24.7047
G01 X23.0879Y24.6565
G01 X23.0776Y24.6428
G01 X23.0439Y24.6017
G01 X23.0188Y24.5549
G01 X23.0101Y24.5401
G01 X22.9780Y24.4918
G01 X22.9556Y24.4382
G01 X22.9482Y24.4227
G01 X22.9231Y24.3759
G01 X22.9077Y24.3251
G01 X22.9021Y24.3089
G01 X22.8800Y24.2552
G01 X22.8685Y24.1983
G01 X22.8642Y24.1817
G01 X22.8488Y24.1308
G01 X22.8436Y24.0780
G01 X22.8412Y24.0610
G01 X22.8300Y24.0040
G01 X22.8299Y23.9460
G01 X22.8289Y23.9289
G01 X22.8237Y23.8760
G01 X22.8289Y23.8231
G01 X22.8299Y23.8060
G01 X22.8300Y23.7480
G01 X22.8412Y23.6910
G01 X22.8436Y23.6740
G01 X22.8488Y23.6212
G01 X22.8642Y23.5703
G01 X22.8685Y23.5536
G01 X22.8800Y23.4968
G01 X22.9021Y23.4431
G01 X22.9077Y23.4269
G01 X22.9231Y23.3761
G01 X22.9482Y23.3293
G01 X22.9556Y23.3138
G01 X22.9780Y23.2602
G01 X23.0101Y23.2119
G01 X23.0188Y23.1971
G01 X23.0439Y23.1503
G01 X23.0776Y23.1092
G01 X23.0879Y23.0955
G01 X23.1202Y23.0473
G01 X23.1612Y23.0062
G01 X23.1726Y22.9934
G01 X23.2063Y22.9523
G01 X23.2474Y22.9186
G01 X23.2602Y22.9072
G01 X23.3013Y22.8662
G01 X23.3495Y22.8339
G01 X23.3632Y22.8236
G01 X23.4043Y22.7899
G01 X23.4511Y22.7648
G01 X23.4659Y22.7561
G01 X23.5142Y22.7240
G01 X23.5678Y22.7016
G01 X23.5833Y22.6942
G01 X23.6301Y22.6691
G01 X23.6809Y22.6537
G01 X23.6971Y22.6481
G01 X23.7508Y22.6260
G01 X23.8077Y22.6145
G01 X23.8243Y22.6102
G01 X23.8752Y22.5948
G01 X23.9280Y22.5896
G01 X23.9450Y22.5872
G01 X24.0020Y22.5760
G01 X38.5390Y22.5760
G01 X38.5612Y22.5749
G01 X38.5851Y22.5712
G01 X38.6040Y22.5664
G01 X38.6296Y22.5569
G01 X38.6426Y22.5507
G01 X38.6599Y22.5407
G01 X38.6834Y22.5236
G01 X38.7015Y22.5065
G01 X38.7116Y22.4954
G01 X38.7233Y22.4800
G01 X38.7387Y22.4546
G01 X38.7459Y22.4394
G01 X38.7528Y22.4210
G01 X38.7592Y22.3971
G01 X38.7633Y22.3682
G01 X38.7640Y22.3510
G01 X38.7640Y20.0960
G01 X38.7629Y20.0739
G01 X38.7582Y20.0260
G01 X38.7814Y19.7908
G01 X38.8500Y19.5646
G01 X38.9614Y19.3561
G01 X39.1114Y19.1734
G01 X39.1486Y19.1428
G01 X39.1650Y19.1280
G01 X41.3120Y16.9810
G01 X41.3268Y16.9646
G01 X41.3574Y16.9274
G01 X41.5401Y16.7774
G01 X41.7486Y16.6660
G01 X41.9748Y16.5974
G01 X42.2100Y16.5742
G01 X42.2579Y16.5789
G01 X42.2800Y16.5800
G01 X47.3482Y16.5800
G01 X47.4003Y16.5902
G01 X47.4173Y16.5926
G01 X47.4652Y16.5974
G01 X47.5113Y16.6113
G01 X47.5280Y16.6157
G01 X47.5800Y16.6261
G01 X47.6291Y16.6463
G01 X47.6453Y16.6520
G01 X47.6914Y16.6660
G01 X47.7339Y16.6887
G01 X47.7494Y16.6961
G01 X47.7984Y16.7166
G01 X47.8426Y16.7460
G01 X47.8574Y16.7547
G01 X47.8999Y16.7774
G01 X47.9371Y16.8080
G01 X47.9509Y16.8183
G01 X47.9950Y16.8479
G01 X48.0326Y16.8854
G01 X48.0454Y16.8968
G01 X48.0826Y16.9274
G01 X48.1132Y16.9646
G01 X48.1246Y16.9774
G01 X48.1621Y17.0150
G01 X48.1889Y17.0551
G01 X48.1990Y17.0690
G01 X48.2213Y17.0946
G01 X48.2360Y17.1081
G01 X48.2555Y17.1227
G01 X48.2768Y17.1352
G01 X48.2898Y17.1414
G01 X48.3154Y17.1509
G01 X48.3413Y17.1571
G01 X48.3582Y17.1594
G01 X48.3755Y17.1604
G01 X48.4026Y17.1594
G01 X48.4265Y17.1558
G01 X48.4504Y17.1493
G01 X48.4689Y17.1424
G01 X48.4821Y17.1362
G01 X48.5013Y17.1253
G01 X48.5248Y17.1081
G01 X48.5429Y17.0911
G01 X48.5530Y17.0799
G01 X48.5647Y17.0646
G01 X48.5979Y17.0150
G01 X48.7650Y16.8479
G01 X48.9005Y16.7574
G01 X48.9199Y16.7429
G01 X48.9346Y16.7294
G01 X48.9480Y16.7147
G01 X48.9626Y16.6952
G01 X48.9752Y16.6740
G01 X48.9824Y16.6588
G01 X48.9909Y16.6353
G01 X48.9957Y16.6164
G01 X48.9994Y16.5925
G01 X49.0004Y16.5752
G01 X49.0005Y16.0597
G01 X48.9994Y16.0377
G01 X48.9959Y16.0020
G01 X49.0142Y15.8158
G01 X49.0686Y15.6367
G01 X49.1568Y15.4717
G01 X49.2755Y15.3270
G01 X49.3032Y15.3043
G01 X49.3196Y15.2894
G01 X57.8391Y6.7699
G01 X57.8540Y6.7535
G01 X57.8767Y6.7258
G01 X58.0213Y6.6071
G01 X58.1864Y6.5189
G01 X58.3655Y6.4646
G01 X58.5517Y6.4462
G01 X58.5874Y6.4497
G01 X58.6094Y6.4508
G01 X68.3250Y6.4508
G01 X68.3519Y6.4491
G01 X68.3737Y6.4454
G01 X68.3900Y6.4412
G01 X68.4065Y6.4354
G01 X68.4286Y6.4255
G01 X68.4499Y6.4129
G01 X68.4715Y6.3965
G01 X68.4841Y6.3849
G01 X68.4957Y6.3723
G01 X68.5121Y6.3507
G01 X68.5247Y6.3295
G01 X68.5319Y6.3143
G01 X68.5388Y6.2958
G01 X68.5452Y6.2719
G01 X68.5489Y6.2480
G01 X68.5500Y6.2220
G01 X68.6000Y5.9708
G01 X68.6980Y5.7342
G01 X68.8402Y5.5213
G01 X69.0213Y5.3402
G01 X69.2342Y5.1980
G01 X69.4708Y5.1000
G01 X69.7220Y5.0500
G01 X69.9780Y5.0500
G01 X70.2292Y5.1000
G01 X70.4658Y5.1980
G01 X70.6787Y5.3402
G01 X70.8598Y5.5213
G01 X70.9313Y5.6282
G01 X70.9430Y5.6436
G01 X70.9531Y5.6547
G01 X70.9712Y5.6717
G01 X70.9907Y5.6863
G01 X71.0053Y5.6952
G01 X71.0341Y5.7088
G01 X71.0506Y5.7146
G01 X71.0695Y5.7194
G01 X71.0934Y5.7231
G01 X71.1156Y5.7242
G01 X71.1378Y5.7231
G01 X71.1617Y5.7194
G01 X71.1807Y5.7146
G01 X71.1972Y5.7088
G01 X71.2260Y5.6951
G01 X71.2406Y5.6863
G01 X71.2600Y5.6717
G01 X71.2747Y5.6582
G01 X71.2882Y5.6435
G01 X71.3376Y5.5832
G01 X71.3507Y5.5655
G01 X71.3802Y5.5213
G01 X71.4212Y5.4802
G01 X71.4326Y5.4674
G01 X71.4663Y5.4263
G01 X71.5074Y5.3926
G01 X71.5202Y5.3812
G01 X71.5613Y5.3402
G01 X71.6095Y5.3079
G01 X71.6232Y5.2976
G01 X71.6643Y5.2639
G01 X71.7111Y5.2388
G01 X71.7259Y5.2301
G01 X71.7742Y5.1980
G01 X71.8278Y5.1756
G01 X71.8433Y5.1682
G01 X71.8901Y5.1431
G01 X71.9409Y5.1277
G01 X71.9571Y5.1221
G01 X72.0108Y5.1000
G01 X72.0677Y5.0885
G01 X72.0843Y5.0842
G01 X72.1352Y5.0688
G01 X72.1880Y5.0636
G01 X72.2050Y5.0612
G01 X72.2620Y5.0500
G01 X72.3200Y5.0499
G01 X72.3371Y5.0489
G01 X72.3900Y5.0437
G01 X72.4429Y5.0489
G01 X72.4600Y5.0499
G01 X72.5180Y5.0500
G01 X72.5750Y5.0612
G01 X72.5920Y5.0636
G01 X72.6448Y5.0688
G01 X72.6957Y5.0842
G01 X72.7123Y5.0885
G01 X72.7692Y5.1000
G01 X72.8229Y5.1221
G01 X72.8391Y5.1277
G01 X72.8899Y5.1431
G01 X72.9367Y5.1682
G01 X72.9522Y5.1756
G01 X73.0058Y5.1980
G01 X73.0541Y5.2301
G01 X73.0689Y5.2388
G01 X73.1157Y5.2639
G01 X73.1568Y5.2976
G01 X73.1705Y5.3079
G01 X73.2187Y5.3402
G01 X73.2598Y5.3812
G01 X73.2726Y5.3926
G01 X73.3137Y5.4263
G01 X73.3474Y5.4674
G01 X73.3588Y5.4802
G01 X73.3998Y5.5213
G01 X73.4293Y5.5655
G01 X73.4394Y5.5793
G01 X73.4861Y5.6364
G01 X73.5009Y5.6527
G01 X73.5211Y5.6706
G01 X73.5351Y5.6808
G01 X73.5564Y5.6933
G01 X73.5716Y5.7005
G01 X73.5900Y5.7074
G01 X73.6209Y5.7151
G01 X73.6378Y5.7175
G01 X73.6600Y5.7186
G01 X73.6822Y5.7175
G01 X73.6991Y5.7151
G01 X73.7300Y5.7074
G01 X73.7485Y5.7005
G01 X73.7636Y5.6933
G01 X73.7849Y5.6808
G01 X73.7989Y5.6706
G01 X73.8191Y5.6527
G01 X73.8339Y5.6364
G01 X73.8806Y5.5793
G01 X73.8907Y5.5655
G01 X73.9202Y5.5213
G01 X73.9612Y5.4802
G01 X73.9726Y5.4674
G01 X74.0063Y5.4263
G01 X74.0474Y5.3926
G01 X74.0602Y5.3812
G01 X74.1013Y5.3402
G01 X74.1495Y5.3079
G01 X74.1632Y5.2976
G01 X74.2043Y5.2639
G01 X74.2511Y5.2388
G01 X74.2659Y5.2301
G01 X74.3142Y5.1980
G01 X74.3678Y5.1756
G01 X74.3833Y5.1682
G01 X74.4301Y5.1431
G01 X74.4809Y5.1277
G01 X74.4971Y5.1221
G01 X74.5508Y5.1000
G01 X74.6077Y5.0885
G01 X74.6243Y5.0842
G01 X74.6752Y5.0688
G01 X74.7280Y5.0636
G01 X74.7450Y5.0612
G01 X74.8020Y5.0500
G01 X74.8600Y5.0499
G01 X74.8771Y5.0489
G01 X74.9300Y5.0437
G01 X74.9829Y5.0489
G01 X75.0000Y5.0499
G01 X75.0580Y5.0500
G01 X75.1150Y5.0612
G01 X75.1320Y5.0636
G01 X75.1848Y5.0688
G01 X75.2357Y5.0842
G01 X75.2523Y5.0885
G01 X75.3092Y5.1000
G01 X75.3629Y5.1221
G01 X75.3791Y5.1277
G01 X75.4299Y5.1431
G01 X75.4767Y5.1682
G01 X75.4922Y5.1756
G01 X75.5458Y5.1980
G01 X75.5941Y5.2301
G01 X75.6089Y5.2388
G01 X75.6557Y5.2639
G01 X75.6968Y5.2976
G01 X75.7105Y5.3079
G01 X75.7587Y5.3402
G01 X75.7998Y5.3812
G01 X75.8126Y5.3926
G01 X75.8537Y5.4263
G01 X75.8874Y5.4674
G01 X75.8988Y5.4802
G01 X75.9398Y5.5213
G01 X75.9693Y5.5655
G01 X75.9794Y5.5793
G01 X76.0261Y5.6364
G01 X76.0409Y5.6527
G01 X76.0611Y5.6706
G01 X76.0751Y5.6808
G01 X76.0964Y5.6933
G01 X76.1116Y5.7005
G01 X76.1300Y5.7074
G01 X76.1609Y5.7151
G01 X76.1778Y5.7175
G01 X76.2000Y5.7186
G01 X76.2222Y5.7175
G01 X76.2391Y5.7151
G01 X76.2700Y5.7074
G01 X76.2885Y5.7005
G01 X76.3036Y5.6933
G01 X76.3249Y5.6808
G01 X76.3389Y5.6706
G01 X76.3591Y5.6527
G01 X76.3739Y5.6364
G01 X76.4206Y5.5793
G01 X76.4307Y5.5655
G01 X76.4602Y5.5213
G01 X76.5012Y5.4802
G01 X76.5126Y5.4674
G01 X76.5463Y5.4263
G01 X76.5874Y5.3926
G01 X76.6002Y5.3812
G01 X76.6413Y5.3402
G01 X76.6895Y5.3079
G01 X76.7032Y5.2976
G01 X76.7443Y5.2639
G01 X76.7911Y5.2388
G01 X76.8059Y5.2301
G01 X76.8542Y5.1980
G01 X76.9078Y5.1756
G01 X76.9233Y5.1682
G01 X76.9701Y5.1431
G01 X77.0209Y5.1277
G01 X77.0371Y5.1221
G01 X77.0908Y5.1000
G01 X77.1477Y5.0885
G01 X77.1643Y5.0842
G01 X77.2152Y5.0688
G01 X77.2680Y5.0636
G01 X77.2850Y5.0612
G01 X77.3420Y5.0500
G01 X77.4000Y5.0499
G01 X77.4171Y5.0489
G01 X77.4700Y5.0437
G01 X77.5229Y5.0489
G01 X77.5400Y5.0499
G01 X77.5980Y5.0500
G01 X77.6550Y5.0612
G01 X77.6720Y5.0636
G01 X77.7248Y5.0688
G01 X77.7757Y5.0842
G01 X77.7923Y5.0885
G01 X77.8492Y5.1000
G01 X77.9029Y5.1221
G01 X77.9191Y5.1277
G01 X77.9699Y5.1431
G01 X78.0167Y5.1682
G01 X78.0322Y5.1756
G01 X78.0858Y5.1980
G01 X78.1341Y5.2301
G01 X78.1489Y5.2388
G01 X78.1957Y5.2639
G01 X78.2368Y5.2976
G01 X78.2505Y5.3079
G01 X78.2987Y5.3402
G01 X78.3398Y5.3812
G01 X78.3526Y5.3926
G01 X78.3937Y5.4263
G01 X78.4274Y5.4674
G01 X78.4388Y5.4802
G01 X78.4798Y5.5213
G01 X78.5093Y5.5655
G01 X78.5194Y5.5793
G01 X78.5661Y5.6364
G01 X78.5809Y5.6527
G01 X78.6011Y5.6706
G01 X78.6151Y5.6808
G01 X78.6364Y5.6933
G01 X78.6516Y5.7005
G01 X78.6700Y5.7074
G01 X78.7009Y5.7151
G01 X78.7178Y5.7175
G01 X78.7400Y5.7186
G01 X78.7622Y5.7175
G01 X78.7791Y5.7151
G01 X78.8100Y5.7074
G01 X78.8285Y5.7005
G01 X78.8436Y5.6933
G01 X78.8649Y5.6808
G01 X78.8789Y5.6706
G01 X78.8991Y5.6527
G01 X78.9139Y5.6364
G01 X78.9606Y5.5793
G01 X78.9707Y5.5655
G01 X79.0002Y5.5213
G01 X79.0412Y5.4802
G01 X79.0526Y5.4674
G01 X79.0863Y5.4263
G01 X79.1274Y5.3926
G01 X79.1402Y5.3812
G01 X79.1813Y5.3402
G01 X79.2295Y5.3079
G01 X79.2432Y5.2976
G01 X79.2843Y5.2639
G01 X79.3311Y5.2388
G01 X79.3459Y5.2301
G01 X79.3942Y5.1980
G01 X79.4478Y5.1756
G01 X79.4633Y5.1682
G01 X79.5101Y5.1431
G01 X79.5609Y5.1277
G01 X79.5771Y5.1221
G01 X79.6308Y5.1000
G01 X79.6877Y5.0885
G01 X79.7043Y5.0842
G01 X79.7552Y5.0688
G01 X79.8080Y5.0636
G01 X79.8250Y5.0612
G01 X79.8820Y5.0500
G01 X79.9400Y5.0499
G01 X79.9571Y5.0489
G01 X80.0100Y5.0437
G01 X80.0629Y5.0489
G01 X80.0800Y5.0499
G01 X80.1380Y5.0500
G01 X80.1950Y5.0612
G01 X80.2120Y5.0636
G01 X80.2648Y5.0688
G01 X80.3157Y5.0842
G01 X80.3323Y5.0885
G01 X80.3892Y5.1000
G01 X80.4429Y5.1221
G01 X80.4591Y5.1277
G01 X80.5099Y5.1431
G01 X80.5567Y5.1682
G01 X80.5722Y5.1756
G01 X80.6258Y5.1980
G01 X80.6741Y5.2301
G01 X80.6889Y5.2388
G01 X80.7357Y5.2639
G01 X80.7768Y5.2976
G01 X80.7905Y5.3079
G01 X80.8387Y5.3402
G01 X80.8798Y5.3812
G01 X80.8926Y5.3926
G01 X80.9337Y5.4263
G01 X80.9674Y5.4674
G01 X80.9788Y5.4802
G01 X81.0198Y5.5213
G01 X81.0493Y5.5655
G01 X81.0594Y5.5793
G01 X81.1061Y5.6364
G01 X81.1209Y5.6527
G01 X81.1411Y5.6706
G01 X81.1551Y5.6808
G01 X81.1764Y5.6933
G01 X81.1916Y5.7005
G01 X81.2100Y5.7074
G01 X81.2409Y5.7151
G01 X81.2578Y5.7175
G01 X81.2800Y5.7186
G01 X81.3022Y5.7175
G01 X81.3191Y5.7151
G01 X81.3500Y5.7074
G01 X81.3685Y5.7005
G01 X81.3836Y5.6933
G01 X81.4049Y5.6808
G01 X81.4189Y5.6706
G01 X81.4391Y5.6527
G01 X81.4539Y5.6364
G01 X81.5006Y5.5793
G01 X81.5107Y5.5655
G01 X81.5402Y5.5213
G01 X81.5812Y5.4802
G01 X81.5926Y5.4674
G01 X81.6263Y5.4263
G01 X81.6674Y5.3926
G01 X81.6802Y5.3812
G01 X81.7213Y5.3402
G01 X81.7695Y5.3079
G01 X81.7832Y5.2976
G01 X81.8243Y5.2639
G01 X81.8711Y5.2388
G01 X81.8859Y5.2301
G01 X81.9342Y5.1980
G01 X81.9878Y5.1756
G01 X82.0033Y5.1682
G01 X82.0501Y5.1431
G01 X82.1009Y5.1277
G01 X82.1171Y5.1221
G01 X82.1708Y5.1000
G01 X82.2277Y5.0885
G01 X82.2443Y5.0842
G01 X82.2952Y5.0688
G01 X82.3480Y5.0636
G01 X82.3650Y5.0612
G01 X82.4220Y5.0500
G01 X82.4800Y5.0499
G01 X82.4971Y5.0489
G01 X82.5500Y5.0437
G01 X82.6029Y5.0489
G01 X82.6200Y5.0499
G01 X82.6780Y5.0500
G01 X82.7350Y5.0612
G01 X82.7520Y5.0636
G01 X82.8048Y5.0688
G01 X82.8557Y5.0842
G01 X82.8723Y5.0885
G01 X82.9292Y5.1000
G01 X82.9829Y5.1221
G01 X82.9991Y5.1277
G01 X83.0499Y5.1431
G01 X83.0967Y5.1682
G01 X83.1122Y5.1756
G01 X83.1658Y5.1980
G01 X83.2141Y5.2301
G01 X83.2289Y5.2388
G01 X83.2757Y5.2639
G01 X83.3168Y5.2976
G01 X83.3305Y5.3079
G01 X83.3787Y5.3402
G01 X83.4198Y5.3812
G01 X83.4326Y5.3926
G01 X83.4737Y5.4263
G01 X83.5074Y5.4674
G01 X83.5188Y5.4802
G01 X83.5598Y5.5213
G01 X83.5893Y5.5655
G01 X83.5994Y5.5793
G01 X83.6461Y5.6364
G01 X83.6609Y5.6527
G01 X83.6811Y5.6706
G01 X83.6951Y5.6808
G01 X83.7164Y5.6933
G01 X83.7316Y5.7005
G01 X83.7500Y5.7074
G01 X83.7809Y5.7151
G01 X83.7978Y5.7175
G01 X83.8200Y5.7186
G01 X83.8422Y5.7175
G01 X83.8591Y5.7151
G01 X83.8900Y5.7074
G01 X83.9085Y5.7005
G01 X83.9236Y5.6933
G01 X83.9449Y5.6808
G01 X83.9589Y5.6706
G01 X83.9791Y5.6527
G01 X83.9939Y5.6364
G01 X84.0406Y5.5793
G01 X84.0507Y5.5655
G01 X84.0802Y5.5213
G01 X84.1212Y5.4802
G01 X84.1326Y5.4674
G01 X84.1663Y5.4263
G01 X84.2074Y5.3926
G01 X84.2202Y5.3812
G01 X84.2613Y5.3402
G01 X84.3095Y5.3079
G01 X84.3232Y5.2976
G01 X84.3643Y5.2639
G01 X84.4111Y5.2388
G01 X84.4259Y5.2301
G01 X84.4742Y5.1980
G01 X84.5278Y5.1756
G01 X84.5433Y5.1682
G01 X84.5901Y5.1431
G01 X84.6409Y5.1277
G01 X84.6571Y5.1221
G01 X84.7108Y5.1000
G01 X84.7677Y5.0885
G01 X84.7843Y5.0842
G01 X84.8352Y5.0688
G01 X84.8880Y5.0636
G01 X84.9050Y5.0612
G01 X84.9620Y5.0500
G01 X85.0200Y5.0499
G01 X85.0371Y5.0489
G01 X85.0900Y5.0437
G01 X85.1429Y5.0489
G01 X85.1600Y5.0499
G01 X85.2180Y5.0500
G01 X85.2750Y5.0612
G01 X85.2920Y5.0636
G01 X85.3448Y5.0688
G01 X85.3957Y5.0842
G01 X85.4123Y5.0885
G01 X85.4692Y5.1000
G01 X85.5229Y5.1221
G01 X85.5391Y5.1277
G01 X85.5899Y5.1431
G01 X85.6367Y5.1682
G01 X85.6522Y5.1756
G01 X85.7058Y5.1980
G01 X85.7541Y5.2301
G01 X85.7689Y5.2388
G01 X85.8157Y5.2639
G01 X85.8568Y5.2976
G01 X85.8705Y5.3079
G01 X85.9187Y5.3402
G01 X85.9598Y5.3812
G01 X85.9726Y5.3926
G01 X86.0137Y5.4263
G01 X86.0474Y5.4674
G01 X86.0588Y5.4802
G01 X86.0998Y5.5213
G01 X86.1321Y5.5695
G01 X86.1424Y5.5832
G01 X86.1761Y5.6243
G01 X86.2012Y5.6711
G01 X86.2099Y5.6859
G01 X86.2420Y5.7342
G01 X86.2644Y5.7878
G01 X86.2718Y5.8033
G01 X86.2969Y5.8501
G01 X86.3123Y5.9009
G01 X86.3179Y5.9171
G01 X86.3400Y5.9708
G01 X86.3515Y6.0277
G01 X86.3558Y6.0443
G01 X86.3712Y6.0952
G01 X86.3764Y6.1480
G01 X86.3788Y6.1650
G01 X86.3900Y6.2220
G01 X86.3900Y12.4450
G01 X86.3911Y12.4672
G01 X86.3948Y12.4911
G01 X86.3996Y12.5100
G01 X86.4054Y12.5265
G01 X86.4190Y12.5553
G01 X86.4279Y12.5699
G01 X86.4424Y12.5894
G01 X86.4559Y12.6041
G01 X86.4761Y12.6219
G01 X86.4941Y12.6347
G01 X86.5114Y12.6447
G01 X86.5244Y12.6509
G01 X86.5500Y12.6604
G01 X86.5689Y12.6652
G01 X86.5928Y12.6689
G01 X86.6150Y12.6700
G01 X90.9492Y12.6700
G01 X90.9713Y12.6689
G01 X91.0241Y12.6637
G01 X91.2790Y12.6888
G01 X91.5240Y12.7631
G01 X91.7499Y12.8839
G01 X91.9478Y13.0463
G01 X91.9815Y13.0874
G01 X91.9963Y13.1037
G01 X93.5763Y14.6837
G01 X93.5926Y14.6985
G01 X93.6337Y14.7322
G01 X93.7961Y14.9301
G01 X93.9169Y15.1560
G01 X93.9912Y15.4010
G01 X94.0163Y15.6559
G01 X94.0111Y15.7087
G01 X94.0100Y15.7308
G01 X94.0100Y16.5739
G01 X93.9912Y16.7648
G01 X93.9169Y17.0099
G01 X93.7961Y17.2357
G01 X93.6337Y17.4337
G01 X93.4357Y17.5961
G01 X93.2099Y17.7169
G01 X92.9648Y17.7912
G01 X92.7100Y17.8163
G01 X92.4552Y17.7912
G01 X92.2101Y17.7169
G01 X91.9843Y17.5961
G01 X91.7863Y17.4337
G01 X91.6239Y17.2357
G01 X91.5031Y17.0099
G01 X91.4288Y16.7648
G01 X91.4100Y16.5739
G01 X91.4100Y16.2875
G01 X91.4089Y16.2653
G01 X91.4052Y16.2415
G01 X91.4004Y16.2225
G01 X91.3919Y16.1991
G01 X91.3810Y16.1772
G01 X91.3721Y16.1626
G01 X91.3557Y16.1411
G01 X91.3441Y16.1284
G01 X91.2857Y16.0700
G01 X91.2776Y16.0484
G01 X91.2296Y15.9467
G01 X91.1678Y15.8434
G01 X91.0962Y15.7471
G01 X91.0185Y15.6615
G01 X90.9329Y15.5838
G01 X90.8407Y15.5151
G01 X90.7333Y15.4504
G01 X90.6316Y15.4024
G01 X90.6100Y15.3943
G01 X90.5480Y15.3325
G01 X90.5313Y15.3181
G01 X90.5133Y15.3053
G01 X90.4961Y15.2953
G01 X90.4830Y15.2891
G01 X90.4575Y15.2796
G01 X90.4385Y15.2748
G01 X90.4194Y15.2717
G01 X90.3925Y15.2700
G01 X88.7698Y15.2700
G01 X88.7476Y15.2711
G01 X88.7308Y15.2735
G01 X88.6998Y15.2812
G01 X88.6814Y15.2881
G01 X88.6662Y15.2953
G01 X88.6449Y15.3079
G01 X88.6309Y15.3181
G01 X88.6073Y15.3395
G01 X88.5973Y15.3506
G01 X88.5827Y15.3701
G01 X88.5701Y15.3914
G01 X88.5639Y15.4044
G01 X88.5544Y15.4300
G01 X88.5496Y15.4489
G01 X88.5465Y15.4681
G01 X88.5448Y15.4950
G01 X88.5465Y15.5219
G01 X88.5496Y15.5411
G01 X88.5532Y15.5556
G01 X88.5602Y15.5765
G01 X88.5692Y15.5967
G01 X88.5856Y15.6240
G01 X88.5959Y15.6377
G01 X88.7161Y15.7843
G01 X88.8369Y16.0101
G01 X88.9112Y16.2552
G01 X88.9300Y16.4461
G01 X88.9300Y17.8439
G01 X88.9112Y18.0348
G01 X88.8369Y18.2799
G01 X88.7161Y18.5057
G01 X88.5537Y18.7037
G01 X88.3557Y18.8661
G01 X88.1463Y18.9782
G01 X88.1317Y18.9871
G01 X88.1177Y18.9973
G01 X88.0975Y19.0152
G01 X84.9425Y22.1701
G01 X84.9277Y22.1865
G01 X84.9050Y22.2142
G01 X84.7603Y22.3329
G01 X84.5953Y22.4211
G01 X84.4162Y22.4754
G01 X84.2300Y22.4938
G01 X84.1943Y22.4903
G01 X84.1723Y22.4892
G01 X71.7450Y22.4892
G01 X71.7181Y22.4909
G01 X71.6990Y22.4940
G01 X71.6800Y22.4988
G01 X71.6566Y22.5073
G01 X71.6347Y22.5182
G01 X71.6201Y22.5270
G01 X71.6062Y22.5372
G01 X71.5859Y22.5551
G01 X66.8800Y27.2610
G01 X66.8652Y27.2774
G01 X66.8425Y27.3051
G01 X66.6978Y27.4238
G01 X66.5328Y27.5120
G01 X66.3537Y27.5663
G01 X66.1675Y27.5846
G01 X66.1318Y27.5811
G01 X66.1097Y27.5800
G01 X47.3808Y27.5800
G01 X47.3586Y27.5811
G01 X47.3347Y27.5848
G01 X47.3158Y27.5896
G01 X47.2993Y27.5954
G01 X47.2772Y27.6054
G01 X47.2559Y27.6179
G01 X47.2364Y27.6325
G01 X47.2217Y27.6460
G01 X43.0907Y31.7769
G01 X43.0759Y31.7933
G01 X43.0532Y31.8210
G01 X42.9085Y31.9397
G01 X42.7435Y32.0279
G01 X42.5644Y32.0823
G01 X42.3782Y32.1006
G01 X42.3425Y32.0971
G01 X42.3205Y32.0960
G01 X40.8950Y32.0960
G01 X40.8778Y32.0967
G01 X40.8489Y32.1008
G01 X40.8300Y32.1056
G01 X40.8066Y32.1141
G01 X40.7914Y32.1213
G01 X40.7701Y32.1339
G01 X40.7506Y32.1485
G01 X40.7359Y32.1619
G01 X40.7224Y32.1766
G01 X40.7079Y32.1961
G01 X40.6990Y32.2107
G01 X40.6854Y32.2395
G01 X40.6796Y32.2560
G01 X40.6748Y32.2749
G01 X40.6711Y32.2988
G01 X40.6700Y32.3210
G01 X40.6700Y35.4340
G01 X40.6588Y35.4910
G01 X40.6564Y35.5080
G01 X40.6512Y35.5608
G01 X40.6358Y35.6117
G01 X40.6315Y35.6283
G01 X40.6200Y35.6852
G01 X40.5979Y35.7389
G01 X40.5923Y35.7551
G01 X40.5769Y35.8059
G01 X40.5518Y35.8527
G01 X40.5444Y35.8682
G01 X40.5220Y35.9218
G01 X40.4899Y35.9701
G01 X40.4812Y35.9849
G01 X40.4561Y36.0317
G01 X40.4224Y36.0728
G01 X40.4121Y36.0865
G01 X40.3798Y36.1347
G01 X40.3388Y36.1758
G01 X40.3274Y36.1886
G01 X40.2937Y36.2297
G01 X40.2526Y36.2634
G01 X40.2398Y36.2748
G01 X40.1987Y36.3158
G01 X40.1505Y36.3481
G01 X40.1368Y36.3584
G01 X40.0957Y36.3921
G01 X40.0489Y36.4172
G01 X40.0341Y36.4259
G01 X39.9858Y36.4580
G01 X39.9322Y36.4804
G01 X39.9167Y36.4878
G01 X39.8699Y36.5129
G01 X39.8191Y36.5283
G01 X39.8029Y36.5339
G01 X39.7492Y36.5560
G01 X39.6923Y36.5675
G01 X39.6757Y36.5718
G01 X39.6248Y36.5872
G01 X39.5720Y36.5924
G01 X39.5550Y36.5948
G01 X39.4980Y36.6060
G01 X39.4400Y36.6061
G01 X39.4229Y36.6071
G01 X39.3700Y36.6123
G01 X39.3171Y36.6071
G01 X39.3000Y36.6061
G01 X39.2420Y36.6060
G01 X39.1850Y36.5948
G01 X39.1680Y36.5924
G01 X39.1152Y36.5872
G01 X39.0643Y36.5718
G01 X39.0477Y36.5675
G01 X38.9908Y36.5560
G01 X38.9371Y36.5339
G01 X38.9209Y36.5283
G01 X38.8701Y36.5129
G01 X38.8233Y36.4878
G01 X38.8078Y36.4804
G01 X38.7542Y36.4580
G01 X38.7059Y36.4259
G01 X38.6911Y36.4172
G01 X38.6443Y36.3921
G01 X38.6032Y36.3584
G01 X38.5895Y36.3481
G01 X38.5413Y36.3158
G01 X38.5002Y36.2748
G01 X38.4874Y36.2634
G01 X38.4463Y36.2297
G01 X38.4126Y36.1886
G01 X38.4012Y36.1758
G01 X38.3602Y36.1347
G01 X38.3307Y36.0905
G01 X38.3206Y36.0767
G01 X38.2739Y36.0196
G01 X38.2591Y36.0033
G01 X38.2389Y35.9854
G01 X38.2249Y35.9752
G01 X38.2103Y35.9664
G01 X38.1815Y35.9527
G01 X38.1650Y35.9470
G01 X38.1461Y35.9422
G01 X38.1222Y35.9385
G01 X38.1049Y35.9375
G01 X38.0778Y35.9385
G01 X38.0609Y35.9409
G01 X38.0300Y35.9486
G01 X38.0116Y35.9555
G01 X37.9964Y35.9627
G01 X37.9751Y35.9752
G01 X37.9611Y35.9854
G01 X37.9409Y36.0033
G01 X37.9261Y36.0196
G01 X37.7537Y36.2297
G01 X37.5557Y36.3921
G01 X37.3299Y36.5129
G01 X37.0848Y36.5872
G01 X36.8300Y36.6123
G01 X36.7771Y36.6071
G01 X36.7551Y36.6060
G01 X35.4320Y36.6060
G01 X35.3750Y36.5948
G01 X35.3580Y36.5924
G01 X35.3052Y36.5872
G01 X35.2543Y36.5718
G01 X35.2377Y36.5675
G01 X35.1808Y36.5560
G01 X35.1271Y36.5339
G01 X35.1109Y36.5283
G01 X35.0601Y36.5129
G01 X35.0133Y36.4878
G01 X34.9978Y36.4804
G01 X34.9442Y36.4580
G01 X34.8959Y36.4259
G01 X34.8811Y36.4172
G01 X34.8343Y36.3921
G01 X34.7932Y36.3584
G01 X34.7795Y36.3481
G01 X34.7313Y36.3158
G01 X34.6902Y36.2748
G01 X34.6774Y36.2634
G01 X34.6363Y36.2297
G01 X34.6026Y36.1886
G01 X34.5912Y36.1758
G01 X34.5502Y36.1347
G01 X34.5207Y36.0905
G01 X34.5078Y36.0731
G01 X34.4565Y36.0106
G01 X34.4448Y35.9979
G01 X34.4301Y35.9844
G01 X34.4067Y35.9673
G01 X34.3875Y35.9563
G01 X34.3742Y35.9500
G01 X34.3507Y35.9415
G01 X34.3345Y35.9373
G01 X34.3030Y35.9326
G01 X34.2857Y35.9318
G01 X34.2635Y35.9329
G01 X34.2396Y35.9366
G01 X34.2206Y35.9414
G01 X34.1972Y35.9499
G01 X34.1820Y35.9571
G01 X34.1607Y35.9697
G01 X34.1468Y35.9798
G01 X34.1265Y35.9977
G01 X34.1087Y36.0179
G01 X34.0985Y36.0318
G01 X34.0298Y36.1347
G01 X33.8487Y36.3158
G01 X33.6358Y36.4580
G01 X33.3992Y36.5560
G01 X33.1480Y36.6060
G01 X32.8920Y36.6060
G01 X32.6408Y36.5560
G01 X32.4042Y36.4580
G01 X32.1913Y36.3158
G01 X32.0102Y36.1347
G01 X31.8680Y35.9218
G01 X31.7700Y35.6852
G01 X31.7200Y35.4340
G01 X31.7200Y35.1780
G01 X31.7700Y34.9268
G01 X31.8680Y34.6902
G01 X32.0102Y34.4773
G01 X32.1913Y34.2962
G01 X32.4042Y34.1540
G01 X32.5745Y34.0834
G01 X32.5901Y34.0762
G01 X32.6174Y34.0598
G01 X32.6328Y34.0481
G01 X32.6439Y34.0380
G01 X32.6609Y34.0199
G01 X32.6755Y34.0005
G01 X32.6868Y33.9816
G01 X32.7163Y33.9265
G01 X32.8350Y33.7819
G01 X32.8627Y33.7591
G01 X32.8790Y33.7443
G01 X33.7641Y32.8593
G01 X33.7775Y32.8445
G01 X33.7921Y32.8251
G01 X33.8047Y32.8038
G01 X33.8109Y32.7908
G01 X33.8204Y32.7652
G01 X33.8252Y32.7462
G01 X33.8289Y32.7224
G01 X33.8300Y32.7002
G01 X33.8300Y31.0487
G01 X33.8289Y31.0265
G01 X33.8252Y31.0026
G01 X33.8216Y30.9881
G01 X33.8119Y30.9603
G01 X33.8047Y30.9451
G01 X33.7947Y30.9279
G01 X33.7757Y30.9023
G01 X33.7641Y30.8896
G01 X33.7494Y30.8762
G01 X33.7299Y30.8616
G01 X33.7153Y30.8527
G01 X33.6865Y30.8391
G01 X33.6700Y30.8333
G01 X33.6511Y30.8285
G01 X33.6272Y30.8248
G01 X33.6050Y30.8237
G01 X33.5828Y30.8248
G01 X33.5563Y30.8291
G01 X33.5400Y30.8333
G01 X33.5235Y30.8391
G01 X33.5013Y30.8490
G01 X33.4801Y30.8616
G01 X33.4606Y30.8762
G01 X33.4459Y30.8896
G01 X32.4626Y31.8729
G01 X32.4477Y31.8893
G01 X32.4250Y31.9170
G01 X32.2803Y32.0357
G01 X32.1153Y32.1239
G01 X31.9362Y32.1783
G01 X31.7500Y32.1966
G01 X31.7143Y32.1931
G01 X31.6923Y32.1920
G01 X28.1950Y32.1920
G01 X28.1728Y32.1931
G01 X28.1489Y32.1968
G01 X28.1300Y32.2016
G01 X28.1135Y32.2074
G01 X28.0847Y32.2210
G01 X28.0701Y32.2299
G01 X28.0506Y32.2444
G01 X28.0359Y32.2579
G01 X28.0181Y32.2781
G01 X28.0079Y32.2921
G01 X27.9944Y32.3153
G01 X27.9854Y32.3355
G01 X27.9784Y32.3564
G01 X27.9748Y32.3709
G01 X27.9717Y32.3901
G01 X27.9701Y32.4121
G01 X27.9700Y35.4340
G01 X27.9588Y35.4910
G01 X27.9564Y35.5080
G01 X27.9512Y35.5608
G01 X27.9358Y35.6117
G01 X27.9315Y35.6283
G01 X27.9200Y35.6852
G01 X27.8979Y35.7389
G01 X27.8923Y35.7551
G01 X27.8769Y35.8059
G01 X27.8518Y35.8527
G01 X27.8444Y35.8682
G01 X27.8220Y35.9218
G01 X27.7899Y35.9701
G01 X27.7812Y35.9849
G01 X27.7561Y36.0317
G01 X27.7224Y36.0728
G01 X27.7121Y36.0865
G01 X27.6798Y36.1347
G01 X27.6388Y36.1758
G01 X27.6274Y36.1886
G01 X27.5937Y36.2297
G01 X27.5526Y36.2634
G01 X27.5398Y36.2748
G01 X27.4987Y36.3158
G01 X27.4505Y36.3481
G01 X27.4368Y36.3584
G01 X27.3957Y36.3921
G01 X27.3489Y36.4172
G01 X27.3341Y36.4259
G01 X27.2858Y36.4580
G01 X27.2322Y36.4804
G01 X27.2167Y36.4878
G01 X27.1699Y36.5129
G01 X27.1191Y36.5283
G01 X27.1029Y36.5339
G01 X27.0492Y36.5560
G01 X26.9923Y36.5675
G01 X26.9757Y36.5718
G01 X26.9248Y36.5872
G01 X26.8720Y36.5924
G01 X26.8550Y36.5948
G01 X26.7980Y36.6060
G01 X26.7400Y36.6061
G01 X26.7229Y36.6071
G01 X26.6700Y36.6123
G01 X26.6171Y36.6071
G01 X26.6000Y36.6061
G01 X26.5420Y36.6060
G01 X26.4850Y36.5948
G01 X26.4680Y36.5924
G01 X26.4152Y36.5872
G01 X26.3643Y36.5718
G01 X26.3477Y36.5675
G01 X26.2908Y36.5560
G01 X26.2371Y36.5339
G01 X26.2209Y36.5283
G01 X26.1701Y36.5129
G01 X26.1233Y36.4878
G01 X26.1078Y36.4804
G01 X26.0542Y36.4580
G01 X26.0059Y36.4259
G01 X25.9911Y36.4172
G01 X25.9443Y36.3921
G01 X25.9032Y36.3584
G01 X25.8895Y36.3481
G01 X25.8413Y36.3158
G01 X25.8002Y36.2748
G01 X25.7874Y36.2634
G01 X25.7463Y36.2297
G01 X25.7126Y36.1886
G01 X25.7012Y36.1758
G01 X25.6602Y36.1347
G01 X25.6279Y36.0865
G01 X25.6176Y36.0728
G01 X25.5839Y36.0317
G01 X25.5588Y35.9849
G01 X25.5501Y35.9701
G01 X25.5180Y35.9218
G01 X25.4956Y35.8682
G01 X25.4882Y35.8527
G01 X25.4631Y35.8059
G01 X25.4477Y35.7551
G01 X25.4421Y35.7389
G01 X25.4200Y35.6852
G01 X25.4085Y35.6283
G01 X25.4042Y35.6117
G01 X25.3888Y35.5608
G01 X25.3836Y35.5080
G01 X25.3812Y35.4910
G01 X25.3700Y35.4340
G01 X25.3700Y32.8907
G01 X25.3689Y32.8685
G01 X25.3652Y32.8446
G01 X25.3604Y32.8257
G01 X25.3519Y32.8022
G01 X25.3447Y32.7870
G01 X25.3321Y32.7658
G01 X25.3219Y32.7518
G01 X25.3041Y32.7316
G01 X25.2915Y32.7200
G01 X25.2659Y32.7010
G01 X25.2486Y32.6910
G01 X25.2265Y32.6811
G01 X25.2100Y32.6753
G01 X25.1911Y32.6705
G01 X25.1672Y32.6668
G01 X25.1450Y32.6657
G01 X25.1228Y32.6668
G01 X25.0989Y32.6705
G01 X25.0800Y32.6753
G01 X25.0566Y32.6838
G01 X25.0414Y32.6910
G01 X25.0241Y32.7010
G01 X25.0061Y32.7137
G01 X24.9957Y32.7221
G01 X24.7699Y32.8428
G01 X24.5944Y32.8962
G01 X24.5759Y32.9031
G01 X24.5607Y32.9103
G01 X24.5354Y32.9257
G01 X24.5200Y32.9374
G01 X24.5053Y32.9509
G01 X24.4905Y32.9672
G01 X24.4594Y33.0051
G01 X24.0039Y33.4606
G01 X23.9904Y33.4753
G01 X23.9759Y33.4948
G01 X23.9633Y33.5160
G01 X23.9561Y33.5312
G01 X23.9476Y33.5547
G01 X23.9434Y33.5710
G01 X23.9387Y33.6025
G01 X23.9380Y33.6197
G01 X23.9391Y33.6419
G01 X23.9428Y33.6658
G01 X23.9476Y33.6847
G01 X23.9561Y33.7081
G01 X23.9633Y33.7233
G01 X24.0669Y33.9171
G01 X24.1412Y34.1622
G01 X24.1663Y34.4170
G01 X24.1611Y34.4699
G01 X24.1600Y34.4919
G01 X24.1600Y35.4340
G01 X24.1488Y35.4910
G01 X24.1464Y35.5080
G01 X24.1412Y35.5608
G01 X24.1258Y35.6117
G01 X24.1215Y35.6283
G01 X24.1100Y35.6852
G01 X24.0879Y35.7389
G01 X24.0823Y35.7551
G01 X24.0669Y35.8059
G01 X24.0418Y35.8527
G01 X24.0344Y35.8682
G01 X24.0120Y35.9218
G01 X23.9799Y35.9701
G01 X23.9712Y35.9849
G01 X23.9461Y36.0317
G01 X23.9124Y36.0728
G01 X23.9021Y36.0865
G01 X23.8698Y36.1347
G01 X23.8288Y36.1758
G01 X23.8174Y36.1886
G01 X23.7837Y36.2297
G01 X23.7426Y36.2634
G01 X23.7298Y36.2748
G01 X23.6887Y36.3158
G01 X23.6405Y36.3481
G01 X23.6268Y36.3584
G01 X23.5857Y36.3921
G01 X23.5389Y36.4172
G01 X23.5241Y36.4259
G01 X23.4758Y36.4580
G01 X23.4222Y36.4804
G01 X23.4067Y36.4878
G01 X23.3599Y36.5129
G01 X23.3091Y36.5283
G01 X23.2929Y36.5339
G01 X23.2392Y36.5560
G01 X23.1823Y36.5675
G01 X23.1657Y36.5718
G01 X23.1148Y36.5872
G01 X23.0620Y36.5924
G01 X23.0450Y36.5948
G01 X22.9880Y36.6060
G01 X22.9300Y36.6061
G01 X22.9129Y36.6071
G01 X22.8600Y36.6123
G01 X22.8071Y36.6071
G01 X22.7900Y36.6061
G01 X22.7320Y36.6060
G01 X22.6750Y36.5948
G01 X22.6580Y36.5924
G01 X22.6052Y36.5872
G01 X22.5543Y36.5718
G01 X22.5377Y36.5675
G01 X22.4808Y36.5560
G01 X22.4271Y36.5339
G01 X22.4109Y36.5283
G01 X22.3601Y36.5129
G01 X22.3133Y36.4878
G01 X22.2978Y36.4804
G01 X22.2442Y36.4580
G01 X22.1959Y36.4259
G01 X22.1811Y36.4172
G01 X22.1343Y36.3921
G01 X22.0932Y36.3584
G01 X22.0795Y36.3481
G01 X22.0313Y36.3158
G01 X21.9902Y36.2748
G01 X21.9774Y36.2634
G01 X21.9363Y36.2297
G01 X21.9026Y36.1886
G01 X21.8912Y36.1758
G01 X21.8502Y36.1347
G01 X21.8207Y36.0905
G01 X21.8078Y36.0731
G01 X21.7565Y36.0106
G01 X21.7448Y35.9979
G01 X21.7301Y35.9844
G01 X21.7149Y35.9727
G01 X21.6962Y35.9609
G01 X21.6674Y35.9473
G01 X21.6507Y35.9415
G01 X21.6318Y35.9366
G01 X21.6079Y35.9329
G01 X21.5857Y35.9318
G01 X21.5635Y35.9329
G01 X21.5396Y35.9366
G01 X21.5206Y35.9414
G01 X21.5042Y35.9471
G01 X21.4753Y35.9608
G01 X21.4607Y35.9697
G01 X21.4412Y35.9843
G01 X21.4231Y36.0013
G01 X21.4131Y36.0124
G01 X21.4013Y36.0278
G01 X21.3298Y36.1347
G01 X21.1487Y36.3158
G01 X20.9358Y36.4580
G01 X20.6992Y36.5560
G01 X20.4480Y36.6060
G01 X20.1920Y36.6060
G01 X19.9408Y36.5560
G01 X19.7042Y36.4580
G01 X19.4913Y36.3158
G01 X19.3102Y36.1347
G01 X19.1680Y35.9218
G01 X19.0700Y35.6852
G01 X19.0200Y35.4340
G01 X19.0200Y35.1780
G01 X19.0700Y34.9268
G01 X19.1680Y34.6902
G01 X19.2077Y34.6306
G01 X19.2177Y34.6133
G01 X19.2249Y34.5981
G01 X19.2346Y34.5702
G01 X19.2382Y34.5557
G01 X19.2419Y34.5319
G01 X19.2430Y34.5097
G01 X19.2430Y32.5916
G01 X19.2419Y32.5695
G01 X19.2384Y32.5338
G01 X19.2419Y32.4982
G00 Z3.0000
G00 X21.3912Y32.5381
G01 Z-0.2000
G01 X22.6500Y31.2791
G01 X22.7321Y31.2048
G01 X22.8284Y31.1332
G01 X22.9317Y31.0714
G01 X23.0259Y31.0269
G01 X23.0704Y30.9327
G01 X23.1322Y30.8294
G01 X23.2038Y30.7331
G01 X23.2850Y30.6441
G01 X23.3671Y30.5698
G01 X23.4634Y30.4982
G01 X23.5667Y30.4364
G01 X23.6754Y30.3856
G01 X23.7820Y30.3476
G01 X23.8937Y30.3195
G01 X24.0122Y30.3018
G01 X24.1300Y30.2960
G01 X24.2478Y30.3018
G01 X24.3663Y30.3195
G01 X24.4780Y30.3476
G01 X24.5916Y30.3884
G01 X24.6933Y30.4364
G01 X24.7966Y30.4982
G01 X24.8929Y30.5698
G01 X24.9750Y30.6441
G01 X25.1185Y30.7875
G01 X25.1962Y30.8731
G01 X25.2678Y30.9694
G01 X25.3295Y31.0727
G01 X25.3776Y31.1744
G01 X25.4168Y31.2830
G01 X25.4465Y31.3997
G01 X25.4646Y31.5233
G01 X25.4700Y31.6360
G01 X25.4646Y31.7487
G01 X25.4465Y31.8723
G01 X25.4168Y31.9890
G01 X25.3776Y32.0976
G01 X25.3305Y32.1973
G01 X25.2678Y32.3026
G01 X25.1962Y32.3989
G01 X25.1185Y32.4845
G01 X25.0329Y32.5622
G01 X24.9366Y32.6338
G01 X24.8332Y32.6955
G01 X24.7246Y32.7464
G01 X24.6180Y32.7844
G01 X24.5063Y32.8125
G01 X24.4787Y32.8168
G01 X24.4212Y32.8939
G01 X24.3435Y32.9795
G01 X23.7305Y33.5925
G01 X23.7862Y33.6541
G01 X23.8549Y33.7463
G01 X23.9196Y33.8537
G01 X23.9676Y33.9554
G01 X24.0068Y34.0640
G01 X24.0378Y34.1877
G01 X24.0542Y34.2992
G01 X24.0600Y34.4170
G01 X24.0600Y35.3060
G01 X24.0542Y35.4238
G01 X24.0359Y35.5449
G01 X24.0084Y35.6540
G01 X23.9704Y35.7606
G01 X23.9196Y35.8693
G01 X23.8578Y35.9726
G01 X23.7844Y36.0710
G01 X23.7085Y36.1545
G01 X23.6250Y36.2304
G01 X23.5266Y36.3038
G01 X23.4233Y36.3656
G01 X23.3216Y36.4136
G01 X23.2080Y36.4544
G01 X23.0963Y36.4825
G01 X22.9778Y36.5002
G01 X22.8600Y36.5060
G01 X22.7422Y36.5002
G01 X22.6237Y36.4825
G01 X22.5120Y36.4544
G01 X22.3984Y36.4136
G01 X22.2967Y36.3656
G01 X22.1934Y36.3038
G01 X22.0971Y36.2322
G01 X22.0115Y36.1545
G01 X21.9338Y36.0689
G01 X21.8622Y35.9726
G01 X21.8004Y35.8693
G01 X21.7524Y35.7676
G01 X21.7116Y35.6540
G01 X21.6835Y35.5423
G01 X21.6664Y35.4285
G01 X21.6600Y35.3060
G01 X21.6600Y34.9141
G01 X21.3911Y34.6450
G01 X21.3168Y34.5629
G01 X21.2426Y34.4625
G01 X21.1835Y34.3633
G01 X21.1363Y34.2637
G01 X21.0962Y34.1530
G01 X21.0665Y34.0363
G01 X21.0488Y33.9178
G01 X21.0430Y33.8000
G01 X21.0430Y33.3830
G01 X21.0488Y33.2652
G01 X21.0671Y33.1441
G01 X21.0946Y33.0349
G01 X21.1326Y32.9283
G01 X21.1835Y32.8197
G01 X21.2481Y32.7123
G01 X21.3168Y32.6201
G01 X21.3912Y32.5381
G00 Z3.0000
G00 X21.5900Y35.5807
G01 Z-0.2000
G01 X21.6134Y35.6739
G01 X21.6191Y35.6927
G01 X21.6554Y35.7943
G01 X21.6610Y35.8082
G01 X21.6785Y35.8454
G01 X21.6535Y35.8390
G01 X21.6275Y35.8346
G01 X21.6079Y35.8327
G01 X21.5857Y35.8318
G01 X21.5638Y35.8327
G01 X21.5442Y35.8346
G01 X21.5179Y35.8390
G01 X21.5028Y35.8427
G01 X21.5190Y35.8082
G01 X21.5246Y35.7943
G01 X21.5609Y35.6927
G01 X21.5666Y35.6739
G01 X21.5900Y35.5807
G00 Z3.0000
G00 X25.3700Y32.6563
G01 Z-0.2000
G01 X25.3545Y32.6422
G01 X25.3254Y32.6203
G01 X25.3067Y32.6089
G01 X25.2783Y32.5944
G01 X25.2487Y32.5828
G01 X25.2299Y32.5771
G01 X25.1987Y32.5703
G01 X25.1764Y32.5672
G01 X25.1960Y32.5481
G01 X25.2722Y32.4640
G01 X25.3452Y32.3663
G01 X25.3562Y32.3499
G01 X25.3700Y32.3268
G01 X25.3700Y32.6563
G00 Z3.0000
G00 X25.4413Y31.0751
G01 Z-0.2000
G01 X25.4190Y31.0280
G01 X25.4117Y31.0146
G01 X25.3510Y30.9139
G01 X25.2722Y30.8080
G01 X25.1960Y30.7239
G01 X25.0492Y30.5768
G01 X24.9580Y30.4938
G01 X24.8603Y30.4207
G01 X24.8439Y30.4098
G01 X24.8209Y30.3960
G01 X25.9791Y30.3960
G01 X25.9561Y30.4098
G01 X25.9397Y30.4207
G01 X25.8530Y30.4850
G01 X25.8379Y30.4975
G01 X25.7508Y30.5768
G01 X25.6715Y30.6639
G01 X25.6590Y30.6790
G01 X25.5890Y30.7739
G01 X25.5283Y30.8746
G01 X25.5191Y30.8920
G01 X25.4710Y30.9938
G01 X25.4413Y31.0751
G00 Z3.0000
G00 X25.4283Y30.8500
G01 Z-0.2000
G01 X25.3613Y30.7594
G01 X25.3426Y30.7367
G01 X25.2599Y30.6460
G01 X25.1092Y30.4960
G01 X25.6906Y30.4960
G01 X25.6699Y30.5167
G01 X25.5919Y30.6029
G01 X25.5787Y30.6195
G01 X25.5144Y30.7062
G01 X25.4981Y30.7306
G01 X25.4426Y30.8232
G01 X25.4283Y30.8500
G00 Z3.0000
G00 X25.4177Y30.6707
G01 Z-0.2000
G01 X25.4167Y30.6695
G01 X25.3500Y30.5960
G01 X25.4716Y30.5960
G01 X25.4341Y30.6466
G01 X25.4177Y30.6707
G00 Z3.0000
G00 X30.6541Y30.2960
G01 Z-0.2000
G01 X23.6329Y30.2960
G01 X21.0430Y32.8859
G01 X21.0430Y34.3499
G01 X21.0829Y34.3798
G01 X21.1650Y34.4541
G01 X21.2462Y34.5431
G01 X21.3178Y34.6394
G01 X21.3759Y34.7361
G01 X21.4276Y34.8444
G01 X21.4684Y34.9580
G01 X21.4965Y35.0697
G01 X21.5146Y35.1933
G01 X21.5200Y35.3060
G01 X21.5142Y35.4238
G01 X21.4965Y35.5423
G01 X21.4684Y35.6540
G01 X21.4276Y35.7676
G01 X21.3796Y35.8693
G01 X21.3178Y35.9726
G01 X21.2506Y36.0634
G01 X21.1685Y36.1545
G01 X21.0774Y36.2366
G01 X20.9866Y36.3038
G01 X20.8899Y36.3619
G01 X20.7816Y36.4136
G01 X20.6680Y36.4544
G01 X20.5493Y36.4838
G01 X20.4378Y36.5002
G01 X20.3249Y36.5059
G01 X20.2022Y36.5002
G01 X20.0811Y36.4819
G01 X19.9720Y36.4544
G01 X19.8654Y36.4164
G01 X19.7567Y36.3656
G01 X19.6534Y36.3038
G01 X19.5550Y36.2304
G01 X19.4715Y36.1545
G01 X19.3956Y36.0710
G01 X19.3222Y35.9726
G01 X19.2604Y35.8693
G01 X19.2096Y35.7606
G01 X19.1716Y35.6540
G01 X19.1441Y35.5449
G01 X19.1258Y35.4238
G01 X19.1201Y35.3011
G01 X19.1258Y35.1882
G01 X19.1422Y35.0767
G01 X19.1716Y34.9580
G01 X19.2124Y34.8444
G01 X19.2604Y34.7427
G01 X19.3196Y34.6435
G01 X19.3430Y34.6111
G01 X19.3431Y32.5289
G01 X19.3471Y32.4505
G01 X19.3585Y32.3729
G01 X19.3783Y32.2918
G01 X19.4077Y32.2086
G01 X19.4421Y32.1356
G01 X19.4891Y32.0576
G01 X19.5359Y31.9946
G01 X19.5919Y31.9328
G01 X22.6798Y28.8450
G01 X22.7416Y28.7890
G01 X22.8086Y28.7393
G01 X22.8802Y28.6964
G01 X22.9556Y28.6607
G01 X23.0341Y28.6326
G01 X23.1150Y28.6123
G01 X23.1975Y28.6001
G01 X23.2809Y28.5960
G01 X30.7897Y28.5960
G01 X33.9408Y25.4449
G01 X34.0010Y25.3903
G01 X34.0697Y25.3392
G01 X34.1436Y25.2951
G01 X34.2211Y25.2589
G01 X34.2954Y25.2325
G01 X34.3738Y25.2128
G01 X34.4584Y25.2001
G01 X34.5418Y25.1960
G01 X39.8004Y25.1960
G01 X39.8358Y25.1751
G01 X39.9064Y25.1417
G01 X39.9826Y25.1141
G01 X40.0004Y25.1092
G01 X44.1806Y20.9290
G01 X44.2408Y20.8743
G01 X44.3054Y20.8261
G01 X44.3834Y20.7791
G01 X44.4540Y20.7457
G01 X44.5302Y20.7182
G01 X44.6136Y20.6968
G01 X44.6982Y20.6841
G01 X44.7816Y20.6800
G01 X63.5671Y20.6800
G01 X66.1530Y18.0941
G01 X66.1335Y18.0163
G01 X66.1164Y17.9025
G01 X66.1100Y17.7800
G01 X66.1100Y16.5100
G01 X66.1164Y16.3875
G01 X66.1335Y16.2737
G01 X66.1616Y16.1620
G01 X66.2024Y16.0484
G01 X66.2495Y15.9487
G01 X66.3151Y15.8393
G01 X66.3838Y15.7471
G01 X66.4615Y15.6615
G01 X66.5526Y15.5794
G01 X66.6434Y15.5122
G01 X66.7401Y15.4541
G01 X66.8484Y15.4024
G01 X66.9620Y15.3616
G01 X67.0807Y15.3322
G01 X67.1922Y15.3158
G01 X67.3051Y15.3101
G01 X67.4278Y15.3158
G01 X67.5463Y15.3335
G01 X67.6630Y15.3632
G01 X67.7716Y15.4024
G01 X67.8713Y15.4495
G01 X67.9766Y15.5122
G01 X68.0729Y15.5838
G01 X68.1619Y15.6650
G01 X68.2362Y15.7471
G01 X68.3049Y15.8393
G01 X68.3696Y15.9467
G01 X68.4204Y16.0554
G01 X68.4584Y16.1620
G01 X68.4859Y16.2711
G01 X68.5046Y16.3973
G01 X68.5100Y16.5100
G01 X68.5099Y17.7849
G01 X68.5042Y17.8978
G01 X68.4878Y18.0093
G01 X68.4584Y18.1280
G01 X68.4167Y18.2437
G01 X68.3696Y18.3433
G01 X68.3078Y18.4466
G01 X68.2344Y18.5450
G01 X68.1585Y18.6285
G01 X68.0729Y18.7062
G01 X67.9766Y18.7778
G01 X67.8799Y18.8359
G01 X67.7737Y18.8867
G01 X67.7587Y18.8926
G01 X64.5166Y22.1344
G01 X64.4600Y22.1857
G01 X64.3913Y22.2368
G01 X64.3174Y22.2809
G01 X64.2398Y22.3171
G01 X64.1656Y22.3435
G01 X64.0871Y22.3632
G01 X64.0026Y22.3759
G01 X63.9191Y22.3800
G01 X45.1337Y22.3800
G01 X40.8667Y26.6470
G01 X40.8065Y26.7017
G01 X40.7419Y26.7499
G01 X40.6639Y26.7969
G01 X40.5864Y26.8330
G01 X40.5121Y26.8595
G01 X40.4363Y26.8786
G01 X40.3491Y26.8919
G01 X40.2657Y26.8960
G01 X34.8939Y26.8960
G01 X31.6469Y30.1431
G01 X31.5851Y30.1990
G01 X31.5139Y30.2514
G01 X31.4465Y30.2916
G01 X31.3711Y30.3273
G01 X31.2878Y30.3567
G01 X31.2117Y30.3757
G01 X31.1293Y30.3879
G01 X31.0409Y30.3919
G01 X30.9624Y30.3879
G01 X30.8800Y30.3757
G01 X30.7944Y30.3538
G01 X30.7206Y30.3273
G01 X30.6541Y30.2960
G00 Z3.0000
G00 X33.8381Y30.5280
G01 Z-0.2000
G01 X33.8338Y30.5635
G01 X33.8302Y30.6370
G01 X33.8300Y30.8143
G01 X33.8144Y30.8002
G01 X33.7854Y30.7784
G01 X33.7534Y30.7596
G01 X33.7341Y30.7505
G01 X33.6987Y30.7375
G01 X33.6728Y30.7309
G01 X33.6466Y30.7265
G01 X33.6195Y30.7242
G01 X33.6749Y30.6831
G01 X33.6901Y30.6706
G01 X33.7517Y30.6145
G01 X33.8381Y30.5280
G00 Z3.0000
G00 X32.9057Y33.8594
G01 Z-0.2000
G01 X33.9300Y32.8348
G01 X33.9301Y30.6420
G01 X33.9341Y30.5634
G01 X33.9455Y30.4859
G01 X33.9653Y30.4048
G01 X33.9957Y30.3192
G01 X34.0291Y30.2486
G01 X34.0761Y30.1706
G01 X34.1243Y30.1060
G01 X34.1790Y30.0458
G01 X35.3798Y28.8450
G01 X35.4455Y28.7859
G01 X35.5087Y28.7392
G01 X35.5759Y28.6988
G01 X35.6601Y28.6589
G01 X35.7344Y28.6325
G01 X35.8128Y28.6128
G01 X35.8974Y28.6001
G01 X35.9759Y28.5961
G01 X41.3219Y28.5960
G01 X45.5890Y24.3289
G01 X45.6507Y24.2730
G01 X45.7219Y24.2207
G01 X45.7937Y24.1782
G01 X45.8646Y24.1448
G01 X45.9386Y24.1182
G01 X46.0290Y24.0955
G01 X46.1067Y24.0841
G01 X46.1900Y24.0800
G01 X65.1112Y24.0800
G01 X69.9531Y19.2381
G01 X70.0133Y19.1835
G01 X70.0820Y19.1324
G01 X70.1559Y19.0883
G01 X70.2335Y19.0521
G01 X70.3077Y19.0257
G01 X70.3862Y19.0060
G01 X70.4707Y18.9933
G01 X70.5542Y18.9892
G01 X83.0379Y18.9892
G01 X83.9330Y18.0941
G01 X83.9135Y18.0163
G01 X83.8964Y17.9025
G01 X83.8900Y17.7800
G01 X83.8900Y16.5100
G01 X83.8958Y16.3922
G01 X83.9122Y16.2807
G01 X83.9416Y16.1620
G01 X83.9796Y16.0554
G01 X84.0341Y15.9401
G01 X84.0922Y15.8434
G01 X84.1638Y15.7471
G01 X84.2415Y15.6615
G01 X84.3250Y15.5856
G01 X84.4234Y15.5122
G01 X84.5287Y15.4495
G01 X84.6284Y15.4024
G01 X84.7370Y15.3632
G01 X84.8537Y15.3335
G01 X84.9722Y15.3158
G01 X85.0949Y15.3101
G01 X85.2078Y15.3158
G01 X85.3193Y15.3322
G01 X85.4380Y15.3616
G01 X85.5516Y15.4024
G01 X85.6599Y15.4541
G01 X85.7566Y15.5122
G01 X85.8474Y15.5794
G01 X85.9385Y15.6615
G01 X86.0162Y15.7471
G01 X86.0904Y15.8475
G01 X86.1496Y15.9467
G01 X86.1967Y16.0463
G01 X86.2368Y16.1570
G01 X86.2678Y16.2807
G01 X86.2842Y16.3922
G01 X86.2899Y16.5051
G01 X86.2899Y17.7849
G01 X86.2836Y17.9025
G01 X86.2665Y18.0163
G01 X86.2396Y18.1236
G01 X86.1976Y18.2416
G01 X86.1459Y18.3499
G01 X86.0878Y18.4466
G01 X86.0206Y18.5374
G01 X85.9385Y18.6285
G01 X85.8529Y18.7062
G01 X85.7566Y18.7778
G01 X85.6533Y18.8396
G01 X85.5537Y18.8867
G01 X85.5387Y18.8926
G01 X83.9875Y20.4436
G01 X83.9309Y20.4948
G01 X83.8662Y20.5431
G01 X83.7949Y20.5864
G01 X83.7176Y20.6235
G01 X83.6414Y20.6510
G01 X83.5510Y20.6737
G01 X83.4735Y20.6851
G01 X83.3900Y20.6892
G01 X70.9062Y20.6892
G01 X66.0608Y25.5345
G01 X66.0042Y25.5857
G01 X65.9395Y25.6340
G01 X65.8596Y25.6819
G01 X65.7909Y25.7143
G01 X65.7097Y25.7435
G01 X65.6313Y25.7632
G01 X65.5515Y25.7753
G01 X65.4633Y25.7800
G01 X46.5420Y25.7800
G01 X42.2750Y30.0471
G01 X42.2132Y30.1031
G01 X42.1462Y30.1528
G01 X42.0747Y30.1956
G01 X42.0016Y30.2303
G01 X41.9207Y30.2594
G01 X41.8398Y30.2797
G01 X41.7573Y30.2919
G01 X41.6740Y30.2960
G01 X36.3329Y30.2960
G01 X35.6300Y30.9989
G01 X35.6299Y33.1918
G01 X35.6259Y33.2703
G01 X35.6145Y33.3478
G01 X35.5947Y33.4289
G01 X35.5643Y33.5145
G01 X35.5309Y33.5851
G01 X35.4839Y33.6631
G01 X35.4357Y33.7277
G01 X35.3810Y33.7879
G01 X34.3600Y34.8089
G01 X34.3553Y34.9042
G01 X34.3432Y34.9840
G01 X34.3235Y35.0625
G01 X34.2933Y35.1458
G01 X34.2609Y35.2143
G01 X34.2191Y35.2846
G01 X34.2199Y35.3109
G01 X34.2136Y35.4285
G01 X34.1965Y35.5423
G01 X34.1684Y35.6540
G01 X34.1276Y35.7676
G01 X34.0796Y35.8693
G01 X34.0178Y35.9726
G01 X33.9462Y36.0689
G01 X33.8685Y36.1545
G01 X33.7829Y36.2322
G01 X33.6866Y36.3038
G01 X33.5833Y36.3656
G01 X33.4816Y36.4136
G01 X33.3680Y36.4544
G01 X33.2563Y36.4825
G01 X33.1378Y36.5002
G01 X33.0200Y36.5060
G01 X32.9022Y36.5002
G01 X32.7837Y36.4825
G01 X32.6720Y36.4544
G01 X32.5584Y36.4136
G01 X32.4567Y36.3656
G01 X32.3534Y36.3038
G01 X32.2571Y36.2322
G01 X32.1715Y36.1545
G01 X32.0938Y36.0689
G01 X32.0222Y35.9726
G01 X31.9604Y35.8693
G01 X31.9124Y35.7676
G01 X31.8716Y35.6540
G01 X31.8435Y35.5423
G01 X31.8258Y35.4238
G01 X31.8200Y35.3060
G01 X31.8254Y35.1933
G01 X31.8441Y35.0671
G01 X31.8716Y34.9580
G01 X31.9124Y34.8444
G01 X31.9604Y34.7427
G01 X32.0222Y34.6394
G01 X32.0938Y34.5431
G01 X32.1715Y34.4575
G01 X32.2571Y34.3798
G01 X32.3493Y34.3111
G01 X32.4567Y34.2464
G01 X32.5584Y34.1984
G01 X32.6720Y34.1576
G01 X32.7196Y34.1455
G01 X32.7257Y34.1292
G01 X32.7591Y34.0586
G01 X32.8032Y33.9847
G01 X32.8543Y33.9160
G01 X32.9057Y33.8594
G00 Z3.0000
G00 X34.2028Y35.8427
G01 Z-0.2000
G01 X34.2190Y35.8082
G01 X34.2246Y35.7943
G01 X34.2609Y35.6927
G01 X34.2666Y35.6739
G01 X34.2900Y35.5807
G01 X34.3134Y35.6739
G01 X34.3191Y35.6927
G01 X34.3554Y35.7943
G01 X34.3610Y35.8082
G01 X34.3785Y35.8454
G01 X34.3535Y35.8390
G01 X34.3275Y35.8346
G01 X34.3079Y35.8327
G01 X34.2857Y35.8318
G01 X34.2638Y35.8327
G01 X34.2442Y35.8346
G01 X34.2179Y35.8390
G01 X34.2028Y35.8427
G00 Z3.0000
G00 X35.2707Y34.0397
G01 Z-0.2000
G01 X35.4517Y33.8586
G01 X35.5116Y33.7928
G01 X35.5300Y33.7688
G01 X35.5300Y34.0072
G01 X35.4424Y34.0115
G01 X35.4228Y34.0135
G01 X35.3161Y34.0293
G01 X35.3020Y34.0319
G01 X35.2707Y34.0397
G00 Z3.0000
G00 X38.1000Y35.5807
G01 Z-0.2000
G01 X38.1234Y35.6739
G01 X38.1291Y35.6927
G01 X38.1654Y35.7943
G01 X38.1710Y35.8082
G01 X38.1909Y35.8504
G01 X38.1678Y35.8445
G01 X38.1416Y35.8401
G01 X38.1221Y35.8382
G01 X38.1000Y35.8374
G01 X38.0779Y35.8382
G01 X38.0584Y35.8401
G01 X38.0322Y35.8445
G01 X38.0091Y35.8504
G01 X38.0290Y35.8082
G01 X38.0346Y35.7943
G01 X38.0709Y35.6927
G01 X38.0766Y35.6739
G01 X38.1000Y35.5807
G00 Z3.0000
G00 X38.1700Y31.6130
G01 Z-0.2000
G01 X38.1291Y31.5443
G01 X38.0967Y31.4758
G01 X38.0682Y31.3974
G01 X38.0468Y31.3140
G01 X38.0341Y31.2295
G01 X38.0300Y31.1460
G01 X38.0347Y31.0578
G01 X38.0474Y30.9754
G01 X38.0665Y30.8996
G01 X38.0929Y30.8253
G01 X38.1291Y30.7477
G01 X38.1732Y30.6739
G01 X38.2243Y30.6051
G01 X38.2825Y30.5416
G01 X38.3391Y30.4903
G01 X38.4038Y30.4421
G01 X38.4751Y30.3988
G01 X38.5524Y30.3617
G01 X38.6286Y30.3341
G01 X38.7190Y30.3115
G01 X38.7965Y30.3001
G01 X38.8800Y30.2960
G01 X42.0261Y30.2960
G01 X46.2931Y26.0289
G01 X46.3588Y25.9700
G01 X46.4219Y25.9233
G01 X46.4892Y25.8828
G01 X46.5688Y25.8448
G01 X46.6474Y25.8166
G01 X46.7283Y25.7964
G01 X46.8059Y25.7847
G01 X46.8941Y25.7800
G01 X65.8154Y25.7800
G01 X70.6574Y20.9381
G01 X70.7192Y20.8821
G01 X70.7861Y20.8324
G01 X70.8576Y20.7896
G01 X70.9330Y20.7539
G01 X71.0116Y20.7258
G01 X71.0925Y20.7055
G01 X71.1751Y20.6933
G01 X71.2583Y20.6892
G01 X83.8779Y20.6892
G01 X86.4730Y18.0941
G01 X86.4535Y18.0163
G01 X86.4364Y17.9025
G01 X86.4300Y17.7800
G01 X86.4300Y16.5100
G01 X86.4364Y16.3875
G01 X86.4535Y16.2737
G01 X86.4816Y16.1620
G01 X86.5224Y16.0484
G01 X86.5695Y15.9487
G01 X86.6322Y15.8434
G01 X86.6994Y15.7526
G01 X86.7850Y15.6581
G01 X86.8726Y15.5794
G01 X86.9634Y15.5122
G01 X87.0601Y15.4541
G01 X87.1684Y15.4024
G01 X87.2864Y15.3604
G01 X87.3937Y15.3335
G01 X87.5075Y15.3164
G01 X87.6300Y15.3100
G01 X87.7525Y15.3164
G01 X87.8663Y15.3335
G01 X87.9736Y15.3604
G01 X88.0916Y15.4024
G01 X88.1999Y15.4541
G01 X88.2966Y15.5122
G01 X88.3874Y15.5794
G01 X88.4785Y15.6615
G01 X88.5606Y15.7526
G01 X88.6278Y15.8434
G01 X88.6859Y15.9401
G01 X88.7376Y16.0484
G01 X88.7784Y16.1620
G01 X88.8078Y16.2807
G01 X88.8242Y16.3922
G01 X88.8299Y16.5051
G01 X88.8300Y17.7800
G01 X88.8246Y17.8927
G01 X88.8065Y18.0163
G01 X88.7768Y18.1330
G01 X88.7376Y18.2416
G01 X88.6905Y18.3413
G01 X88.6278Y18.4466
G01 X88.5544Y18.5450
G01 X88.4785Y18.6285
G01 X88.3929Y18.7062
G01 X88.2966Y18.7778
G01 X88.1999Y18.8359
G01 X88.0937Y18.8867
G01 X88.0787Y18.8926
G01 X84.8310Y22.1402
G01 X84.7709Y22.1949
G01 X84.7062Y22.2431
G01 X84.6282Y22.2901
G01 X84.5507Y22.3262
G01 X84.4764Y22.3527
G01 X84.4006Y22.3718
G01 X84.3134Y22.3851
G01 X84.2300Y22.3892
G01 X71.6104Y22.3892
G01 X66.7684Y27.2312
G01 X66.7028Y27.2901
G01 X66.6397Y27.3368
G01 X66.5724Y27.3773
G01 X66.4928Y27.4153
G01 X66.4095Y27.4448
G01 X66.3333Y27.4637
G01 X66.2556Y27.4754
G01 X66.1675Y27.4801
G01 X47.2462Y27.4801
G01 X42.9792Y31.7471
G01 X42.9174Y31.8031
G01 X42.8504Y31.8528
G01 X42.7745Y31.8978
G01 X42.7035Y31.9313
G01 X42.6296Y31.9579
G01 X42.5440Y31.9797
G01 X42.4566Y31.9923
G01 X42.3782Y31.9960
G01 X40.5700Y31.9960
G01 X40.5700Y35.3060
G01 X40.5642Y35.4238
G01 X40.5465Y35.5423
G01 X40.5168Y35.6590
G01 X40.4776Y35.7676
G01 X40.4296Y35.8693
G01 X40.3649Y35.9767
G01 X40.2962Y36.0689
G01 X40.2219Y36.1510
G01 X40.1329Y36.2322
G01 X40.0325Y36.3064
G01 X39.9333Y36.3656
G01 X39.8337Y36.4127
G01 X39.7180Y36.4544
G01 X39.6063Y36.4825
G01 X39.4878Y36.5002
G01 X39.3700Y36.5060
G01 X39.2522Y36.5002
G01 X39.1337Y36.4825
G01 X39.0220Y36.4544
G01 X38.9084Y36.4136
G01 X38.8067Y36.3656
G01 X38.7034Y36.3038
G01 X38.6071Y36.2322
G01 X38.5215Y36.1545
G01 X38.4438Y36.0689
G01 X38.3722Y35.9726
G01 X38.3104Y35.8693
G01 X38.2624Y35.7676
G01 X38.2216Y35.6540
G01 X38.1935Y35.5423
G01 X38.1764Y35.4285
G01 X38.1700Y35.3060
G01 X38.1700Y31.6130
G00 Z3.0000
G00 X38.0299Y31.4911
G01 Z-0.2000
G01 X38.0299Y35.3109
G01 X38.0242Y35.4238
G01 X38.0078Y35.5353
G01 X37.9784Y35.6540
G01 X37.9367Y35.7697
G01 X37.8896Y35.8693
G01 X37.8278Y35.9726
G01 X37.7562Y36.0689
G01 X37.6785Y36.1545
G01 X37.5929Y36.2322
G01 X37.4925Y36.3064
G01 X37.3933Y36.3656
G01 X37.2937Y36.4127
G01 X37.1830Y36.4528
G01 X37.0663Y36.4825
G01 X36.9478Y36.5002
G01 X36.8300Y36.5060
G01 X35.5600Y36.5060
G01 X35.4422Y36.5002
G01 X35.3211Y36.4819
G01 X35.2120Y36.4544
G01 X35.1054Y36.4164
G01 X34.9967Y36.3656
G01 X34.8934Y36.3038
G01 X34.7950Y36.2304
G01 X34.7115Y36.1545
G01 X34.6338Y36.0689
G01 X34.5596Y35.9685
G01 X34.5004Y35.8693
G01 X34.4524Y35.7676
G01 X34.4104Y35.6496
G01 X34.3835Y35.5423
G01 X34.3658Y35.4238
G01 X34.3601Y35.3011
G01 X34.3658Y35.1882
G01 X34.3822Y35.0767
G01 X34.4116Y34.9580
G01 X34.4496Y34.8514
G01 X34.5041Y34.7361
G01 X34.5622Y34.6394
G01 X34.6338Y34.5431
G01 X34.7115Y34.4575
G01 X34.8026Y34.3754
G01 X34.8934Y34.3082
G01 X34.9967Y34.2464
G01 X35.0984Y34.1984
G01 X35.2120Y34.1576
G01 X35.3237Y34.1295
G01 X35.4422Y34.1118
G01 X35.5551Y34.1061
G01 X35.6300Y34.1060
G01 X35.6300Y31.4960
G01 X35.6354Y31.3833
G01 X35.6535Y31.2597
G01 X35.6832Y31.1430
G01 X35.7224Y31.0344
G01 X35.7695Y30.9347
G01 X35.8322Y30.8294
G01 X35.9056Y30.7310
G01 X35.9815Y30.6475
G01 X36.0671Y30.5698
G01 X36.1634Y30.4982
G01 X36.2601Y30.4401
G01 X36.3754Y30.3856
G01 X36.4820Y30.3476
G01 X36.5937Y30.3195
G01 X36.7122Y30.3018
G01 X36.8251Y30.2961
G01 X36.9525Y30.3024
G01 X37.0663Y30.3195
G01 X37.1780Y30.3476
G01 X37.2937Y30.3893
G01 X37.3933Y30.4364
G01 X37.4966Y30.4982
G01 X37.5929Y30.5698
G01 X37.6750Y30.6441
G01 X37.7606Y30.7386
G01 X37.8278Y30.8294
G01 X37.8859Y30.9261
G01 X37.9404Y31.0414
G01 X37.9784Y31.1480
G01 X38.0065Y31.2597
G01 X38.0242Y31.3782
G01 X38.0299Y31.4911
G00 Z3.0000
G00 X37.9502Y30.6584
G01 Z-0.2000
G01 X37.9213Y30.6195
G01 X37.9081Y30.6029
G01 X37.8301Y30.5167
G01 X37.8094Y30.4960
G01 X38.0560Y30.4960
G01 X38.0068Y30.5629
G01 X37.9613Y30.6382
G01 X37.9502Y30.6584
G00 Z3.0000
G00 X37.5209Y30.3960
G01 Z-0.2000
G01 X38.2980Y30.3960
G01 X38.2699Y30.4181
G01 X38.2154Y30.4675
G01 X38.2015Y30.4814
G01 X38.1484Y30.5401
G01 X38.0900Y30.6184
G01 X38.0470Y30.6896
G01 X38.0397Y30.7030
G01 X38.0063Y30.7735
G01 X37.9988Y30.7916
G01 X37.9703Y30.8724
G01 X37.9110Y30.7739
G01 X37.8410Y30.6790
G01 X37.8285Y30.6639
G01 X37.7560Y30.5839
G01 X37.7421Y30.5700
G01 X37.6580Y30.4938
G01 X37.5603Y30.4207
G01 X37.5439Y30.4098
G01 X37.5209Y30.3960
G00 Z3.0000
G00 X33.8500Y25.3944
G01 Z-0.2000
G01 X33.8485Y25.3688
G01 X33.8430Y25.3332
G01 X33.8363Y25.3072
G01 X33.8234Y25.2719
G01 X33.8142Y25.2526
G01 X33.7955Y25.2206
G01 X33.7736Y25.1915
G01 X33.7595Y25.1760
G01 X34.1614Y25.1760
G01 X34.0989Y25.2057
G01 X34.0855Y25.2130
G01 X34.0142Y25.2560
G01 X33.9359Y25.3144
G01 X33.8772Y25.3675
G01 X33.8500Y25.3944
G00 Z3.0000
G00 X41.0810Y23.8871
G01 Z-0.2000
G01 X41.0992Y23.7669
G01 X41.1049Y23.6519
G01 X41.1149Y23.6209
G01 X41.1400Y23.5205
G01 X41.1570Y23.4094
G01 X41.1589Y23.3898
G01 X41.1638Y23.2918
G01 X41.1640Y21.7452
G01 X41.2303Y21.8355
G01 X41.2428Y21.8507
G01 X41.3155Y21.9305
G01 X41.3994Y22.0069
G01 X41.4975Y22.0799
G01 X41.5898Y22.1355
G01 X41.6071Y22.1447
G01 X41.6958Y22.1867
G01 X41.7139Y22.1942
G01 X41.8162Y22.2305
G01 X41.9255Y22.2580
G01 X42.0461Y22.2762
G01 X42.1542Y22.2818
G01 X42.1738Y22.2818
G01 X42.2718Y22.2769
G01 X42.2914Y22.2750
G01 X42.4025Y22.2580
G01 X42.5118Y22.2305
G01 X42.6141Y22.1942
G01 X42.6322Y22.1867
G01 X42.7248Y22.1428
G01 X42.7382Y22.1355
G01 X42.8305Y22.0799
G01 X42.9175Y22.0157
G01 X42.9327Y22.0032
G01 X43.0125Y21.9305
G01 X43.0852Y21.8507
G01 X43.0977Y21.8355
G01 X43.1561Y21.7567
G01 X43.1670Y21.7404
G01 X43.2175Y21.6562
G01 X43.2248Y21.6428
G01 X43.2706Y21.5459
G01 X43.3093Y21.4397
G01 X43.3149Y21.4209
G01 X43.3400Y21.3205
G01 X43.3530Y21.2365
G01 X43.8095Y20.7800
G01 X44.1997Y20.7800
G01 X44.1757Y20.7984
G01 X44.1099Y20.8583
G01 X41.0810Y23.8871
G00 Z3.0000
G00 X41.2221Y23.6046
G01 Z-0.2000
G01 X41.2376Y23.5422
G01 X41.2415Y23.5211
G01 X41.2559Y23.4240
G01 X41.2588Y23.3947
G01 X41.2636Y23.2967
G01 X41.2640Y22.0192
G01 X41.3344Y22.0828
G01 X41.3509Y22.0960
G01 X41.4297Y22.1544
G01 X41.4542Y22.1708
G01 X41.5384Y22.2212
G01 X41.5643Y22.2351
G01 X41.6595Y22.2800
G01 X41.6803Y22.2883
G01 X41.7726Y22.3214
G01 X41.8008Y22.3299
G01 X41.9038Y22.3556
G01 X41.9249Y22.3595
G01 X42.0220Y22.3739
G01 X42.0513Y22.3768
G01 X42.1640Y22.3820
G01 X42.2767Y22.3768
G01 X42.3060Y22.3739
G01 X42.4031Y22.3595
G01 X42.4242Y22.3556
G01 X42.4866Y22.3401
G01 X41.2221Y23.6046
G00 Z3.0000
G00 X41.3625Y23.3228
G01 Z-0.2000
G01 X41.3640Y23.2820
G01 X41.3640Y22.2302
G01 X41.3866Y22.2463
G01 X41.4028Y22.2566
G01 X41.4870Y22.3070
G01 X41.5216Y22.3255
G01 X41.6189Y22.3714
G01 X41.6466Y22.3825
G01 X41.7588Y22.4221
G01 X41.8821Y22.4533
G01 X41.9102Y22.4585
G01 X42.0073Y22.4729
G01 X42.0464Y22.4767
G01 X42.1444Y22.4815
G01 X42.1640Y22.4820
G01 X42.2048Y22.4805
G01 X41.3625Y23.3228
G00 Z3.0000
G00 X41.4640Y23.0799
G01 Z-0.2000
G01 X41.4640Y22.4084
G01 X41.5783Y22.4628
G01 X41.6129Y22.4767
G01 X41.7053Y22.5097
G01 X41.7300Y22.5179
G01 X41.8604Y22.5509
G01 X41.8955Y22.5574
G01 X41.9748Y22.5691
G01 X41.4640Y23.0799
G00 Z3.0000
G00 X41.5640Y22.8385
G01 Z-0.2000
G01 X41.5640Y22.5647
G01 X41.5792Y22.5708
G01 X41.6716Y22.6039
G01 X41.7013Y22.6136
G01 X41.7708Y22.6317
G01 X41.5640Y22.8385
G00 Z3.0000
G00 X43.4221Y21.4046
G01 Z-0.2000
G01 X43.4376Y21.3422
G01 X43.4471Y21.2839
G01 X43.8509Y20.8800
G01 X43.9467Y20.8800
G01 X43.4221Y21.4046
G00 Z3.0000
G00 X42.0567Y19.9873
G01 Z-0.2000
G01 X42.8150Y19.2290
G01 X42.8806Y19.1699
G01 X42.9438Y19.1232
G01 X43.0110Y19.0828
G01 X43.0953Y19.0429
G01 X43.1695Y19.0165
G01 X43.2480Y18.9968
G01 X43.3325Y18.9841
G01 X43.4111Y18.9801
G01 X62.8629Y18.9800
G01 X63.6461Y18.1968
G01 X63.6216Y18.1280
G01 X63.5922Y18.0093
G01 X63.5758Y17.8978
G01 X63.5701Y17.7849
G01 X63.5700Y16.5100
G01 X63.5764Y16.3875
G01 X63.5935Y16.2737
G01 X63.6216Y16.1620
G01 X63.6624Y16.0484
G01 X63.7104Y15.9467
G01 X63.7722Y15.8434
G01 X63.8438Y15.7471
G01 X63.9215Y15.6615
G01 X64.0071Y15.5838
G01 X64.1075Y15.5096
G01 X64.2067Y15.4504
G01 X64.3084Y15.4024
G01 X64.4220Y15.3616
G01 X64.5311Y15.3341
G01 X64.5479Y15.3312
G01 X64.6090Y15.3163
G01 X64.6865Y15.3050
G01 X64.7651Y15.3010
G01 X64.8582Y15.3055
G01 X64.9380Y15.3176
G01 X64.9921Y15.3312
G01 X65.0089Y15.3341
G01 X65.1136Y15.3604
G01 X65.2246Y15.3996
G01 X65.3333Y15.4504
G01 X65.4407Y15.5151
G01 X65.5329Y15.5838
G01 X65.6150Y15.6581
G01 X65.6962Y15.7471
G01 X65.7704Y15.8475
G01 X65.8296Y15.9467
G01 X65.8767Y16.0463
G01 X65.9184Y16.1620
G01 X65.9478Y16.2807
G01 X65.9642Y16.3922
G01 X65.9700Y16.5100
G01 X65.9700Y17.7800
G01 X65.9646Y17.8927
G01 X65.9465Y18.0163
G01 X65.9184Y18.1280
G01 X65.8776Y18.2416
G01 X65.8259Y18.3499
G01 X65.7678Y18.4466
G01 X65.7006Y18.5374
G01 X65.6185Y18.6285
G01 X65.5329Y18.7062
G01 X65.4753Y18.7493
G01 X65.4257Y18.8158
G01 X65.3710Y18.8760
G01 X63.8125Y20.4344
G01 X63.7558Y20.4857
G01 X63.6912Y20.5339
G01 X63.6132Y20.5809
G01 X63.5426Y20.6143
G01 X63.4664Y20.6419
G01 X63.3760Y20.6645
G01 X63.2984Y20.6759
G01 X63.2150Y20.6800
G01 X43.7681Y20.6800
G01 X43.2587Y21.1893
G01 X43.2424Y21.2988
G01 X43.2167Y21.4010
G01 X43.1793Y21.5053
G01 X43.1363Y21.5962
G01 X43.0787Y21.6930
G01 X43.0173Y21.7760
G01 X42.9383Y21.8632
G01 X42.8635Y21.9309
G01 X42.7750Y21.9967
G01 X42.6801Y22.0534
G01 X42.5873Y22.0973
G01 X42.4830Y22.1347
G01 X42.3808Y22.1604
G01 X42.2720Y22.1767
G01 X42.1591Y22.1819
G01 X42.0560Y22.1767
G01 X41.9472Y22.1604
G01 X41.8450Y22.1347
G01 X41.7407Y22.0973
G01 X41.6479Y22.0534
G01 X41.5530Y21.9967
G01 X41.4645Y21.9309
G01 X41.3862Y21.8598
G01 X41.3151Y21.7815
G01 X41.2493Y21.6930
G01 X41.1926Y21.5981
G01 X41.1487Y21.5053
G01 X41.1113Y21.4010
G01 X41.0856Y21.2988
G01 X41.0693Y21.1900
G01 X41.0641Y21.0869
G01 X41.0693Y20.9740
G01 X41.0856Y20.8652
G01 X41.1113Y20.7630
G01 X41.1460Y20.6656
G01 X41.1926Y20.5659
G01 X41.2468Y20.4750
G01 X41.3169Y20.3805
G01 X41.3862Y20.3042
G01 X41.4645Y20.2331
G01 X41.5530Y20.1673
G01 X41.6479Y20.1106
G01 X41.7407Y20.0667
G01 X41.8450Y20.0293
G01 X41.9472Y20.0036
G01 X42.0567Y19.9873
G00 Z3.0000
G00 X42.9934Y18.9800
G01 Z-0.2000
G01 X42.9730Y18.9897
G01 X42.9596Y18.9970
G01 X42.8965Y19.0349
G01 X42.8802Y19.0458
G01 X42.8100Y19.0984
G01 X42.7513Y19.1515
G01 X42.0095Y19.8930
G01 X41.9255Y19.9060
G01 X41.8251Y19.9311
G01 X41.8063Y19.9368
G01 X41.7191Y19.9680
G01 X42.7071Y18.9800
G01 X42.9934Y18.9800
G00 Z3.0000
G00 X39.1829Y19.2518
G01 Z-0.2000
G01 X41.4322Y17.0022
G01 X41.5084Y16.9329
G01 X41.6030Y16.8628
G01 X41.6939Y16.8086
G01 X41.7846Y16.7657
G01 X41.8910Y16.7273
G01 X42.0002Y16.7003
G01 X42.1020Y16.6853
G01 X42.2100Y16.6800
G01 X47.2300Y16.6800
G01 X47.3427Y16.6859
G01 X47.4468Y16.7016
G01 X47.5446Y16.7261
G01 X47.6554Y16.7657
G01 X47.7461Y16.8086
G01 X47.8410Y16.8653
G01 X47.9295Y16.9311
G01 X48.0043Y16.9988
G01 X48.0833Y17.0860
G01 X48.1447Y17.1690
G01 X48.2014Y17.2639
G01 X48.2453Y17.3567
G01 X48.2811Y17.4560
G01 X48.3097Y17.5702
G01 X48.3247Y17.6720
G01 X48.3300Y17.7800
G01 X48.3247Y17.8880
G01 X48.3084Y17.9968
G01 X48.2827Y18.0990
G01 X48.2453Y18.2033
G01 X48.2014Y18.2961
G01 X48.1447Y18.3910
G01 X48.0789Y18.4795
G01 X48.0078Y18.5578
G01 X47.9295Y18.6289
G01 X47.8410Y18.6947
G01 X47.7461Y18.7514
G01 X47.6533Y18.7953
G01 X47.5490Y18.8327
G01 X47.4468Y18.8584
G01 X47.3380Y18.8747
G01 X47.2300Y18.8800
G01 X42.6656Y18.8800
G01 X41.0640Y20.4816
G01 X41.0639Y23.2869
G01 X41.0587Y23.3900
G01 X41.0437Y23.4918
G01 X41.0179Y23.5966
G01 X41.0044Y23.6358
G01 X41.0048Y23.6539
G01 X40.9991Y23.7616
G01 X40.9834Y23.8657
G01 X40.9577Y23.9680
G01 X40.9202Y24.0723
G01 X40.8763Y24.1651
G01 X40.8196Y24.2600
G01 X40.7583Y24.3429
G01 X40.6828Y24.4268
G01 X40.4557Y24.6538
G01 X40.3774Y24.7249
G01 X40.2849Y24.7932
G01 X40.1940Y24.8474
G01 X40.1034Y24.8903
G01 X39.9969Y24.9287
G01 X39.9409Y24.9429
G01 X39.8390Y24.9911
G01 X39.7210Y25.0331
G01 X39.6137Y25.0599
G01 X39.4999Y25.0771
G01 X39.3774Y25.0834
G01 X39.2647Y25.0780
G01 X39.2478Y25.0760
G01 X24.1251Y25.0759
G01 X24.0122Y25.0702
G01 X23.8937Y25.0525
G01 X23.7820Y25.0244
G01 X23.6754Y24.9864
G01 X23.5601Y24.9319
G01 X23.4634Y24.8738
G01 X23.3726Y24.8066
G01 X23.2781Y24.7210
G01 X23.2038Y24.6389
G01 X23.1322Y24.5426
G01 X23.0704Y24.4393
G01 X23.0233Y24.3397
G01 X22.9816Y24.2240
G01 X22.9535Y24.1123
G01 X22.9354Y23.9887
G01 X22.9301Y23.8711
G01 X22.9358Y23.7582
G01 X22.9522Y23.6467
G01 X22.9816Y23.5280
G01 X23.0224Y23.4144
G01 X23.0704Y23.3127
G01 X23.1322Y23.2094
G01 X23.2038Y23.1131
G01 X23.2815Y23.0275
G01 X23.3671Y22.9498
G01 X23.4675Y22.8756
G01 X23.5667Y22.8164
G01 X23.6663Y22.7693
G01 X23.7770Y22.7292
G01 X23.8937Y22.6995
G01 X24.0122Y22.6818
G01 X24.1300Y22.6760
G01 X38.8640Y22.6760
G01 X38.8640Y20.0260
G01 X38.8693Y19.9180
G01 X38.8856Y19.8092
G01 X38.9101Y19.7114
G01 X38.9497Y19.6006
G01 X38.9926Y19.5099
G01 X39.0493Y19.4150
G01 X39.1151Y19.3265
G01 X39.1829Y19.2518
G00 Z3.0000
G00 X36.7488Y13.2662
G01 Z-0.2000
G01 X36.7771Y13.2065
G01 X36.7846Y13.1883
G01 X36.8209Y13.0867
G01 X36.8300Y13.0545
G01 X36.8391Y13.0867
G01 X36.8754Y13.1883
G01 X36.8829Y13.2065
G01 X36.9112Y13.2662
G01 X36.8978Y13.2629
G01 X36.8716Y13.2585
G01 X36.8521Y13.2566
G01 X36.8300Y13.2557
G01 X36.8079Y13.2566
G01 X36.7884Y13.2585
G01 X36.7622Y13.2629
G01 X36.7488Y13.2662
G00 Z3.0000
G00 X36.8300Y12.3455
G01 Z-0.2000
G01 X36.8209Y12.3133
G01 X36.7846Y12.2117
G01 X36.7771Y12.1935
G01 X36.7488Y12.1338
G01 X36.7622Y12.1371
G01 X36.7884Y12.1415
G01 X36.8079Y12.1434
G01 X36.8300Y12.1443
G01 X36.8521Y12.1434
G01 X36.8716Y12.1415
G01 X36.8978Y12.1371
G01 X36.9112Y12.1338
G01 X36.8829Y12.1935
G01 X36.8754Y12.2117
G01 X36.8391Y12.3133
G01 X36.8300Y12.3455
G00 Z3.0000
G00 X35.5800Y11.5000
G01 Z-0.2000
G01 X35.6978Y11.5058
G01 X35.8163Y11.5235
G01 X35.9280Y11.5516
G01 X36.0346Y11.5896
G01 X36.1499Y11.6441
G01 X36.2466Y11.7022
G01 X36.3450Y11.7756
G01 X36.4285Y11.8515
G01 X36.5062Y11.9371
G01 X36.5778Y12.0334
G01 X36.6396Y12.1367
G01 X36.6877Y12.2384
G01 X36.7284Y12.3520
G01 X36.7565Y12.4637
G01 X36.7736Y12.5775
G01 X36.7799Y12.7049
G01 X36.7742Y12.8178
G01 X36.7559Y12.9389
G01 X36.7284Y13.0480
G01 X36.6877Y13.1616
G01 X36.6396Y13.2633
G01 X36.5778Y13.3666
G01 X36.5062Y13.4629
G01 X36.4285Y13.5485
G01 X36.3429Y13.6262
G01 X36.2507Y13.6949
G01 X36.1413Y13.7605
G01 X36.0416Y13.8076
G01 X35.9280Y13.8484
G01 X35.8163Y13.8765
G01 X35.7025Y13.8936
G01 X35.5800Y13.9000
G01 X31.7500Y13.9000
G01 X31.6322Y13.8942
G01 X31.5207Y13.8778
G01 X31.4020Y13.8484
G01 X31.2863Y13.8067
G01 X31.1867Y13.7596
G01 X31.0875Y13.7004
G01 X30.9850Y13.6244
G01 X30.9015Y13.5485
G01 X30.8256Y13.4650
G01 X30.7522Y13.3666
G01 X30.6904Y13.2633
G01 X30.6433Y13.1637
G01 X30.6016Y13.0480
G01 X30.5735Y12.9363
G01 X30.5558Y12.8178
G01 X30.5500Y12.7000
G01 X30.5558Y12.5822
G01 X30.5735Y12.4637
G01 X30.6016Y12.3520
G01 X30.6424Y12.2384
G01 X30.6904Y12.1367
G01 X30.7522Y12.0334
G01 X30.8238Y11.9371
G01 X30.9015Y11.8515
G01 X30.9871Y11.7738
G01 X31.0834Y11.7022
G01 X31.1867Y11.6404
G01 X31.2884Y11.5924
G01 X31.4020Y11.5516
G01 X31.5137Y11.5235
G01 X31.6275Y11.5064
G01 X31.7500Y11.5000
G01 X35.5800Y11.5000
G00 Z3.0000
G00 X30.4492Y12.6422
G01 Z-0.2000
G01 X30.4500Y12.6251
G01 X30.4500Y12.5720
G01 X30.4612Y12.5150
G01 X30.4636Y12.4980
G01 X30.4688Y12.4452
G01 X30.4842Y12.3943
G01 X30.4885Y12.3777
G01 X30.5000Y12.3208
G01 X30.5221Y12.2671
G01 X30.5277Y12.2509
G01 X30.5431Y12.2001
G01 X30.5682Y12.1533
G01 X30.5756Y12.1378
G01 X30.5980Y12.0842
G01 X30.6301Y12.0359
G01 X30.6388Y12.0211
G01 X30.6639Y11.9743
G01 X30.6976Y11.9332
G01 X30.7079Y11.9195
G01 X30.7402Y11.8713
G01 X30.7812Y11.8302
G01 X30.7926Y11.8174
G01 X30.8263Y11.7763
G01 X30.8674Y11.7426
G01 X30.8802Y11.7312
G01 X30.9213Y11.6902
G01 X30.9695Y11.6579
G01 X30.9832Y11.6476
G01 X31.0243Y11.6139
G01 X31.0711Y11.5888
G01 X31.0859Y11.5801
G01 X31.1342Y11.5480
G01 X31.1878Y11.5256
G01 X31.2033Y11.5182
G01 X31.2501Y11.4931
G01 X31.3009Y11.4777
G01 X31.3171Y11.4721
G01 X31.3708Y11.4500
G01 X31.4277Y11.4385
G01 X31.4443Y11.4342
G01 X31.4952Y11.4188
G01 X31.5480Y11.4136
G01 X31.5650Y11.4112
G01 X31.6220Y11.4000
G01 X35.6439Y11.4000
G01 X35.8348Y11.4188
G01 X36.0799Y11.4931
G01 X36.3057Y11.6139
G01 X36.5037Y11.7763
G01 X36.6561Y11.9620
G01 X36.6709Y11.9784
G01 X36.6856Y11.9918
G01 X36.7051Y12.0064
G01 X36.7197Y12.0153
G01 X36.7485Y12.0289
G01 X36.7650Y12.0347
G01 X36.7839Y12.0395
G01 X36.8078Y12.0432
G01 X36.8300Y12.0443
G01 X36.8522Y12.0432
G01 X36.8761Y12.0395
G01 X36.8950Y12.0347
G01 X36.9115Y12.0289
G01 X36.9403Y12.0153
G01 X36.9549Y12.0064
G01 X36.9744Y11.9918
G01 X36.9891Y11.9784
G01 X37.0039Y11.9620
G01 X37.1563Y11.7763
G01 X37.3543Y11.6139
G01 X37.5801Y11.4931
G01 X37.8252Y11.4188
G01 X38.0161Y11.4000
G01 X41.9739Y11.4000
G01 X42.1648Y11.4188
G01 X42.4099Y11.4931
G01 X42.6357Y11.6139
G01 X42.8337Y11.7763
G01 X42.9961Y11.9743
G01 X43.1169Y12.2001
G01 X43.1912Y12.4452
G01 X43.2163Y12.7000
G01 X43.1912Y12.9548
G01 X43.1169Y13.1999
G01 X42.9961Y13.4257
G01 X42.8337Y13.6237
G01 X42.6357Y13.7861
G01 X42.4099Y13.9069
G01 X42.1648Y13.9812
G01 X41.9739Y14.0000
G01 X38.0161Y14.0000
G01 X37.8252Y13.9812
G01 X37.5801Y13.9069
G01 X37.3543Y13.7861
G01 X37.1563Y13.6237
G01 X37.0039Y13.4380
G01 X36.9891Y13.4216
G01 X36.9744Y13.4082
G01 X36.9549Y13.3936
G01 X36.9403Y13.3847
G01 X36.9115Y13.3711
G01 X36.8950Y13.3653
G01 X36.8761Y13.3605
G01 X36.8522Y13.3568
G01 X36.8300Y13.3557
G01 X36.8078Y13.3568
G01 X36.7839Y13.3605
G01 X36.7650Y13.3653
G01 X36.7485Y13.3711
G01 X36.7197Y13.3847
G01 X36.7051Y13.3936
G01 X36.6856Y13.4082
G01 X36.6709Y13.4216
G01 X36.6561Y13.4380
G01 X36.5037Y13.6237
G01 X36.3057Y13.7861
G01 X36.0799Y13.9069
G01 X35.8348Y13.9812
G01 X35.6439Y14.0000
G01 X31.6220Y14.0000
G01 X31.5650Y13.9888
G01 X31.5480Y13.9864
G01 X31.4952Y13.9812
G01 X31.4443Y13.9658
G01 X31.4277Y13.9615
G01 X31.3708Y13.9500
G01 X31.3171Y13.9279
G01 X31.3009Y13.9223
G01 X31.2501Y13.9069
G01 X31.2033Y13.8818
G01 X31.1878Y13.8744
G01 X31.1342Y13.8520
G01 X31.0859Y13.8199
G01 X31.0711Y13.8112
G01 X31.0243Y13.7861
G01 X30.9832Y13.7524
G01 X30.9695Y13.7421
G01 X30.9213Y13.7098
G01 X30.8802Y13.6688
G01 X30.8674Y13.6574
G01 X30.8263Y13.6237
G01 X30.7926Y13.5826
G01 X30.7812Y13.5698
G01 X30.7402Y13.5287
G01 X30.7079Y13.4805
G01 X30.6976Y13.4668
G01 X30.6639Y13.4257
G01 X30.6388Y13.3789
G01 X30.6301Y13.3641
G01 X30.5980Y13.3158
G01 X30.5756Y13.2622
G01 X30.5682Y13.2467
G01 X30.5431Y13.1999
G01 X30.5277Y13.1491
G01 X30.5221Y13.1329
G01 X30.5000Y13.0792
G01 X30.4885Y13.0223
G01 X30.4842Y13.0057
G01 X30.4688Y12.9548
G01 X30.4636Y12.9020
G01 X30.4612Y12.8850
G01 X30.4500Y12.8280
G01 X30.4499Y12.7700
G01 X30.4489Y12.7529
G01 X30.4437Y12.7000
G01 X30.4492Y12.6422
G00 Z3.0000
G00 X43.1099Y12.6951
G01 Z-0.2000
G01 X43.1042Y12.8178
G01 X43.0865Y12.9363
G01 X43.0584Y13.0480
G01 X43.0177Y13.1616
G01 X42.9696Y13.2633
G01 X42.9078Y13.3666
G01 X42.8362Y13.4629
G01 X42.7585Y13.5485
G01 X42.6729Y13.6262
G01 X42.5766Y13.6978
G01 X42.4733Y13.7596
G01 X42.3716Y13.8076
G01 X42.2580Y13.8484
G01 X42.1463Y13.8765
G01 X42.0278Y13.8942
G01 X41.9100Y13.9000
G01 X38.0800Y13.9000
G01 X37.9622Y13.8942
G01 X37.8411Y13.8759
G01 X37.7320Y13.8484
G01 X37.6184Y13.8076
G01 X37.5167Y13.7596
G01 X37.4175Y13.7004
G01 X37.3150Y13.6244
G01 X37.2315Y13.5485
G01 X37.1538Y13.4629
G01 X37.0822Y13.3666
G01 X37.0241Y13.2699
G01 X36.9696Y13.1546
G01 X36.9316Y13.0480
G01 X36.9035Y12.9363
G01 X36.8858Y12.8178
G01 X36.8800Y12.7000
G01 X36.8858Y12.5822
G01 X36.9035Y12.4637
G01 X36.9316Y12.3520
G01 X36.9724Y12.2384
G01 X37.0204Y12.1367
G01 X37.0822Y12.0334
G01 X37.1538Y11.9371
G01 X37.2315Y11.8515
G01 X37.3171Y11.7738
G01 X37.4134Y11.7022
G01 X37.5167Y11.6404
G01 X37.6184Y11.5924
G01 X37.7320Y11.5516
G01 X37.8437Y11.5235
G01 X37.9622Y11.5058
G01 X38.0800Y11.5000
G01 X41.9100Y11.5000
G01 X42.0278Y11.5058
G01 X42.1489Y11.5241
G01 X42.2580Y11.5516
G01 X42.3716Y11.5924
G01 X42.4733Y11.6404
G01 X42.5725Y11.6996
G01 X42.6750Y11.7756
G01 X42.7585Y11.8515
G01 X42.8362Y11.9371
G01 X42.9078Y12.0334
G01 X42.9659Y12.1301
G01 X43.0204Y12.2454
G01 X43.0584Y12.3520
G01 X43.0865Y12.4637
G01 X43.1042Y12.5822
G01 X43.1099Y12.6951
G00 Z3.0000
G00 X48.4536Y17.2521
G01 Z-0.2000
G01 X48.4253Y17.3118
G01 X48.4178Y17.3299
G01 X48.3848Y17.4223
G01 X48.3800Y17.4377
G01 X48.3752Y17.4223
G01 X48.3422Y17.3299
G01 X48.3347Y17.3118
G01 X48.3063Y17.2519
G01 X48.3267Y17.2560
G01 X48.3483Y17.2589
G01 X48.3804Y17.2605
G01 X48.4126Y17.2590
G01 X48.4341Y17.2560
G01 X48.4536Y17.2521
G00 Z3.0000
G00 X49.1005Y16.7676
G01 Z-0.2000
G01 X49.1005Y16.0020
G01 X49.1046Y15.9186
G01 X49.1160Y15.8410
G01 X49.1371Y15.7552
G01 X49.1672Y15.6722
G01 X49.2008Y15.6014
G01 X49.2411Y15.5339
G01 X49.2966Y15.4590
G01 X49.3495Y15.4010
G01 X57.9506Y6.7998
G01 X58.0125Y6.7438
G01 X58.0754Y6.6969
G01 X58.1534Y6.6499
G01 X58.2310Y6.6137
G01 X58.3049Y6.5874
G01 X58.3811Y6.5682
G01 X58.4682Y6.5549
G01 X58.5517Y6.5508
G01 X68.6171Y6.5508
G01 X68.6265Y6.5135
G01 X68.6541Y6.4364
G01 X68.6500Y6.3500
G01 X68.6558Y6.2322
G01 X68.6735Y6.1137
G01 X68.7016Y6.0020
G01 X68.7424Y5.8884
G01 X68.7904Y5.7867
G01 X68.8522Y5.6834
G01 X68.9238Y5.5871
G01 X69.0015Y5.5015
G01 X69.0871Y5.4238
G01 X69.1834Y5.3522
G01 X69.2867Y5.2904
G01 X69.3884Y5.2424
G01 X69.5020Y5.2016
G01 X69.6137Y5.1735
G01 X69.7373Y5.1554
G01 X69.8500Y5.1500
G01 X69.9627Y5.1554
G01 X70.0863Y5.1735
G01 X70.2030Y5.2032
G01 X70.3116Y5.2424
G01 X70.4133Y5.2904
G01 X70.5207Y5.3551
G01 X70.6129Y5.4238
G01 X70.6985Y5.5015
G01 X70.7762Y5.5871
G01 X70.8449Y5.6793
G01 X70.9096Y5.7867
G01 X70.9576Y5.8884
G01 X70.9984Y6.0020
G01 X71.0265Y6.1137
G01 X71.0446Y6.2373
G01 X71.0500Y6.3500
G01 X71.0436Y6.4725
G01 X71.0259Y6.5889
G01 X70.9984Y6.6980
G01 X70.9652Y6.7914
G01 X70.9957Y6.8251
G01 X71.0439Y6.8898
G01 X71.0872Y6.9610
G01 X71.1243Y7.0384
G01 X71.1535Y7.1196
G01 X71.1732Y7.1980
G01 X71.1863Y7.2876
G01 X71.1899Y7.3709
G01 X71.1859Y7.4495
G01 X71.1745Y7.5270
G01 X71.1519Y7.6174
G01 X71.1243Y7.6936
G01 X71.0909Y7.7643
G01 X71.0439Y7.8422
G01 X70.9957Y7.9069
G01 X70.9410Y7.9670
G01 X70.8809Y8.0217
G01 X70.8162Y8.0699
G01 X70.7383Y8.1169
G01 X70.6676Y8.1503
G01 X70.5914Y8.1779
G01 X70.5080Y8.1992
G01 X70.4235Y8.2119
G01 X70.3449Y8.2159
G01 X70.3093Y8.2160
G01 X70.2372Y8.2340
G01 X70.1574Y8.2461
G01 X70.0692Y8.2508
G01 X58.9038Y8.2508
G01 X50.8005Y16.3541
G01 X50.8004Y17.6184
G01 X50.7964Y17.6970
G01 X50.7850Y17.7745
G01 X50.7624Y17.8649
G01 X50.7338Y17.9433
G01 X50.7014Y18.0118
G01 X50.6599Y18.0816
G01 X50.6062Y18.1544
G01 X50.5549Y18.2110
G01 X50.5296Y18.2365
G01 X50.5014Y18.2961
G01 X50.4472Y18.3870
G01 X50.3789Y18.4795
G01 X50.3078Y18.5578
G01 X50.2240Y18.6333
G01 X50.1410Y18.6947
G01 X50.0528Y18.7477
G01 X49.9533Y18.7953
G01 X49.8490Y18.8327
G01 X49.7468Y18.8584
G01 X49.6380Y18.8747
G01 X49.5300Y18.8800
G01 X49.4220Y18.8747
G01 X49.3132Y18.8584
G01 X49.2110Y18.8327
G01 X49.1067Y18.7953
G01 X49.0139Y18.7514
G01 X48.9190Y18.6947
G01 X48.8305Y18.6289
G01 X48.7522Y18.5578
G01 X48.6811Y18.4795
G01 X48.6153Y18.3910
G01 X48.5586Y18.2961
G01 X48.5147Y18.2033
G01 X48.4773Y18.0990
G01 X48.4516Y17.9968
G01 X48.4353Y17.8880
G01 X48.4300Y17.7800
G01 X48.4353Y17.6720
G01 X48.4516Y17.5632
G01 X48.4773Y17.4610
G01 X48.5147Y17.3567
G01 X48.5586Y17.2639
G01 X48.6153Y17.1690
G01 X48.6811Y17.0805
G01 X48.7522Y17.0022
G01 X48.8305Y16.9311
G01 X48.9190Y16.8653
G01 X49.0139Y16.8086
G01 X49.1005Y16.7676
G00 Z3.0000
G00 X48.3800Y18.1223
G01 Z-0.2000
G01 X48.3848Y18.1377
G01 X48.4234Y18.2439
G01 X48.4692Y18.3408
G01 X48.4765Y18.3542
G01 X48.5321Y18.4465
G01 X48.5963Y18.5335
G01 X48.6088Y18.5487
G01 X48.6815Y18.6285
G01 X48.7613Y18.7012
G01 X48.7765Y18.7137
G01 X48.8553Y18.7721
G01 X48.8716Y18.7830
G01 X48.9558Y18.8335
G01 X48.9692Y18.8408
G01 X49.0519Y18.8800
G01 X47.7081Y18.8800
G01 X47.7908Y18.8408
G01 X47.8042Y18.8335
G01 X47.8884Y18.7830
G01 X47.9047Y18.7721
G01 X47.9835Y18.7137
G01 X47.9987Y18.7012
G01 X48.0785Y18.6285
G01 X48.1512Y18.5487
G01 X48.1637Y18.5335
G01 X48.2279Y18.4465
G01 X48.2835Y18.3542
G01 X48.2908Y18.3408
G01 X48.3366Y18.2439
G01 X48.3752Y18.1377
G01 X48.3800Y18.1223
G00 Z3.0000
G00 X48.3800Y18.3860
G01 Z-0.2000
G01 X48.3908Y18.4056
G01 X48.4489Y18.5020
G01 X48.5160Y18.5931
G01 X48.5292Y18.6096
G01 X48.6108Y18.6992
G01 X48.6995Y18.7800
G01 X48.0605Y18.7800
G01 X48.1492Y18.6992
G01 X48.2308Y18.6096
G01 X48.2440Y18.5931
G01 X48.3111Y18.5020
G01 X48.3692Y18.4056
G01 X48.3800Y18.3860
G00 Z3.0000
G00 X48.3800Y18.5776
G01 Z-0.2000
G01 X48.4357Y18.6527
G01 X48.4580Y18.6800
G01 X48.3020Y18.6800
G01 X48.3243Y18.6527
G01 X48.3800Y18.5776
G00 Z3.0000
G00 X50.0081Y18.8800
G01 Z-0.2000
G01 X50.0908Y18.8408
G01 X50.1042Y18.8335
G01 X50.1965Y18.7779
G01 X50.2946Y18.7049
G01 X50.3714Y18.6353
G01 X50.3853Y18.6214
G01 X50.4549Y18.5446
G01 X50.5221Y18.4547
G01 X50.5330Y18.4384
G01 X50.5835Y18.3542
G01 X50.5908Y18.3408
G01 X50.6126Y18.2949
G01 X50.6290Y18.2781
G01 X50.6821Y18.2195
G01 X50.7347Y18.1493
G01 X50.7456Y18.1330
G01 X50.7835Y18.0699
G01 X50.7971Y18.0432
G01 X50.8258Y18.1568
G01 X50.8654Y18.2683
G01 X50.8710Y18.2822
G01 X50.9210Y18.3880
G01 X50.9283Y18.4014
G01 X50.9890Y18.5021
G01 X51.0678Y18.6080
G01 X51.1508Y18.6992
G01 X51.2379Y18.7785
G01 X51.2530Y18.7910
G01 X51.3397Y18.8553
G01 X51.3561Y18.8662
G01 X51.3792Y18.8800
G01 X50.0081Y18.8800
G00 Z3.0000
G00 X50.8716Y18.6800
G01 Z-0.2000
G01 X50.6020Y18.6800
G01 X50.6243Y18.6527
G01 X50.6943Y18.5575
G01 X50.7424Y18.4780
G01 X50.7568Y18.5042
G01 X50.8226Y18.6130
G01 X50.8716Y18.6800
G00 Z3.0000
G00 X50.7629Y18.2785
G01 Z-0.2000
G01 X50.7796Y18.3228
G01 X50.8316Y18.4327
G01 X50.8426Y18.4528
G01 X50.9058Y18.5575
G01 X50.9787Y18.6565
G01 X50.9919Y18.6731
G01 X51.0699Y18.7593
G01 X51.0906Y18.7800
G01 X50.3605Y18.7800
G01 X50.4492Y18.6992
G01 X50.5308Y18.6096
G01 X50.5440Y18.5931
G01 X50.6111Y18.5020
G01 X50.6692Y18.4056
G01 X50.6802Y18.3856
G01 X50.6958Y18.3528
G01 X50.7525Y18.2908
G01 X50.7629Y18.2785
G00 Z3.0000
G00 X52.7608Y18.8800
G01 Z-0.2000
G01 X52.7839Y18.8662
G01 X52.8003Y18.8553
G01 X52.8870Y18.7910
G01 X52.9021Y18.7785
G01 X52.9892Y18.6992
G01 X53.0722Y18.6080
G01 X53.1510Y18.5021
G01 X53.2117Y18.4014
G01 X53.2190Y18.3880
G01 X53.2690Y18.2822
G01 X53.2746Y18.2683
G01 X53.3142Y18.1568
G01 X53.3400Y18.0547
G01 X53.3658Y18.1568
G01 X53.4054Y18.2683
G01 X53.4110Y18.2822
G01 X53.4610Y18.3880
G01 X53.4683Y18.4014
G01 X53.5290Y18.5021
G01 X53.6078Y18.6080
G01 X53.6908Y18.6992
G01 X53.7779Y18.7785
G01 X53.7930Y18.7910
G01 X53.8797Y18.8553
G01 X53.8961Y18.8662
G01 X53.9192Y18.8800
G01 X52.7608Y18.8800
G00 Z3.0000
G00 X53.3400Y18.5763
G01 Z-0.2000
G01 X53.3626Y18.6130
G01 X53.4116Y18.6800
G01 X53.2684Y18.6800
G01 X53.3174Y18.6130
G01 X53.3400Y18.5763
G00 Z3.0000
G00 X53.6306Y18.7800
G01 Z-0.2000
G01 X53.0494Y18.7800
G01 X53.0701Y18.7593
G01 X53.1481Y18.6731
G01 X53.1613Y18.6565
G01 X53.2342Y18.5575
G01 X53.2974Y18.4528
G01 X53.3084Y18.4327
G01 X53.3400Y18.3661
G01 X53.3716Y18.4327
G01 X53.3826Y18.4528
G01 X53.4458Y18.5575
G01 X53.5187Y18.6565
G01 X53.5319Y18.6731
G01 X53.6099Y18.7593
G01 X53.6306Y18.7800
G00 Z3.0000
G00 X55.3008Y18.8800
G01 Z-0.2000
G01 X55.3239Y18.8662
G01 X55.3403Y18.8553
G01 X55.4270Y18.7910
G01 X55.4421Y18.7785
G01 X55.5292Y18.6992
G01 X55.6122Y18.6080
G01 X55.6910Y18.5021
G01 X55.7517Y18.4014
G01 X55.7590Y18.3880
G01 X55.8090Y18.2822
G01 X55.8146Y18.2683
G01 X55.8542Y18.1568
G01 X55.8800Y18.0547
G01 X55.9058Y18.1568
G01 X55.9454Y18.2683
G01 X55.9510Y18.2822
G01 X56.0010Y18.3880
G01 X56.0083Y18.4014
G01 X56.0690Y18.5021
G01 X56.1478Y18.6080
G01 X56.2308Y18.6992
G01 X56.3179Y18.7785
G01 X56.3330Y18.7910
G01 X56.4197Y18.8553
G01 X56.4361Y18.8662
G01 X56.4592Y18.8800
G01 X55.3008Y18.8800
G00 Z3.0000
G00 X55.8800Y18.5763
G01 Z-0.2000
G01 X55.9026Y18.6130
G01 X55.9516Y18.6800
G01 X55.8084Y18.6800
G01 X55.8574Y18.6130
G01 X55.8800Y18.5763
G00 Z3.0000
G00 X56.1706Y18.7800
G01 Z-0.2000
G01 X55.5894Y18.7800
G01 X55.6101Y18.7593
G01 X55.6881Y18.6731
G01 X55.7013Y18.6565
G01 X55.7742Y18.5575
G01 X55.8374Y18.4528
G01 X55.8484Y18.4327
G01 X55.8800Y18.3661
G01 X55.9116Y18.4327
G01 X55.9226Y18.4528
G01 X55.9858Y18.5575
G01 X56.0587Y18.6565
G01 X56.0719Y18.6731
G01 X56.1499Y18.7593
G01 X56.1706Y18.7800
G00 Z3.0000
G00 X57.8408Y18.8800
G01 Z-0.2000
G01 X57.8639Y18.8662
G01 X57.8803Y18.8553
G01 X57.9670Y18.7910
G01 X57.9821Y18.7785
G01 X58.0692Y18.6992
G01 X58.1522Y18.6080
G01 X58.2310Y18.5021
G01 X58.2917Y18.4014
G01 X58.2990Y18.3880
G01 X58.3490Y18.2822
G01 X58.3546Y18.2683
G01 X58.3942Y18.1568
G01 X58.4200Y18.0547
G01 X58.4458Y18.1568
G01 X58.4854Y18.2683
G01 X58.4910Y18.2822
G01 X58.5410Y18.3880
G01 X58.5483Y18.4014
G01 X58.6090Y18.5021
G01 X58.6878Y18.6080
G01 X58.7708Y18.6992
G01 X58.8579Y18.7785
G01 X58.8730Y18.7910
G01 X58.9597Y18.8553
G01 X58.9761Y18.8662
G01 X58.9992Y18.8800
G01 X57.8408Y18.8800
G00 Z3.0000
G00 X58.4200Y18.5763
G01 Z-0.2000
G01 X58.4426Y18.6130
G01 X58.4916Y18.6800
G01 X58.3484Y18.6800
G01 X58.3974Y18.6130
G01 X58.4200Y18.5763
G00 Z3.0000
G00 X58.4200Y18.3661
G01 Z-0.2000
G01 X58.4516Y18.4327
G01 X58.4626Y18.4528
G01 X58.5258Y18.5575
G01 X58.5987Y18.6565
G01 X58.6119Y18.6731
G01 X58.6899Y18.7593
G01 X58.7106Y18.7800
G01 X58.1294Y18.7800
G01 X58.1501Y18.7593
G01 X58.2281Y18.6731
G01 X58.2413Y18.6565
G01 X58.3142Y18.5575
G01 X58.3774Y18.4528
G01 X58.3884Y18.4327
G01 X58.4200Y18.3661
G00 Z3.0000
G00 X60.3808Y18.8800
G01 Z-0.2000
G01 X60.4039Y18.8662
G01 X60.4203Y18.8553
G01 X60.5070Y18.7910
G01 X60.5221Y18.7785
G01 X60.6092Y18.6992
G01 X60.6922Y18.6080
G01 X60.7710Y18.5021
G01 X60.8317Y18.4014
G01 X60.8390Y18.3880
G01 X60.8890Y18.2822
G01 X60.8946Y18.2683
G01 X60.9342Y18.1568
G01 X60.9600Y18.0547
G01 X60.9858Y18.1568
G01 X61.0254Y18.2683
G01 X61.0310Y18.2822
G01 X61.0810Y18.3880
G01 X61.0883Y18.4014
G01 X61.1490Y18.5021
G01 X61.2278Y18.6080
G01 X61.3108Y18.6992
G01 X61.3979Y18.7785
G01 X61.4130Y18.7910
G01 X61.4997Y18.8553
G01 X61.5161Y18.8662
G01 X61.5392Y18.8800
G01 X60.3808Y18.8800
G00 Z3.0000
G00 X60.6694Y18.7800
G01 Z-0.2000
G01 X60.6901Y18.7593
G01 X60.7681Y18.6731
G01 X60.7813Y18.6565
G01 X60.8542Y18.5575
G01 X60.9174Y18.4528
G01 X60.9284Y18.4327
G01 X60.9600Y18.3661
G01 X60.9916Y18.4327
G01 X61.0026Y18.4528
G01 X61.0658Y18.5575
G01 X61.1387Y18.6565
G01 X61.1519Y18.6731
G01 X61.2299Y18.7593
G01 X61.2506Y18.7800
G01 X60.6694Y18.7800
G00 Z3.0000
G00 X60.8884Y18.6800
G01 Z-0.2000
G01 X60.9374Y18.6130
G01 X60.9600Y18.5763
G01 X60.9826Y18.6130
G01 X61.0316Y18.6800
G01 X60.8884Y18.6800
G00 Z3.0000
G00 X60.9600Y16.2353
G01 Z-0.2000
G01 X60.9578Y16.2266
G01 X60.9637Y16.2207
G01 X60.9600Y16.2353
G00 Z3.0000
G00 X62.4521Y15.3312
G01 Z-0.2000
G01 X62.4689Y15.3341
G01 X62.5780Y15.3616
G01 X62.6937Y15.4033
G01 X62.7933Y15.4504
G01 X62.8925Y15.5096
G01 X62.9929Y15.5838
G01 X63.0819Y15.6650
G01 X63.1562Y15.7471
G01 X63.2249Y15.8393
G01 X63.2896Y15.9467
G01 X63.3404Y16.0554
G01 X63.3784Y16.1620
G01 X63.4065Y16.2737
G01 X63.4242Y16.3922
G01 X63.4299Y16.5051
G01 X63.4300Y17.7800
G01 X63.4242Y17.8978
G01 X63.4065Y18.0163
G01 X63.3784Y18.1280
G01 X63.3376Y18.2416
G01 X63.2896Y18.3433
G01 X63.2278Y18.4466
G01 X63.1562Y18.5429
G01 X63.0785Y18.6285
G01 X62.9929Y18.7062
G01 X62.8966Y18.7778
G01 X62.7933Y18.8396
G01 X62.6916Y18.8876
G01 X62.5780Y18.9284
G01 X62.4663Y18.9565
G01 X62.3478Y18.9742
G01 X62.2300Y18.9800
G01 X62.1122Y18.9742
G01 X61.9911Y18.9559
G01 X61.8820Y18.9284
G01 X61.7754Y18.8904
G01 X61.6667Y18.8396
G01 X61.5593Y18.7749
G01 X61.4671Y18.7062
G01 X61.3850Y18.6319
G01 X61.3038Y18.5429
G01 X61.2296Y18.4425
G01 X61.1704Y18.3433
G01 X61.1224Y18.2416
G01 X61.0816Y18.1280
G01 X61.0535Y18.0163
G01 X61.0358Y17.8978
G01 X61.0301Y17.7849
G01 X61.0300Y16.5100
G01 X61.0358Y16.3922
G01 X61.0535Y16.2737
G01 X61.0816Y16.1620
G01 X61.1224Y16.0484
G01 X61.1704Y15.9467
G01 X61.2322Y15.8434
G01 X61.3038Y15.7471
G01 X61.3815Y15.6615
G01 X61.4726Y15.5794
G01 X61.5634Y15.5122
G01 X61.6667Y15.4504
G01 X61.7684Y15.4024
G01 X61.8864Y15.3604
G01 X61.9911Y15.3341
G01 X62.0079Y15.3312
G01 X62.0620Y15.3176
G01 X62.1516Y15.3046
G01 X62.2300Y15.3008
G01 X62.3135Y15.3050
G01 X62.3980Y15.3176
G01 X62.4521Y15.3312
G00 Z3.0000
G00 X62.8391Y15.2508
G01 Z-0.2000
G01 X64.1609Y15.2508
G01 X64.1173Y15.2716
G01 X64.0972Y15.2826
G01 X64.0046Y15.3381
G01 X63.9802Y15.3544
G01 X63.8935Y15.4187
G01 X63.8769Y15.4319
G01 X63.7801Y15.5200
G01 X63.6919Y15.6169
G01 X63.6787Y15.6335
G01 X63.6058Y15.7325
G01 X63.5426Y15.8372
G01 X63.5316Y15.8573
G01 X63.5000Y15.9239
G01 X63.4684Y15.8573
G01 X63.4574Y15.8372
G01 X63.3942Y15.7325
G01 X63.3213Y15.6335
G01 X63.3081Y15.6169
G01 X63.2200Y15.5201
G01 X63.1231Y15.4319
G01 X63.1065Y15.4187
G01 X63.0198Y15.3544
G01 X62.9954Y15.3381
G01 X62.9028Y15.2826
G01 X62.8827Y15.2716
G01 X62.8391Y15.2508
G00 Z3.0000
G00 X63.1817Y15.3508
G01 Z-0.2000
G01 X63.8183Y15.3508
G01 X63.8035Y15.3633
G01 X63.7093Y15.4493
G01 X63.6160Y15.5519
G01 X63.5984Y15.5739
G01 X63.5341Y15.6606
G01 X63.5226Y15.6770
G01 X63.5000Y15.7137
G01 X63.4774Y15.6770
G01 X63.4659Y15.6606
G01 X63.4016Y15.5739
G01 X63.3840Y15.5519
G01 X63.2907Y15.4493
G01 X63.1965Y15.3633
G01 X63.1817Y15.3508
G00 Z3.0000
G00 X63.4276Y15.4508
G01 Z-0.2000
G01 X63.5724Y15.4508
G01 X63.5401Y15.4868
G01 X63.5181Y15.5143
G01 X63.5000Y15.5387
G01 X63.4819Y15.5143
G01 X63.4599Y15.4868
G01 X63.4276Y15.4508
G00 Z3.0000
G00 X63.5000Y18.0547
G01 Z-0.2000
G01 X63.5234Y18.1479
G01 X63.5306Y18.1709
G01 X63.4354Y18.2661
G01 X63.4742Y18.1568
G01 X63.5000Y18.0547
G00 Z3.0000
G00 X66.0363Y18.0693
G01 Z-0.2000
G01 X66.0400Y18.0547
G01 X66.0422Y18.0634
G01 X66.0363Y18.0693
G00 Z3.0000
G00 X66.0400Y16.2353
G01 Z-0.2000
G01 X66.0142Y16.1332
G01 X65.9746Y16.0217
G01 X65.9671Y16.0035
G01 X65.9190Y15.9020
G01 X65.9117Y15.8886
G01 X65.8562Y15.7961
G01 X65.8453Y15.7797
G01 X65.7722Y15.6820
G01 X65.6892Y15.5908
G01 X65.5980Y15.5078
G01 X65.5003Y15.4347
G01 X65.4839Y15.4238
G01 X65.3914Y15.3683
G01 X65.3780Y15.3610
G01 X65.2765Y15.3129
G01 X65.2583Y15.3054
G01 X65.1468Y15.2658
G01 X65.0332Y15.2371
G01 X65.0116Y15.2330
G01 X64.9597Y15.2200
G01 X64.8729Y15.2066
G01 X64.8533Y15.2047
G01 X64.7798Y15.2011
G01 X64.7602Y15.2011
G01 X64.6766Y15.2055
G01 X64.5803Y15.2200
G01 X64.5284Y15.2330
G01 X64.5068Y15.2371
G01 X64.3932Y15.2658
G01 X64.2817Y15.3054
G01 X64.2635Y15.3129
G01 X64.1620Y15.3610
G01 X64.1486Y15.3683
G01 X64.0479Y15.4290
G01 X63.9420Y15.5078
G01 X63.8508Y15.5908
G01 X63.7678Y15.6820
G01 X63.6890Y15.7879
G01 X63.6283Y15.8886
G01 X63.6210Y15.9020
G01 X63.5710Y16.0078
G01 X63.5654Y16.0217
G01 X63.5258Y16.1332
G01 X63.5000Y16.2353
G01 X63.4742Y16.1332
G01 X63.4346Y16.0217
G01 X63.4290Y16.0078
G01 X63.3790Y15.9020
G01 X63.3717Y15.8886
G01 X63.3110Y15.7879
G01 X63.2322Y15.6820
G01 X63.1492Y15.5908
G01 X63.0580Y15.5078
G01 X62.9521Y15.4290
G01 X62.8514Y15.3683
G01 X62.8380Y15.3610
G01 X62.7365Y15.3129
G01 X62.7183Y15.3054
G01 X62.6068Y15.2658
G01 X62.4932Y15.2371
G01 X62.4716Y15.2330
G01 X62.4197Y15.2200
G01 X62.4057Y15.2174
G01 X62.3234Y15.2055
G01 X62.2398Y15.2011
G01 X62.2202Y15.2011
G01 X62.1467Y15.2047
G01 X62.1271Y15.2066
G01 X62.0403Y15.2200
G01 X61.9884Y15.2330
G01 X61.9720Y15.2359
G01 X61.9407Y15.2437
G01 X62.0335Y15.1508
G01 X74.2161Y15.1508
G01 X74.2463Y15.1574
G01 X74.3286Y15.1694
G01 X74.4220Y15.1740
G01 X79.2646Y15.1740
G01 X79.2961Y15.1962
G01 X79.3886Y15.2516
G01 X79.4060Y15.2609
G01 X79.5103Y15.3100
G01 X79.4020Y15.3610
G01 X79.3886Y15.3683
G01 X79.2961Y15.4238
G01 X79.2797Y15.4347
G01 X79.1820Y15.5078
G01 X79.0979Y15.5840
G01 X79.0840Y15.5979
G01 X79.0078Y15.6820
G01 X78.9290Y15.7879
G01 X78.8683Y15.8886
G01 X78.8591Y15.9060
G01 X78.8129Y16.0035
G01 X78.8054Y16.0217
G01 X78.7658Y16.1332
G01 X78.7400Y16.2353
G01 X78.7142Y16.1332
G01 X78.6746Y16.0217
G01 X78.6671Y16.0035
G01 X78.6209Y15.9060
G01 X78.6117Y15.8886
G01 X78.5510Y15.7879
G01 X78.4810Y15.6930
G01 X78.4685Y15.6779
G01 X78.3892Y15.5908
G01 X78.2980Y15.5078
G01 X78.1921Y15.4290
G01 X78.0914Y15.3683
G01 X78.0740Y15.3591
G01 X77.9722Y15.3110
G01 X77.9583Y15.3054
G01 X77.8468Y15.2658
G01 X77.7280Y15.2359
G01 X77.5977Y15.2163
G01 X77.4700Y15.2100
G01 X77.3423Y15.2163
G01 X77.2120Y15.2359
G01 X77.0932Y15.2658
G01 X76.9817Y15.3054
G01 X76.9635Y15.3129
G01 X76.8620Y15.3610
G01 X76.8486Y15.3683
G01 X76.7561Y15.4238
G01 X76.7397Y15.4347
G01 X76.6420Y15.5078
G01 X76.5579Y15.5840
G01 X76.5440Y15.5979
G01 X76.4678Y15.6820
G01 X76.3947Y15.7797
G01 X76.3838Y15.7961
G01 X76.3283Y15.8886
G01 X76.3210Y15.9020
G01 X76.2729Y16.0035
G01 X76.2654Y16.0217
G01 X76.2258Y16.1332
G01 X76.2000Y16.2353
G01 X76.1742Y16.1332
G01 X76.1346Y16.0217
G01 X76.1290Y16.0078
G01 X76.0790Y15.9020
G01 X76.0717Y15.8886
G01 X76.0110Y15.7879
G01 X75.9322Y15.6820
G01 X75.8492Y15.5908
G01 X75.7580Y15.5078
G01 X75.6521Y15.4290
G01 X75.5514Y15.3683
G01 X75.5380Y15.3610
G01 X75.4322Y15.3110
G01 X75.4183Y15.3054
G01 X75.3068Y15.2658
G01 X75.1880Y15.2359
G01 X75.0577Y15.2163
G01 X74.9300Y15.2100
G01 X74.8023Y15.2163
G01 X74.6861Y15.2333
G01 X74.6668Y15.2371
G01 X74.5621Y15.2634
G01 X74.5433Y15.2691
G01 X74.4278Y15.3110
G01 X74.3220Y15.3610
G01 X74.3086Y15.3683
G01 X74.2161Y15.4238
G01 X74.1997Y15.4347
G01 X74.1020Y15.5078
G01 X74.0108Y15.5908
G01 X73.9278Y15.6820
G01 X73.8547Y15.7797
G01 X73.8438Y15.7961
G01 X73.7883Y15.8886
G01 X73.7810Y15.9020
G01 X73.7329Y16.0035
G01 X73.7254Y16.0217
G01 X73.6858Y16.1332
G01 X73.6600Y16.2353
G01 X73.6342Y16.1332
G01 X73.5946Y16.0217
G01 X73.5890Y16.0078
G01 X73.5390Y15.9020
G01 X73.5317Y15.8886
G01 X73.4710Y15.7879
G01 X73.3922Y15.6820
G01 X73.3092Y15.5908
G01 X73.2180Y15.5078
G01 X73.1203Y15.4347
G01 X73.1039Y15.4238
G01 X73.0114Y15.3683
G01 X72.9980Y15.3610
G01 X72.8965Y15.3129
G01 X72.8783Y15.3054
G01 X72.7767Y15.2691
G01 X72.7579Y15.2634
G01 X72.6480Y15.2359
G01 X72.5177Y15.2163
G01 X72.3900Y15.2100
G01 X72.2623Y15.2163
G01 X72.1320Y15.2359
G01 X72.0221Y15.2634
G01 X72.0033Y15.2691
G01 X71.8878Y15.3110
G01 X71.7820Y15.3610
G01 X71.7686Y15.3683
G01 X71.6761Y15.4238
G01 X71.6597Y15.4347
G01 X71.5730Y15.4990
G01 X71.5579Y15.5115
G01 X71.4708Y15.5908
G01 X71.3915Y15.6779
G01 X71.3790Y15.6930
G01 X71.3147Y15.7797
G01 X71.3038Y15.7961
G01 X71.2483Y15.8886
G01 X71.2410Y15.9020
G01 X71.1910Y16.0078
G01 X71.1854Y16.0217
G01 X71.1458Y16.1332
G01 X71.1200Y16.2353
G01 X71.0942Y16.1332
G01 X71.0546Y16.0217
G01 X71.0490Y16.0078
G01 X70.9990Y15.9020
G01 X70.9917Y15.8886
G01 X70.9310Y15.7879
G01 X70.8522Y15.6820
G01 X70.7692Y15.5908
G01 X70.6780Y15.5078
G01 X70.5803Y15.4347
G01 X70.5639Y15.4238
G01 X70.4714Y15.3683
G01 X70.4580Y15.3610
G01 X70.3565Y15.3129
G01 X70.3383Y15.3054
G01 X70.2367Y15.2691
G01 X70.2179Y15.2634
G01 X70.1080Y15.2359
G01 X69.9777Y15.2163
G01 X69.8500Y15.2100
G01 X69.7223Y15.2163
G01 X69.5920Y15.2359
G01 X69.4821Y15.2634
G01 X69.4633Y15.2691
G01 X69.3478Y15.3110
G01 X69.2420Y15.3610
G01 X69.2286Y15.3683
G01 X69.1361Y15.4238
G01 X69.1197Y15.4347
G01 X69.0330Y15.4990
G01 X69.0179Y15.5115
G01 X68.9308Y15.5908
G01 X68.8515Y15.6779
G01 X68.8390Y15.6930
G01 X68.7747Y15.7797
G01 X68.7638Y15.7961
G01 X68.7083Y15.8886
G01 X68.7010Y15.9020
G01 X68.6510Y16.0078
G01 X68.6454Y16.0217
G01 X68.6058Y16.1332
G01 X68.5800Y16.2353
G01 X68.5542Y16.1332
G01 X68.5146Y16.0217
G01 X68.5090Y16.0078
G01 X68.4590Y15.9020
G01 X68.4517Y15.8886
G01 X68.3910Y15.7879
G01 X68.3122Y15.6820
G01 X68.2292Y15.5908
G01 X68.1380Y15.5078
G01 X68.0403Y15.4347
G01 X68.0239Y15.4238
G01 X67.9314Y15.3683
G01 X67.9180Y15.3610
G01 X67.8165Y15.3129
G01 X67.7983Y15.3054
G01 X67.6967Y15.2691
G01 X67.6779Y15.2634
G01 X67.5680Y15.2359
G01 X67.4377Y15.2163
G01 X67.3100Y15.2100
G01 X67.1924Y15.2155
G01 X67.1728Y15.2175
G01 X67.0661Y15.2333
G01 X67.0468Y15.2371
G01 X66.9332Y15.2658
G01 X66.8217Y15.3054
G01 X66.8078Y15.3110
G01 X66.7020Y15.3610
G01 X66.6886Y15.3683
G01 X66.5961Y15.4238
G01 X66.5797Y15.4347
G01 X66.4930Y15.4990
G01 X66.4779Y15.5115
G01 X66.3908Y15.5908
G01 X66.3115Y15.6779
G01 X66.2990Y15.6930
G01 X66.2347Y15.7797
G01 X66.2238Y15.7961
G01 X66.1683Y15.8886
G01 X66.1610Y15.9020
G01 X66.1110Y16.0078
G01 X66.1054Y16.0217
G01 X66.0658Y16.1332
G01 X66.0400Y16.2353
G00 Z3.0000
G00 X66.0400Y15.9239
G01 Z-0.2000
G01 X66.0084Y15.8573
G01 X65.9974Y15.8372
G01 X65.9342Y15.7325
G01 X65.8613Y15.6335
G01 X65.8481Y15.6169
G01 X65.7600Y15.5201
G01 X65.6631Y15.4319
G01 X65.6465Y15.4187
G01 X65.5598Y15.3544
G01 X65.5354Y15.3381
G01 X65.4428Y15.2826
G01 X65.4227Y15.2716
G01 X65.3791Y15.2508
G01 X66.7009Y15.2508
G01 X66.6573Y15.2716
G01 X66.6372Y15.2826
G01 X66.5446Y15.3381
G01 X66.5202Y15.3544
G01 X66.4335Y15.4187
G01 X66.4169Y15.4319
G01 X66.3201Y15.5200
G01 X66.2319Y15.6169
G01 X66.2187Y15.6335
G01 X66.1458Y15.7325
G01 X66.0826Y15.8372
G01 X66.0716Y15.8573
G01 X66.0400Y15.9239
G00 Z3.0000
G00 X66.0400Y15.7137
G01 Z-0.2000
G01 X66.0174Y15.6770
G01 X66.0059Y15.6606
G01 X65.9416Y15.5739
G01 X65.9240Y15.5519
G01 X65.8307Y15.4493
G01 X65.7365Y15.3633
G01 X65.7217Y15.3508
G01 X66.3583Y15.3508
G01 X66.3435Y15.3633
G01 X66.2493Y15.4493
G01 X66.1560Y15.5519
G01 X66.1384Y15.5739
G01 X66.0741Y15.6606
G01 X66.0626Y15.6770
G01 X66.0400Y15.7137
G00 Z3.0000
G00 X66.0400Y15.5387
G01 Z-0.2000
G01 X66.0219Y15.5143
G01 X65.9999Y15.4868
G01 X65.9676Y15.4508
G01 X66.1124Y15.4508
G01 X66.0801Y15.4868
G01 X66.0581Y15.5143
G01 X66.0400Y15.5387
G00 Z3.0000
G00 X67.9191Y15.2508
G01 Z-0.2000
G01 X69.2409Y15.2508
G01 X69.1973Y15.2716
G01 X69.1772Y15.2826
G01 X69.0846Y15.3381
G01 X69.0602Y15.3544
G01 X68.9735Y15.4187
G01 X68.9569Y15.4319
G01 X68.8600Y15.5201
G01 X68.7719Y15.6169
G01 X68.7587Y15.6335
G01 X68.6858Y15.7325
G01 X68.6226Y15.8372
G01 X68.6116Y15.8573
G01 X68.5800Y15.9239
G01 X68.5484Y15.8573
G01 X68.5374Y15.8372
G01 X68.4742Y15.7325
G01 X68.4013Y15.6335
G01 X68.3881Y15.6169
G01 X68.3000Y15.5201
G01 X68.2031Y15.4319
G01 X68.1865Y15.4187
G01 X68.0998Y15.3544
G01 X68.0754Y15.3381
G01 X67.9828Y15.2826
G01 X67.9627Y15.2716
G01 X67.9191Y15.2508
G00 Z3.0000
G00 X68.2617Y15.3508
G01 Z-0.2000
G01 X68.8983Y15.3508
G01 X68.8835Y15.3633
G01 X68.7893Y15.4493
G01 X68.6960Y15.5519
G01 X68.6784Y15.5739
G01 X68.6141Y15.6606
G01 X68.6026Y15.6770
G01 X68.5800Y15.7137
G01 X68.5574Y15.6770
G01 X68.5459Y15.6606
G01 X68.4816Y15.5739
G01 X68.4640Y15.5518
G01 X68.3707Y15.4493
G01 X68.2765Y15.3633
G01 X68.2617Y15.3508
G00 Z3.0000
G00 X68.5076Y15.4508
G01 Z-0.2000
G01 X68.6524Y15.4508
G01 X68.6201Y15.4868
G01 X68.5981Y15.5143
G01 X68.5800Y15.5387
G01 X68.5619Y15.5143
G01 X68.5399Y15.4868
G01 X68.5076Y15.4508
G00 Z3.0000
G00 X70.4591Y15.2508
G01 Z-0.2000
G01 X71.7809Y15.2508
G01 X71.7373Y15.2716
G01 X71.7172Y15.2826
G01 X71.6246Y15.3381
G01 X71.6002Y15.3544
G01 X71.5135Y15.4187
G01 X71.4969Y15.4319
G01 X71.4000Y15.5201
G01 X71.3119Y15.6169
G01 X71.2987Y15.6335
G01 X71.2258Y15.7325
G01 X71.1626Y15.8372
G01 X71.1516Y15.8573
G01 X71.1200Y15.9239
G01 X71.0884Y15.8573
G01 X71.0774Y15.8372
G01 X71.0142Y15.7325
G01 X70.9413Y15.6335
G01 X70.9281Y15.6169
G01 X70.8400Y15.5201
G01 X70.7431Y15.4319
G01 X70.7265Y15.4187
G01 X70.6398Y15.3544
G01 X70.6154Y15.3381
G01 X70.5228Y15.2826
G01 X70.5027Y15.2716
G01 X70.4591Y15.2508
G00 Z3.0000
G00 X70.8017Y15.3508
G01 Z-0.2000
G01 X71.4383Y15.3508
G01 X71.4235Y15.3633
G01 X71.3293Y15.4493
G01 X71.2360Y15.5519
G01 X71.2184Y15.5739
G01 X71.1541Y15.6606
G01 X71.1426Y15.6770
G01 X71.1200Y15.7137
G01 X71.0974Y15.6770
G01 X71.0859Y15.6606
G01 X71.0216Y15.5739
G01 X71.0040Y15.5519
G01 X70.9107Y15.4493
G01 X70.8165Y15.3633
G01 X70.8017Y15.3508
G00 Z3.0000
G00 X71.0476Y15.4508
G01 Z-0.2000
G01 X71.1924Y15.4508
G01 X71.1601Y15.4868
G01 X71.1381Y15.5143
G01 X71.1200Y15.5387
G01 X71.1019Y15.5143
G01 X71.0799Y15.4868
G01 X71.0476Y15.4508
G00 Z3.0000
G00 X72.3851Y15.3101
G01 Z-0.2000
G01 X72.5078Y15.3158
G01 X72.6263Y15.3335
G01 X72.7380Y15.3616
G01 X72.8516Y15.4024
G01 X72.9533Y15.4504
G01 X73.0566Y15.5122
G01 X73.1529Y15.5838
G01 X73.2385Y15.6615
G01 X73.3162Y15.7471
G01 X73.3878Y15.8434
G01 X73.4496Y15.9467
G01 X73.4976Y16.0484
G01 X73.5384Y16.1620
G01 X73.5665Y16.2737
G01 X73.5842Y16.3922
G01 X73.5900Y16.5100
G01 X73.5900Y17.7800
G01 X73.5842Y17.8978
G01 X73.5665Y18.0163
G01 X73.5384Y18.1280
G01 X73.4976Y18.2416
G01 X73.4505Y18.3413
G01 X73.3878Y18.4466
G01 X73.3144Y18.5450
G01 X73.2385Y18.6285
G01 X73.1550Y18.7044
G01 X73.0525Y18.7804
G01 X72.9533Y18.8396
G01 X72.8537Y18.8867
G01 X72.7380Y18.9284
G01 X72.6263Y18.9565
G01 X72.5125Y18.9736
G01 X72.3900Y18.9800
G01 X72.2722Y18.9742
G01 X72.1537Y18.9565
G01 X72.0420Y18.9284
G01 X71.9284Y18.8876
G01 X71.8267Y18.8396
G01 X71.7234Y18.7778
G01 X71.6271Y18.7062
G01 X71.5415Y18.6285
G01 X71.4638Y18.5429
G01 X71.3922Y18.4466
G01 X71.3304Y18.3433
G01 X71.2824Y18.2416
G01 X71.2416Y18.1280
G01 X71.2135Y18.0163
G01 X71.1958Y17.8978
G01 X71.1900Y17.7800
G01 X71.1900Y16.5100
G01 X71.1958Y16.3922
G01 X71.2135Y16.2737
G01 X71.2416Y16.1620
G01 X71.2824Y16.0484
G01 X71.3295Y15.9487
G01 X71.3922Y15.8434
G01 X71.4656Y15.7450
G01 X71.5415Y15.6615
G01 X71.6250Y15.5856
G01 X71.7275Y15.5096
G01 X71.8267Y15.4504
G01 X71.9263Y15.4033
G01 X72.0420Y15.3616
G01 X72.1607Y15.3322
G01 X72.2722Y15.3158
G01 X72.3851Y15.3101
G00 Z3.0000
G00 X72.9991Y15.2508
G01 Z-0.2000
G01 X74.2038Y15.2508
G01 X74.2317Y15.2563
G01 X74.2908Y15.2651
G01 X74.2572Y15.2826
G01 X74.1646Y15.3381
G01 X74.1402Y15.3544
G01 X74.0535Y15.4187
G01 X74.0369Y15.4319
G01 X73.9400Y15.5201
G01 X73.8519Y15.6169
G01 X73.8387Y15.6335
G01 X73.7658Y15.7325
G01 X73.7026Y15.8372
G01 X73.6916Y15.8573
G01 X73.6600Y15.9239
G01 X73.6284Y15.8573
G01 X73.6174Y15.8372
G01 X73.5542Y15.7325
G01 X73.4813Y15.6335
G01 X73.4681Y15.6169
G01 X73.3799Y15.5200
G01 X73.2831Y15.4319
G01 X73.2665Y15.4187
G01 X73.1798Y15.3544
G01 X73.1554Y15.3381
G01 X73.0628Y15.2826
G01 X73.0427Y15.2716
G01 X72.9991Y15.2508
G00 Z3.0000
G00 X73.3417Y15.3508
G01 Z-0.2000
G01 X73.9783Y15.3508
G01 X73.9635Y15.3633
G01 X73.8693Y15.4493
G01 X73.7760Y15.5519
G01 X73.7584Y15.5739
G01 X73.6941Y15.6606
G01 X73.6826Y15.6770
G01 X73.6600Y15.7137
G01 X73.6374Y15.6770
G01 X73.6259Y15.6606
G01 X73.5616Y15.5739
G01 X73.5440Y15.5519
G01 X73.4507Y15.4493
G01 X73.3565Y15.3633
G01 X73.3417Y15.3508
G00 Z3.0000
G00 X73.5876Y15.4508
G01 Z-0.2000
G01 X73.7324Y15.4508
G01 X73.7001Y15.4868
G01 X73.6781Y15.5143
G01 X73.6600Y15.5387
G01 X73.6419Y15.5143
G01 X73.6199Y15.4868
G01 X73.5876Y15.4508
G00 Z3.0000
G00 X74.9251Y15.3101
G01 Z-0.2000
G01 X75.0478Y15.3158
G01 X75.1663Y15.3335
G01 X75.2780Y15.3616
G01 X75.3916Y15.4024
G01 X75.4933Y15.4504
G01 X75.5966Y15.5122
G01 X75.6929Y15.5838
G01 X75.7785Y15.6615
G01 X75.8562Y15.7471
G01 X75.9278Y15.8434
G01 X75.9896Y15.9467
G01 X76.0376Y16.0484
G01 X76.0784Y16.1620
G01 X76.1065Y16.2737
G01 X76.1242Y16.3922
G01 X76.1300Y16.5100
G01 X76.1300Y17.7800
G01 X76.1242Y17.8978
G01 X76.1065Y18.0163
G01 X76.0784Y18.1280
G01 X76.0376Y18.2416
G01 X75.9905Y18.3413
G01 X75.9278Y18.4466
G01 X75.8544Y18.5450
G01 X75.7785Y18.6285
G01 X75.6950Y18.7044
G01 X75.5925Y18.7804
G01 X75.4933Y18.8396
G01 X75.3937Y18.8867
G01 X75.2780Y18.9284
G01 X75.1663Y18.9565
G01 X75.0525Y18.9736
G01 X74.9300Y18.9800
G01 X74.8122Y18.9742
G01 X74.6937Y18.9565
G01 X74.5820Y18.9284
G01 X74.4684Y18.8876
G01 X74.3667Y18.8396
G01 X74.2634Y18.7778
G01 X74.1671Y18.7062
G01 X74.0815Y18.6285
G01 X74.0038Y18.5429
G01 X73.9322Y18.4466
G01 X73.8704Y18.3433
G01 X73.8224Y18.2416
G01 X73.7816Y18.1280
G01 X73.7535Y18.0163
G01 X73.7358Y17.8978
G01 X73.7300Y17.7800
G01 X73.7300Y16.5100
G01 X73.7358Y16.3922
G01 X73.7535Y16.2737
G01 X73.7816Y16.1620
G01 X73.8224Y16.0484
G01 X73.8695Y15.9487
G01 X73.9322Y15.8434
G01 X74.0056Y15.7450
G01 X74.0815Y15.6615
G01 X74.1650Y15.5856
G01 X74.2675Y15.5096
G01 X74.3667Y15.4504
G01 X74.4663Y15.4033
G01 X74.5820Y15.3616
G01 X74.7007Y15.3322
G01 X74.8122Y15.3158
G01 X74.9251Y15.3101
G00 Z3.0000
G00 X75.5872Y15.2740
G01 Z-0.2000
G01 X76.8129Y15.2740
G01 X76.7972Y15.2826
G01 X76.6925Y15.3458
G01 X76.5935Y15.4187
G01 X76.5707Y15.4374
G01 X76.4907Y15.5099
G01 X76.4699Y15.5307
G01 X76.3919Y15.6169
G01 X76.3787Y15.6335
G01 X76.3058Y15.7325
G01 X76.2426Y15.8372
G01 X76.2316Y15.8573
G01 X76.2000Y15.9239
G01 X76.1684Y15.8573
G01 X76.1574Y15.8372
G01 X76.0942Y15.7325
G01 X76.0213Y15.6335
G01 X76.0081Y15.6169
G01 X75.9301Y15.5307
G01 X75.9093Y15.5099
G01 X75.8293Y15.4374
G01 X75.8065Y15.4187
G01 X75.7075Y15.3458
G01 X75.6028Y15.2826
G01 X75.5872Y15.2740
G00 Z3.0000
G00 X75.9083Y15.3740
G01 Z-0.2000
G01 X76.4917Y15.3740
G01 X76.4093Y15.4493
G01 X76.3160Y15.5518
G01 X76.2984Y15.5739
G01 X76.2341Y15.6606
G01 X76.2226Y15.6770
G01 X76.2000Y15.7137
G01 X76.1774Y15.6770
G01 X76.1659Y15.6606
G01 X76.1016Y15.5739
G01 X76.0840Y15.5519
G01 X75.9907Y15.4493
G01 X75.9083Y15.3740
G00 Z3.0000
G00 X76.1486Y15.4740
G01 Z-0.2000
G01 X76.2514Y15.4740
G01 X76.2401Y15.4868
G01 X76.2181Y15.5143
G01 X76.2000Y15.5387
G01 X76.1819Y15.5143
G01 X76.1599Y15.4868
G01 X76.1486Y15.4740
G00 Z3.0000
G00 X77.4651Y15.3101
G01 Z-0.2000
G01 X77.5878Y15.3158
G01 X77.7063Y15.3335
G01 X77.8180Y15.3616
G01 X77.9316Y15.4024
G01 X78.0333Y15.4504
G01 X78.1366Y15.5122
G01 X78.2329Y15.5838
G01 X78.3185Y15.6615
G01 X78.3962Y15.7471
G01 X78.4678Y15.8434
G01 X78.5296Y15.9467
G01 X78.5776Y16.0484
G01 X78.6184Y16.1620
G01 X78.6465Y16.2737
G01 X78.6642Y16.3922
G01 X78.6700Y16.5100
G01 X78.6700Y17.7800
G01 X78.6642Y17.8978
G01 X78.6465Y18.0163
G01 X78.6184Y18.1280
G01 X78.5776Y18.2416
G01 X78.5305Y18.3413
G01 X78.4678Y18.4466
G01 X78.3944Y18.5450
G01 X78.3185Y18.6285
G01 X78.2350Y18.7044
G01 X78.1325Y18.7804
G01 X78.0333Y18.8396
G01 X77.9337Y18.8867
G01 X77.8180Y18.9284
G01 X77.7063Y18.9565
G01 X77.5925Y18.9736
G01 X77.4700Y18.9800
G01 X77.3522Y18.9742
G01 X77.2337Y18.9565
G01 X77.1220Y18.9284
G01 X77.0084Y18.8876
G01 X76.9067Y18.8396
G01 X76.8034Y18.7778
G01 X76.7071Y18.7062
G01 X76.6215Y18.6285
G01 X76.5438Y18.5429
G01 X76.4722Y18.4466
G01 X76.4104Y18.3433
G01 X76.3624Y18.2416
G01 X76.3216Y18.1280
G01 X76.2935Y18.0163
G01 X76.2758Y17.8978
G01 X76.2700Y17.7800
G01 X76.2700Y16.5100
G01 X76.2758Y16.3922
G01 X76.2935Y16.2737
G01 X76.3216Y16.1620
G01 X76.3624Y16.0484
G01 X76.4095Y15.9487
G01 X76.4722Y15.8434
G01 X76.5456Y15.7450
G01 X76.6215Y15.6615
G01 X76.7050Y15.5856
G01 X76.8075Y15.5096
G01 X76.9067Y15.4504
G01 X77.0063Y15.4033
G01 X77.1220Y15.3616
G01 X77.2407Y15.3322
G01 X77.3522Y15.3158
G01 X77.4651Y15.3101
G00 Z3.0000
G00 X78.1272Y15.2740
G01 Z-0.2000
G01 X79.2321Y15.2740
G01 X79.2915Y15.3100
G01 X79.2325Y15.3458
G01 X79.1335Y15.4187
G01 X79.1169Y15.4319
G01 X79.0201Y15.5200
G01 X78.9374Y15.6107
G01 X78.9187Y15.6335
G01 X78.8544Y15.7202
G01 X78.8381Y15.7446
G01 X78.7826Y15.8372
G01 X78.7716Y15.8573
G01 X78.7400Y15.9239
G01 X78.7084Y15.8573
G01 X78.6974Y15.8372
G01 X78.6342Y15.7325
G01 X78.5613Y15.6335
G01 X78.5481Y15.6169
G01 X78.4701Y15.5307
G01 X78.4493Y15.5099
G01 X78.3693Y15.4374
G01 X78.3465Y15.4187
G01 X78.2475Y15.3458
G01 X78.1428Y15.2826
G01 X78.1272Y15.2740
G00 Z3.0000
G00 X78.4483Y15.3740
G01 Z-0.2000
G01 X79.0317Y15.3740
G01 X78.9493Y15.4493
G01 X78.8560Y15.5519
G01 X78.8384Y15.5739
G01 X78.7741Y15.6606
G01 X78.7626Y15.6770
G01 X78.7400Y15.7137
G01 X78.7174Y15.6770
G01 X78.7059Y15.6606
G01 X78.6416Y15.5739
G01 X78.6240Y15.5518
G01 X78.5307Y15.4493
G01 X78.4483Y15.3740
G00 Z3.0000
G00 X78.6886Y15.4740
G01 Z-0.2000
G01 X78.7914Y15.4740
G01 X78.7801Y15.4868
G01 X78.7581Y15.5143
G01 X78.7400Y15.5387
G01 X78.7219Y15.5143
G01 X78.6999Y15.4868
G01 X78.6886Y15.4740
G00 Z3.0000
G00 X80.0051Y15.3101
G01 Z-0.2000
G01 X80.1278Y15.3158
G01 X80.2463Y15.3335
G01 X80.3580Y15.3616
G01 X80.4716Y15.4024
G01 X80.5733Y15.4504
G01 X80.6766Y15.5122
G01 X80.7729Y15.5838
G01 X80.8585Y15.6615
G01 X80.9362Y15.7471
G01 X81.0078Y15.8434
G01 X81.0696Y15.9467
G01 X81.1176Y16.0484
G01 X81.1584Y16.1620
G01 X81.1865Y16.2737
G01 X81.2042Y16.3922
G01 X81.2100Y16.5100
G01 X81.2100Y17.7800
G01 X81.2042Y17.8978
G01 X81.1865Y18.0163
G01 X81.1584Y18.1280
G01 X81.1176Y18.2416
G01 X81.0705Y18.3413
G01 X81.0078Y18.4466
G01 X80.9344Y18.5450
G01 X80.8585Y18.6285
G01 X80.7750Y18.7044
G01 X80.6725Y18.7804
G01 X80.5733Y18.8396
G01 X80.4737Y18.8867
G01 X80.3580Y18.9284
G01 X80.2463Y18.9565
G01 X80.1325Y18.9736
G01 X80.0100Y18.9800
G01 X79.8922Y18.9742
G01 X79.7737Y18.9565
G01 X79.6620Y18.9284
G01 X79.5484Y18.8876
G01 X79.4467Y18.8396
G01 X79.3434Y18.7778
G01 X79.2471Y18.7062
G01 X79.1615Y18.6285
G01 X79.0838Y18.5429
G01 X79.0122Y18.4466
G01 X78.9504Y18.3433
G01 X78.9024Y18.2416
G01 X78.8616Y18.1280
G01 X78.8335Y18.0163
G01 X78.8158Y17.8978
G01 X78.8100Y17.7800
G01 X78.8100Y16.5100
G01 X78.8158Y16.3922
G01 X78.8335Y16.2737
G01 X78.8616Y16.1620
G01 X78.9024Y16.0484
G01 X78.9495Y15.9487
G01 X79.0122Y15.8434
G01 X79.0856Y15.7450
G01 X79.1615Y15.6615
G01 X79.2450Y15.5856
G01 X79.3475Y15.5096
G01 X79.4467Y15.4504
G01 X79.5463Y15.4033
G01 X79.6620Y15.3616
G01 X79.7807Y15.3322
G01 X79.8922Y15.3158
G01 X80.0051Y15.3101
G00 Z3.0000
G00 X80.5097Y15.3100
G01 Z-0.2000
G01 X80.6180Y15.2590
G01 X80.6314Y15.2516
G01 X80.7321Y15.1910
G01 X80.8380Y15.1122
G01 X80.9221Y15.0360
G01 X80.9360Y15.0221
G01 X81.0122Y14.9380
G01 X81.0853Y14.8403
G01 X81.0962Y14.8239
G01 X81.1517Y14.7313
G01 X81.1609Y14.7140
G01 X81.2090Y14.6122
G01 X81.2500Y14.4993
G01 X81.2500Y16.1207
G01 X81.2090Y16.0078
G01 X81.1609Y15.9060
G01 X81.1517Y15.8886
G01 X81.0962Y15.7961
G01 X81.0853Y15.7797
G01 X81.0122Y15.6820
G01 X80.9360Y15.5979
G01 X80.9221Y15.5840
G01 X80.8380Y15.5078
G01 X80.7321Y15.4290
G01 X80.6314Y15.3683
G01 X80.6180Y15.3610
G01 X80.5097Y15.3100
G00 Z3.0000
G00 X80.7285Y15.3100
G01 Z-0.2000
G01 X80.7875Y15.2742
G01 X80.8865Y15.2013
G01 X80.9093Y15.1826
G01 X80.9893Y15.1101
G01 X81.0101Y15.0893
G01 X81.0881Y15.0031
G01 X81.1013Y14.9865
G01 X81.1500Y14.9208
G01 X81.1500Y15.6992
G01 X81.1013Y15.6335
G01 X81.0881Y15.6169
G01 X81.0101Y15.5307
G01 X80.9893Y15.5099
G01 X80.9093Y15.4374
G01 X80.8865Y15.4187
G01 X80.7875Y15.3458
G01 X80.7285Y15.3100
G00 Z3.0000
G00 X80.9078Y15.3100
G01 Z-0.2000
G01 X80.9461Y15.2816
G01 X80.9682Y15.2640
G01 X81.0500Y15.1900
G01 X81.0500Y15.4300
G01 X80.9682Y15.3560
G01 X80.9461Y15.3384
G01 X80.9078Y15.3100
G00 Z3.0000
G00 X83.9500Y14.7808
G01 Z-0.2000
G01 X83.9987Y14.8465
G01 X84.0119Y14.8631
G01 X84.0899Y14.9493
G01 X84.1107Y14.9701
G01 X84.1969Y15.0481
G01 X84.2135Y15.0613
G01 X84.3002Y15.1256
G01 X84.3246Y15.1419
G01 X84.4172Y15.1974
G01 X84.4373Y15.2084
G01 X84.5039Y15.2400
G01 X84.4373Y15.2716
G01 X84.4172Y15.2826
G01 X84.3246Y15.3381
G01 X84.3002Y15.3544
G01 X84.2135Y15.4187
G01 X84.1969Y15.4319
G01 X84.1107Y15.5099
G01 X84.0899Y15.5307
G01 X84.0119Y15.6169
G01 X83.9987Y15.6335
G01 X83.9500Y15.6992
G01 X83.9500Y14.7808
G00 Z3.0000
G00 X84.0500Y15.0500
G01 Z-0.2000
G01 X84.1318Y15.1240
G01 X84.1539Y15.1416
G01 X84.2406Y15.2059
G01 X84.2570Y15.2174
G01 X84.2937Y15.2400
G01 X84.2570Y15.2626
G01 X84.2406Y15.2741
G01 X84.1539Y15.3384
G01 X84.1318Y15.3560
G01 X84.0500Y15.4300
G01 X84.0500Y15.0500
G00 Z3.0000
G00 X84.8153Y15.2400
G01 Z-0.2000
G01 X84.7132Y15.2658
G01 X84.6017Y15.3054
G01 X84.5835Y15.3129
G01 X84.4820Y15.3610
G01 X84.4686Y15.3683
G01 X84.3761Y15.4238
G01 X84.3597Y15.4347
G01 X84.2620Y15.5078
G01 X84.1779Y15.5840
G01 X84.1640Y15.5979
G01 X84.0878Y15.6820
G01 X84.0147Y15.7797
G01 X84.0038Y15.7961
G01 X83.9483Y15.8886
G01 X83.9391Y15.9060
G01 X83.8910Y16.0078
G01 X83.8500Y16.1207
G01 X83.8500Y14.3593
G01 X83.8910Y14.4722
G01 X83.9391Y14.5740
G01 X83.9483Y14.5914
G01 X84.0038Y14.6839
G01 X84.0147Y14.7003
G01 X84.0878Y14.7980
G01 X84.1640Y14.8821
G01 X84.1779Y14.8960
G01 X84.2620Y14.9722
G01 X84.3597Y15.0453
G01 X84.3761Y15.0562
G01 X84.4686Y15.1117
G01 X84.4820Y15.1190
G01 X84.5835Y15.1671
G01 X84.6017Y15.1746
G01 X84.7132Y15.2142
G01 X84.8153Y15.2400
G00 Z3.0000
G00 X85.9008Y15.3700
G01 Z-0.2000
G01 X86.8192Y15.3700
G01 X86.7535Y15.4187
G01 X86.7369Y15.4319
G01 X86.6507Y15.5099
G01 X86.6299Y15.5307
G01 X86.5519Y15.6169
G01 X86.5387Y15.6335
G01 X86.4744Y15.7202
G01 X86.4581Y15.7446
G01 X86.4026Y15.8372
G01 X86.3916Y15.8573
G01 X86.3600Y15.9239
G01 X86.3284Y15.8573
G01 X86.3174Y15.8372
G01 X86.2619Y15.7446
G01 X86.2456Y15.7202
G01 X86.1813Y15.6335
G01 X86.1681Y15.6169
G01 X86.0901Y15.5307
G01 X86.0693Y15.5099
G01 X85.9831Y15.4319
G01 X85.9665Y15.4187
G01 X85.9008Y15.3700
G00 Z3.0000
G00 X86.1700Y15.4700
G01 Z-0.2000
G01 X86.5500Y15.4700
G01 X86.4760Y15.5519
G01 X86.4584Y15.5739
G01 X86.3941Y15.6606
G01 X86.3826Y15.6770
G01 X86.3600Y15.7137
G01 X86.3374Y15.6770
G01 X86.3259Y15.6606
G01 X86.2616Y15.5739
G01 X86.2440Y15.5519
G01 X86.1700Y15.4700
G00 Z3.0000
G00 X87.2407Y15.2700
G01 Z-0.2000
G01 X87.1278Y15.3110
G01 X87.0260Y15.3591
G01 X87.0086Y15.3683
G01 X86.9161Y15.4238
G01 X86.8997Y15.4347
G01 X86.8020Y15.5078
G01 X86.7179Y15.5840
G01 X86.7040Y15.5979
G01 X86.6278Y15.6820
G01 X86.5547Y15.7797
G01 X86.5438Y15.7961
G01 X86.4883Y15.8886
G01 X86.4810Y15.9020
G01 X86.4329Y16.0035
G01 X86.4254Y16.0217
G01 X86.3858Y16.1332
G01 X86.3600Y16.2353
G01 X86.3342Y16.1332
G01 X86.2946Y16.0217
G01 X86.2871Y16.0035
G01 X86.2390Y15.9020
G01 X86.2317Y15.8886
G01 X86.1762Y15.7961
G01 X86.1653Y15.7797
G01 X86.0922Y15.6820
G01 X86.0160Y15.5979
G01 X86.0021Y15.5840
G01 X85.9180Y15.5078
G01 X85.8203Y15.4347
G01 X85.8039Y15.4238
G01 X85.7114Y15.3683
G01 X85.6940Y15.3591
G01 X85.5922Y15.3110
G01 X85.4793Y15.2700
G01 X87.2407Y15.2700
G00 Z3.0000
G00 X88.5354Y15.2700
G01 Z-0.2000
G01 X88.5213Y15.2855
G01 X88.5125Y15.2966
G01 X88.4943Y15.3227
G01 X88.4807Y15.3466
G01 X88.4716Y15.3659
G01 X88.4660Y15.3798
G01 X88.4562Y15.4101
G01 X88.4494Y15.4413
G01 X88.4464Y15.4628
G01 X88.4449Y15.4975
G01 X88.3521Y15.4290
G01 X88.2514Y15.3683
G01 X88.2380Y15.3610
G01 X88.1322Y15.3110
G01 X88.0193Y15.2700
G01 X88.5354Y15.2700
G00 Z3.0000
G00 X86.3563Y18.0693
G01 Z-0.2000
G01 X86.3600Y18.0547
G01 X86.3622Y18.0634
G01 X86.3563Y18.0693
G00 Z3.0000
G00 X83.8200Y18.0547
G01 Z-0.2000
G01 X83.8222Y18.0634
G01 X83.8163Y18.0693
G01 X83.8200Y18.0547
G00 Z3.0000
G00 X81.8744Y18.8892
G01 Z-0.2000
G01 X80.6856Y18.8892
G01 X80.7321Y18.8610
G01 X80.8270Y18.7910
G01 X80.8421Y18.7785
G01 X80.9221Y18.7060
G01 X80.9360Y18.6921
G01 X81.0122Y18.6080
G01 X81.0853Y18.5103
G01 X81.0962Y18.4939
G01 X81.1517Y18.4014
G01 X81.1590Y18.3880
G01 X81.2090Y18.2822
G01 X81.2146Y18.2683
G01 X81.2542Y18.1568
G01 X81.2800Y18.0547
G01 X81.3058Y18.1568
G01 X81.3454Y18.2683
G01 X81.3510Y18.2822
G01 X81.4010Y18.3880
G01 X81.4083Y18.4014
G01 X81.4638Y18.4939
G01 X81.4747Y18.5103
G01 X81.5478Y18.6080
G01 X81.6240Y18.6921
G01 X81.6379Y18.7060
G01 X81.7179Y18.7785
G01 X81.7330Y18.7910
G01 X81.8279Y18.8610
G01 X81.8744Y18.8892
G00 Z3.0000
G00 X81.2016Y18.6892
G01 Z-0.2000
G01 X81.2574Y18.6130
G01 X81.2800Y18.5763
G01 X81.3026Y18.6130
G01 X81.3584Y18.6892
G01 X81.2016Y18.6892
G00 Z3.0000
G00 X80.9793Y18.7892
G01 Z-0.2000
G01 X81.0000Y18.7699
G01 X81.0101Y18.7593
G01 X81.0881Y18.6731
G01 X81.1013Y18.6565
G01 X81.1656Y18.5698
G01 X81.1819Y18.5454
G01 X81.2374Y18.4528
G01 X81.2484Y18.4327
G01 X81.2800Y18.3661
G01 X81.3116Y18.4327
G01 X81.3226Y18.4528
G01 X81.3781Y18.5454
G01 X81.3944Y18.5698
G01 X81.4587Y18.6565
G01 X81.4719Y18.6731
G01 X81.5499Y18.7593
G01 X81.5601Y18.7700
G01 X81.5807Y18.7892
G01 X80.9793Y18.7892
G00 Z3.0000
G00 X79.3344Y18.8892
G01 Z-0.2000
G01 X78.1456Y18.8892
G01 X78.1921Y18.8610
G01 X78.2870Y18.7910
G01 X78.3021Y18.7785
G01 X78.3821Y18.7060
G01 X78.3960Y18.6921
G01 X78.4722Y18.6080
G01 X78.5453Y18.5103
G01 X78.5562Y18.4939
G01 X78.6117Y18.4014
G01 X78.6190Y18.3880
G01 X78.6690Y18.2822
G01 X78.6746Y18.2683
G01 X78.7142Y18.1568
G01 X78.7400Y18.0547
G01 X78.7658Y18.1568
G01 X78.8054Y18.2683
G01 X78.8110Y18.2822
G01 X78.8610Y18.3880
G01 X78.8683Y18.4014
G01 X78.9238Y18.4939
G01 X78.9347Y18.5103
G01 X79.0078Y18.6080
G01 X79.0840Y18.6921
G01 X79.0979Y18.7060
G01 X79.1779Y18.7785
G01 X79.1930Y18.7910
G01 X79.2879Y18.8610
G01 X79.3344Y18.8892
G00 Z3.0000
G00 X78.6616Y18.6892
G01 Z-0.2000
G01 X78.7174Y18.6130
G01 X78.7400Y18.5763
G01 X78.7626Y18.6130
G01 X78.8184Y18.6892
G01 X78.6616Y18.6892
G00 Z3.0000
G00 X78.4393Y18.7892
G01 Z-0.2000
G01 X78.4600Y18.7699
G01 X78.4701Y18.7593
G01 X78.5481Y18.6731
G01 X78.5613Y18.6565
G01 X78.6256Y18.5698
G01 X78.6419Y18.5454
G01 X78.6974Y18.4528
G01 X78.7084Y18.4327
G01 X78.7400Y18.3661
G01 X78.7716Y18.4327
G01 X78.7826Y18.4528
G01 X78.8381Y18.5454
G01 X78.8544Y18.5698
G01 X78.9187Y18.6565
G01 X78.9319Y18.6731
G01 X79.0099Y18.7593
G01 X79.0201Y18.7700
G01 X79.0407Y18.7892
G01 X78.4393Y18.7892
G00 Z3.0000
G00 X76.7944Y18.8892
G01 Z-0.2000
G01 X75.6056Y18.8892
G01 X75.6521Y18.8610
G01 X75.7470Y18.7910
G01 X75.7621Y18.7785
G01 X75.8421Y18.7060
G01 X75.8560Y18.6921
G01 X75.9322Y18.6080
G01 X76.0053Y18.5103
G01 X76.0162Y18.4939
G01 X76.0717Y18.4014
G01 X76.0790Y18.3880
G01 X76.1290Y18.2822
G01 X76.1346Y18.2683
G01 X76.1742Y18.1568
G01 X76.2000Y18.0547
G01 X76.2258Y18.1568
G01 X76.2654Y18.2683
G01 X76.2710Y18.2822
G01 X76.3210Y18.3880
G01 X76.3283Y18.4014
G01 X76.3838Y18.4939
G01 X76.3947Y18.5103
G01 X76.4678Y18.6080
G01 X76.5440Y18.6921
G01 X76.5579Y18.7060
G01 X76.6379Y18.7785
G01 X76.6530Y18.7910
G01 X76.7479Y18.8610
G01 X76.7944Y18.8892
G00 Z3.0000
G00 X76.1216Y18.6892
G01 Z-0.2000
G01 X76.1774Y18.6130
G01 X76.2000Y18.5763
G01 X76.2226Y18.6130
G01 X76.2784Y18.6892
G01 X76.1216Y18.6892
G00 Z3.0000
G00 X75.8993Y18.7892
G01 Z-0.2000
G01 X75.9199Y18.7700
G01 X75.9301Y18.7593
G01 X76.0081Y18.6731
G01 X76.0213Y18.6565
G01 X76.0856Y18.5698
G01 X76.1019Y18.5454
G01 X76.1574Y18.4528
G01 X76.1684Y18.4327
G01 X76.2000Y18.3661
G01 X76.2316Y18.4327
G01 X76.2426Y18.4528
G01 X76.2981Y18.5454
G01 X76.3144Y18.5698
G01 X76.3787Y18.6565
G01 X76.3919Y18.6731
G01 X76.4699Y18.7593
G01 X76.4801Y18.7699
G01 X76.5007Y18.7892
G01 X75.8993Y18.7892
G00 Z3.0000
G00 X74.2544Y18.8892
G01 Z-0.2000
G01 X73.0656Y18.8892
G01 X73.1121Y18.8610
G01 X73.2070Y18.7910
G01 X73.2221Y18.7785
G01 X73.3021Y18.7060
G01 X73.3160Y18.6921
G01 X73.3922Y18.6080
G01 X73.4653Y18.5103
G01 X73.4762Y18.4939
G01 X73.5317Y18.4014
G01 X73.5390Y18.3880
G01 X73.5890Y18.2822
G01 X73.5946Y18.2683
G01 X73.6342Y18.1568
G01 X73.6600Y18.0547
G01 X73.6858Y18.1568
G01 X73.7254Y18.2683
G01 X73.7310Y18.2822
G01 X73.7810Y18.3880
G01 X73.7883Y18.4014
G01 X73.8438Y18.4939
G01 X73.8547Y18.5103
G01 X73.9278Y18.6080
G01 X74.0040Y18.6921
G01 X74.0179Y18.7060
G01 X74.0979Y18.7785
G01 X74.1130Y18.7910
G01 X74.2079Y18.8610
G01 X74.2544Y18.8892
G00 Z3.0000
G00 X73.5816Y18.6892
G01 Z-0.2000
G01 X73.6374Y18.6130
G01 X73.6600Y18.5763
G01 X73.6826Y18.6130
G01 X73.7384Y18.6892
G01 X73.5816Y18.6892
G00 Z3.0000
G00 X73.3593Y18.7892
G01 Z-0.2000
G01 X73.3800Y18.7699
G01 X73.3901Y18.7593
G01 X73.4681Y18.6731
G01 X73.4813Y18.6565
G01 X73.5456Y18.5698
G01 X73.5619Y18.5454
G01 X73.6174Y18.4528
G01 X73.6284Y18.4327
G01 X73.6600Y18.3661
G01 X73.6916Y18.4327
G01 X73.7026Y18.4528
G01 X73.7581Y18.5454
G01 X73.7744Y18.5698
G01 X73.8387Y18.6565
G01 X73.8519Y18.6731
G01 X73.9299Y18.7593
G01 X73.9400Y18.7699
G01 X73.9607Y18.7892
G01 X73.3593Y18.7892
G00 Z3.0000
G00 X71.7144Y18.8892
G01 Z-0.2000
G01 X70.5542Y18.8892
G01 X70.5235Y18.8904
G01 X70.5721Y18.8610
G01 X70.6670Y18.7910
G01 X70.6821Y18.7785
G01 X70.7621Y18.7060
G01 X70.7760Y18.6921
G01 X70.8522Y18.6080
G01 X70.9253Y18.5103
G01 X70.9362Y18.4939
G01 X70.9917Y18.4014
G01 X70.9990Y18.3880
G01 X71.0490Y18.2822
G01 X71.0546Y18.2683
G01 X71.0942Y18.1568
G01 X71.1200Y18.0547
G01 X71.1458Y18.1568
G01 X71.1854Y18.2683
G01 X71.1910Y18.2822
G01 X71.2410Y18.3880
G01 X71.2483Y18.4014
G01 X71.3038Y18.4939
G01 X71.3147Y18.5103
G01 X71.3878Y18.6080
G01 X71.4640Y18.6921
G01 X71.4779Y18.7060
G01 X71.5579Y18.7785
G01 X71.5730Y18.7910
G01 X71.6679Y18.8610
G01 X71.7144Y18.8892
G00 Z3.0000
G00 X71.0416Y18.6892
G01 Z-0.2000
G01 X71.0974Y18.6130
G01 X71.1200Y18.5763
G01 X71.1426Y18.6130
G01 X71.1984Y18.6892
G01 X71.0416Y18.6892
G00 Z3.0000
G00 X70.8193Y18.7892
G01 Z-0.2000
G01 X70.8400Y18.7699
G01 X70.8501Y18.7593
G01 X70.9281Y18.6731
G01 X70.9413Y18.6565
G01 X71.0056Y18.5698
G01 X71.0219Y18.5454
G01 X71.0774Y18.4528
G01 X71.0884Y18.4327
G01 X71.1200Y18.3661
G01 X71.1516Y18.4327
G01 X71.1626Y18.4528
G01 X71.2181Y18.5454
G01 X71.2344Y18.5698
G01 X71.2987Y18.6565
G01 X71.3119Y18.6731
G01 X71.3899Y18.7593
G01 X71.4001Y18.7700
G01 X71.4207Y18.7892
G01 X70.8193Y18.7892
G00 Z3.0000
G00 X68.6930Y18.0941
G01 Z-0.2000
G01 X68.6735Y18.0163
G01 X68.6564Y17.9025
G01 X68.6500Y17.7800
G01 X68.6500Y16.5100
G01 X68.6554Y16.3973
G01 X68.6741Y16.2711
G01 X68.7016Y16.1620
G01 X68.7396Y16.0554
G01 X68.7904Y15.9467
G01 X68.8551Y15.8393
G01 X68.9238Y15.7471
G01 X69.0015Y15.6615
G01 X69.0871Y15.5838
G01 X69.1834Y15.5122
G01 X69.2867Y15.4504
G01 X69.3884Y15.4024
G01 X69.5020Y15.3616
G01 X69.6137Y15.3335
G01 X69.7322Y15.3158
G01 X69.8500Y15.3100
G01 X69.9678Y15.3158
G01 X70.0863Y15.3335
G01 X70.1980Y15.3616
G01 X70.3116Y15.4024
G01 X70.4133Y15.4504
G01 X70.5207Y15.5151
G01 X70.6150Y15.5856
G01 X70.6985Y15.6615
G01 X70.7744Y15.7450
G01 X70.8478Y15.8434
G01 X70.9059Y15.9401
G01 X70.9576Y16.0484
G01 X70.9984Y16.1620
G01 X71.0265Y16.2737
G01 X71.0442Y16.3922
G01 X71.0500Y16.5100
G01 X71.0500Y17.7800
G01 X71.0442Y17.8978
G01 X71.0259Y18.0189
G01 X70.9984Y18.1280
G01 X70.9604Y18.2346
G01 X70.9096Y18.3433
G01 X70.8478Y18.4466
G01 X70.7744Y18.5450
G01 X70.6985Y18.6285
G01 X70.6129Y18.7062
G01 X70.5166Y18.7778
G01 X70.4199Y18.8359
G01 X70.3137Y18.8867
G01 X70.2987Y18.8926
G01 X65.3602Y23.8311
G01 X65.3000Y23.8857
G01 X65.2313Y23.9368
G01 X65.1574Y23.9809
G01 X65.0867Y24.0143
G01 X65.0056Y24.0435
G01 X64.9271Y24.0632
G01 X64.8426Y24.0759
G01 X64.7591Y24.0800
G01 X45.8379Y24.0800
G01 X41.5708Y28.3471
G01 X41.5091Y28.4030
G01 X41.4421Y28.4527
G01 X41.3705Y28.4956
G01 X41.2975Y28.5303
G01 X41.2166Y28.5594
G01 X41.1356Y28.5797
G01 X41.0531Y28.5919
G01 X40.9698Y28.5960
G01 X35.6288Y28.5960
G01 X33.6810Y30.5438
G01 X33.6192Y30.5998
G01 X33.5562Y30.6466
G01 X33.5330Y30.6611
G01 X32.3510Y31.8430
G01 X32.2909Y31.8977
G01 X32.2221Y31.9488
G01 X32.1483Y31.9929
G01 X32.0776Y32.0263
G01 X31.9964Y32.0555
G01 X31.9180Y32.0752
G01 X31.8335Y32.0879
G01 X31.7500Y32.0920
G01 X27.8700Y32.0920
G01 X27.8700Y35.3060
G01 X27.8646Y35.4187
G01 X27.8465Y35.5423
G01 X27.8168Y35.6590
G01 X27.7767Y35.7697
G01 X27.7296Y35.8693
G01 X27.6704Y35.9685
G01 X27.5944Y36.0710
G01 X27.5185Y36.1545
G01 X27.4350Y36.2304
G01 X27.3366Y36.3038
G01 X27.2313Y36.3665
G01 X27.1316Y36.4136
G01 X27.0230Y36.4528
G01 X26.9063Y36.4825
G01 X26.7827Y36.5006
G01 X26.6700Y36.5060
G01 X26.5522Y36.5002
G01 X26.4311Y36.4819
G01 X26.3220Y36.4544
G01 X26.2154Y36.4164
G01 X26.1067Y36.3656
G01 X25.9993Y36.3009
G01 X25.9071Y36.2322
G01 X25.8250Y36.1579
G01 X25.7438Y36.0689
G01 X25.6696Y35.9685
G01 X25.6104Y35.8693
G01 X25.5624Y35.7676
G01 X25.5216Y35.6540
G01 X25.4935Y35.5423
G01 X25.4758Y35.4238
G01 X25.4700Y35.3060
G01 X25.4700Y31.4960
G01 X25.4758Y31.3782
G01 X25.4935Y31.2597
G01 X25.5232Y31.1430
G01 X25.5633Y31.0323
G01 X25.6104Y30.9327
G01 X25.6696Y30.8335
G01 X25.7438Y30.7331
G01 X25.8215Y30.6475
G01 X25.9071Y30.5698
G01 X26.0034Y30.4982
G01 X26.1067Y30.4364
G01 X26.2063Y30.3893
G01 X26.3220Y30.3476
G01 X26.4337Y30.3195
G01 X26.5475Y30.3024
G01 X26.6700Y30.2960
G01 X26.7878Y30.3018
G01 X26.9063Y30.3195
G01 X27.0180Y30.3476
G01 X27.1246Y30.3856
G01 X27.1393Y30.3920
G01 X31.3979Y30.3920
G01 X32.4483Y29.3417
G01 X32.5139Y29.2826
G01 X32.5731Y29.2388
G01 X32.5963Y29.2243
G01 X34.6792Y27.1416
G01 X34.7375Y27.0889
G01 X34.8004Y27.0421
G01 X34.8760Y26.9964
G01 X34.9560Y26.9589
G01 X35.0299Y26.9326
G01 X35.1061Y26.9134
G01 X35.1932Y26.9001
G01 X35.2767Y26.8960
G01 X40.6178Y26.8960
G01 X44.8848Y22.6289
G01 X44.9466Y22.5730
G01 X45.0136Y22.5233
G01 X45.0851Y22.4804
G01 X45.1605Y22.4447
G01 X45.2391Y22.4166
G01 X45.3200Y22.3964
G01 X45.4025Y22.3841
G01 X45.4858Y22.3800
G01 X64.4070Y22.3800
G01 X68.6930Y18.0941
G00 Z3.0000
G00 X68.5763Y18.0693
G01 Z-0.2000
G01 X68.5800Y18.0547
G01 X68.5822Y18.0634
G01 X68.5763Y18.0693
G00 Z3.0000
G00 X73.0808Y9.8508
G01 Z-0.2000
G01 X73.1039Y9.8370
G01 X73.1203Y9.8261
G01 X73.2070Y9.7618
G01 X73.2221Y9.7493
G01 X73.3092Y9.6701
G01 X73.3885Y9.5830
G01 X73.4010Y9.5678
G01 X73.4710Y9.4729
G01 X73.5317Y9.3722
G01 X73.5390Y9.3588
G01 X73.5890Y9.2530
G01 X73.6300Y9.1401
G01 X73.6300Y9.8508
G01 X73.0808Y9.8508
G00 Z3.0000
G00 X73.5300Y9.5617
G01 Z-0.2000
G01 X73.5300Y9.7508
G01 X73.3694Y9.7508
G01 X73.3901Y9.7301
G01 X73.4681Y9.6439
G01 X73.4813Y9.6274
G01 X73.5300Y9.5617
G00 Z3.0000
G00 X75.6208Y11.5508
G01 Z-0.2000
G01 X75.6439Y11.5370
G01 X75.6603Y11.5261
G01 X75.7470Y11.4618
G01 X75.7621Y11.4493
G01 X75.8492Y11.3701
G01 X75.9285Y11.2830
G01 X75.9410Y11.2678
G01 X76.0110Y11.1729
G01 X76.0717Y11.0722
G01 X76.0790Y11.0588
G01 X76.1290Y10.9530
G01 X76.1700Y10.8402
G01 X76.1700Y11.5508
G01 X75.6208Y11.5508
G00 Z3.0000
G00 X76.0700Y11.2617
G01 Z-0.2000
G01 X76.0700Y11.4508
G01 X75.9094Y11.4508
G01 X75.9301Y11.4301
G01 X76.0081Y11.3439
G01 X76.0213Y11.3274
G01 X76.0700Y11.2617
G00 Z3.0000
G00 X78.1608Y13.2740
G01 Z-0.2000
G01 X78.1839Y13.2602
G01 X78.2003Y13.2492
G01 X78.2870Y13.1849
G01 X78.3021Y13.1725
G01 X78.3892Y13.0932
G01 X78.4685Y13.0061
G01 X78.4810Y12.9910
G01 X78.5510Y12.8961
G01 X78.6117Y12.7953
G01 X78.6190Y12.7820
G01 X78.6690Y12.6762
G01 X78.7100Y12.5633
G01 X78.7100Y13.2740
G01 X78.1608Y13.2740
G00 Z3.0000
G00 X78.6100Y12.9848
G01 Z-0.2000
G01 X78.6100Y13.1740
G01 X78.4494Y13.1740
G01 X78.4701Y13.1533
G01 X78.5481Y13.0671
G01 X78.5613Y13.0505
G01 X78.6100Y12.9848
G00 Z3.0000
G00 X78.8309Y5.8056
G01 Z-0.2000
G01 X78.8110Y5.8478
G01 X78.8054Y5.8617
G01 X78.7691Y5.9633
G01 X78.7634Y5.9821
G01 X78.7400Y6.0753
G01 X78.7166Y5.9821
G01 X78.7109Y5.9633
G01 X78.6746Y5.8617
G01 X78.6690Y5.8478
G01 X78.6491Y5.8056
G01 X78.6722Y5.8115
G01 X78.6984Y5.8159
G01 X78.7179Y5.8178
G01 X78.7400Y5.8186
G01 X78.7621Y5.8178
G01 X78.7816Y5.8159
G01 X78.8078Y5.8115
G01 X78.8309Y5.8056
G00 Z3.0000
G00 X81.2800Y6.0753
G01 Z-0.2000
G01 X81.2566Y5.9821
G01 X81.2509Y5.9633
G01 X81.2146Y5.8617
G01 X81.2090Y5.8478
G01 X81.1891Y5.8056
G01 X81.2122Y5.8115
G01 X81.2384Y5.8159
G01 X81.2579Y5.8178
G01 X81.2800Y5.8186
G01 X81.3021Y5.8178
G01 X81.3216Y5.8159
G01 X81.3478Y5.8115
G01 X81.3709Y5.8056
G01 X81.3510Y5.8478
G01 X81.3454Y5.8617
G01 X81.3091Y5.9633
G01 X81.3034Y5.9821
G01 X81.2800Y6.0753
G00 Z3.0000
G00 X83.7291Y5.8056
G01 Z-0.2000
G01 X83.7522Y5.8115
G01 X83.7784Y5.8159
G01 X83.7979Y5.8178
G01 X83.8200Y5.8186
G01 X83.8421Y5.8178
G01 X83.8616Y5.8159
G01 X83.8878Y5.8115
G01 X83.9109Y5.8056
G01 X83.8910Y5.8478
G01 X83.8854Y5.8617
G01 X83.8491Y5.9633
G01 X83.8434Y5.9821
G01 X83.8200Y6.0753
G01 X83.7966Y5.9821
G01 X83.7909Y5.9633
G01 X83.7546Y5.8617
G01 X83.7490Y5.8478
G01 X83.7291Y5.8056
G00 Z3.0000
G00 X83.7499Y6.3451
G01 Z-0.2000
G01 X83.7500Y17.7800
G01 X83.7442Y17.8978
G01 X83.7265Y18.0163
G01 X83.6984Y18.1280
G01 X83.6577Y18.2416
G01 X83.6096Y18.3433
G01 X83.5478Y18.4466
G01 X83.4762Y18.5429
G01 X83.3985Y18.6285
G01 X83.3129Y18.7062
G01 X83.2166Y18.7778
G01 X83.1133Y18.8396
G01 X83.0116Y18.8876
G01 X82.8980Y18.9284
G01 X82.7863Y18.9565
G01 X82.6678Y18.9742
G01 X82.5500Y18.9800
G01 X82.4322Y18.9742
G01 X82.3137Y18.9565
G01 X82.2020Y18.9284
G01 X82.0884Y18.8876
G01 X81.9887Y18.8405
G01 X81.8793Y18.7749
G01 X81.7871Y18.7062
G01 X81.7015Y18.6285
G01 X81.6238Y18.5429
G01 X81.5551Y18.4507
G01 X81.4895Y18.3413
G01 X81.4424Y18.2416
G01 X81.4016Y18.1280
G01 X81.3735Y18.0163
G01 X81.3558Y17.8978
G01 X81.3500Y17.7800
G01 X81.3500Y6.3500
G01 X81.3558Y6.2322
G01 X81.3735Y6.1137
G01 X81.4016Y6.0020
G01 X81.4424Y5.8884
G01 X81.4904Y5.7867
G01 X81.5522Y5.6834
G01 X81.6238Y5.5871
G01 X81.7015Y5.5015
G01 X81.7850Y5.4256
G01 X81.8834Y5.3522
G01 X81.9801Y5.2941
G01 X82.0954Y5.2396
G01 X82.2020Y5.2016
G01 X82.3137Y5.1735
G01 X82.4322Y5.1558
G01 X82.5549Y5.1501
G01 X82.6678Y5.1558
G01 X82.7863Y5.1735
G01 X82.8980Y5.2016
G01 X83.0116Y5.2424
G01 X83.1133Y5.2904
G01 X83.2166Y5.3522
G01 X83.3129Y5.4238
G01 X83.3985Y5.5015
G01 X83.4762Y5.5871
G01 X83.5478Y5.6834
G01 X83.6096Y5.7867
G01 X83.6576Y5.8884
G01 X83.6984Y6.0020
G01 X83.7265Y6.1137
G01 X83.7442Y6.2322
G01 X83.7499Y6.3451
G00 Z3.0000
G00 X76.2909Y5.8056
G01 Z-0.2000
G01 X76.2710Y5.8478
G01 X76.2654Y5.8617
G01 X76.2291Y5.9633
G01 X76.2234Y5.9821
G01 X76.2000Y6.0753
G01 X76.1766Y5.9821
G01 X76.1709Y5.9633
G01 X76.1346Y5.8617
G01 X76.1290Y5.8478
G01 X76.1091Y5.8056
G01 X76.1322Y5.8115
G01 X76.1584Y5.8159
G01 X76.1779Y5.8178
G01 X76.2000Y5.8186
G01 X76.2221Y5.8178
G01 X76.2416Y5.8159
G01 X76.2678Y5.8115
G01 X76.2909Y5.8056
G00 Z3.0000
G00 X73.7509Y5.8056
G01 Z-0.2000
G01 X73.7310Y5.8478
G01 X73.7254Y5.8617
G01 X73.6891Y5.9633
G01 X73.6834Y5.9821
G01 X73.6600Y6.0753
G01 X73.6366Y5.9821
G01 X73.6309Y5.9633
G01 X73.5946Y5.8617
G01 X73.5890Y5.8478
G01 X73.5691Y5.8056
G01 X73.5922Y5.8115
G01 X73.6184Y5.8159
G01 X73.6379Y5.8178
G01 X73.6600Y5.8186
G01 X73.6821Y5.8178
G01 X73.7016Y5.8159
G01 X73.7278Y5.8115
G01 X73.7509Y5.8056
G00 Z3.0000
G00 X71.2085Y5.8106
G01 Z-0.2000
G01 X71.1910Y5.8478
G01 X71.1854Y5.8617
G01 X71.1491Y5.9633
G01 X71.1434Y5.9821
G01 X71.1200Y6.0753
G01 X71.0966Y5.9821
G01 X71.0909Y5.9633
G01 X71.0546Y5.8617
G01 X71.0490Y5.8478
G01 X71.0328Y5.8133
G01 X71.0479Y5.8170
G01 X71.0741Y5.8214
G01 X71.0936Y5.8233
G01 X71.1156Y5.8242
G01 X71.1377Y5.8233
G01 X71.1573Y5.8214
G01 X71.1834Y5.8170
G01 X71.2085Y5.8106
G00 Z3.0000
G00 X71.0900Y6.7840
G01 Z-0.2000
G01 X71.0792Y6.7696
G01 X71.0900Y6.7393
G01 X71.0900Y6.7840
G00 Z3.0000
G00 X70.8750Y8.1508
G01 Z-0.2000
G01 X70.9459Y8.0976
G01 X71.0046Y8.0445
G01 X71.0185Y8.0306
G01 X71.0679Y7.9761
G01 X71.0900Y7.9480
G01 X71.0900Y8.1508
G01 X70.8750Y8.1508
G00 Z3.0000
G00 X59.5757Y15.0634
G01 Z-0.2000
G01 X61.0390Y13.5998
G01 X61.0991Y13.5452
G01 X61.1719Y13.4915
G01 X61.2417Y13.4500
G01 X61.3124Y13.4166
G01 X61.3980Y13.3861
G01 X61.4720Y13.3676
G01 X61.5565Y13.3550
G01 X61.6400Y13.3508
G01 X74.3988Y13.3508
G01 X74.4823Y13.3550
G01 X74.5598Y13.3663
G01 X74.5924Y13.3740
G01 X78.8100Y13.3740
G01 X78.8100Y6.3500
G01 X78.8164Y6.2275
G01 X78.8335Y6.1137
G01 X78.8616Y6.0020
G01 X78.9033Y5.8863
G01 X78.9504Y5.7867
G01 X79.0122Y5.6834
G01 X79.0856Y5.5850
G01 X79.1615Y5.5015
G01 X79.2471Y5.4238
G01 X79.3475Y5.3496
G01 X79.4467Y5.2904
G01 X79.5484Y5.2424
G01 X79.6620Y5.2016
G01 X79.7711Y5.1741
G01 X79.8973Y5.1554
G01 X80.0100Y5.1500
G01 X80.1278Y5.1558
G01 X80.2463Y5.1735
G01 X80.3536Y5.2004
G01 X80.4737Y5.2433
G01 X80.5733Y5.2904
G01 X80.6725Y5.3496
G01 X80.7750Y5.4256
G01 X80.8585Y5.5015
G01 X80.9362Y5.5871
G01 X81.0104Y5.6875
G01 X81.0696Y5.7867
G01 X81.1176Y5.8884
G01 X81.1584Y6.0020
G01 X81.1865Y6.1137
G01 X81.2042Y6.2322
G01 X81.2100Y6.3500
G01 X81.2100Y14.1100
G01 X81.2046Y14.2227
G01 X81.1859Y14.3489
G01 X81.1584Y14.4580
G01 X81.1204Y14.5646
G01 X81.0696Y14.6733
G01 X81.0049Y14.7807
G01 X80.9362Y14.8729
G01 X80.8619Y14.9550
G01 X80.7729Y15.0362
G01 X80.6725Y15.1104
G01 X80.5733Y15.1695
G01 X80.4716Y15.2176
G01 X80.3580Y15.2584
G01 X80.2393Y15.2878
G01 X80.1278Y15.3042
G01 X80.0149Y15.3099
G01 X79.8922Y15.3042
G01 X79.7711Y15.2859
G01 X79.6620Y15.2584
G01 X79.5554Y15.2204
G01 X79.4401Y15.1659
G01 X79.3434Y15.1078
G01 X79.2976Y15.0740
G01 X74.4220Y15.0740
G01 X74.3385Y15.0699
G01 X74.2610Y15.0585
G01 X74.2285Y15.0508
G01 X61.9921Y15.0508
G01 X60.8470Y16.1959
G01 X60.8665Y16.2737
G01 X60.8836Y16.3875
G01 X60.8899Y16.5051
G01 X60.8899Y17.7849
G01 X60.8836Y17.9025
G01 X60.8665Y18.0163
G01 X60.8396Y18.1236
G01 X60.7976Y18.2416
G01 X60.7459Y18.3499
G01 X60.6878Y18.4466
G01 X60.6206Y18.5374
G01 X60.5385Y18.6285
G01 X60.4474Y18.7106
G01 X60.3566Y18.7778
G01 X60.2599Y18.8359
G01 X60.1516Y18.8876
G01 X60.0336Y18.9296
G01 X59.9263Y18.9565
G01 X59.8125Y18.9736
G01 X59.6900Y18.9800
G01 X59.5722Y18.9742
G01 X59.4537Y18.9565
G01 X59.3420Y18.9284
G01 X59.2284Y18.8876
G01 X59.1267Y18.8396
G01 X59.0234Y18.7778
G01 X58.9271Y18.7062
G01 X58.8415Y18.6285
G01 X58.7638Y18.5429
G01 X58.6922Y18.4466
G01 X58.6304Y18.3433
G01 X58.5824Y18.2416
G01 X58.5416Y18.1280
G01 X58.5135Y18.0163
G01 X58.4958Y17.8978
G01 X58.4901Y17.7849
G01 X58.4900Y16.5100
G01 X58.4954Y16.3973
G01 X58.5141Y16.2711
G01 X58.5416Y16.1620
G01 X58.5796Y16.0554
G01 X58.6304Y15.9467
G01 X58.6922Y15.8434
G01 X58.7638Y15.7471
G01 X58.8415Y15.6615
G01 X58.9326Y15.5794
G01 X59.0234Y15.5122
G01 X59.1201Y15.4541
G01 X59.2354Y15.3996
G01 X59.3420Y15.3616
G01 X59.3896Y15.3495
G01 X59.3957Y15.3332
G01 X59.4291Y15.2626
G01 X59.4732Y15.1887
G01 X59.5243Y15.1200
G01 X59.5757Y15.0634
G00 Z3.0000
G00 X58.4200Y16.2353
G01 Z-0.2000
G01 X58.4178Y16.2266
G01 X58.4237Y16.2207
G01 X58.4200Y16.2353
G00 Z3.0000
G00 X58.3070Y16.1959
G01 Z-0.2000
G01 X58.3265Y16.2737
G01 X58.3436Y16.3875
G01 X58.3500Y16.5100
G01 X58.3500Y17.7800
G01 X58.3446Y17.8927
G01 X58.3259Y18.0189
G01 X58.2984Y18.1280
G01 X58.2604Y18.2346
G01 X58.2096Y18.3433
G01 X58.1449Y18.4507
G01 X58.0762Y18.5429
G01 X57.9985Y18.6285
G01 X57.9129Y18.7062
G01 X57.8166Y18.7778
G01 X57.7133Y18.8396
G01 X57.6116Y18.8876
G01 X57.4980Y18.9284
G01 X57.3863Y18.9565
G01 X57.2678Y18.9742
G01 X57.1500Y18.9800
G01 X57.0322Y18.9742
G01 X56.9137Y18.9565
G01 X56.8020Y18.9284
G01 X56.6884Y18.8876
G01 X56.5867Y18.8396
G01 X56.4793Y18.7749
G01 X56.3850Y18.7044
G01 X56.3015Y18.6285
G01 X56.2256Y18.5450
G01 X56.1522Y18.4466
G01 X56.0941Y18.3499
G01 X56.0424Y18.2416
G01 X56.0016Y18.1280
G01 X55.9735Y18.0163
G01 X55.9564Y17.9025
G01 X55.9500Y17.7800
G01 X55.9500Y16.5100
G01 X55.9554Y16.3973
G01 X55.9735Y16.2737
G01 X56.0016Y16.1620
G01 X56.0424Y16.0484
G01 X56.0941Y15.9401
G01 X56.1522Y15.8434
G01 X56.2194Y15.7526
G01 X56.3015Y15.6615
G01 X56.3871Y15.5838
G01 X56.4834Y15.5122
G01 X56.5867Y15.4504
G01 X56.6863Y15.4033
G01 X56.7013Y15.3974
G01 X60.1990Y11.8998
G01 X60.2646Y11.8408
G01 X60.3279Y11.7940
G01 X60.3951Y11.7536
G01 X60.4724Y11.7165
G01 X60.5580Y11.6861
G01 X60.6320Y11.6676
G01 X60.7118Y11.6555
G01 X60.8000Y11.6508
G01 X76.2700Y11.6508
G01 X76.2700Y6.3500
G01 X76.2758Y6.2322
G01 X76.2935Y6.1137
G01 X76.3216Y6.0020
G01 X76.3596Y5.8954
G01 X76.4141Y5.7801
G01 X76.4722Y5.6834
G01 X76.5394Y5.5926
G01 X76.6215Y5.5015
G01 X76.7126Y5.4194
G01 X76.8034Y5.3522
G01 X76.9001Y5.2941
G01 X77.0084Y5.2424
G01 X77.1220Y5.2016
G01 X77.2311Y5.1741
G01 X77.3573Y5.1554
G01 X77.4700Y5.1500
G01 X77.5827Y5.1554
G01 X77.7063Y5.1735
G01 X77.8230Y5.2032
G01 X77.9316Y5.2424
G01 X78.0333Y5.2904
G01 X78.1407Y5.3551
G01 X78.2329Y5.4238
G01 X78.3185Y5.5015
G01 X78.3962Y5.5871
G01 X78.4649Y5.6793
G01 X78.5296Y5.7867
G01 X78.5804Y5.8954
G01 X78.6184Y6.0020
G01 X78.6459Y6.1111
G01 X78.6642Y6.2322
G01 X78.6700Y6.3500
G01 X78.6700Y12.1740
G01 X78.6646Y12.2867
G01 X78.6465Y12.4103
G01 X78.6168Y12.5270
G01 X78.5776Y12.6356
G01 X78.5305Y12.7353
G01 X78.4678Y12.8406
G01 X78.3944Y12.9390
G01 X78.3185Y13.0225
G01 X78.2350Y13.0984
G01 X78.1366Y13.1718
G01 X78.0333Y13.2335
G01 X77.9246Y13.2844
G01 X77.8180Y13.3224
G01 X77.7089Y13.3499
G01 X77.5878Y13.3682
G01 X77.4700Y13.3740
G01 X77.3522Y13.3682
G01 X77.2832Y13.3581
G01 X77.2035Y13.3699
G01 X77.1151Y13.3739
G01 X77.0365Y13.3699
G01 X76.9590Y13.3585
G01 X76.9265Y13.3508
G01 X61.1521Y13.3508
G01 X58.3070Y16.1959
G00 Z3.0000
G00 X55.8660Y16.3153
G01 Z-0.2000
G01 X55.8566Y16.2779
G01 X55.8494Y16.2549
G01 X55.8837Y16.2207
G01 X55.8759Y16.2520
G01 X55.8660Y16.3153
G00 Z3.0000
G00 X53.9047Y15.6765
G01 Z-0.2000
G01 X53.9543Y15.6100
G01 X54.0090Y15.5498
G01 X59.3590Y10.1998
G01 X59.4191Y10.1451
G01 X59.4879Y10.0940
G01 X59.5618Y10.0499
G01 X59.6324Y10.0165
G01 X59.7136Y9.9873
G01 X59.7920Y9.9676
G01 X59.8766Y9.9549
G01 X59.9600Y9.9508
G01 X73.7300Y9.9508
G01 X73.7301Y6.3451
G01 X73.7364Y6.2275
G01 X73.7535Y6.1137
G01 X73.7804Y6.0064
G01 X73.8224Y5.8884
G01 X73.8741Y5.7801
G01 X73.9322Y5.6834
G01 X73.9994Y5.5926
G01 X74.0815Y5.5015
G01 X74.1671Y5.4238
G01 X74.2593Y5.3551
G01 X74.3667Y5.2904
G01 X74.4684Y5.2424
G01 X74.5770Y5.2032
G01 X74.6937Y5.1735
G01 X74.8173Y5.1554
G01 X74.9300Y5.1500
G01 X75.0427Y5.1554
G01 X75.1689Y5.1741
G01 X75.2780Y5.2016
G01 X75.3846Y5.2396
G01 X75.4933Y5.2904
G01 X75.6007Y5.3551
G01 X75.6929Y5.4238
G01 X75.7750Y5.4981
G01 X75.8562Y5.5871
G01 X75.9304Y5.6875
G01 X75.9896Y5.7867
G01 X76.0376Y5.8884
G01 X76.0784Y6.0020
G01 X76.1065Y6.1137
G01 X76.1242Y6.2322
G01 X76.1300Y6.3500
G01 X76.1300Y10.4508
G01 X76.1242Y10.5686
G01 X76.1059Y10.6897
G01 X76.0784Y10.7989
G01 X76.0404Y10.9055
G01 X75.9896Y11.0141
G01 X75.9249Y11.1215
G01 X75.8562Y11.2137
G01 X75.7819Y11.2958
G01 X75.6929Y11.3771
G01 X75.5925Y11.4512
G01 X75.4933Y11.5104
G01 X75.3916Y11.5585
G01 X75.2780Y11.5992
G01 X75.1663Y11.6273
G01 X75.0478Y11.6450
G01 X74.9300Y11.6508
G01 X74.8122Y11.6450
G01 X74.7432Y11.6349
G01 X74.6635Y11.6467
G01 X74.5800Y11.6508
G01 X60.3121Y11.6508
G01 X55.7339Y16.2290
G01 X55.7584Y16.2978
G01 X55.7878Y16.4166
G01 X55.8042Y16.5281
G01 X55.8100Y16.6458
G01 X55.8099Y17.7849
G01 X55.8042Y17.8978
G01 X55.7878Y18.0093
G01 X55.7584Y18.1280
G01 X55.7167Y18.2437
G01 X55.6696Y18.3433
G01 X55.6104Y18.4425
G01 X55.5362Y18.5429
G01 X55.4550Y18.6319
G01 X55.3729Y18.7062
G01 X55.2807Y18.7749
G01 X55.1733Y18.8396
G01 X55.0716Y18.8876
G01 X54.9630Y18.9268
G01 X54.8463Y18.9565
G01 X54.7278Y18.9742
G01 X54.6100Y18.9800
G01 X54.4922Y18.9742
G01 X54.3807Y18.9578
G01 X54.2620Y18.9284
G01 X54.1554Y18.8904
G01 X54.0401Y18.8359
G01 X53.9434Y18.7778
G01 X53.8471Y18.7062
G01 X53.7615Y18.6285
G01 X53.6838Y18.5429
G01 X53.6122Y18.4466
G01 X53.5504Y18.3433
G01 X53.5024Y18.2416
G01 X53.4616Y18.1280
G01 X53.4335Y18.0163
G01 X53.4164Y17.9025
G01 X53.4100Y17.7800
G01 X53.4100Y16.6458
G01 X53.4158Y16.5281
G01 X53.4322Y16.4166
G01 X53.4616Y16.2978
G01 X53.5024Y16.1843
G01 X53.5504Y16.0826
G01 X53.6122Y15.9792
G01 X53.6838Y15.8829
G01 X53.7615Y15.7973
G01 X53.8471Y15.7196
G01 X53.9047Y15.6765
G00 Z3.0000
G00 X53.3260Y16.4511
G01 Z-0.2000
G01 X53.3166Y16.4137
G01 X53.3094Y16.3907
G01 X53.3437Y16.3565
G01 X53.3359Y16.3878
G01 X53.3260Y16.4511
G00 Z3.0000
G00 X51.3647Y15.8124
G01 Z-0.2000
G01 X51.4130Y15.7474
G01 X51.4690Y15.6856
G01 X58.6549Y8.4997
G01 X58.7166Y8.4437
G01 X58.7836Y8.3941
G01 X58.8551Y8.3512
G01 X58.9282Y8.3165
G01 X59.0092Y8.2874
G01 X59.0900Y8.2672
G01 X59.1726Y8.2549
G01 X59.2559Y8.2508
G01 X71.1900Y8.2508
G01 X71.1900Y6.3500
G01 X71.1964Y6.2275
G01 X71.2135Y6.1137
G01 X71.2416Y6.0020
G01 X71.2824Y5.8884
G01 X71.3295Y5.7887
G01 X71.3951Y5.6793
G01 X71.4638Y5.5871
G01 X71.5415Y5.5015
G01 X71.6326Y5.4194
G01 X71.7234Y5.3522
G01 X71.8201Y5.2941
G01 X71.9284Y5.2424
G01 X72.0420Y5.2016
G01 X72.1607Y5.1722
G01 X72.2722Y5.1558
G01 X72.3851Y5.1501
G01 X72.5078Y5.1558
G01 X72.6263Y5.1735
G01 X72.7430Y5.2032
G01 X72.8516Y5.2424
G01 X72.9513Y5.2895
G01 X73.0566Y5.3522
G01 X73.1529Y5.4238
G01 X73.2385Y5.5015
G01 X73.3206Y5.5926
G01 X73.3878Y5.6834
G01 X73.4459Y5.7801
G01 X73.4976Y5.8884
G01 X73.5384Y6.0020
G01 X73.5665Y6.1137
G01 X73.5842Y6.2322
G01 X73.5900Y6.3500
G01 X73.5900Y8.7508
G01 X73.5842Y8.8686
G01 X73.5678Y8.9801
G01 X73.5384Y9.0989
G01 X73.4967Y9.2145
G01 X73.4496Y9.3141
G01 X73.3904Y9.4134
G01 X73.3162Y9.5137
G01 X73.2385Y9.5993
G01 X73.1474Y9.6815
G01 X73.0566Y9.7486
G01 X72.9599Y9.8067
G01 X72.8516Y9.8585
G01 X72.7380Y9.8992
G01 X72.6263Y9.9273
G01 X72.5078Y9.9450
G01 X72.3900Y9.9508
G01 X72.2722Y9.9450
G01 X72.2032Y9.9349
G01 X72.1235Y9.9467
G01 X72.0400Y9.9508
G01 X59.6079Y9.9508
G01 X53.1939Y16.3648
G01 X53.2184Y16.4336
G01 X53.2478Y16.5524
G01 X53.2642Y16.6639
G01 X53.2700Y16.7816
G01 X53.2699Y17.7849
G01 X53.2636Y17.9025
G01 X53.2465Y18.0163
G01 X53.2196Y18.1236
G01 X53.1776Y18.2416
G01 X53.1296Y18.3433
G01 X53.0678Y18.4466
G01 X52.9944Y18.5450
G01 X52.9185Y18.6285
G01 X52.8350Y18.7044
G01 X52.7407Y18.7749
G01 X52.6333Y18.8396
G01 X52.5246Y18.8904
G01 X52.4180Y18.9284
G01 X52.3063Y18.9565
G01 X52.1878Y18.9742
G01 X52.0700Y18.9800
G01 X51.9522Y18.9742
G01 X51.8337Y18.9565
G01 X51.7220Y18.9284
G01 X51.6084Y18.8876
G01 X51.5067Y18.8396
G01 X51.4034Y18.7778
G01 X51.3071Y18.7062
G01 X51.2215Y18.6285
G01 X51.1438Y18.5429
G01 X51.0722Y18.4466
G01 X51.0104Y18.3433
G01 X50.9596Y18.2346
G01 X50.9216Y18.1280
G01 X50.8935Y18.0163
G01 X50.8758Y17.8978
G01 X50.8701Y17.7849
G01 X50.8700Y16.7816
G01 X50.8758Y16.6639
G01 X50.8922Y16.5524
G01 X50.9216Y16.4336
G01 X50.9624Y16.3201
G01 X51.0104Y16.2184
G01 X51.0722Y16.1150
G01 X51.1438Y16.0187
G01 X51.2215Y15.9331
G01 X51.3071Y15.8554
G01 X51.3647Y15.8124
G00 Z3.0000
G00 X50.7091Y32.4756
G01 Z-0.2000
G01 X50.7322Y32.4815
G01 X50.7584Y32.4859
G01 X50.7779Y32.4878
G01 X50.8000Y32.4886
G01 X50.8221Y32.4878
G01 X50.8416Y32.4859
G01 X50.8678Y32.4815
G01 X50.8909Y32.4756
G01 X50.8710Y32.5178
G01 X50.8654Y32.5317
G01 X50.8291Y32.6333
G01 X50.8234Y32.6521
G01 X50.8000Y32.7453
G01 X50.7766Y32.6521
G01 X50.7709Y32.6333
G01 X50.7346Y32.5317
G01 X50.7290Y32.5178
G01 X50.7091Y32.4756
G00 Z3.0000
G00 X50.7299Y33.0151
G01 Z-0.2000
G01 X50.7300Y36.8300
G01 X50.7236Y36.9525
G01 X50.7065Y37.0663
G01 X50.6784Y37.1780
G01 X50.6376Y37.2916
G01 X50.5896Y37.3933
G01 X50.5278Y37.4966
G01 X50.4562Y37.5929
G01 X50.3785Y37.6785
G01 X50.2929Y37.7562
G01 X50.1966Y37.8278
G01 X50.0933Y37.8896
G01 X49.9916Y37.9376
G01 X49.8780Y37.9784
G01 X49.7663Y38.0065
G01 X49.6478Y38.0242
G01 X49.5300Y38.0300
G01 X49.4122Y38.0242
G01 X49.2937Y38.0065
G01 X49.1820Y37.9784
G01 X49.0663Y37.9367
G01 X48.9667Y37.8896
G01 X48.8634Y37.8278
G01 X48.7650Y37.7544
G01 X48.6815Y37.6785
G01 X48.6056Y37.5950
G01 X48.5296Y37.4925
G01 X48.4704Y37.3933
G01 X48.4233Y37.2937
G01 X48.3816Y37.1780
G01 X48.3522Y37.0593
G01 X48.3358Y36.9478
G01 X48.3300Y36.8300
G01 X48.3300Y33.0200
G01 X48.3364Y32.8975
G01 X48.3535Y32.7837
G01 X48.3816Y32.6720
G01 X48.4224Y32.5584
G01 X48.4695Y32.4587
G01 X48.5351Y32.3493
G01 X48.6038Y32.2571
G01 X48.6815Y32.1715
G01 X48.7671Y32.0938
G01 X48.8634Y32.0222
G01 X48.9667Y31.9604
G01 X49.0684Y31.9124
G01 X49.1820Y31.8716
G01 X49.2911Y31.8441
G01 X49.4122Y31.8258
G01 X49.5251Y31.8201
G01 X49.6525Y31.8264
G01 X49.7663Y31.8435
G01 X49.8780Y31.8716
G01 X49.9916Y31.9124
G01 X50.0933Y31.9604
G01 X50.1966Y32.0222
G01 X50.2929Y32.0938
G01 X50.3785Y32.1715
G01 X50.4544Y32.2550
G01 X50.5278Y32.3534
G01 X50.5859Y32.4501
G01 X50.6404Y32.5654
G01 X50.6784Y32.6720
G01 X50.7065Y32.7837
G01 X50.7242Y32.9022
G01 X50.7299Y33.0151
G00 Z3.0000
G00 X48.2712Y32.3978
G01 Z-0.2000
G01 X48.2978Y32.4017
G01 X48.3300Y32.4033
G01 X48.3621Y32.4017
G01 X48.3888Y32.3978
G01 X48.3791Y32.4160
G01 X48.3300Y32.5203
G01 X48.2809Y32.4160
G01 X48.2712Y32.3978
G00 Z3.0000
G00 X53.2491Y32.4756
G01 Z-0.2000
G01 X53.2722Y32.4815
G01 X53.2984Y32.4859
G01 X53.3179Y32.4878
G01 X53.3400Y32.4886
G01 X53.3621Y32.4878
G01 X53.3816Y32.4859
G01 X53.4078Y32.4815
G01 X53.4309Y32.4756
G01 X53.4110Y32.5178
G01 X53.4054Y32.5317
G01 X53.3691Y32.6333
G01 X53.3634Y32.6521
G01 X53.3400Y32.7453
G01 X53.3166Y32.6521
G01 X53.3109Y32.6333
G01 X53.2746Y32.5317
G01 X53.2690Y32.5178
G01 X53.2491Y32.4756
G00 Z3.0000
G00 X53.5975Y35.2319
G01 Z-0.2000
G01 X53.5628Y35.2334
G01 X53.5413Y35.2364
G01 X53.5101Y35.2432
G01 X53.4798Y35.2530
G01 X53.4659Y35.2586
G01 X53.4466Y35.2677
G01 X53.4227Y35.2813
G01 X53.3966Y35.2995
G01 X53.3855Y35.3083
G01 X53.3700Y35.3224
G01 X53.3700Y34.8063
G01 X53.4110Y34.9192
G01 X53.4610Y35.0250
G01 X53.4683Y35.0384
G01 X53.5290Y35.1391
G01 X53.5975Y35.2319
G00 Z3.0000
G00 X50.7700Y37.7354
G01 Z-0.2000
G01 X50.7545Y37.7213
G01 X50.7434Y37.7125
G01 X50.7173Y37.6943
G01 X50.6934Y37.6807
G01 X50.6741Y37.6716
G01 X50.6602Y37.6660
G01 X50.6299Y37.6562
G01 X50.5987Y37.6494
G01 X50.5772Y37.6464
G01 X50.5425Y37.6449
G01 X50.6110Y37.5521
G01 X50.6717Y37.4514
G01 X50.6790Y37.4380
G01 X50.7290Y37.3322
G01 X50.7700Y37.2193
G01 X50.7700Y37.7354
G00 Z3.0000
G00 X49.5477Y38.1294
G01 Z-0.2000
G01 X49.5281Y38.1555
G01 X49.5167Y38.1742
G01 X49.5074Y38.1915
G01 X49.4947Y38.2207
G01 X49.4873Y38.2422
G01 X49.4806Y38.2682
G01 X49.4751Y38.3038
G01 X49.4736Y38.3293
G01 X49.2407Y38.0963
G01 X49.2720Y38.1041
G01 X49.2861Y38.1067
G01 X49.4023Y38.1237
G01 X49.5202Y38.1298
G01 X49.5477Y38.1294
G00 Z3.0000
G00 X53.2700Y39.3700
G01 Z-0.2000
G01 X53.2642Y39.4878
G01 X53.2465Y39.6063
G01 X53.2184Y39.7180
G01 X53.1804Y39.8246
G01 X53.1259Y39.9399
G01 X53.0678Y40.0366
G01 X52.9944Y40.1350
G01 X52.9185Y40.2185
G01 X52.8329Y40.2962
G01 X52.7366Y40.3678
G01 X52.6333Y40.4296
G01 X52.5316Y40.4776
G01 X52.4180Y40.5184
G01 X52.3063Y40.5465
G01 X52.1878Y40.5642
G01 X52.0700Y40.5700
G01 X51.9522Y40.5642
G01 X51.8337Y40.5465
G01 X51.7264Y40.5196
G01 X51.6063Y40.4767
G01 X51.5067Y40.4296
G01 X51.3993Y40.3649
G01 X51.3071Y40.2962
G01 X51.2215Y40.2185
G01 X51.1438Y40.1329
G01 X51.0722Y40.0366
G01 X51.0104Y39.9333
G01 X50.9624Y39.8316
G01 X50.9216Y39.7180
G01 X50.8935Y39.6063
G01 X50.8758Y39.4878
G01 X50.8700Y39.3700
G01 X50.8700Y33.0200
G01 X50.8758Y32.9022
G01 X50.8935Y32.7837
G01 X50.9204Y32.6764
G01 X50.9624Y32.5584
G01 X51.0104Y32.4567
G01 X51.0696Y32.3575
G01 X51.1456Y32.2550
G01 X51.2215Y32.1715
G01 X51.3071Y32.0938
G01 X51.4034Y32.0222
G01 X51.5001Y31.9641
G01 X51.6154Y31.9096
G01 X51.7220Y31.8716
G01 X51.8337Y31.8435
G01 X51.9522Y31.8258
G01 X52.0700Y31.8200
G01 X52.1878Y31.8258
G01 X52.3063Y31.8435
G01 X52.4180Y31.8716
G01 X52.5316Y31.9124
G01 X52.6333Y31.9604
G01 X52.7366Y32.0222
G01 X52.8329Y32.0938
G01 X52.9185Y32.1715
G01 X52.9962Y32.2571
G01 X53.0678Y32.3534
G01 X53.1296Y32.4567
G01 X53.1776Y32.5584
G01 X53.2184Y32.6720
G01 X53.2465Y32.7837
G01 X53.2642Y32.9022
G01 X53.2700Y33.0200
G01 X53.2700Y39.3700
G00 Z3.0000
G00 X58.5109Y34.8344
G01 Z-0.2000
G01 X58.4878Y34.8285
G01 X58.4616Y34.8241
G01 X58.4421Y34.8222
G01 X58.4200Y34.8214
G01 X58.3979Y34.8222
G01 X58.3784Y34.8241
G01 X58.3522Y34.8285
G01 X58.3291Y34.8344
G01 X58.3490Y34.7922
G01 X58.3546Y34.7783
G01 X58.3909Y34.6767
G01 X58.3966Y34.6579
G01 X58.4200Y34.5647
G01 X58.4434Y34.6579
G01 X58.4491Y34.6767
G01 X58.4854Y34.7783
G01 X58.4910Y34.7922
G01 X58.5109Y34.8344
G00 Z3.0000
G00 X58.3499Y33.0151
G01 Z-0.2000
G01 X58.3499Y34.2949
G01 X58.3442Y34.4078
G01 X58.3278Y34.5193
G01 X58.2984Y34.6380
G01 X58.2576Y34.7516
G01 X58.2059Y34.8599
G01 X58.1478Y34.9566
G01 X58.0806Y35.0474
G01 X58.0019Y35.1350
G01 X57.9129Y35.2162
G01 X57.8166Y35.2878
G01 X57.7133Y35.3496
G01 X57.6046Y35.4004
G01 X57.4980Y35.4384
G01 X57.3863Y35.4665
G01 X57.2678Y35.4842
G01 X57.1797Y35.4887
G01 X57.1036Y35.5246
G01 X56.9900Y35.5654
G01 X56.8783Y35.5935
G01 X56.7547Y35.6116
G01 X56.6420Y35.6170
G01 X54.6100Y35.6170
G01 X54.4875Y35.6106
G01 X54.3737Y35.5935
G01 X54.2664Y35.5666
G01 X54.1484Y35.5246
G01 X54.0401Y35.4729
G01 X53.9434Y35.4148
G01 X53.8526Y35.3476
G01 X53.7615Y35.2655
G01 X53.6794Y35.1744
G01 X53.6122Y35.0836
G01 X53.5541Y34.9869
G01 X53.4996Y34.8716
G01 X53.4616Y34.7650
G01 X53.4335Y34.6533
G01 X53.4158Y34.5348
G01 X53.4101Y34.4219
G01 X53.4100Y33.0200
G01 X53.4158Y32.9022
G01 X53.4335Y32.7837
G01 X53.4632Y32.6670
G01 X53.5024Y32.5584
G01 X53.5495Y32.4587
G01 X53.6122Y32.3534
G01 X53.6838Y32.2571
G01 X53.7650Y32.1681
G01 X53.8471Y32.0938
G01 X53.9393Y32.0251
G01 X54.0467Y31.9604
G01 X54.1554Y31.9096
G01 X54.2620Y31.8716
G01 X54.3737Y31.8435
G01 X54.4922Y31.8258
G01 X54.6100Y31.8200
G01 X57.1500Y31.8200
G01 X57.2725Y31.8264
G01 X57.3863Y31.8435
G01 X57.4936Y31.8704
G01 X57.6137Y31.9133
G01 X57.7133Y31.9604
G01 X57.8166Y32.0222
G01 X57.9129Y32.0938
G01 X57.9950Y32.1681
G01 X58.0806Y32.2626
G01 X58.1478Y32.3534
G01 X58.2059Y32.4501
G01 X58.2604Y32.5654
G01 X58.2984Y32.6720
G01 X58.3265Y32.7837
G01 X58.3442Y32.9022
G01 X58.3499Y33.0151
G00 Z3.0000
G00 X58.3291Y32.4756
G01 Z-0.2000
G01 X58.3522Y32.4815
G01 X58.3784Y32.4859
G01 X58.3979Y32.4878
G01 X58.4200Y32.4886
G01 X58.4421Y32.4878
G01 X58.4616Y32.4859
G01 X58.4878Y32.4815
G01 X58.5109Y32.4756
G01 X58.4910Y32.5178
G01 X58.4854Y32.5317
G01 X58.4491Y32.6333
G01 X58.4434Y32.6521
G01 X58.4200Y32.7453
G01 X58.3966Y32.6521
G01 X58.3909Y32.6333
G01 X58.3546Y32.5317
G01 X58.3490Y32.5178
G01 X58.3291Y32.4756
G00 Z3.0000
G00 X60.8691Y32.4756
G01 Z-0.2000
G01 X60.8922Y32.4815
G01 X60.9184Y32.4859
G01 X60.9379Y32.4878
G01 X60.9600Y32.4886
G01 X60.9821Y32.4878
G01 X61.0016Y32.4859
G01 X61.0278Y32.4815
G01 X61.0509Y32.4756
G01 X61.0310Y32.5178
G01 X61.0254Y32.5317
G01 X60.9891Y32.6333
G01 X60.9834Y32.6521
G01 X60.9600Y32.7453
G01 X60.9366Y32.6521
G01 X60.9309Y32.6333
G01 X60.8946Y32.5317
G01 X60.8890Y32.5178
G01 X60.8691Y32.4756
G00 Z3.0000
G00 X63.4032Y32.4631
G01 Z-0.2000
G01 X63.4207Y32.4674
G01 X63.4563Y32.4730
G01 X63.4885Y32.4746
G01 X63.5033Y32.4741
G01 X63.4849Y32.5005
G01 X63.4464Y32.5647
G01 X63.4290Y32.5178
G01 X63.4032Y32.4631
G00 Z3.0000
G00 X65.9491Y32.4756
G01 Z-0.2000
G01 X65.9722Y32.4815
G01 X65.9984Y32.4859
G01 X66.0179Y32.4878
G01 X66.0400Y32.4886
G01 X66.0621Y32.4878
G01 X66.0816Y32.4859
G01 X66.1078Y32.4815
G01 X66.1309Y32.4756
G01 X66.1110Y32.5178
G01 X66.1054Y32.5317
G01 X66.0691Y32.6333
G01 X66.0634Y32.6521
G01 X66.0400Y32.7453
G01 X66.0166Y32.6521
G01 X66.0109Y32.6333
G01 X65.9746Y32.5317
G01 X65.9690Y32.5178
G01 X65.9491Y32.4756
G00 Z3.0000
G00 X68.4891Y32.4756
G01 Z-0.2000
G01 X68.5122Y32.4815
G01 X68.5384Y32.4859
G01 X68.5579Y32.4878
G01 X68.5800Y32.4886
G01 X68.6021Y32.4878
G01 X68.6216Y32.4859
G01 X68.6478Y32.4815
G01 X68.6709Y32.4756
G01 X68.6510Y32.5178
G01 X68.6454Y32.5317
G01 X68.6091Y32.6333
G01 X68.6034Y32.6521
G01 X68.5800Y32.7453
G01 X68.5566Y32.6521
G01 X68.5509Y32.6333
G01 X68.5146Y32.5317
G01 X68.5090Y32.5178
G01 X68.4891Y32.4756
G00 Z3.0000
G00 X71.0291Y32.4756
G01 Z-0.2000
G01 X71.0522Y32.4815
G01 X71.0784Y32.4859
G01 X71.0979Y32.4878
G01 X71.1200Y32.4886
G01 X71.1421Y32.4878
G01 X71.1616Y32.4859
G01 X71.1878Y32.4815
G01 X71.2109Y32.4756
G01 X71.1910Y32.5178
G01 X71.1854Y32.5317
G01 X71.1491Y32.6333
G01 X71.1434Y32.6521
G01 X71.1200Y32.7453
G01 X71.0966Y32.6521
G01 X71.0909Y32.6333
G01 X71.0546Y32.5317
G01 X71.0490Y32.5178
G01 X71.0291Y32.4756
G00 Z3.0000
G00 X71.0499Y33.0151
G01 Z-0.2000
G01 X71.0500Y39.3700
G01 X71.0442Y39.4878
G01 X71.0265Y39.6063
G01 X70.9984Y39.7180
G01 X70.9577Y39.8316
G01 X70.9096Y39.9333
G01 X70.8478Y40.0366
G01 X70.7762Y40.1329
G01 X70.6985Y40.2185
G01 X70.6129Y40.2962
G01 X70.5166Y40.3678
G01 X70.4133Y40.4296
G01 X70.3116Y40.4776
G01 X70.1980Y40.5184
G01 X70.0863Y40.5465
G01 X69.9678Y40.5642
G01 X69.8500Y40.5700
G01 X69.7322Y40.5642
G01 X69.6137Y40.5465
G01 X69.5020Y40.5184
G01 X69.3954Y40.4804
G01 X69.2801Y40.4259
G01 X69.1834Y40.3678
G01 X69.0871Y40.2962
G01 X69.0015Y40.2185
G01 X68.9256Y40.1350
G01 X68.8496Y40.0325
G01 X68.7904Y39.9333
G01 X68.7424Y39.8316
G01 X68.7004Y39.7136
G01 X68.6735Y39.6063
G01 X68.6558Y39.4878
G01 X68.6500Y39.3700
G01 X68.6500Y33.0200
G01 X68.6558Y32.9022
G01 X68.6735Y32.7837
G01 X68.7016Y32.6720
G01 X68.7424Y32.5584
G01 X68.7904Y32.4567
G01 X68.8522Y32.3534
G01 X68.9238Y32.2571
G01 X69.0015Y32.1715
G01 X69.0871Y32.0938
G01 X69.1793Y32.0251
G01 X69.2867Y31.9604
G01 X69.3863Y31.9133
G01 X69.5064Y31.8704
G01 X69.6137Y31.8435
G01 X69.7322Y31.8258
G01 X69.8500Y31.8200
G01 X69.9678Y31.8258
G01 X70.0863Y31.8435
G01 X70.1980Y31.8716
G01 X70.3116Y31.9124
G01 X70.4113Y31.9595
G01 X70.5166Y32.0222
G01 X70.6074Y32.0894
G01 X70.7019Y32.1750
G01 X70.7762Y32.2571
G01 X70.8478Y32.3534
G01 X70.9096Y32.4567
G01 X70.9576Y32.5584
G01 X70.9984Y32.6720
G01 X71.0265Y32.7837
G01 X71.0442Y32.9022
G01 X71.0499Y33.0151
G00 Z3.0000
G00 X73.5899Y33.0151
G01 Z-0.2000
G01 X73.5900Y36.8300
G01 X73.5836Y36.9525
G01 X73.5665Y37.0663
G01 X73.5384Y37.1780
G01 X73.4976Y37.2916
G01 X73.4496Y37.3933
G01 X73.3878Y37.4966
G01 X73.3162Y37.5929
G01 X73.2385Y37.6785
G01 X73.1529Y37.7562
G01 X73.0566Y37.8278
G01 X72.9533Y37.8896
G01 X72.8516Y37.9376
G01 X72.7380Y37.9784
G01 X72.6263Y38.0065
G01 X72.5078Y38.0242
G01 X72.3900Y38.0300
G01 X72.2722Y38.0242
G01 X72.1537Y38.0065
G01 X72.0420Y37.9784
G01 X71.9263Y37.9367
G01 X71.8267Y37.8896
G01 X71.7234Y37.8278
G01 X71.6250Y37.7544
G01 X71.5415Y37.6785
G01 X71.4656Y37.5950
G01 X71.3896Y37.4925
G01 X71.3304Y37.3933
G01 X71.2833Y37.2937
G01 X71.2416Y37.1780
G01 X71.2122Y37.0593
G01 X71.1958Y36.9478
G01 X71.1900Y36.8300
G01 X71.1900Y33.0200
G01 X71.1964Y32.8975
G01 X71.2135Y32.7837
G01 X71.2416Y32.6720
G01 X71.2824Y32.5584
G01 X71.3295Y32.4587
G01 X71.3951Y32.3493
G01 X71.4638Y32.2571
G01 X71.5415Y32.1715
G01 X71.6271Y32.0938
G01 X71.7234Y32.0222
G01 X71.8267Y31.9604
G01 X71.9284Y31.9124
G01 X72.0420Y31.8716
G01 X72.1511Y31.8441
G01 X72.2722Y31.8258
G01 X72.3851Y31.8201
G01 X72.5125Y31.8264
G01 X72.6263Y31.8435
G01 X72.7380Y31.8716
G01 X72.8516Y31.9124
G01 X72.9533Y31.9604
G01 X73.0566Y32.0222
G01 X73.1529Y32.0938
G01 X73.2385Y32.1715
G01 X73.3144Y32.2550
G01 X73.3878Y32.3534
G01 X73.4459Y32.4501
G01 X73.5004Y32.5654
G01 X73.5384Y32.6720
G01 X73.5665Y32.7837
G01 X73.5842Y32.9022
G01 X73.5899Y33.0151
G00 Z3.0000
G00 X73.5691Y32.4756
G01 Z-0.2000
G01 X73.5922Y32.4815
G01 X73.6184Y32.4859
G01 X73.6379Y32.4878
G01 X73.6600Y32.4886
G01 X73.6821Y32.4878
G01 X73.7016Y32.4859
G01 X73.7278Y32.4815
G01 X73.7509Y32.4756
G01 X73.7310Y32.5178
G01 X73.7254Y32.5317
G01 X73.6891Y32.6333
G01 X73.6834Y32.6521
G01 X73.6600Y32.7453
G01 X73.6366Y32.6521
G01 X73.6309Y32.6333
G01 X73.5946Y32.5317
G01 X73.5890Y32.5178
G01 X73.5691Y32.4756
G00 Z3.0000
G00 X76.1091Y32.4756
G01 Z-0.2000
G01 X76.1322Y32.4815
G01 X76.1584Y32.4859
G01 X76.1779Y32.4878
G01 X76.2000Y32.4886
G01 X76.2221Y32.4878
G01 X76.2416Y32.4859
G01 X76.2678Y32.4815
G01 X76.2909Y32.4756
G01 X76.2710Y32.5178
G01 X76.2654Y32.5317
G01 X76.2291Y32.6333
G01 X76.2234Y32.6521
G01 X76.2000Y32.7453
G01 X76.1766Y32.6521
G01 X76.1709Y32.6333
G01 X76.1346Y32.5317
G01 X76.1290Y32.5178
G01 X76.1091Y32.4756
G00 Z3.0000
G00 X76.1299Y33.0151
G01 Z-0.2000
G01 X76.1299Y35.5649
G01 X76.1242Y35.6778
G01 X76.1065Y35.7963
G01 X76.0784Y35.9080
G01 X76.0377Y36.0216
G01 X75.9896Y36.1233
G01 X75.9278Y36.2266
G01 X75.8562Y36.3229
G01 X75.7785Y36.4085
G01 X75.6929Y36.4862
G01 X75.5966Y36.5578
G01 X75.4933Y36.6196
G01 X75.3916Y36.6676
G01 X75.2780Y36.7084
G01 X75.1663Y36.7365
G01 X75.0478Y36.7542
G01 X74.9300Y36.7600
G01 X74.8122Y36.7542
G01 X74.6937Y36.7365
G01 X74.5820Y36.7084
G01 X74.4684Y36.6676
G01 X74.3601Y36.6159
G01 X74.2634Y36.5578
G01 X74.1726Y36.4906
G01 X74.0815Y36.4085
G01 X74.0038Y36.3229
G01 X73.9296Y36.2225
G01 X73.8704Y36.1233
G01 X73.8233Y36.0237
G01 X73.7816Y35.9080
G01 X73.7522Y35.7893
G01 X73.7358Y35.6778
G01 X73.7300Y35.5600
G01 X73.7300Y33.0200
G01 X73.7358Y32.9022
G01 X73.7535Y32.7837
G01 X73.7816Y32.6720
G01 X73.8224Y32.5584
G01 X73.8704Y32.4567
G01 X73.9322Y32.3534
G01 X74.0038Y32.2571
G01 X74.0781Y32.1750
G01 X74.1726Y32.0894
G01 X74.2634Y32.0222
G01 X74.3667Y31.9604
G01 X74.4684Y31.9124
G01 X74.5820Y31.8716
G01 X74.6937Y31.8435
G01 X74.8075Y31.8264
G01 X74.9349Y31.8201
G01 X75.0478Y31.8258
G01 X75.1663Y31.8435
G01 X75.2780Y31.8716
G01 X75.3916Y31.9124
G01 X75.4933Y31.9604
G01 X75.5925Y32.0196
G01 X75.6950Y32.0956
G01 X75.7785Y32.1715
G01 X75.8562Y32.2571
G01 X75.9278Y32.3534
G01 X75.9859Y32.4501
G01 X76.0404Y32.5654
G01 X76.0784Y32.6720
G01 X76.1065Y32.7837
G01 X76.1242Y32.9022
G01 X76.1299Y33.0151
G00 Z3.0000
G00 X78.6699Y33.0151
G01 Z-0.2000
G01 X78.6699Y35.5649
G01 X78.6642Y35.6778
G01 X78.6465Y35.7963
G01 X78.6184Y35.9080
G01 X78.5777Y36.0216
G01 X78.5296Y36.1233
G01 X78.4678Y36.2266
G01 X78.3962Y36.3229
G01 X78.3185Y36.4085
G01 X78.2329Y36.4862
G01 X78.1366Y36.5578
G01 X78.0333Y36.6196
G01 X77.9316Y36.6676
G01 X77.8180Y36.7084
G01 X77.7063Y36.7365
G01 X77.5878Y36.7542
G01 X77.4700Y36.7600
G01 X77.3522Y36.7542
G01 X77.2337Y36.7365
G01 X77.1220Y36.7084
G01 X77.0084Y36.6676
G01 X76.9001Y36.6159
G01 X76.8034Y36.5578
G01 X76.7126Y36.4906
G01 X76.6215Y36.4085
G01 X76.5438Y36.3229
G01 X76.4696Y36.2225
G01 X76.4104Y36.1233
G01 X76.3633Y36.0237
G01 X76.3216Y35.9081
G01 X76.2922Y35.7893
G01 X76.2758Y35.6778
G01 X76.2700Y35.5600
G01 X76.2700Y33.0200
G01 X76.2758Y32.9022
G01 X76.2935Y32.7837
G01 X76.3216Y32.6719
G01 X76.3624Y32.5584
G01 X76.4104Y32.4567
G01 X76.4722Y32.3534
G01 X76.5438Y32.2571
G01 X76.6181Y32.1750
G01 X76.7126Y32.0894
G01 X76.8034Y32.0222
G01 X76.9067Y31.9604
G01 X77.0084Y31.9124
G01 X77.1220Y31.8716
G01 X77.2337Y31.8435
G01 X77.3475Y31.8264
G01 X77.4749Y31.8201
G01 X77.5878Y31.8258
G01 X77.7063Y31.8435
G01 X77.8180Y31.8716
G01 X77.9316Y31.9124
G01 X78.0333Y31.9604
G01 X78.1325Y32.0196
G01 X78.2350Y32.0956
G01 X78.3185Y32.1715
G01 X78.3962Y32.2571
G01 X78.4678Y32.3534
G01 X78.5259Y32.4501
G01 X78.5804Y32.5654
G01 X78.6184Y32.6720
G01 X78.6465Y32.7837
G01 X78.6642Y32.9022
G01 X78.6699Y33.0151
G00 Z3.0000
G00 X78.6491Y32.4756
G01 Z-0.2000
G01 X78.6722Y32.4815
G01 X78.6984Y32.4859
G01 X78.7179Y32.4878
G01 X78.7400Y32.4886
G01 X78.7621Y32.4878
G01 X78.7816Y32.4859
G01 X78.8078Y32.4815
G01 X78.8309Y32.4756
G01 X78.8110Y32.5178
G01 X78.8054Y32.5317
G01 X78.7658Y32.6432
G01 X78.7449Y32.7259
G01 X78.7376Y32.7357
G01 X78.7166Y32.6521
G01 X78.7109Y32.6333
G01 X78.6746Y32.5317
G01 X78.6690Y32.5178
G01 X78.6491Y32.4756
G00 Z3.0000
G00 X81.2800Y32.7453
G01 Z-0.2000
G01 X81.2566Y32.6521
G01 X81.2509Y32.6333
G01 X81.2146Y32.5317
G01 X81.2090Y32.5178
G01 X81.1891Y32.4756
G01 X81.2122Y32.4815
G01 X81.2384Y32.4859
G01 X81.2579Y32.4878
G01 X81.2800Y32.4886
G01 X81.3021Y32.4878
G01 X81.3216Y32.4859
G01 X81.3478Y32.4815
G01 X81.3709Y32.4756
G01 X81.3510Y32.5178
G01 X81.3454Y32.5317
G01 X81.3091Y32.6333
G01 X81.3034Y32.6521
G01 X81.2800Y32.7453
G00 Z3.0000
G00 X81.2062Y34.7983
G01 Z-0.2000
G01 X81.2146Y34.7783
G01 X81.2542Y34.6668
G01 X81.2800Y34.5647
G01 X81.3034Y34.6579
G01 X81.3140Y34.6905
G01 X81.2062Y34.7983
G00 Z3.0000
G00 X80.4700Y35.5460
G01 Z-0.2000
G01 X80.4700Y35.5047
G01 X80.4983Y35.4946
G01 X80.5226Y35.4841
G01 X80.4884Y35.5220
G01 X80.4700Y35.5460
G00 Z3.0000
G00 X78.5700Y36.2508
G01 Z-0.2000
G01 X78.5700Y36.5803
G01 X78.5545Y36.5662
G01 X78.5254Y36.5444
G01 X78.5068Y36.5329
G01 X78.4784Y36.5184
G01 X78.4602Y36.5109
G01 X78.4299Y36.5011
G01 X78.3987Y36.4943
G01 X78.3764Y36.4912
G01 X78.3960Y36.4721
G01 X78.4722Y36.3880
G01 X78.5453Y36.2903
G01 X78.5562Y36.2739
G01 X78.5700Y36.2508
G00 Z3.0000
G00 X76.2909Y36.1044
G01 Z-0.2000
G01 X76.2678Y36.0985
G01 X76.2416Y36.0941
G01 X76.2221Y36.0922
G01 X76.2000Y36.0914
G01 X76.1779Y36.0922
G01 X76.1584Y36.0941
G01 X76.1322Y36.0985
G01 X76.1091Y36.1044
G01 X76.1290Y36.0622
G01 X76.1346Y36.0483
G01 X76.1709Y35.9467
G01 X76.1766Y35.9279
G01 X76.2000Y35.8347
G01 X76.2234Y35.9279
G01 X76.2291Y35.9467
G01 X76.2654Y36.0483
G01 X76.2710Y36.0622
G01 X76.2909Y36.1044
G00 Z3.0000
G00 X73.9175Y36.3749
G01 Z-0.2000
G01 X73.8828Y36.3764
G01 X73.8613Y36.3794
G01 X73.8301Y36.3862
G01 X73.7998Y36.3960
G01 X73.7859Y36.4016
G01 X73.7666Y36.4107
G01 X73.7427Y36.4243
G01 X73.7166Y36.4425
G01 X73.7055Y36.4513
G01 X73.6900Y36.4654
G01 X73.6900Y35.9493
G01 X73.7310Y36.0622
G01 X73.7810Y36.1680
G01 X73.7883Y36.1814
G01 X73.8490Y36.2821
G01 X73.9175Y36.3749
G00 Z3.0000
G00 X71.3775Y37.6449
G01 Z-0.2000
G01 X71.3428Y37.6464
G01 X71.3213Y37.6494
G01 X71.2901Y37.6562
G01 X71.2598Y37.6660
G01 X71.2459Y37.6716
G01 X71.2266Y37.6807
G01 X71.2027Y37.6943
G01 X71.1766Y37.7125
G01 X71.1655Y37.7213
G01 X71.1500Y37.7354
G01 X71.1500Y37.2193
G01 X71.1910Y37.3322
G01 X71.2410Y37.4380
G01 X71.2483Y37.4514
G01 X71.3090Y37.5521
G01 X71.3775Y37.6449
G00 Z3.0000
G00 X68.5500Y35.1954
G01 Z-0.2000
G01 X68.5345Y35.1813
G01 X68.5234Y35.1725
G01 X68.4973Y35.1543
G01 X68.4734Y35.1407
G01 X68.4541Y35.1316
G01 X68.4402Y35.1260
G01 X68.4099Y35.1162
G01 X68.3787Y35.1094
G01 X68.3572Y35.1064
G01 X68.3225Y35.1049
G01 X68.3910Y35.0121
G01 X68.4517Y34.9114
G01 X68.4590Y34.8980
G01 X68.5090Y34.7922
G01 X68.5500Y34.6793
G01 X68.5500Y35.1954
G00 Z3.0000
G00 X61.6300Y35.5330
G01 Z-0.2000
G01 X61.6116Y35.5090
G01 X61.5517Y35.4432
G01 X61.3888Y35.2803
G01 X61.4130Y35.3010
G01 X61.5079Y35.3710
G01 X61.6086Y35.4317
G01 X61.6300Y35.4428
G01 X61.6300Y35.5330
G00 Z3.0000
G00 X61.2397Y35.1312
G01 Z-0.2000
G01 X60.8924Y34.7839
G01 X60.9342Y34.6668
G01 X60.9600Y34.5647
G01 X60.9858Y34.6668
G01 X61.0254Y34.7783
G01 X61.0329Y34.7965
G01 X61.0810Y34.8980
G01 X61.0883Y34.9114
G01 X61.1490Y35.0121
G01 X61.2190Y35.1070
G01 X61.2397Y35.1312
G00 Z3.0000
G00 X78.5700Y43.4349
G01 Z-0.2000
G01 X78.5700Y43.7592
G01 X78.5562Y43.7361
G01 X78.5453Y43.7197
G01 X78.4722Y43.6220
G01 X78.3960Y43.5379
G01 X78.3815Y43.5234
G01 X78.4128Y43.5184
G01 X78.4299Y43.5142
G01 X78.4487Y43.5085
G01 X78.4784Y43.4968
G01 X78.5068Y43.4823
G01 X78.5254Y43.4709
G01 X78.5545Y43.4490
G01 X78.5700Y43.4349
G00 Z3.0000
G00 X78.2947Y45.7249
G01 Z-0.2000
G01 X72.3714Y51.6485
G01 X72.2858Y51.7262
G01 X72.1894Y51.7978
G01 X72.0861Y51.8596
G01 X71.9844Y51.9076
G01 X71.8709Y51.9484
G01 X71.7591Y51.9765
G01 X71.6406Y51.9942
G01 X71.5229Y52.0000
G01 X67.3100Y52.0000
G01 X67.1922Y51.9942
G01 X67.0711Y51.9759
G01 X66.9620Y51.9484
G01 X66.8554Y51.9104
G01 X66.7467Y51.8596
G01 X66.6393Y51.7949
G01 X66.5471Y51.7262
G01 X66.4650Y51.6519
G01 X66.3838Y51.5629
G01 X66.3096Y51.4625
G01 X66.2504Y51.3633
G01 X66.2024Y51.2616
G01 X66.1616Y51.1480
G01 X66.1335Y51.0363
G01 X66.1158Y50.9178
G01 X66.1100Y50.8000
G01 X66.1158Y50.6822
G01 X66.1335Y50.5637
G01 X66.1616Y50.4520
G01 X66.2033Y50.3363
G01 X66.2541Y50.2301
G01 X66.3122Y50.1334
G01 X66.3794Y50.0426
G01 X66.4615Y49.9515
G01 X66.5450Y49.8756
G01 X66.6434Y49.8022
G01 X66.7467Y49.7404
G01 X66.8484Y49.6924
G01 X66.9570Y49.6532
G01 X67.0807Y49.6222
G01 X67.1922Y49.6058
G01 X67.3100Y49.6000
G01 X71.0258Y49.6000
G01 X76.2747Y44.3511
G01 X76.2764Y44.3275
G01 X76.2935Y44.2137
G01 X76.3232Y44.0970
G01 X76.3624Y43.9884
G01 X76.4095Y43.8887
G01 X76.4751Y43.7793
G01 X76.5438Y43.6871
G01 X76.6181Y43.6050
G01 X76.7071Y43.5238
G01 X76.8075Y43.4496
G01 X76.9067Y43.3904
G01 X77.0084Y43.3424
G01 X77.1220Y43.3016
G01 X77.2337Y43.2735
G01 X77.3522Y43.2558
G01 X77.4700Y43.2500
G01 X77.5878Y43.2558
G01 X77.7063Y43.2735
G01 X77.8180Y43.3016
G01 X77.9246Y43.3396
G01 X78.0399Y43.3941
G01 X78.1366Y43.4522
G01 X78.2350Y43.5256
G01 X78.3185Y43.6015
G01 X78.3962Y43.6871
G01 X78.4678Y43.7834
G01 X78.5296Y43.8867
G01 X78.5776Y43.9884
G01 X78.6184Y44.1020
G01 X78.6465Y44.2137
G01 X78.6642Y44.3322
G01 X78.6700Y44.4500
G01 X78.6642Y44.5678
G01 X78.6478Y44.6793
G01 X78.6336Y44.7380
G01 X78.6374Y44.7673
G01 X78.6428Y44.8800
G01 X78.6364Y45.0025
G01 X78.6193Y45.1163
G01 X78.5912Y45.2281
G01 X78.5505Y45.3416
G01 X78.5033Y45.4413
G01 X78.4378Y45.5507
G01 X78.3691Y45.6429
G01 X78.2947Y45.7249
G00 Z3.0000
G00 X75.5080Y48.6533
G01 Z-0.2000
G01 X75.5456Y48.6157
G01 X75.7345Y48.4268
G01 X75.7302Y48.4623
G01 X75.7266Y48.5358
G01 X75.7264Y48.7438
G01 X75.7108Y48.7297
G01 X75.6818Y48.7078
G01 X75.6497Y48.6890
G01 X75.6304Y48.6799
G01 X75.5951Y48.6670
G01 X75.5691Y48.6603
G01 X75.5335Y48.6548
G01 X75.5080Y48.6533
G00 Z3.0000
G00 X81.1264Y51.1994
G01 Z-0.2000
G01 X81.1264Y50.3889
G01 X81.2609Y50.2544
G01 X81.2513Y50.2780
G01 X81.2100Y50.3945
G01 X81.1801Y50.5125
G01 X81.1744Y50.5414
G01 X81.1585Y50.6482
G01 X81.1557Y50.6775
G01 X81.1500Y50.8000
G01 X81.1568Y50.9377
G01 X81.1744Y51.0586
G01 X81.1783Y51.0797
G01 X81.2041Y51.1833
G01 X81.1619Y51.1901
G01 X81.1264Y51.1994
G00 Z3.0000
G00 X83.7535Y49.4000
G01 Z-0.2000
G01 X82.5500Y49.4000
G01 X82.4275Y49.4057
G01 X82.3982Y49.4085
G01 X82.2914Y49.4244
G01 X82.2625Y49.4301
G01 X82.1445Y49.4600
G01 X82.0280Y49.5013
G01 X82.0044Y49.5109
G01 X82.2053Y49.3100
G01 X83.0727Y49.3096
G01 X83.1462Y49.3060
G01 X83.1755Y49.3031
G01 X83.2483Y49.2923
G01 X83.2694Y49.2884
G01 X83.3120Y49.2779
G01 X83.3546Y49.2884
G01 X83.3757Y49.2923
G01 X83.4485Y49.3031
G01 X83.4778Y49.3060
G01 X83.5513Y49.3096
G01 X83.5807Y49.3096
G01 X83.6694Y49.3049
G01 X83.7353Y49.2955
G01 X83.7368Y49.3171
G01 X83.7403Y49.3434
G01 X83.7442Y49.3645
G01 X83.7535Y49.4000
G00 Z3.0000
G00 X83.8540Y49.1650
G01 Z-0.2000
G01 X83.8485Y49.1812
G01 X83.8418Y49.2072
G01 X83.8374Y49.2334
G01 X83.8355Y49.2529
G01 X83.8347Y49.2750
G01 X83.8355Y49.2971
G01 X83.8374Y49.3166
G01 X83.8418Y49.3428
G01 X83.8485Y49.3688
G01 X83.8517Y49.3787
G01 X83.8614Y49.4041
G01 X83.8705Y49.4234
G01 X83.8842Y49.4473
G01 X83.8951Y49.4636
G01 X83.9112Y49.4845
G01 X83.9253Y49.5000
G01 X82.5500Y49.5000
G01 X82.4324Y49.5055
G01 X82.4128Y49.5075
G01 X82.2920Y49.5259
G01 X82.1821Y49.5534
G01 X82.1633Y49.5591
G01 X82.0478Y49.6010
G01 X81.9460Y49.6491
G01 X81.9286Y49.6583
G01 X81.8279Y49.7190
G01 X81.7330Y49.7890
G01 X81.7179Y49.8015
G01 X81.6379Y49.8740
G01 X81.6240Y49.8879
G01 X81.5478Y49.9720
G01 X81.4690Y50.0779
G01 X81.4083Y50.1786
G01 X81.4010Y50.1920
G01 X81.3529Y50.2935
G01 X81.3454Y50.3117
G01 X81.3091Y50.4133
G01 X81.3034Y50.4321
G01 X81.2759Y50.5420
G01 X81.2563Y50.6723
G01 X81.2500Y50.8000
G01 X81.2555Y50.9176
G01 X81.2575Y50.9372
G01 X81.2733Y51.0439
G01 X81.2771Y51.0632
G01 X81.3058Y51.1768
G01 X81.3482Y51.2954
G01 X81.3244Y51.2889
G01 X81.3051Y51.2851
G01 X81.2835Y51.2821
G01 X81.2612Y51.2808
G01 X81.2416Y51.2808
G01 X81.2192Y51.2821
G01 X81.1836Y51.2877
G01 X81.1576Y51.2943
G01 X81.1477Y51.2976
G01 X81.1223Y51.3073
G01 X81.1030Y51.3164
G01 X81.0791Y51.3301
G01 X81.0628Y51.3410
G01 X81.0419Y51.3571
G01 X81.0264Y51.3711
G01 X81.0264Y50.3475
G01 X82.1639Y49.2100
G01 X83.0678Y49.2098
G01 X83.1413Y49.2061
G01 X83.1609Y49.2042
G01 X83.2477Y49.1908
G01 X83.3120Y49.1748
G01 X83.3763Y49.1908
G01 X83.4631Y49.2042
G01 X83.4827Y49.2061
G01 X83.5562Y49.2098
G01 X83.5758Y49.2098
G01 X83.6594Y49.2054
G01 X83.7417Y49.1934
G01 X83.7609Y49.1896
G01 X83.8323Y49.1717
G01 X83.8540Y49.1650
G00 Z3.0000
G00 X86.3600Y49.6000
G01 Z-0.2000
G01 X86.4778Y49.6058
G01 X86.5963Y49.6235
G01 X86.7080Y49.6516
G01 X86.8146Y49.6896
G01 X86.9299Y49.7441
G01 X87.0266Y49.8022
G01 X87.1250Y49.8756
G01 X87.2085Y49.9515
G01 X87.2862Y50.0371
G01 X87.3578Y50.1334
G01 X87.4196Y50.2367
G01 X87.4677Y50.3384
G01 X87.5084Y50.4520
G01 X87.5365Y50.5637
G01 X87.5536Y50.6775
G01 X87.5599Y50.8049
G01 X87.5542Y50.9178
G01 X87.5359Y51.0389
G01 X87.5084Y51.1480
G01 X87.4677Y51.2616
G01 X87.4196Y51.3633
G01 X87.3578Y51.4666
G01 X87.2862Y51.5629
G01 X87.2085Y51.6485
G01 X87.1229Y51.7262
G01 X87.0307Y51.7949
G01 X86.9213Y51.8605
G01 X86.8216Y51.9076
G01 X86.7080Y51.9484
G01 X86.5963Y51.9765
G01 X86.4825Y51.9936
G01 X86.3600Y52.0000
G01 X82.5500Y52.0000
G01 X82.4322Y51.9942
G01 X82.3207Y51.9778
G01 X82.2020Y51.9484
G01 X82.0863Y51.9067
G01 X81.9867Y51.8596
G01 X81.8875Y51.8004
G01 X81.7850Y51.7244
G01 X81.7015Y51.6485
G01 X81.6256Y51.5650
G01 X81.5522Y51.4666
G01 X81.4904Y51.3633
G01 X81.4433Y51.2637
G01 X81.4016Y51.1480
G01 X81.3735Y51.0363
G01 X81.3558Y50.9178
G01 X81.3500Y50.8000
G01 X81.3558Y50.6822
G01 X81.3735Y50.5637
G01 X81.4016Y50.4520
G01 X81.4424Y50.3384
G01 X81.4904Y50.2367
G01 X81.5522Y50.1334
G01 X81.6238Y50.0371
G01 X81.7015Y49.9515
G01 X81.7871Y49.8738
G01 X81.8834Y49.8022
G01 X81.9867Y49.7404
G01 X82.0884Y49.6924
G01 X82.2020Y49.6516
G01 X82.3137Y49.6235
G01 X82.4275Y49.6064
G01 X82.5500Y49.6000
G01 X86.3600Y49.6000
G00 Z3.0000
G00 X84.0956Y45.2867
G01 Z-0.2000
G01 X84.0629Y45.2883
G01 X84.0273Y45.2939
G01 X84.0013Y45.3005
G01 X83.9660Y45.3135
G01 X83.9467Y45.3226
G01 X83.9146Y45.3414
G01 X83.8856Y45.3632
G01 X83.8700Y45.3773
G01 X83.8700Y44.8953
G01 X83.8910Y44.9522
G01 X83.9391Y45.0540
G01 X83.9483Y45.0714
G01 X84.0090Y45.1721
G01 X84.0790Y45.2670
G01 X84.0956Y45.2867
G00 Z3.0000
G00 X83.8700Y43.5227
G01 Z-0.2000
G01 X83.8856Y43.5368
G01 X83.9146Y43.5586
G01 X83.9467Y43.5774
G01 X83.9660Y43.5865
G01 X84.0013Y43.5995
G01 X84.0273Y43.6061
G01 X84.0629Y43.6117
G01 X84.0956Y43.6133
G01 X84.0790Y43.6330
G01 X84.0090Y43.7279
G01 X83.9483Y43.8286
G01 X83.9391Y43.8460
G01 X83.8910Y43.9478
G01 X83.8700Y44.0047
G01 X83.8700Y43.5227
G00 Z3.0000
G00 X91.1869Y42.5450
G01 Z-0.2000
G01 X91.2296Y42.6167
G01 X91.2776Y42.7184
G01 X91.3184Y42.8320
G01 X91.3465Y42.9437
G01 X91.3636Y43.0575
G01 X91.3700Y43.1800
G01 X91.3700Y50.8700
G01 X91.4449Y50.8701
G01 X91.5527Y50.8754
G01 X91.6693Y50.8922
G01 X91.7880Y50.9216
G01 X91.8946Y50.9596
G01 X92.0033Y51.0104
G01 X92.1066Y51.0722
G01 X92.2029Y51.1438
G01 X92.2885Y51.2215
G01 X92.3662Y51.3071
G01 X92.4404Y51.4075
G01 X92.4996Y51.5067
G01 X92.5467Y51.6063
G01 X92.5868Y51.7170
G01 X92.6165Y51.8337
G01 X92.6342Y51.9522
G01 X92.6400Y52.0700
G01 X92.6342Y52.1878
G01 X92.6159Y52.3089
G01 X92.5884Y52.4180
G01 X92.5504Y52.5246
G01 X92.4996Y52.6333
G01 X92.4349Y52.7407
G01 X92.3662Y52.8329
G01 X92.2919Y52.9150
G01 X92.2029Y52.9962
G01 X92.1025Y53.0704
G01 X92.0033Y53.1296
G01 X91.9016Y53.1776
G01 X91.7880Y53.2184
G01 X91.6763Y53.2465
G01 X91.5578Y53.2642
G01 X91.4449Y53.2699
G01 X90.1700Y53.2700
G01 X90.0522Y53.2642
G01 X89.9337Y53.2465
G01 X89.8264Y53.2196
G01 X89.7063Y53.1767
G01 X89.6067Y53.1296
G01 X89.5034Y53.0678
G01 X89.4071Y52.9962
G01 X89.3250Y52.9219
G01 X89.2394Y52.8274
G01 X89.1722Y52.7366
G01 X89.1104Y52.6333
G01 X89.0624Y52.5316
G01 X89.0232Y52.4230
G01 X88.9922Y52.2993
G01 X88.9758Y52.1878
G01 X88.9700Y52.0700
G01 X88.9700Y46.2171
G01 X88.4029Y45.6500
G01 X85.0900Y45.6500
G01 X84.9722Y45.6442
G01 X84.8537Y45.6265
G01 X84.7420Y45.5984
G01 X84.6354Y45.5604
G01 X84.5201Y45.5059
G01 X84.4234Y45.4478
G01 X84.3250Y45.3744
G01 X84.2415Y45.2985
G01 X84.1638Y45.2129
G01 X84.0922Y45.1166
G01 X84.0341Y45.0199
G01 X83.9796Y44.9046
G01 X83.9416Y44.7980
G01 X83.9135Y44.6863
G01 X83.8958Y44.5678
G01 X83.8901Y44.4549
G01 X83.8964Y44.3275
G01 X83.9135Y44.2137
G01 X83.9404Y44.1064
G01 X83.9824Y43.9884
G01 X84.0304Y43.8867
G01 X84.0896Y43.7875
G01 X84.1638Y43.6871
G01 X84.2415Y43.6015
G01 X84.3250Y43.5256
G01 X84.4234Y43.4522
G01 X84.5287Y43.3895
G01 X84.6284Y43.3424
G01 X84.7370Y43.3032
G01 X84.8607Y43.2722
G01 X84.9722Y43.2558
G01 X85.0900Y43.2500
G01 X87.1329Y43.2500
G01 X88.9700Y41.4129
G01 X88.9700Y33.0200
G01 X88.9764Y32.8975
G01 X88.9935Y32.7837
G01 X89.0216Y32.6720
G01 X89.0624Y32.5584
G01 X89.1095Y32.4587
G01 X89.1751Y32.3493
G01 X89.2456Y32.2550
G01 X89.3215Y32.1715
G01 X89.4050Y32.0956
G01 X89.5034Y32.0222
G01 X89.6001Y31.9641
G01 X89.7084Y31.9124
G01 X89.8220Y31.8716
G01 X89.9337Y31.8435
G01 X90.0475Y31.8264
G01 X90.1700Y31.8200
G01 X92.7100Y31.8200
G01 X92.8278Y31.8258
G01 X92.9393Y31.8422
G01 X93.0580Y31.8716
G01 X93.1737Y31.9133
G01 X93.2733Y31.9604
G01 X93.3725Y32.0196
G01 X93.4729Y32.0938
G01 X93.5585Y32.1715
G01 X93.6406Y32.2626
G01 X93.7078Y32.3534
G01 X93.7659Y32.4501
G01 X93.8177Y32.5584
G01 X93.8584Y32.6720
G01 X93.8878Y32.7907
G01 X93.9042Y32.9022
G01 X93.9099Y33.0151
G01 X93.9042Y33.1378
G01 X93.8859Y33.2589
G01 X93.8584Y33.3680
G01 X93.8204Y33.4746
G01 X93.7696Y33.5833
G01 X93.7078Y33.6866
G01 X93.6362Y33.7829
G01 X93.5585Y33.8685
G01 X93.4729Y33.9462
G01 X93.3766Y34.0178
G01 X93.2733Y34.0796
G01 X93.1716Y34.1276
G01 X93.0580Y34.1684
G01 X92.9463Y34.1965
G01 X92.8278Y34.2142
G01 X92.7100Y34.2200
G01 X91.3700Y34.2200
G01 X91.3700Y41.9100
G01 X91.3636Y42.0325
G01 X91.3465Y42.1463
G01 X91.3184Y42.2580
G01 X91.2776Y42.3716
G01 X91.2296Y42.4733
G01 X91.1869Y42.5450
G00 Z3.0000
G00 X83.7462Y34.7983
G01 Z-0.2000
G01 X83.7546Y34.7783
G01 X83.7942Y34.6668
G01 X83.8200Y34.5647
G01 X83.8434Y34.6579
G01 X83.8540Y34.6905
G01 X83.7462Y34.7983
G00 Z3.0000
G00 X83.7291Y32.4756
G01 Z-0.2000
G01 X83.7522Y32.4815
G01 X83.7784Y32.4859
G01 X83.7979Y32.4878
G01 X83.8200Y32.4886
G01 X83.8421Y32.4878
G01 X83.8616Y32.4859
G01 X83.8878Y32.4815
G01 X83.9109Y32.4756
G01 X83.8910Y32.5178
G01 X83.8854Y32.5317
G01 X83.8491Y32.6333
G01 X83.8434Y32.6521
G01 X83.8200Y32.7453
G01 X83.7966Y32.6521
G01 X83.7909Y32.6333
G01 X83.7546Y32.5317
G01 X83.7490Y32.5178
G01 X83.7291Y32.4756
G00 Z3.0000
G00 X91.8690Y13.1182
G01 Z-0.2000
G01 X93.5585Y14.8073
G01 X93.6362Y14.8930
G01 X93.7078Y14.9893
G01 X93.7705Y15.0946
G01 X93.8176Y15.1943
G01 X93.8568Y15.3029
G01 X93.8865Y15.4196
G01 X93.9042Y15.5381
G01 X93.9100Y15.6559
G01 X93.9099Y16.5149
G01 X93.9042Y16.6278
G01 X93.8865Y16.7463
G01 X93.8584Y16.8580
G01 X93.8176Y16.9716
G01 X93.7659Y17.0799
G01 X93.7078Y17.1766
G01 X93.6406Y17.2674
G01 X93.5585Y17.3585
G01 X93.4729Y17.4362
G01 X93.3766Y17.5078
G01 X93.2713Y17.5705
G01 X93.1716Y17.6176
G01 X93.0630Y17.6568
G01 X92.9463Y17.6865
G01 X92.8278Y17.7042
G01 X92.7051Y17.7099
G01 X92.5922Y17.7042
G01 X92.4807Y17.6878
G01 X92.3620Y17.6584
G01 X92.2484Y17.6176
G01 X92.1401Y17.5659
G01 X92.0434Y17.5078
G01 X91.9526Y17.4406
G01 X91.8615Y17.3585
G01 X91.7794Y17.2674
G01 X91.7122Y17.1766
G01 X91.6541Y17.0799
G01 X91.6024Y16.9716
G01 X91.5616Y16.8580
G01 X91.5335Y16.7463
G01 X91.5154Y16.6227
G01 X91.5100Y16.5100
G01 X91.5100Y16.1529
G01 X90.5271Y15.1700
G01 X85.0900Y15.1700
G01 X84.9773Y15.1646
G01 X84.8537Y15.1465
G01 X84.7464Y15.1196
G01 X84.6263Y15.0767
G01 X84.5267Y15.0296
G01 X84.4234Y14.9678
G01 X84.3271Y14.8962
G01 X84.2415Y14.8185
G01 X84.1638Y14.7329
G01 X84.0922Y14.6366
G01 X84.0304Y14.5333
G01 X83.9824Y14.4316
G01 X83.9416Y14.3180
G01 X83.9135Y14.2063
G01 X83.8958Y14.0878
G01 X83.8900Y13.9700
G01 X83.8901Y6.3451
G01 X83.8958Y6.2322
G01 X83.9135Y6.1137
G01 X83.9416Y6.0020
G01 X83.9824Y5.8884
G01 X84.0304Y5.7867
G01 X84.0922Y5.6834
G01 X84.1638Y5.5871
G01 X84.2415Y5.5015
G01 X84.3326Y5.4194
G01 X84.4234Y5.3522
G01 X84.5201Y5.2941
G01 X84.6284Y5.2424
G01 X84.7464Y5.2004
G01 X84.8537Y5.1735
G01 X84.9675Y5.1564
G01 X85.0900Y5.1500
G01 X85.2125Y5.1564
G01 X85.3263Y5.1735
G01 X85.4336Y5.2004
G01 X85.5516Y5.2424
G01 X85.6599Y5.2941
G01 X85.7566Y5.3522
G01 X85.8474Y5.4194
G01 X85.9385Y5.5015
G01 X86.0206Y5.5926
G01 X86.0878Y5.6834
G01 X86.1459Y5.7801
G01 X86.1976Y5.8884
G01 X86.2384Y6.0020
G01 X86.2665Y6.1137
G01 X86.2836Y6.2275
G01 X86.2900Y6.3500
G01 X86.2900Y12.7700
G01 X91.0241Y12.7700
G01 X91.1369Y12.7754
G01 X91.2604Y12.7935
G01 X91.3677Y12.8204
G01 X91.4878Y12.8633
G01 X91.5874Y12.9104
G01 X91.6907Y12.9722
G01 X91.7870Y13.0438
G01 X91.8690Y13.1182
G00 Z3.0000
G00 X94.7200Y3.9873
G01 Z-0.2000
G01 X94.7200Y3.6327
G01 X94.7892Y3.2850
G01 X94.9249Y2.9574
G01 X95.1218Y2.6626
G01 X95.3726Y2.4118
G01 X95.6674Y2.2149
G01 X95.9950Y2.0792
G01 X96.3427Y2.0100
G01 X96.6973Y2.0100
G01 X97.0450Y2.0792
G01 X97.3726Y2.2149
G01 X97.6674Y2.4118
G01 X97.9182Y2.6626
G01 X98.1151Y2.9574
G01 X98.2508Y3.2850
G01 X98.3200Y3.6327
G01 X98.3200Y3.9873
G01 X98.2508Y4.3350
G01 X98.1151Y4.6626
G01 X97.9182Y4.9574
G01 X97.6674Y5.2082
G01 X97.3726Y5.4051
G01 X97.0450Y5.5408
G01 X96.6973Y5.6100
G01 X96.3427Y5.6100
G01 X95.9950Y5.5408
G01 X95.6674Y5.4051
G01 X95.3726Y5.2082
G01 X95.1218Y4.9574
G01 X94.9249Y4.6626
G01 X94.7892Y4.3350
G01 X94.7200Y3.9873
G00 Z3.0000
G00 X94.8200Y3.9774
G01 Z-0.2000
G01 X94.8200Y3.6426
G01 X94.8853Y3.3141
G01 X95.0135Y3.0047
G01 X95.1995Y2.7263
G01 X95.4363Y2.4895
G01 X95.7147Y2.3035
G01 X96.0241Y2.1753
G01 X96.3526Y2.1100
G01 X96.6874Y2.1100
G01 X97.0159Y2.1753
G01 X97.3253Y2.3035
G01 X97.6037Y2.4895
G01 X97.8405Y2.7263
G01 X98.0265Y3.0047
G01 X98.1547Y3.3141
G01 X98.2200Y3.6426
G01 X98.2200Y3.9774
G01 X98.1547Y4.3059
G01 X98.0265Y4.6153
G01 X97.8405Y4.8937
G01 X97.6037Y5.1305
G01 X97.3253Y5.3165
G01 X97.0159Y5.4447
G01 X96.6874Y5.5100
G01 X96.3526Y5.5100
G01 X96.0241Y5.4447
G01 X95.7147Y5.3165
G01 X95.4363Y5.1305
G01 X95.1995Y4.8937
G01 X95.0135Y4.6153
G01 X94.8853Y4.3059
G01 X94.8200Y3.9774
G00 Z3.0000
G00 X94.9200Y3.9676
G01 Z-0.2000
G01 X94.9200Y3.6524
G01 X94.9815Y3.3433
G01 X95.1021Y3.0521
G01 X95.2772Y2.7901
G01 X95.5001Y2.5672
G01 X95.7621Y2.3921
G01 X96.0533Y2.2715
G01 X96.3624Y2.2100
G01 X96.6776Y2.2100
G01 X96.9867Y2.2715
G01 X97.2779Y2.3921
G01 X97.5399Y2.5672
G01 X97.7628Y2.7901
G01 X97.9379Y3.0521
G01 X98.0585Y3.3433
G01 X98.1200Y3.6524
G01 X98.1200Y3.9676
G01 X98.0585Y4.2767
G01 X97.9379Y4.5679
G01 X97.7628Y4.8299
G01 X97.5399Y5.0528
G01 X97.2779Y5.2279
G01 X96.9867Y5.3485
G01 X96.6776Y5.4100
G01 X96.3624Y5.4100
G01 X96.0533Y5.3485
G01 X95.7621Y5.2279
G01 X95.5001Y5.0528
G01 X95.2772Y4.8299
G01 X95.1021Y4.5679
G01 X94.9815Y4.2767
G01 X94.9200Y3.9676
G00 Z3.0000
G00 X92.6399Y60.9551
G01 Z-0.2000
G01 X92.6342Y61.0778
G01 X92.6165Y61.1963
G01 X92.5884Y61.3080
G01 X92.5477Y61.4216
G01 X92.4996Y61.5233
G01 X92.4378Y61.6266
G01 X92.3662Y61.7229
G01 X92.2885Y61.8085
G01 X92.2029Y61.8862
G01 X92.1066Y61.9578
G01 X92.0033Y62.0196
G01 X91.9016Y62.0676
G01 X91.7880Y62.1084
G01 X91.6763Y62.1365
G01 X91.5578Y62.1542
G01 X91.4400Y62.1600
G01 X86.3600Y62.1600
G01 X86.2422Y62.1542
G01 X86.1237Y62.1365
G01 X86.0120Y62.1084
G01 X85.8984Y62.0676
G01 X85.7967Y62.0196
G01 X85.6975Y61.9604
G01 X85.5950Y61.8844
G01 X85.5115Y61.8085
G01 X85.4338Y61.7229
G01 X85.3622Y61.6266
G01 X85.3041Y61.5299
G01 X85.2496Y61.4146
G01 X85.2116Y61.3080
G01 X85.1835Y61.1963
G01 X85.1658Y61.0778
G01 X85.1600Y60.9600
G01 X85.1658Y60.8422
G01 X85.1835Y60.7237
G01 X85.2116Y60.6120
G01 X85.2524Y60.4984
G01 X85.3004Y60.3967
G01 X85.3622Y60.2934
G01 X85.4338Y60.1971
G01 X85.5115Y60.1115
G01 X85.5971Y60.0338
G01 X85.6934Y59.9622
G01 X85.7967Y59.9004
G01 X85.8984Y59.8524
G01 X86.0120Y59.8116
G01 X86.1237Y59.7835
G01 X86.2422Y59.7658
G01 X86.3600Y59.7600
G01 X91.4400Y59.7600
G01 X91.5578Y59.7658
G01 X91.6763Y59.7835
G01 X91.7880Y59.8116
G01 X91.9016Y59.8524
G01 X92.0033Y59.9004
G01 X92.1025Y59.9596
G01 X92.2050Y60.0356
G01 X92.2885Y60.1115
G01 X92.3662Y60.1971
G01 X92.4378Y60.2934
G01 X92.4959Y60.3901
G01 X92.5504Y60.5054
G01 X92.5884Y60.6120
G01 X92.6165Y60.7237
G01 X92.6342Y60.8422
G01 X92.6399Y60.9551
G00 Z3.0000
G00 X91.7147Y62.2300
G01 Z-0.2000
G01 X91.8079Y62.2066
G01 X91.8267Y62.2009
G01 X91.9283Y62.1646
G01 X91.9422Y62.1590
G01 X91.9844Y62.1391
G01 X91.9785Y62.1622
G01 X91.9741Y62.1884
G01 X91.9722Y62.2079
G01 X91.9714Y62.2300
G01 X91.9722Y62.2521
G01 X91.9741Y62.2716
G01 X91.9785Y62.2978
G01 X91.9844Y62.3209
G01 X91.9422Y62.3010
G01 X91.9283Y62.2954
G01 X91.8267Y62.2591
G01 X91.8079Y62.2534
G01 X91.7147Y62.2300
G00 Z3.0000
G00 X89.3551Y62.4875
G01 Z-0.2000
G01 X89.3536Y62.4529
G01 X89.3506Y62.4313
G01 X89.3438Y62.4001
G01 X89.3340Y62.3698
G01 X89.3284Y62.3559
G01 X89.3193Y62.3366
G01 X89.3057Y62.3127
G01 X89.2875Y62.2866
G01 X89.2787Y62.2755
G01 X89.2646Y62.2600
G01 X89.7807Y62.2600
G01 X89.6678Y62.3010
G01 X89.5620Y62.3510
G01 X89.5486Y62.3583
G01 X89.4479Y62.4190
G01 X89.3551Y62.4875
G00 Z3.0000
G00 X79.1600Y63.9230
G01 Z-0.2000
G01 X79.1600Y63.5000
G01 X79.1641Y63.4165
G01 X79.1768Y63.3320
G01 X79.1953Y63.2580
G01 X79.2264Y63.1709
G01 X79.2264Y49.9540
G01 X79.2305Y49.8707
G01 X79.2427Y49.7882
G01 X79.2629Y49.7075
G01 X79.2893Y49.6333
G01 X79.3268Y49.5533
G01 X79.3725Y49.4777
G01 X79.4193Y49.4147
G01 X79.4720Y49.3565
G01 X82.0700Y46.7582
G01 X82.0700Y36.9680
G01 X82.0741Y36.8845
G01 X82.0868Y36.8000
G01 X82.1082Y36.7166
G01 X82.1357Y36.6403
G01 X82.1682Y36.5717
G01 X82.2132Y36.4958
G01 X82.2662Y36.4250
G01 X82.3190Y36.3669
G01 X83.9695Y34.7164
G01 X83.9416Y34.6380
G01 X83.9135Y34.5263
G01 X83.8958Y34.4078
G01 X83.8901Y34.2949
G01 X83.8900Y33.0200
G01 X83.8954Y32.9073
G01 X83.9135Y32.7837
G01 X83.9432Y32.6670
G01 X83.9824Y32.5584
G01 X84.0295Y32.4587
G01 X84.0922Y32.3534
G01 X84.1656Y32.2550
G01 X84.2415Y32.1715
G01 X84.3271Y32.0938
G01 X84.4275Y32.0196
G01 X84.5267Y31.9604
G01 X84.6284Y31.9124
G01 X84.7464Y31.8704
G01 X84.8537Y31.8435
G01 X84.9722Y31.8258
G01 X85.0900Y31.8200
G01 X85.2027Y31.8254
G01 X85.3263Y31.8435
G01 X85.4430Y31.8732
G01 X85.5516Y31.9124
G01 X85.6533Y31.9604
G01 X85.7607Y32.0251
G01 X85.8529Y32.0938
G01 X85.9350Y32.1681
G01 X86.0162Y32.2571
G01 X86.0904Y32.3575
G01 X86.1496Y32.4567
G01 X86.1967Y32.5563
G01 X86.2384Y32.6720
G01 X86.2665Y32.7837
G01 X86.2836Y32.8975
G01 X86.2900Y33.0200
G01 X86.2899Y34.2949
G01 X86.2842Y34.4078
G01 X86.2678Y34.5193
G01 X86.2384Y34.6380
G01 X86.1976Y34.7516
G01 X86.1459Y34.8599
G01 X86.0878Y34.9566
G01 X86.0206Y35.0474
G01 X85.9419Y35.1350
G01 X85.8529Y35.2162
G01 X85.8100Y35.2484
G01 X85.7939Y35.2742
G01 X85.7501Y35.3334
G01 X85.6910Y35.3990
G01 X83.7700Y37.3201
G01 X83.7700Y46.4198
G01 X83.8124Y46.4305
G01 X83.8867Y46.4569
G01 X83.9710Y46.4968
G01 X84.0422Y46.5401
G01 X84.1069Y46.5883
G01 X84.1635Y46.6396
G01 X84.2217Y46.7031
G01 X84.2754Y46.7759
G01 X84.3169Y46.8457
G01 X84.3493Y46.9142
G01 X84.3795Y46.9976
G01 X84.3992Y47.0760
G01 X84.4113Y47.1558
G01 X84.4160Y47.2440
G01 X84.4160Y48.2600
G01 X84.4119Y48.3435
G01 X84.3986Y48.4306
G01 X84.3795Y48.5064
G01 X84.3531Y48.5807
G01 X84.3169Y48.6583
G01 X84.2699Y48.7362
G01 X84.2217Y48.8009
G01 X84.1704Y48.8575
G01 X84.1069Y48.9157
G01 X84.0341Y48.9694
G01 X83.9643Y49.0109
G01 X83.8958Y49.0433
G01 X83.8124Y49.0735
G01 X83.7340Y49.0932
G01 X83.6542Y49.1053
G01 X83.5660Y49.1100
G01 X83.4825Y49.1059
G01 X83.4050Y49.0945
G01 X83.3240Y49.0747
G01 X83.3120Y49.0709
G01 X83.3000Y49.0747
G01 X83.2190Y49.0945
G01 X83.1415Y49.1059
G01 X83.0629Y49.1099
G01 X82.1224Y49.1100
G01 X80.9264Y50.3060
G01 X80.9264Y63.4336
G01 X80.9223Y63.5171
G01 X80.9096Y63.6016
G01 X80.8899Y63.6801
G01 X80.8600Y63.7627
G01 X80.8600Y63.9230
G01 X80.9362Y64.0071
G01 X81.0078Y64.1034
G01 X81.0696Y64.2067
G01 X81.1177Y64.3084
G01 X81.1584Y64.4220
G01 X81.1865Y64.5337
G01 X81.2042Y64.6522
G01 X81.2100Y64.7700
G01 X81.2042Y64.8878
G01 X81.1865Y65.0063
G01 X81.1584Y65.1180
G01 X81.1177Y65.2316
G01 X81.0696Y65.3333
G01 X81.0078Y65.4366
G01 X80.9362Y65.5329
G01 X80.8585Y65.6185
G01 X80.7729Y65.6962
G01 X80.6766Y65.7678
G01 X80.5733Y65.8296
G01 X80.4716Y65.8776
G01 X80.3580Y65.9184
G01 X80.2463Y65.9465
G01 X80.1278Y65.9642
G01 X80.0100Y65.9700
G01 X79.8922Y65.9642
G01 X79.7737Y65.9465
G01 X79.6620Y65.9184
G01 X79.5484Y65.8776
G01 X79.4467Y65.8296
G01 X79.3434Y65.7678
G01 X79.2471Y65.6962
G01 X79.1615Y65.6185
G01 X79.0838Y65.5329
G01 X79.0122Y65.4366
G01 X78.9504Y65.3333
G01 X78.9024Y65.2316
G01 X78.8616Y65.1180
G01 X78.8335Y65.0063
G01 X78.8158Y64.8878
G01 X78.8100Y64.7700
G01 X78.8158Y64.6522
G01 X78.8335Y64.5337
G01 X78.8616Y64.4220
G01 X78.9024Y64.3084
G01 X78.9504Y64.2067
G01 X79.0122Y64.1034
G01 X79.0838Y64.0071
G01 X79.1600Y63.9230
G00 Z3.0000
G00 X79.1264Y60.5345
G01 Z-0.2000
G01 X79.1108Y60.5204
G01 X79.0818Y60.4985
G01 X79.0498Y60.4797
G01 X79.0305Y60.4706
G01 X78.9951Y60.4577
G01 X78.9692Y60.4510
G01 X78.9335Y60.4455
G01 X78.9080Y60.4440
G01 X79.0549Y60.2968
G01 X79.1080Y60.2381
G01 X79.1264Y60.2141
G01 X79.1264Y60.5345
G00 Z3.0000
G00 X75.6686Y63.6834
G01 Z-0.2000
G01 X75.6687Y63.6866
G01 X75.6695Y63.7016
G01 X75.6585Y63.6935
G01 X75.6686Y63.6834
G00 Z3.0000
G00 X74.0717Y62.7351
G01 Z-0.2000
G01 X77.5264Y59.2801
G01 X77.5264Y49.2498
G01 X77.5305Y49.1665
G01 X77.5427Y49.0840
G01 X77.5645Y48.9984
G01 X77.5911Y48.9245
G01 X77.6268Y48.8491
G01 X77.6725Y48.7736
G01 X77.7193Y48.7106
G01 X77.7720Y48.6523
G01 X80.3700Y46.0541
G01 X80.3700Y36.1280
G01 X80.3741Y36.0445
G01 X80.3855Y35.9670
G01 X80.4065Y35.8815
G01 X80.4367Y35.7982
G01 X80.4691Y35.7297
G01 X80.5106Y35.6599
G01 X80.5643Y35.5871
G01 X80.6190Y35.5269
G01 X81.4295Y34.7164
G01 X81.4016Y34.6380
G01 X81.3735Y34.5263
G01 X81.3558Y34.4078
G01 X81.3501Y34.2949
G01 X81.3500Y33.0200
G01 X81.3554Y32.9073
G01 X81.3735Y32.7837
G01 X81.4032Y32.6670
G01 X81.4433Y32.5563
G01 X81.4904Y32.4567
G01 X81.5496Y32.3575
G01 X81.6256Y32.2550
G01 X81.7015Y32.1715
G01 X81.7871Y32.0938
G01 X81.8834Y32.0222
G01 X81.9801Y31.9641
G01 X82.0954Y31.9096
G01 X82.2020Y31.8716
G01 X82.3137Y31.8435
G01 X82.4322Y31.8258
G01 X82.5451Y31.8201
G01 X82.6725Y31.8264
G01 X82.7863Y31.8435
G01 X82.8980Y31.8716
G01 X83.0116Y31.9124
G01 X83.1199Y31.9641
G01 X83.2166Y32.0222
G01 X83.3074Y32.0894
G01 X83.3985Y32.1715
G01 X83.4762Y32.2571
G01 X83.5504Y32.3575
G01 X83.6096Y32.4567
G01 X83.6567Y32.5563
G01 X83.6968Y32.6670
G01 X83.7278Y32.7907
G01 X83.7442Y32.9022
G01 X83.7499Y33.0151
G01 X83.7500Y34.2900
G01 X83.7446Y34.4027
G01 X83.7259Y34.5289
G01 X83.6984Y34.6380
G01 X83.6576Y34.7516
G01 X83.6096Y34.8533
G01 X83.5504Y34.9525
G01 X83.4762Y35.0529
G01 X83.3950Y35.1419
G01 X83.3129Y35.2162
G01 X83.2700Y35.2484
G01 X83.2539Y35.2742
G01 X83.2101Y35.3334
G01 X83.1510Y35.3990
G01 X82.0700Y36.4801
G01 X82.0700Y46.4062
G01 X82.0659Y46.4894
G01 X82.0537Y46.5720
G01 X82.0319Y46.6576
G01 X82.0053Y46.7315
G01 X81.9696Y46.8069
G01 X81.9239Y46.8824
G01 X81.8771Y46.9453
G01 X81.8244Y47.0036
G01 X79.2264Y49.6019
G01 X79.2264Y59.6322
G01 X79.2217Y59.7204
G01 X79.2096Y59.8002
G01 X79.1899Y59.8786
G01 X79.1607Y59.9598
G01 X79.1236Y60.0371
G01 X79.0832Y60.1043
G01 X79.0365Y60.1675
G01 X78.9774Y60.2332
G01 X75.5260Y63.6846
G01 X75.5260Y63.7297
G01 X75.5966Y63.7722
G01 X75.6929Y63.8438
G01 X75.7785Y63.9215
G01 X75.8544Y64.0050
G01 X75.9278Y64.1034
G01 X75.9896Y64.2067
G01 X76.0377Y64.3084
G01 X76.0768Y64.4170
G01 X76.1065Y64.5337
G01 X76.1246Y64.6573
G01 X76.1300Y64.7700
G01 X76.1246Y64.8827
G01 X76.1059Y65.0089
G01 X76.0784Y65.1180
G01 X76.0404Y65.2246
G01 X75.9896Y65.3333
G01 X75.9249Y65.4407
G01 X75.8562Y65.5329
G01 X75.7819Y65.6150
G01 X75.6929Y65.6962
G01 X75.5925Y65.7704
G01 X75.4933Y65.8296
G01 X75.3916Y65.8776
G01 X75.2780Y65.9184
G01 X75.1663Y65.9465
G01 X75.0478Y65.9642
G01 X74.9300Y65.9700
G01 X74.8122Y65.9642
G01 X74.6937Y65.9465
G01 X74.5820Y65.9184
G01 X74.4684Y65.8776
G01 X74.3667Y65.8296
G01 X74.2634Y65.7678
G01 X74.1671Y65.6962
G01 X74.0815Y65.6185
G01 X74.0038Y65.5329
G01 X73.9322Y65.4366
G01 X73.8704Y65.3333
G01 X73.8224Y65.2316
G01 X73.7816Y65.1180
G01 X73.7535Y65.0063
G01 X73.7358Y64.8878
G01 X73.7300Y64.7700
G01 X73.7358Y64.6522
G01 X73.7535Y64.5337
G01 X73.7816Y64.4220
G01 X73.8196Y64.3154
G01 X73.8260Y64.3007
G01 X73.8260Y63.3325
G01 X73.8301Y63.2491
G01 X73.8428Y63.1645
G01 X73.8613Y63.0905
G01 X73.8927Y63.0028
G01 X73.9251Y62.9343
G01 X73.9692Y62.8604
G01 X74.0203Y62.7917
G01 X74.0717Y62.7351
G00 Z3.0000
G00 X72.0300Y63.6257
G01 Z-0.2000
G01 X72.0300Y62.7244
G01 X72.0347Y62.6362
G01 X72.0468Y62.5564
G01 X72.0653Y62.4824
G01 X72.0957Y62.3967
G01 X72.1328Y62.3194
G01 X72.1732Y62.2522
G01 X72.2199Y62.1890
G01 X72.2790Y62.1233
G01 X75.8264Y58.5759
G01 X75.8264Y48.5456
G01 X75.8305Y48.4622
G01 X75.8419Y48.3846
G01 X75.8645Y48.2942
G01 X75.8921Y48.2180
G01 X75.9255Y48.1474
G01 X75.9724Y48.0694
G01 X76.0207Y48.0048
G01 X76.0719Y47.9481
G01 X78.6700Y45.3499
G01 X78.6700Y33.2740
G01 X78.6747Y33.1858
G01 X78.6874Y33.1034
G01 X78.7065Y33.0276
G01 X78.7329Y32.9533
G01 X78.7728Y32.8690
G01 X78.8132Y32.8019
G01 X78.8370Y32.7695
G01 X78.8616Y32.6720
G01 X78.8996Y32.5654
G01 X78.9504Y32.4567
G01 X79.0122Y32.3534
G01 X79.0838Y32.2571
G01 X79.1615Y32.1715
G01 X79.2526Y32.0894
G01 X79.3434Y32.0222
G01 X79.4401Y31.9641
G01 X79.5463Y31.9133
G01 X79.6620Y31.8716
G01 X79.7737Y31.8435
G01 X79.8922Y31.8258
G01 X80.0149Y31.8201
G01 X80.1325Y31.8264
G01 X80.2463Y31.8435
G01 X80.3536Y31.8704
G01 X80.4737Y31.9133
G01 X80.5733Y31.9604
G01 X80.6766Y32.0222
G01 X80.7729Y32.0938
G01 X80.8550Y32.1681
G01 X80.9406Y32.2626
G01 X81.0078Y32.3534
G01 X81.0696Y32.4567
G01 X81.1176Y32.5584
G01 X81.1568Y32.6670
G01 X81.1878Y32.7907
G01 X81.2042Y32.9022
G01 X81.2100Y33.0200
G01 X81.2099Y34.2949
G01 X81.2042Y34.4078
G01 X81.1878Y34.5193
G01 X81.1568Y34.6430
G01 X81.1167Y34.7537
G01 X81.0696Y34.8533
G01 X81.0104Y34.9525
G01 X80.9362Y35.0529
G01 X80.8585Y35.1385
G01 X80.7729Y35.2162
G01 X80.6725Y35.2904
G01 X80.5713Y35.3505
G01 X80.4716Y35.3976
G01 X80.3700Y35.4343
G01 X80.3700Y45.7020
G01 X80.3659Y45.7855
G01 X80.3532Y45.8700
G01 X80.3347Y45.9440
G01 X80.3033Y46.0318
G01 X80.2709Y46.1003
G01 X80.2268Y46.1741
G01 X80.1757Y46.2429
G01 X80.1244Y46.2995
G01 X77.5264Y48.8977
G01 X77.5264Y58.9280
G01 X77.5217Y59.0162
G01 X77.5096Y59.0960
G01 X77.4911Y59.1700
G01 X77.4607Y59.2556
G01 X77.4236Y59.3330
G01 X77.3832Y59.4001
G01 X77.3364Y59.4634
G01 X77.2774Y59.5290
G01 X73.7300Y63.0764
G01 X73.7300Y64.2800
G01 X73.7259Y64.3635
G01 X73.7132Y64.4480
G01 X73.6919Y64.5314
G01 X73.6643Y64.6076
G01 X73.6318Y64.6763
G01 X73.5891Y64.7486
G01 X73.5899Y64.7749
G01 X73.5836Y64.8925
G01 X73.5665Y65.0063
G01 X73.5368Y65.1230
G01 X73.4967Y65.2337
G01 X73.4496Y65.3333
G01 X73.3904Y65.4325
G01 X73.3162Y65.5329
G01 X73.2385Y65.6185
G01 X73.1474Y65.7006
G01 X73.0566Y65.7678
G01 X72.9599Y65.8259
G01 X72.8516Y65.8776
G01 X72.7380Y65.9184
G01 X72.6263Y65.9465
G01 X72.5078Y65.9642
G01 X72.3900Y65.9700
G01 X72.2722Y65.9642
G01 X72.1537Y65.9465
G01 X72.0420Y65.9184
G01 X71.9284Y65.8776
G01 X71.8267Y65.8296
G01 X71.7234Y65.7678
G01 X71.6271Y65.6962
G01 X71.5415Y65.6185
G01 X71.4638Y65.5329
G01 X71.3922Y65.4366
G01 X71.3304Y65.3333
G01 X71.2824Y65.2316
G01 X71.2416Y65.1180
G01 X71.2135Y65.0063
G01 X71.1958Y64.8878
G01 X71.1900Y64.7700
G01 X71.1958Y64.6522
G01 X71.2135Y64.5337
G01 X71.2416Y64.4220
G01 X71.2824Y64.3084
G01 X71.3304Y64.2067
G01 X71.3922Y64.1034
G01 X71.4638Y64.0071
G01 X71.5415Y63.9215
G01 X71.6271Y63.8438
G01 X71.7234Y63.7722
G01 X71.8267Y63.7104
G01 X71.9284Y63.6624
G01 X72.0300Y63.6257
G00 Z3.0000
G00 X71.2043Y64.2395
G01 Z-0.2000
G01 X71.1910Y64.2678
G01 X71.1854Y64.2817
G01 X71.1491Y64.3833
G01 X71.1434Y64.4021
G01 X71.1200Y64.4953
G01 X71.0966Y64.4021
G01 X71.0909Y64.3833
G01 X71.0546Y64.2817
G01 X71.0490Y64.2678
G01 X71.0357Y64.2395
G01 X71.0522Y64.2436
G01 X71.0784Y64.2480
G01 X71.0979Y64.2499
G01 X71.1200Y64.2508
G01 X71.1421Y64.2499
G01 X71.1616Y64.2480
G01 X71.1878Y64.2436
G01 X71.2043Y64.2395
G00 Z3.0000
G00 X71.1165Y65.3636
G01 Z-0.2000
G01 X71.1200Y65.3561
G01 X71.1227Y65.3619
G01 X71.1165Y65.3636
G00 Z3.0000
G00 X71.0100Y65.5373
G01 Z-0.2000
G01 X71.0100Y65.3548
G01 X71.0490Y65.2722
G01 X71.0909Y65.1567
G01 X71.0966Y65.1379
G01 X71.1200Y65.0447
G01 X71.1458Y65.1468
G01 X71.1854Y65.2583
G01 X71.1910Y65.2722
G01 X71.2410Y65.3780
G01 X71.2838Y65.4505
G01 X71.2672Y65.4483
G01 X71.2448Y65.4469
G01 X71.2129Y65.4475
G01 X71.1813Y65.4512
G01 X71.1672Y65.4538
G01 X71.1412Y65.4605
G01 X71.1059Y65.4734
G01 X71.0866Y65.4826
G01 X71.0733Y65.4899
G01 X71.0546Y65.5013
G01 X71.0366Y65.5144
G01 X71.0255Y65.5232
G01 X71.0100Y65.5373
G00 Z3.0000
G00 X70.9100Y65.3323
G01 Z-0.2000
G01 X70.9100Y65.9220
G01 X70.9042Y66.0398
G01 X70.8865Y66.1583
G01 X70.8596Y66.2656
G01 X70.8204Y66.3766
G01 X70.8100Y66.3998
G01 X70.8100Y77.6400
G01 X82.1913Y77.6400
G01 X82.3040Y77.6459
G01 X82.4081Y77.6616
G01 X82.5103Y77.6873
G01 X82.6167Y77.7257
G01 X82.7074Y77.7686
G01 X82.8023Y77.8253
G01 X82.8907Y77.8911
G01 X82.9691Y77.9622
G01 X84.2612Y79.2545
G01 X84.3333Y79.3348
G01 X84.3947Y79.4177
G01 X84.4477Y79.5059
G01 X84.4953Y79.6054
G01 X84.5327Y79.7097
G01 X84.5584Y79.8120
G01 X84.5741Y79.9160
G01 X84.5800Y80.0287
G01 X84.5800Y84.2944
G01 X85.5300Y85.2443
G01 X85.5516Y85.2524
G01 X85.6533Y85.3004
G01 X85.7566Y85.3622
G01 X85.8529Y85.4338
G01 X85.9419Y85.5150
G01 X86.0162Y85.5971
G01 X86.0849Y85.6893
G01 X86.1496Y85.7967
G01 X86.1977Y85.8984
G01 X86.2368Y86.0070
G01 X86.2678Y86.1307
G01 X86.2842Y86.2422
G01 X86.2899Y86.3551
G01 X86.2842Y86.4778
G01 X86.2665Y86.5963
G01 X86.2396Y86.7036
G01 X86.1977Y86.8216
G01 X86.1496Y86.9233
G01 X86.0904Y87.0225
G01 X86.0162Y87.1229
G01 X85.9385Y87.2085
G01 X85.8550Y87.2844
G01 X85.7566Y87.3578
G01 X85.6533Y87.4196
G01 X85.5537Y87.4667
G01 X85.4380Y87.5084
G01 X85.3263Y87.5365
G01 X85.2125Y87.5536
G01 X85.0900Y87.5600
G01 X84.9675Y87.5536
G01 X84.8537Y87.5365
G01 X84.7420Y87.5084
G01 X84.6263Y87.4667
G01 X84.5267Y87.4196
G01 X84.4234Y87.3578
G01 X84.3250Y87.2844
G01 X84.2415Y87.2085
G01 X84.1638Y87.1229
G01 X84.0922Y87.0266
G01 X84.0341Y86.9299
G01 X83.9833Y86.8237
G01 X83.9743Y86.8000
G01 X82.7022Y85.5278
G01 X82.6311Y85.4495
G01 X82.5682Y85.3652
G01 X82.5086Y85.2661
G01 X82.4647Y85.1733
G01 X82.4261Y85.0646
G01 X82.4016Y84.9668
G01 X82.3859Y84.8627
G01 X82.3801Y84.7549
G01 X82.3800Y80.4844
G01 X81.7356Y79.8400
G01 X70.8100Y79.8400
G01 X70.8100Y82.2327
G01 X70.8042Y82.3503
G01 X70.7870Y82.4668
G01 X70.7596Y82.5763
G01 X70.7187Y82.6919
G01 X70.6683Y82.7984
G01 X70.6104Y82.8952
G01 X70.5376Y82.9940
G01 X70.4586Y83.0812
G01 X67.2400Y86.2998
G01 X67.2399Y86.3649
G01 X67.2342Y86.4778
G01 X67.2165Y86.5963
G01 X67.1868Y86.7130
G01 X67.1476Y86.8216
G01 X67.0996Y86.9233
G01 X67.0378Y87.0266
G01 X66.9644Y87.1250
G01 X66.8885Y87.2085
G01 X66.8050Y87.2844
G01 X66.7107Y87.3549
G01 X66.6033Y87.4196
G01 X66.5016Y87.4676
G01 X66.3880Y87.5084
G01 X66.2763Y87.5365
G01 X66.1578Y87.5542
G01 X66.0400Y87.5600
G01 X65.9222Y87.5542
G01 X65.8037Y87.5365
G01 X65.6920Y87.5084
G01 X65.5784Y87.4676
G01 X65.4767Y87.4196
G01 X65.3734Y87.3578
G01 X65.2771Y87.2862
G01 X65.1915Y87.2085
G01 X65.1138Y87.1229
G01 X65.0422Y87.0266
G01 X64.9804Y86.9233
G01 X64.9333Y86.8237
G01 X64.8916Y86.7080
G01 X64.8635Y86.5963
G01 X64.8464Y86.4825
G01 X64.8400Y86.3600
G01 X64.8401Y85.7978
G01 X64.8458Y85.6851
G01 X64.8622Y85.5734
G01 X64.8916Y85.4547
G01 X64.9314Y85.3435
G01 X64.9817Y85.2370
G01 X65.0422Y85.1361
G01 X65.1124Y85.0414
G01 X65.1914Y84.9542
G01 X68.4100Y81.7356
G01 X68.4100Y66.0220
G01 X68.4158Y65.9042
G01 X68.4335Y65.7857
G01 X68.4616Y65.6739
G01 X68.4996Y65.5674
G01 X68.5100Y65.5442
G01 X68.5100Y64.9100
G01 X68.5154Y64.7973
G01 X68.5335Y64.6737
G01 X68.5632Y64.5570
G01 X68.6024Y64.4484
G01 X68.6504Y64.3467
G01 X68.7122Y64.2434
G01 X68.7838Y64.1471
G01 X68.8615Y64.0615
G01 X68.9348Y63.9948
G01 X69.0015Y63.9215
G01 X69.0871Y63.8438
G01 X69.1834Y63.7722
G01 X69.2801Y63.7141
G01 X69.3884Y63.6624
G01 X69.5020Y63.6216
G01 X69.6137Y63.5935
G01 X69.7322Y63.5758
G01 X69.8500Y63.5700
G01 X69.9678Y63.5758
G01 X70.0863Y63.5935
G01 X70.2030Y63.6232
G01 X70.3116Y63.6624
G01 X70.4199Y63.7141
G01 X70.5166Y63.7722
G01 X70.6074Y63.8394
G01 X70.6950Y63.9181
G01 X70.7762Y64.0071
G01 X70.8478Y64.1034
G01 X70.9096Y64.2067
G01 X70.9577Y64.3084
G01 X70.9984Y64.4220
G01 X71.0265Y64.5337
G01 X71.0442Y64.6522
G01 X71.0499Y64.7749
G01 X71.0436Y64.8925
G01 X71.0265Y65.0063
G01 X70.9996Y65.1136
G01 X70.9577Y65.2316
G01 X70.9100Y65.3323
G00 Z3.0000
G00 X68.6092Y64.2206
G01 Z-0.2000
G01 X68.5610Y64.3020
G01 X68.5387Y64.3491
G01 X68.5090Y64.2678
G01 X68.4827Y64.2120
G01 X68.5137Y64.2188
G01 X68.5454Y64.2225
G01 X68.5773Y64.2231
G01 X68.6092Y64.2206
G00 Z3.0000
G00 X73.5757Y65.3005
G01 Z-0.2000
G01 X73.5890Y65.2722
G01 X73.5946Y65.2583
G01 X73.6309Y65.1567
G01 X73.6366Y65.1379
G01 X73.6600Y65.0447
G01 X73.6834Y65.1379
G01 X73.6891Y65.1567
G01 X73.7254Y65.2583
G01 X73.7310Y65.2722
G01 X73.7443Y65.3005
G01 X73.7278Y65.2964
G01 X73.7016Y65.2920
G01 X73.6821Y65.2901
G01 X73.6600Y65.2892
G01 X73.6379Y65.2901
G01 X73.6184Y65.2920
G01 X73.5922Y65.2964
G01 X73.5757Y65.3005
G00 Z3.0000
G00 X66.1100Y78.0782
G01 Z-0.2000
G01 X66.1100Y79.4018
G01 X66.0945Y79.3877
G01 X66.0834Y79.3790
G01 X66.0654Y79.3659
G01 X66.0467Y79.3544
G01 X66.0334Y79.3471
G01 X66.0141Y79.3380
G01 X65.9788Y79.3250
G01 X65.9528Y79.3184
G01 X65.9387Y79.3158
G01 X65.9172Y79.3128
G01 X65.8948Y79.3115
G01 X65.8752Y79.3115
G01 X65.8528Y79.3128
G01 X65.8214Y79.3176
G01 X65.8327Y79.2969
G01 X65.8766Y79.2039
G01 X65.9153Y79.0977
G01 X65.9209Y79.0789
G01 X65.9460Y78.9785
G01 X65.9630Y78.8674
G01 X65.9649Y78.8478
G01 X65.9700Y78.7400
G01 X65.9649Y78.6322
G01 X65.9630Y78.6126
G01 X65.9460Y78.5015
G01 X65.9209Y78.4011
G01 X65.9153Y78.3823
G01 X65.8766Y78.2761
G01 X65.8327Y78.1831
G01 X65.8214Y78.1624
G01 X65.8529Y78.1672
G01 X65.8752Y78.1685
G01 X65.8948Y78.1685
G01 X65.9172Y78.1672
G01 X65.9387Y78.1642
G01 X65.9528Y78.1616
G01 X65.9788Y78.1550
G01 X66.0141Y78.1420
G01 X66.0334Y78.1329
G01 X66.0467Y78.1256
G01 X66.0654Y78.1141
G01 X66.0834Y78.1010
G01 X66.0945Y78.0923
G01 X66.1100Y78.0782
G00 Z3.0000
G00 X66.0100Y78.2499
G01 Z-0.2000
G01 X66.0100Y78.3505
G01 X65.9772Y78.2586
G01 X66.0100Y78.2499
G00 Z3.0000
G00 X65.8699Y78.7351
G01 Z-0.2000
G01 X65.8641Y78.8527
G01 X65.8484Y78.9568
G01 X65.8227Y79.0590
G01 X65.7853Y79.1633
G01 X65.7423Y79.2542
G01 X65.6818Y79.3551
G01 X65.6189Y79.4395
G01 X65.5512Y79.5143
G01 X65.4640Y79.5933
G01 X65.3810Y79.6547
G01 X65.2861Y79.7114
G01 X65.1933Y79.7553
G01 X65.0940Y79.7911
G01 X64.9798Y79.8197
G01 X64.8780Y79.8347
G01 X64.7700Y79.8400
G01 X62.7078Y79.8400
G01 X62.6846Y79.8504
G01 X62.5780Y79.8884
G01 X62.4663Y79.9165
G01 X62.3478Y79.9342
G01 X62.2300Y79.9400
G01 X60.9600Y79.9400
G01 X60.8422Y79.9342
G01 X60.7237Y79.9165
G01 X60.6120Y79.8884
G01 X60.4984Y79.8476
G01 X60.3987Y79.8005
G01 X60.2934Y79.7378
G01 X60.1950Y79.6644
G01 X60.1115Y79.5885
G01 X60.0356Y79.5050
G01 X59.9596Y79.4025
G01 X59.9004Y79.3033
G01 X59.8533Y79.2037
G01 X59.8116Y79.0880
G01 X59.7835Y78.9763
G01 X59.7664Y78.8625
G01 X59.7600Y78.7400
G01 X59.7658Y78.6222
G01 X59.7835Y78.5037
G01 X59.8116Y78.3920
G01 X59.8524Y78.2784
G01 X59.9004Y78.1767
G01 X59.9622Y78.0734
G01 X60.0338Y77.9771
G01 X60.1115Y77.8915
G01 X60.1971Y77.8138
G01 X60.2934Y77.7422
G01 X60.3967Y77.6804
G01 X60.4984Y77.6324
G01 X60.6120Y77.5916
G01 X60.7237Y77.5635
G01 X60.8422Y77.5458
G01 X60.9600Y77.5400
G01 X62.2300Y77.5400
G01 X62.3427Y77.5454
G01 X62.4663Y77.5635
G01 X62.5736Y77.5904
G01 X62.6846Y77.6296
G01 X62.7078Y77.6400
G01 X64.7700Y77.6400
G01 X64.8780Y77.6453
G01 X64.9894Y77.6622
G01 X65.0890Y77.6873
G01 X65.1933Y77.7247
G01 X65.2861Y77.7686
G01 X65.3770Y77.8228
G01 X65.4716Y77.8929
G01 X65.5478Y77.9622
G01 X65.6189Y78.0405
G01 X65.6847Y78.1290
G01 X65.7377Y78.2172
G01 X65.7880Y78.3236
G01 X65.8227Y78.4210
G01 X65.8484Y78.5232
G01 X65.8647Y78.6320
G01 X65.8699Y78.7351
G00 Z3.0000
G00 X66.0100Y79.2301
G01 Z-0.2000
G01 X65.9772Y79.2214
G01 X66.0100Y79.1295
G01 X66.0100Y79.2301
G00 Z3.0000
G00 X63.0409Y77.5400
G01 Z-0.2000
G01 X62.7298Y77.5400
G01 X62.6068Y77.4958
G01 X62.5047Y77.4700
G01 X62.6068Y77.4442
G01 X62.7183Y77.4046
G01 X62.7322Y77.3990
G01 X62.8380Y77.3490
G01 X62.8514Y77.3417
G01 X62.9521Y77.2810
G01 X62.9502Y77.3150
G01 X62.9518Y77.3472
G01 X62.9574Y77.3828
G01 X62.9641Y77.4088
G01 X62.9673Y77.4187
G01 X62.9770Y77.4441
G01 X62.9842Y77.4594
G01 X62.9998Y77.4873
G01 X63.0180Y77.5134
G01 X63.0268Y77.5245
G01 X63.0409Y77.5400
G00 Z3.0000
G00 X60.4156Y77.3791
G01 Z-0.2000
G01 X60.4578Y77.3990
G01 X60.4717Y77.4046
G01 X60.5733Y77.4409
G01 X60.5921Y77.4466
G01 X60.6853Y77.4700
G01 X60.5921Y77.4934
G01 X60.5733Y77.4991
G01 X60.4717Y77.5354
G01 X60.4578Y77.5410
G01 X60.4156Y77.5609
G01 X60.4215Y77.5378
G01 X60.4259Y77.5116
G01 X60.4278Y77.4921
G01 X60.4286Y77.4700
G01 X60.4278Y77.4479
G01 X60.4259Y77.4284
G01 X60.4215Y77.4022
G01 X60.4156Y77.3791
G00 Z3.0000
G00 X60.1082Y75.3551
G01 Z-0.2000
G01 X61.0300Y74.4329
G01 X61.0300Y72.3900
G01 X61.0358Y72.2722
G01 X61.0541Y72.1511
G01 X61.0816Y72.0420
G01 X61.1196Y71.9354
G01 X61.1704Y71.8267
G01 X61.2351Y71.7193
G01 X61.3038Y71.6271
G01 X61.3815Y71.5415
G01 X61.4671Y71.4638
G01 X61.5634Y71.3922
G01 X61.6667Y71.3304
G01 X61.7684Y71.2824
G01 X61.8820Y71.2416
G01 X61.9937Y71.2135
G01 X62.1122Y71.1958
G01 X62.2300Y71.1900
G01 X62.3478Y71.1958
G01 X62.4663Y71.2135
G01 X62.5780Y71.2416
G01 X62.6916Y71.2824
G01 X62.7933Y71.3304
G01 X62.9007Y71.3951
G01 X62.9950Y71.4656
G01 X63.0785Y71.5415
G01 X63.1544Y71.6250
G01 X63.2278Y71.7234
G01 X63.2859Y71.8201
G01 X63.3376Y71.9284
G01 X63.3784Y72.0420
G01 X63.4065Y72.1537
G01 X63.4246Y72.2773
G01 X63.4300Y72.3900
G01 X63.4300Y74.9300
G01 X63.4246Y75.0427
G01 X63.4065Y75.1663
G01 X63.3768Y75.2830
G01 X63.3367Y75.3937
G01 X63.2896Y75.4933
G01 X63.2469Y75.5650
G01 X63.2896Y75.6367
G01 X63.3376Y75.7384
G01 X63.3784Y75.8520
G01 X63.4065Y75.9637
G01 X63.4236Y76.0775
G01 X63.4299Y76.2049
G01 X63.4242Y76.3178
G01 X63.4078Y76.4293
G01 X63.3784Y76.5480
G01 X63.3376Y76.6616
G01 X63.2905Y76.7613
G01 X63.2249Y76.8707
G01 X63.1544Y76.9650
G01 X63.0785Y77.0485
G01 X62.9950Y77.1244
G01 X62.8966Y77.1978
G01 X62.7999Y77.2559
G01 X62.6916Y77.3076
G01 X62.5780Y77.3484
G01 X62.4663Y77.3765
G01 X62.3525Y77.3936
G01 X62.2300Y77.4000
G01 X60.9600Y77.4000
G01 X60.8473Y77.3946
G01 X60.7237Y77.3765
G01 X60.6120Y77.3484
G01 X60.4984Y77.3076
G01 X60.3987Y77.2605
G01 X60.2934Y77.1978
G01 X60.1971Y77.1262
G01 X60.1115Y77.0485
G01 X60.0294Y76.9574
G01 X59.9622Y76.8666
G01 X59.9041Y76.7699
G01 X59.8533Y76.6637
G01 X59.8116Y76.5480
G01 X59.7822Y76.4293
G01 X59.7658Y76.3178
G01 X59.7601Y76.2049
G01 X59.7654Y76.0873
G01 X59.7835Y75.9637
G01 X59.8116Y75.8520
G01 X59.8524Y75.7384
G01 X59.9041Y75.6301
G01 X59.9622Y75.5334
G01 X60.0294Y75.4426
G01 X60.1082Y75.3551
G00 Z3.0000
G00 X59.6199Y82.5451
G01 Z-0.2000
G01 X59.6200Y86.3600
G01 X59.6136Y86.4825
G01 X59.5965Y86.5963
G01 X59.5684Y86.7080
G01 X59.5276Y86.8216
G01 X59.4796Y86.9233
G01 X59.4178Y87.0266
G01 X59.3462Y87.1229
G01 X59.2685Y87.2085
G01 X59.1829Y87.2862
G01 X59.0866Y87.3578
G01 X58.9833Y87.4196
G01 X58.8816Y87.4676
G01 X58.7680Y87.5084
G01 X58.6563Y87.5365
G01 X58.5378Y87.5542
G01 X58.4200Y87.5600
G01 X58.3022Y87.5542
G01 X58.1837Y87.5365
G01 X58.0720Y87.5084
G01 X57.9563Y87.4667
G01 X57.8567Y87.4196
G01 X57.7575Y87.3604
G01 X57.6571Y87.2862
G01 X57.5681Y87.2050
G01 X57.4938Y87.1229
G01 X57.4251Y87.0307
G01 X57.3604Y86.9233
G01 X57.3124Y86.8216
G01 X57.2732Y86.7130
G01 X57.2435Y86.5963
G01 X57.2258Y86.4778
G01 X57.2200Y86.3600
G01 X57.2200Y83.7500
G01 X55.8800Y83.7500
G01 X55.7622Y83.7442
G01 X55.6437Y83.7265
G01 X55.5270Y83.6968
G01 X55.4163Y83.6567
G01 X55.3167Y83.6096
G01 X55.2175Y83.5504
G01 X55.1150Y83.4744
G01 X55.0315Y83.3985
G01 X54.9538Y83.3129
G01 X54.8822Y83.2166
G01 X54.8241Y83.1199
G01 X54.7696Y83.0046
G01 X54.7316Y82.8980
G01 X54.7035Y82.7863
G01 X54.6858Y82.6678
G01 X54.6801Y82.5549
G01 X54.6864Y82.4275
G01 X54.7035Y82.3137
G01 X54.7316Y82.2020
G01 X54.7733Y82.0863
G01 X54.8204Y81.9867
G01 X54.8796Y81.8875
G01 X54.9538Y81.7871
G01 X55.0350Y81.6981
G01 X55.1171Y81.6238
G01 X55.2093Y81.5551
G01 X55.3167Y81.4904
G01 X55.4184Y81.4424
G01 X55.5270Y81.4032
G01 X55.6437Y81.3735
G01 X55.7622Y81.3558
G01 X55.8800Y81.3500
G01 X58.4200Y81.3500
G01 X58.5327Y81.3554
G01 X58.6563Y81.3735
G01 X58.7636Y81.4004
G01 X58.8837Y81.4433
G01 X58.9833Y81.4904
G01 X59.0866Y81.5522
G01 X59.1829Y81.6238
G01 X59.2719Y81.7050
G01 X59.3462Y81.7871
G01 X59.4178Y81.8834
G01 X59.4796Y81.9867
G01 X59.5276Y82.0884
G01 X59.5684Y82.2020
G01 X59.5965Y82.3137
G01 X59.6142Y82.4322
G01 X59.6199Y82.5451
G00 Z3.0000
G00 X57.1304Y86.5401
G01 Z-0.2000
G01 X57.1200Y86.4880
G01 X57.1200Y84.0750
G01 X57.1189Y84.0528
G01 X57.1146Y84.0263
G01 X57.1104Y84.0100
G01 X57.1046Y83.9935
G01 X57.0947Y83.9714
G01 X57.0821Y83.9501
G01 X57.0657Y83.9285
G01 X57.0541Y83.9159
G01 X57.0415Y83.9043
G01 X57.0199Y83.8879
G01 X56.9986Y83.8753
G01 X56.9765Y83.8654
G01 X56.9600Y83.8596
G01 X56.9437Y83.8554
G01 X56.9172Y83.8511
G01 X56.8950Y83.8500
G01 X55.8161Y83.8500
G01 X55.6252Y83.8312
G01 X55.3801Y83.7569
G01 X55.1543Y83.6361
G01 X54.9563Y83.4737
G01 X54.7939Y83.2757
G01 X54.6731Y83.0499
G01 X54.5988Y82.8048
G01 X54.5737Y82.5500
G01 X54.5988Y82.2952
G01 X54.6731Y82.0501
G01 X54.7939Y81.8243
G01 X54.9563Y81.6263
G01 X55.1543Y81.4639
G01 X55.3801Y81.3431
G01 X55.6252Y81.2688
G01 X55.8161Y81.2500
G01 X58.3451Y81.2500
G01 X58.3671Y81.2489
G01 X58.4200Y81.2437
G01 X58.6748Y81.2688
G01 X58.9199Y81.3431
G01 X59.1457Y81.4639
G01 X59.3437Y81.6263
G01 X59.5061Y81.8243
G01 X59.6269Y82.0501
G01 X59.7012Y82.2952
G01 X59.7263Y82.5500
G01 X59.7211Y82.6029
G01 X59.7200Y82.6249
G01 X59.7200Y86.4880
G01 X59.7088Y86.5450
G01 X59.7064Y86.5620
G01 X59.7012Y86.6148
G01 X59.6858Y86.6657
G01 X59.6815Y86.6823
G01 X59.6700Y86.7392
G01 X59.6479Y86.7929
G01 X59.6423Y86.8091
G01 X59.6269Y86.8599
G01 X59.6018Y86.9067
G01 X59.5944Y86.9222
G01 X59.5720Y86.9758
G01 X59.5399Y87.0241
G01 X59.5312Y87.0389
G01 X59.5061Y87.0857
G01 X59.4724Y87.1268
G01 X59.4621Y87.1405
G01 X59.4298Y87.1887
G01 X59.3888Y87.2298
G01 X59.3774Y87.2426
G01 X59.3437Y87.2837
G01 X59.3026Y87.3174
G01 X59.2898Y87.3288
G01 X59.2487Y87.3698
G01 X59.2005Y87.4021
G01 X59.1868Y87.4124
G01 X59.1457Y87.4461
G01 X59.0989Y87.4712
G01 X59.0841Y87.4799
G01 X59.0358Y87.5120
G01 X58.9822Y87.5344
G01 X58.9667Y87.5418
G01 X58.9199Y87.5669
G01 X58.8691Y87.5823
G01 X58.8529Y87.5879
G01 X58.7992Y87.6100
G01 X58.7423Y87.6215
G01 X58.7257Y87.6258
G01 X58.6748Y87.6412
G01 X58.6220Y87.6464
G01 X58.6050Y87.6488
G01 X58.5480Y87.6600
G01 X58.4900Y87.6601
G01 X58.4729Y87.6611
G01 X58.4200Y87.6663
G01 X58.3671Y87.6611
G01 X58.3500Y87.6601
G01 X58.2920Y87.6600
G01 X58.2350Y87.6488
G01 X58.2180Y87.6464
G01 X58.1652Y87.6412
G01 X58.1143Y87.6258
G01 X58.0977Y87.6215
G01 X58.0408Y87.6100
G01 X57.9871Y87.5879
G01 X57.9709Y87.5823
G01 X57.9201Y87.5669
G01 X57.8733Y87.5418
G01 X57.8578Y87.5344
G01 X57.8042Y87.5120
G01 X57.7559Y87.4799
G01 X57.7411Y87.4712
G01 X57.6943Y87.4461
G01 X57.6532Y87.4124
G01 X57.6395Y87.4021
G01 X57.5913Y87.3698
G01 X57.5502Y87.3288
G01 X57.5374Y87.3174
G01 X57.4963Y87.2837
G01 X57.4626Y87.2426
G01 X57.4512Y87.2298
G01 X57.4102Y87.1887
G01 X57.3779Y87.1405
G01 X57.3676Y87.1268
G01 X57.3339Y87.0857
G01 X57.3088Y87.0389
G01 X57.3001Y87.0241
G01 X57.2680Y86.9758
G01 X57.2456Y86.9222
G01 X57.2382Y86.9067
G01 X57.2131Y86.8599
G01 X57.1977Y86.8091
G01 X57.1921Y86.7929
G01 X57.1700Y86.7392
G01 X57.1585Y86.6823
G01 X57.1542Y86.6657
G01 X57.1388Y86.6148
G01 X57.1336Y86.5620
G01 X57.1304Y86.5401
G00 Z3.0000
G00 X64.5216Y85.7654
G01 Z-0.2000
G01 X64.7737Y85.5134
G01 X64.7659Y85.5447
G01 X64.7633Y85.5588
G01 X64.7463Y85.6753
G01 X64.7402Y85.7929
G01 X64.7400Y85.8559
G01 X64.7245Y85.8418
G01 X64.6954Y85.8199
G01 X64.6634Y85.8011
G01 X64.6441Y85.7920
G01 X64.6088Y85.7791
G01 X64.5828Y85.7724
G01 X64.5472Y85.7668
G01 X64.5216Y85.7654
G00 Z3.0000
G00 X68.0911Y82.0542
G01 Z-0.2000
G01 X63.3457Y86.8000
G01 X63.3367Y86.8237
G01 X63.2859Y86.9299
G01 X63.2278Y87.0266
G01 X63.1562Y87.1229
G01 X63.0750Y87.2119
G01 X62.9929Y87.2862
G01 X62.9007Y87.3549
G01 X62.7933Y87.4196
G01 X62.6916Y87.4676
G01 X62.5780Y87.5084
G01 X62.4663Y87.5365
G01 X62.3478Y87.5542
G01 X62.2300Y87.5600
G01 X62.1122Y87.5542
G01 X61.9937Y87.5365
G01 X61.8820Y87.5084
G01 X61.7684Y87.4676
G01 X61.6667Y87.4196
G01 X61.5634Y87.3578
G01 X61.4671Y87.2862
G01 X61.3815Y87.2085
G01 X61.3038Y87.1229
G01 X61.2351Y87.0307
G01 X61.1695Y86.9213
G01 X61.1224Y86.8216
G01 X61.0816Y86.7080
G01 X61.0535Y86.5963
G01 X61.0364Y86.4825
G01 X61.0301Y86.3551
G01 X61.0358Y86.2422
G01 X61.0535Y86.1237
G01 X61.0816Y86.0120
G01 X61.1196Y85.9054
G01 X61.1741Y85.7901
G01 X61.2322Y85.6934
G01 X61.3038Y85.5971
G01 X61.3850Y85.5081
G01 X61.4671Y85.4338
G01 X61.5593Y85.3651
G01 X61.6667Y85.3004
G01 X61.7684Y85.2524
G01 X61.7900Y85.2443
G01 X66.2100Y80.8244
G01 X66.2100Y65.9700
G01 X62.2251Y65.9699
G01 X62.1075Y65.9636
G01 X61.9937Y65.9465
G01 X61.8864Y65.9196
G01 X61.7684Y65.8776
G01 X61.6667Y65.8296
G01 X61.5593Y65.7649
G01 X61.4671Y65.6962
G01 X61.3815Y65.6185
G01 X61.3038Y65.5329
G01 X61.2351Y65.4407
G01 X61.1704Y65.3333
G01 X61.1224Y65.2316
G01 X61.0832Y65.1230
G01 X61.0535Y65.0063
G01 X61.0354Y64.8827
G01 X61.0300Y64.7700
G01 X61.0358Y64.6522
G01 X61.0535Y64.5337
G01 X61.0804Y64.4264
G01 X61.1224Y64.3084
G01 X61.1704Y64.2067
G01 X61.2296Y64.1075
G01 X61.3038Y64.0071
G01 X61.3815Y63.9215
G01 X61.4650Y63.8456
G01 X61.5634Y63.7722
G01 X61.6687Y63.7095
G01 X61.7684Y63.6624
G01 X61.8770Y63.6232
G01 X62.0007Y63.5922
G01 X62.1122Y63.5758
G01 X62.2300Y63.5700
G01 X67.3100Y63.5700
G01 X67.4278Y63.5758
G01 X67.5463Y63.5935
G01 X67.6536Y63.6204
G01 X67.7716Y63.6624
G01 X67.8733Y63.7104
G01 X67.9725Y63.7696
G01 X68.0729Y63.8438
G01 X68.1585Y63.9215
G01 X68.2344Y64.0050
G01 X68.3078Y64.1034
G01 X68.3705Y64.2087
G01 X68.4176Y64.3084
G01 X68.4568Y64.4170
G01 X68.4878Y64.5407
G01 X68.5042Y64.6522
G01 X68.5100Y64.7700
G01 X68.5042Y64.8878
G01 X68.4865Y65.0063
G01 X68.4584Y65.1180
G01 X68.4204Y65.2246
G01 X68.4100Y65.2478
G01 X68.4100Y81.2800
G01 X68.4047Y81.3880
G01 X68.3884Y81.4968
G01 X68.3627Y81.5990
G01 X68.3253Y81.7033
G01 X68.2814Y81.7961
G01 X68.2247Y81.8910
G01 X68.1589Y81.9795
G01 X68.0911Y82.0542
G00 Z3.0000
G00 X76.1804Y86.5401
G01 Z-0.2000
G01 X76.1700Y86.4880
G01 X76.1700Y84.0750
G01 X76.1689Y84.0528
G01 X76.1646Y84.0263
G01 X76.1604Y84.0100
G01 X76.1546Y83.9935
G01 X76.1447Y83.9714
G01 X76.1321Y83.9501
G01 X76.1157Y83.9285
G01 X76.1041Y83.9159
G01 X76.0915Y83.9043
G01 X76.0699Y83.8879
G01 X76.0486Y83.8753
G01 X76.0265Y83.8654
G01 X76.0100Y83.8596
G01 X75.9937Y83.8554
G01 X75.9672Y83.8511
G01 X75.9450Y83.8500
G01 X74.8661Y83.8500
G01 X74.6752Y83.8312
G01 X74.4301Y83.7569
G01 X74.2043Y83.6361
G01 X74.0063Y83.4737
G01 X73.8439Y83.2757
G01 X73.7231Y83.0499
G01 X73.6488Y82.8048
G01 X73.6237Y82.5500
G01 X73.6488Y82.2952
G01 X73.7231Y82.0501
G01 X73.8439Y81.8243
G01 X74.0063Y81.6263
G01 X74.2043Y81.4639
G01 X74.4301Y81.3431
G01 X74.6752Y81.2688
G01 X74.8661Y81.2500
G01 X77.3951Y81.2500
G01 X77.4171Y81.2489
G01 X77.4700Y81.2437
G01 X77.7248Y81.2688
G01 X77.9699Y81.3431
G01 X78.1957Y81.4639
G01 X78.3937Y81.6263
G01 X78.5561Y81.8243
G01 X78.6769Y82.0501
G01 X78.7512Y82.2952
G01 X78.7763Y82.5500
G01 X78.7711Y82.6029
G01 X78.7700Y82.6249
G01 X78.7700Y86.4880
G01 X78.7588Y86.5450
G01 X78.7564Y86.5620
G01 X78.7512Y86.6148
G01 X78.7358Y86.6657
G01 X78.7315Y86.6823
G01 X78.7200Y86.7392
G01 X78.6979Y86.7929
G01 X78.6923Y86.8091
G01 X78.6769Y86.8599
G01 X78.6518Y86.9067
G01 X78.6444Y86.9222
G01 X78.6220Y86.9758
G01 X78.5899Y87.0241
G01 X78.5812Y87.0389
G01 X78.5561Y87.0857
G01 X78.5224Y87.1268
G01 X78.5121Y87.1405
G01 X78.4798Y87.1887
G01 X78.4388Y87.2298
G01 X78.4274Y87.2426
G01 X78.3937Y87.2837
G01 X78.3526Y87.3174
G01 X78.3398Y87.3288
G01 X78.2987Y87.3698
G01 X78.2505Y87.4021
G01 X78.2368Y87.4124
G01 X78.1957Y87.4461
G01 X78.1489Y87.4712
G01 X78.1341Y87.4799
G01 X78.0858Y87.5120
G01 X78.0322Y87.5344
G01 X78.0167Y87.5418
G01 X77.9699Y87.5669
G01 X77.9191Y87.5823
G01 X77.9029Y87.5879
G01 X77.8492Y87.6100
G01 X77.7923Y87.6215
G01 X77.7757Y87.6258
G01 X77.7248Y87.6412
G01 X77.6720Y87.6464
G01 X77.6550Y87.6488
G01 X77.5980Y87.6600
G01 X77.5400Y87.6601
G01 X77.5229Y87.6611
G01 X77.4700Y87.6663
G01 X77.4171Y87.6611
G01 X77.4000Y87.6601
G01 X77.3420Y87.6600
G01 X77.2850Y87.6488
G01 X77.2680Y87.6464
G01 X77.2152Y87.6412
G01 X77.1643Y87.6258
G01 X77.1477Y87.6215
G01 X77.0908Y87.6100
G01 X77.0371Y87.5879
G01 X77.0209Y87.5823
G01 X76.9701Y87.5669
G01 X76.9233Y87.5418
G01 X76.9078Y87.5344
G01 X76.8542Y87.5120
G01 X76.8059Y87.4799
G01 X76.7911Y87.4712
G01 X76.7443Y87.4461
G01 X76.7032Y87.4124
G01 X76.6895Y87.4021
G01 X76.6413Y87.3698
G01 X76.6002Y87.3288
G01 X76.5874Y87.3174
G01 X76.5463Y87.2837
G01 X76.5126Y87.2426
G01 X76.5012Y87.2298
G01 X76.4602Y87.1887
G01 X76.4279Y87.1405
G01 X76.4176Y87.1268
G01 X76.3839Y87.0857
G01 X76.3588Y87.0389
G01 X76.3501Y87.0241
G01 X76.3180Y86.9758
G01 X76.2956Y86.9222
G01 X76.2882Y86.9067
G01 X76.2631Y86.8599
G01 X76.2477Y86.8091
G01 X76.2421Y86.7929
G01 X76.2200Y86.7392
G01 X76.2085Y86.6823
G01 X76.2042Y86.6657
G01 X76.1888Y86.6148
G01 X76.1836Y86.5620
G01 X76.1804Y86.5401
G00 Z3.0000
G00 X78.6699Y82.5451
G01 Z-0.2000
G01 X78.6700Y86.3600
G01 X78.6636Y86.4825
G01 X78.6465Y86.5963
G01 X78.6184Y86.7080
G01 X78.5776Y86.8216
G01 X78.5296Y86.9233
G01 X78.4678Y87.0266
G01 X78.3962Y87.1229
G01 X78.3185Y87.2085
G01 X78.2329Y87.2862
G01 X78.1366Y87.3578
G01 X78.0333Y87.4196
G01 X77.9316Y87.4676
G01 X77.8180Y87.5084
G01 X77.7063Y87.5365
G01 X77.5878Y87.5542
G01 X77.4700Y87.5600
G01 X77.3522Y87.5542
G01 X77.2337Y87.5365
G01 X77.1220Y87.5084
G01 X77.0063Y87.4667
G01 X76.9067Y87.4196
G01 X76.8075Y87.3604
G01 X76.7071Y87.2862
G01 X76.6181Y87.2050
G01 X76.5438Y87.1229
G01 X76.4751Y87.0307
G01 X76.4104Y86.9233
G01 X76.3624Y86.8216
G01 X76.3232Y86.7130
G01 X76.2935Y86.5963
G01 X76.2758Y86.4778
G01 X76.2700Y86.3600
G01 X76.2700Y83.7500
G01 X74.9300Y83.7500
G01 X74.8122Y83.7442
G01 X74.6937Y83.7265
G01 X74.5770Y83.6968
G01 X74.4663Y83.6567
G01 X74.3667Y83.6096
G01 X74.2675Y83.5504
G01 X74.1650Y83.4744
G01 X74.0815Y83.3985
G01 X74.0038Y83.3129
G01 X73.9322Y83.2166
G01 X73.8741Y83.1199
G01 X73.8196Y83.0046
G01 X73.7816Y82.8980
G01 X73.7535Y82.7863
G01 X73.7358Y82.6678
G01 X73.7301Y82.5549
G01 X73.7364Y82.4275
G01 X73.7535Y82.3137
G01 X73.7816Y82.2020
G01 X73.8233Y82.0863
G01 X73.8704Y81.9867
G01 X73.9296Y81.8875
G01 X74.0038Y81.7871
G01 X74.0850Y81.6981
G01 X74.1671Y81.6238
G01 X74.2593Y81.5551
G01 X74.3667Y81.4904
G01 X74.4684Y81.4424
G01 X74.5770Y81.4032
G01 X74.6937Y81.3735
G01 X74.8122Y81.3558
G01 X74.9300Y81.3500
G01 X77.4700Y81.3500
G01 X77.5827Y81.3554
G01 X77.7063Y81.3735
G01 X77.8136Y81.4004
G01 X77.9337Y81.4433
G01 X78.0333Y81.4904
G01 X78.1366Y81.5522
G01 X78.2329Y81.6238
G01 X78.3219Y81.7050
G01 X78.3962Y81.7871
G01 X78.4678Y81.8834
G01 X78.5296Y81.9867
G01 X78.5777Y82.0884
G01 X78.6184Y82.2020
G01 X78.6465Y82.3137
G01 X78.6642Y82.4322
G01 X78.6699Y82.5451
G00 Z3.0000
G00 X80.3129Y79.9400
G01 Z-0.2000
G01 X80.6169Y79.9400
G01 X80.6053Y79.9479
G01 X80.5154Y80.0152
G01 X80.4315Y80.0915
G01 X80.4009Y80.1249
G01 X80.3963Y80.0972
G01 X80.3896Y80.0712
G01 X80.3823Y80.0498
G01 X80.3695Y80.0206
G01 X80.3602Y80.0033
G01 X80.3488Y79.9846
G01 X80.3269Y79.9555
G01 X80.3129Y79.9400
G00 Z3.0000
G00 X82.3799Y80.9351
G01 Z-0.2000
G01 X82.3800Y85.8822
G01 X82.3904Y85.9054
G01 X82.4296Y86.0164
G01 X82.4565Y86.1237
G01 X82.4742Y86.2422
G01 X82.4800Y86.3600
G01 X82.4746Y86.4727
G01 X82.4565Y86.5963
G01 X82.4284Y86.7080
G01 X82.3877Y86.8216
G01 X82.3396Y86.9233
G01 X82.2778Y87.0266
G01 X82.2062Y87.1229
G01 X82.1285Y87.2085
G01 X82.0429Y87.2862
G01 X81.9466Y87.3578
G01 X81.8433Y87.4196
G01 X81.7416Y87.4676
G01 X81.6280Y87.5084
G01 X81.5163Y87.5365
G01 X81.3978Y87.5542
G01 X81.2800Y87.5600
G01 X81.1622Y87.5542
G01 X81.0437Y87.5365
G01 X80.9320Y87.5084
G01 X80.8254Y87.4704
G01 X80.7101Y87.4159
G01 X80.6134Y87.3578
G01 X80.5171Y87.2862
G01 X80.4315Y87.2085
G01 X80.3556Y87.1250
G01 X80.2796Y87.0225
G01 X80.2204Y86.9233
G01 X80.1724Y86.8216
G01 X80.1304Y86.7036
G01 X80.1035Y86.5963
G01 X80.0858Y86.4778
G01 X80.0801Y86.3551
G01 X80.0858Y86.2422
G01 X80.1022Y86.1307
G01 X80.1316Y86.0120
G01 X80.1696Y85.9054
G01 X80.1800Y85.8822
G01 X80.1800Y80.9400
G01 X80.1853Y80.8320
G01 X80.2016Y80.7232
G01 X80.2273Y80.6210
G01 X80.2647Y80.5167
G01 X80.3086Y80.4239
G01 X80.3653Y80.3290
G01 X80.4311Y80.2405
G01 X80.5022Y80.1622
G01 X80.5805Y80.0911
G01 X80.6649Y80.0282
G01 X80.7639Y79.9686
G01 X80.8546Y79.9257
G01 X80.9654Y79.8861
G01 X81.0632Y79.8616
G01 X81.1720Y79.8453
G01 X81.2800Y79.8400
G01 X81.3880Y79.8453
G01 X81.4968Y79.8616
G01 X81.5990Y79.8873
G01 X81.7033Y79.9247
G01 X81.7942Y79.9677
G01 X81.8910Y80.0253
G01 X81.9740Y80.0867
G01 X82.0612Y80.1657
G01 X82.1289Y80.2405
G01 X82.1947Y80.3290
G01 X82.2514Y80.4239
G01 X82.2953Y80.5167
G01 X82.3327Y80.6210
G01 X82.3584Y80.7232
G01 X82.3747Y80.8320
G01 X82.3799Y80.9351
G00 Z3.0000
G00 X82.4800Y85.4132
G01 Z-0.2000
G01 X82.5464Y85.5035
G01 X82.5588Y85.5187
G01 X82.6315Y85.5985
G01 X82.7687Y85.7357
G01 X82.7432Y85.7372
G01 X82.7216Y85.7401
G01 X82.7075Y85.7427
G01 X82.6816Y85.7494
G01 X82.6463Y85.7623
G01 X82.6269Y85.7714
G01 X82.6136Y85.7788
G01 X82.5949Y85.7902
G01 X82.5769Y85.8033
G01 X82.5659Y85.8121
G01 X82.5455Y85.8308
G01 X82.5268Y85.8511
G01 X82.5180Y85.8621
G01 X82.5050Y85.8802
G01 X82.4940Y85.8980
G01 X82.4800Y85.8602
G01 X82.4800Y85.4132
G00 Z3.0000
G00 X86.1889Y77.1375
G01 Z-0.2000
G01 X86.2146Y76.8767
G01 X86.3118Y76.5563
G01 X86.4697Y76.2610
G01 X86.6821Y76.0021
G01 X86.7384Y75.9559
G01 X86.7548Y75.9410
G01 X88.6251Y74.0705
G01 X88.6352Y74.0594
G01 X88.6469Y74.0440
G01 X88.6587Y74.0253
G01 X88.6695Y74.0035
G01 X88.6780Y73.9800
G01 X88.6842Y73.9541
G01 X88.6865Y73.9372
G01 X88.6875Y73.9199
G01 X88.6865Y73.8928
G01 X88.6829Y73.8689
G01 X88.6780Y73.8500
G01 X88.6723Y73.8335
G01 X88.6587Y73.8047
G01 X88.6498Y73.7901
G01 X88.6352Y73.7706
G01 X88.6217Y73.7559
G01 X88.6091Y73.7443
G01 X88.5835Y73.7253
G01 X88.5663Y73.7153
G01 X88.5511Y73.7081
G01 X88.5232Y73.6984
G01 X88.5087Y73.6948
G01 X88.4848Y73.6911
G01 X88.4626Y73.6900
G01 X86.2961Y73.6900
G01 X86.1052Y73.6712
G01 X85.8601Y73.5969
G01 X85.6343Y73.4761
G01 X85.4363Y73.3137
G01 X85.2739Y73.1157
G01 X85.1531Y72.8899
G01 X85.0788Y72.6448
G01 X85.0537Y72.3900
G01 X85.0788Y72.1352
G01 X85.1531Y71.8901
G01 X85.2739Y71.6643
G01 X85.4363Y71.4663
G01 X85.6343Y71.3039
G01 X85.8601Y71.1831
G01 X86.1052Y71.1088
G01 X86.2961Y71.0900
G01 X88.6450Y71.0900
G01 X88.6672Y71.0889
G01 X88.6937Y71.0846
G01 X88.7100Y71.0804
G01 X88.7265Y71.0746
G01 X88.7486Y71.0647
G01 X88.7740Y71.0493
G01 X88.7894Y71.0376
G01 X88.8005Y71.0275
G01 X88.8176Y71.0094
G01 X88.8347Y70.9859
G01 X88.8447Y70.9686
G01 X88.8519Y70.9534
G01 X88.8604Y70.9300
G01 X88.8652Y70.9111
G01 X88.8689Y70.8872
G01 X88.8700Y70.8650
G01 X88.8700Y63.5749
G01 X88.8689Y63.5529
G01 X88.8637Y63.5000
G01 X88.8888Y63.2452
G01 X88.9631Y63.0001
G01 X89.0839Y62.7743
G01 X89.2041Y62.6277
G01 X89.2173Y62.6099
G01 X89.2299Y62.5886
G01 X89.2370Y62.5735
G01 X89.2440Y62.5550
G01 X89.2504Y62.5311
G01 X89.2545Y62.5022
G01 X89.2552Y62.4850
G01 X89.2545Y62.4678
G01 X89.2517Y62.4459
G01 X89.2468Y62.4244
G01 X89.2361Y62.3944
G01 X89.2299Y62.3814
G01 X89.2173Y62.3601
G01 X89.2027Y62.3406
G01 X89.1893Y62.3259
G01 X89.1746Y62.3124
G01 X89.1592Y62.3007
G01 X89.1319Y62.2844
G01 X89.1186Y62.2781
G01 X89.0952Y62.2696
G01 X89.0763Y62.2648
G01 X89.0524Y62.2611
G01 X89.0302Y62.2600
G01 X86.2961Y62.2600
G01 X86.1052Y62.2412
G01 X85.8601Y62.1669
G01 X85.6343Y62.0461
G01 X85.4363Y61.8837
G01 X85.2739Y61.6857
G01 X85.1531Y61.4599
G01 X85.0788Y61.2148
G01 X85.0537Y60.9600
G01 X85.0788Y60.7052
G01 X85.1531Y60.4601
G01 X85.2739Y60.2343
G01 X85.4363Y60.0363
G01 X85.6343Y59.8739
G01 X85.8601Y59.7531
G01 X86.1052Y59.6788
G01 X86.2961Y59.6600
G01 X91.5039Y59.6600
G01 X91.6948Y59.6788
G01 X91.9399Y59.7531
G01 X92.1657Y59.8739
G01 X92.3637Y60.0363
G01 X92.5261Y60.2343
G01 X92.6469Y60.4601
G01 X92.7212Y60.7052
G01 X92.7463Y60.9600
G01 X92.7212Y61.2148
G01 X92.6469Y61.4599
G01 X92.5261Y61.6857
G01 X92.3637Y61.8837
G01 X92.1536Y62.0561
G01 X92.1373Y62.0709
G01 X92.1194Y62.0911
G01 X92.1092Y62.1051
G01 X92.0967Y62.1264
G01 X92.0895Y62.1416
G01 X92.0826Y62.1600
G01 X92.0749Y62.1909
G01 X92.0725Y62.2078
G01 X92.0714Y62.2300
G01 X92.0725Y62.2522
G01 X92.0749Y62.2691
G01 X92.0826Y62.3000
G01 X92.0895Y62.3184
G01 X92.0967Y62.3336
G01 X92.1092Y62.3549
G01 X92.1194Y62.3689
G01 X92.1373Y62.3891
G01 X92.1536Y62.4039
G01 X92.3637Y62.5763
G01 X92.5261Y62.7743
G01 X92.6469Y63.0001
G01 X92.7212Y63.2452
G01 X92.7463Y63.5000
G01 X92.7212Y63.7548
G01 X92.6469Y63.9999
G01 X92.5261Y64.2257
G01 X92.3637Y64.4237
G01 X92.1657Y64.5861
G01 X91.9399Y64.7069
G01 X91.6948Y64.7812
G01 X91.6559Y64.7857
G01 X91.6300Y64.7919
G01 X91.6044Y64.8014
G01 X91.5914Y64.8076
G01 X91.5741Y64.8176
G01 X91.5506Y64.8347
G01 X91.5359Y64.8482
G01 X91.5224Y64.8629
G01 X91.5053Y64.8864
G01 X91.4953Y64.9036
G01 X91.4854Y64.9257
G01 X91.4784Y64.9467
G01 X91.4748Y64.9612
G01 X91.4717Y64.9803
G01 X91.4700Y65.0073
G01 X91.4700Y72.3151
G01 X91.4711Y72.3371
G01 X91.4763Y72.3900
G01 X91.4711Y72.4429
G01 X91.4700Y72.4649
G01 X91.4700Y73.0050
G01 X91.4711Y73.0272
G01 X91.4748Y73.0511
G01 X91.4796Y73.0700
G01 X91.4854Y73.0865
G01 X91.4990Y73.1153
G01 X91.5079Y73.1299
G01 X91.5224Y73.1494
G01 X91.5359Y73.1641
G01 X91.5485Y73.1757
G01 X91.5701Y73.1921
G01 X91.5914Y73.2047
G01 X91.6044Y73.2109
G01 X91.6300Y73.2204
G01 X91.6559Y73.2265
G01 X91.6728Y73.2289
G01 X91.6901Y73.2299
G01 X95.3335Y73.2300
G01 X95.5833Y73.2546
G01 X95.9037Y73.3518
G01 X96.1990Y73.5097
G01 X96.2834Y73.5789
G01 X96.3013Y73.5921
G01 X96.3225Y73.6047
G01 X96.3356Y73.6109
G01 X96.3612Y73.6204
G01 X96.3801Y73.6252
G01 X96.4090Y73.6293
G01 X96.4262Y73.6300
G01 X96.5789Y73.6300
G01 X96.7698Y73.6488
G01 X97.0149Y73.7231
G01 X97.2407Y73.8439
G01 X97.4387Y74.0063
G01 X97.6011Y74.2043
G01 X97.7219Y74.4301
G01 X97.7962Y74.6752
G01 X97.8213Y74.9300
G01 X97.7962Y75.1848
G01 X97.7219Y75.4299
G01 X97.6011Y75.6557
G01 X97.4387Y75.8537
G01 X97.2407Y76.0161
G01 X97.0149Y76.1369
G01 X96.7698Y76.2112
G01 X96.5789Y76.2300
G01 X96.4262Y76.2300
G01 X96.4090Y76.2307
G01 X96.3801Y76.2348
G01 X96.3562Y76.2412
G01 X96.3377Y76.2481
G01 X96.3245Y76.2544
G01 X96.3013Y76.2679
G01 X96.2834Y76.2811
G01 X96.1990Y76.3503
G01 X95.9037Y76.5082
G01 X95.5833Y76.6054
G01 X95.3335Y76.6300
G01 X90.9674Y76.6300
G01 X90.9452Y76.6311
G01 X90.9213Y76.6348
G01 X90.9023Y76.6396
G01 X90.8789Y76.6481
G01 X90.8637Y76.6553
G01 X90.8424Y76.6679
G01 X90.8230Y76.6824
G01 X90.8118Y76.6925
G01 X89.6559Y77.8483
G01 X89.6425Y77.8630
G01 X89.6308Y77.8783
G01 X89.6153Y77.9037
G01 X89.6081Y77.9189
G01 X89.6012Y77.9374
G01 X89.5948Y77.9613
G01 X89.5911Y77.9852
G01 X89.5900Y78.0074
G01 X89.5900Y82.4554
G01 X89.5911Y82.4775
G01 X89.5982Y82.5500
G01 X89.5654Y82.8833
G01 X89.4682Y83.2037
G01 X89.3103Y83.4990
G01 X89.0979Y83.7579
G01 X88.8391Y83.9703
G01 X88.5437Y84.1282
G01 X88.2233Y84.2254
G01 X87.8900Y84.2582
G01 X87.5568Y84.2254
G01 X87.2363Y84.1282
G01 X86.9410Y83.9703
G01 X86.6821Y83.7579
G01 X86.4697Y83.4990
G01 X86.3118Y83.2037
G01 X86.2146Y82.8833
G01 X86.1818Y82.5500
G01 X86.1889Y82.4775
G01 X86.1900Y82.4554
G01 X86.1900Y77.3046
G01 X86.1889Y77.2825
G01 X86.1818Y77.2100
G01 X86.1889Y77.1375
G00 Z3.0000
G00 X86.7553Y76.0823
G01 Z-0.2000
G01 X88.9700Y73.8673
G01 X88.9700Y73.5900
G01 X86.3551Y73.5899
G01 X86.2422Y73.5842
G01 X86.1237Y73.5665
G01 X86.0120Y73.5384
G01 X85.8984Y73.4976
G01 X85.7967Y73.4496
G01 X85.6934Y73.3878
G01 X85.5971Y73.3162
G01 X85.5115Y73.2385
G01 X85.4338Y73.1529
G01 X85.3622Y73.0566
G01 X85.3004Y72.9533
G01 X85.2524Y72.8516
G01 X85.2116Y72.7380
G01 X85.1835Y72.6263
G01 X85.1658Y72.5078
G01 X85.1600Y72.3900
G01 X85.1658Y72.2722
G01 X85.1835Y72.1537
G01 X85.2116Y72.0420
G01 X85.2496Y71.9354
G01 X85.3004Y71.8267
G01 X85.3651Y71.7193
G01 X85.4338Y71.6271
G01 X85.5081Y71.5450
G01 X85.5971Y71.4638
G01 X85.6934Y71.3922
G01 X85.7987Y71.3295
G01 X85.8984Y71.2824
G01 X86.0070Y71.2432
G01 X86.1237Y71.2135
G01 X86.2422Y71.1958
G01 X86.3600Y71.1900
G01 X88.9700Y71.1900
G01 X88.9700Y63.5000
G01 X88.9758Y63.3822
G01 X88.9922Y63.2707
G01 X89.0232Y63.1470
G01 X89.0633Y63.0363
G01 X89.1104Y62.9367
G01 X89.1696Y62.8375
G01 X89.2438Y62.7371
G01 X89.3215Y62.6515
G01 X89.4126Y62.5694
G01 X89.5034Y62.5022
G01 X89.6001Y62.4441
G01 X89.7084Y62.3924
G01 X89.8264Y62.3504
G01 X89.9337Y62.3235
G01 X90.0475Y62.3064
G01 X90.1651Y62.3001
G01 X91.4400Y62.3000
G01 X91.5578Y62.3058
G01 X91.6763Y62.3235
G01 X91.7880Y62.3516
G01 X91.8946Y62.3896
G01 X92.0099Y62.4441
G01 X92.1066Y62.5022
G01 X92.2029Y62.5738
G01 X92.2885Y62.6515
G01 X92.3644Y62.7350
G01 X92.4378Y62.8334
G01 X92.4996Y62.9367
G01 X92.5467Y63.0363
G01 X92.5884Y63.1520
G01 X92.6165Y63.2637
G01 X92.6336Y63.3775
G01 X92.6399Y63.5049
G01 X92.6342Y63.6178
G01 X92.6165Y63.7363
G01 X92.5884Y63.8480
G01 X92.5477Y63.9616
G01 X92.4996Y64.0633
G01 X92.4378Y64.1666
G01 X92.3662Y64.2629
G01 X92.2850Y64.3519
G01 X92.2029Y64.4262
G01 X92.1066Y64.4978
G01 X92.0033Y64.5596
G01 X91.8946Y64.6104
G01 X91.7880Y64.6484
G01 X91.6693Y64.6778
G01 X91.5527Y64.6946
G01 X91.4449Y64.6999
G01 X91.3700Y64.7000
G01 X91.3700Y73.3300
G01 X95.2500Y73.3300
G01 X95.4117Y73.3383
G01 X95.5643Y73.3612
G01 X95.7142Y73.3988
G01 X95.8646Y73.4528
G01 X96.0085Y73.5213
G01 X96.1388Y73.5996
G01 X96.2612Y73.6902
G01 X96.3058Y73.7300
G01 X96.5150Y73.7300
G01 X96.6375Y73.7364
G01 X96.7513Y73.7535
G01 X96.8586Y73.7804
G01 X96.9766Y73.8224
G01 X97.0783Y73.8704
G01 X97.1816Y73.9322
G01 X97.2779Y74.0038
G01 X97.3635Y74.0815
G01 X97.4412Y74.1671
G01 X97.5099Y74.2593
G01 X97.5746Y74.3667
G01 X97.6226Y74.4684
G01 X97.6618Y74.5770
G01 X97.6915Y74.6937
G01 X97.7096Y74.8173
G01 X97.7150Y74.9300
G01 X97.7092Y75.0478
G01 X97.6909Y75.1689
G01 X97.6634Y75.2780
G01 X97.6254Y75.3846
G01 X97.5709Y75.4999
G01 X97.5128Y75.5966
G01 X97.4394Y75.6950
G01 X97.3635Y75.7785
G01 X97.2779Y75.8562
G01 X97.1816Y75.9278
G01 X97.0783Y75.9896
G01 X96.9766Y76.0376
G01 X96.8680Y76.0768
G01 X96.7443Y76.1078
G01 X96.6277Y76.1246
G01 X96.5150Y76.1300
G01 X96.3058Y76.1300
G01 X96.2612Y76.1698
G01 X96.1388Y76.2604
G01 X96.0018Y76.3423
G01 X95.8646Y76.4072
G01 X95.7191Y76.4596
G01 X95.5573Y76.5001
G01 X95.4070Y76.5223
G01 X95.2500Y76.5300
G01 X90.8327Y76.5300
G01 X89.4900Y77.8727
G01 X89.4900Y82.5500
G01 X89.4823Y82.7070
G01 X89.4588Y82.8643
G01 X89.4212Y83.0142
G01 X89.3700Y83.1577
G01 X89.2987Y83.3085
G01 X89.2204Y83.4388
G01 X89.1255Y83.5667
G01 X89.0178Y83.6848
G01 X88.9067Y83.7854
G01 X88.7829Y83.8775
G01 X88.6418Y83.9623
G01 X88.4977Y84.0300
G01 X88.3542Y84.0812
G01 X88.2069Y84.1182
G01 X88.0419Y84.1427
G01 X87.8900Y84.1500
G01 X87.7330Y84.1423
G01 X87.5757Y84.1188
G01 X87.4259Y84.0812
G01 X87.2754Y84.0272
G01 X87.1382Y83.9623
G01 X87.0012Y83.8804
G01 X86.8789Y83.7898
G01 X86.7553Y83.6778
G01 X86.6546Y83.5667
G01 X86.5570Y83.4348
G01 X86.4777Y83.3018
G01 X86.4128Y83.1646
G01 X86.3588Y83.0142
G01 X86.3199Y82.8573
G01 X86.2977Y82.7070
G01 X86.2900Y82.5500
G01 X86.2900Y77.2100
G01 X86.2974Y77.0581
G01 X86.3212Y76.8957
G01 X86.3576Y76.7503
G01 X86.4138Y76.5932
G01 X86.4777Y76.4582
G01 X86.5596Y76.3212
G01 X86.6546Y76.1933
G01 X86.7553Y76.0823
G00 Z3.0000
G00 X88.7875Y73.9084
G01 Z-0.2000
G01 X88.7860Y73.8828
G01 X88.7805Y73.8472
G01 X88.7738Y73.8212
G01 X88.7609Y73.7859
G01 X88.7518Y73.7666
G01 X88.7330Y73.7346
G01 X88.7111Y73.7055
G01 X88.6970Y73.6900
G01 X88.8700Y73.6900
G01 X88.8700Y73.8258
G01 X88.7875Y73.9084
G00 Z3.0000
G00 X98.1200Y87.7876
G01 Z-0.2000
G01 X98.0585Y88.0967
G01 X97.9379Y88.3879
G01 X97.7628Y88.6499
G01 X97.5399Y88.8728
G01 X97.2779Y89.0479
G01 X96.9867Y89.1685
G01 X96.6776Y89.2300
G01 X96.3624Y89.2300
G01 X96.0533Y89.1685
G01 X95.7621Y89.0479
G01 X95.5001Y88.8728
G01 X95.2772Y88.6499
G01 X95.1021Y88.3879
G01 X94.9815Y88.0967
G01 X94.9200Y87.7876
G01 X94.9200Y87.4724
G01 X94.9815Y87.1633
G01 X95.1021Y86.8721
G01 X95.2772Y86.6101
G01 X95.5001Y86.3872
G01 X95.7621Y86.2121
G01 X96.0533Y86.0915
G01 X96.3624Y86.0300
G01 X96.6776Y86.0300
G01 X96.9867Y86.0915
G01 X97.2779Y86.2121
G01 X97.5399Y86.3872
G01 X97.7628Y86.6101
G01 X97.9379Y86.8721
G01 X98.0585Y87.1633
G01 X98.1200Y87.4724
G01 X98.1200Y87.7876
G00 Z3.0000
G00 X98.2200Y87.7974
G01 Z-0.2000
G01 X98.1547Y88.1259
G01 X98.0265Y88.4353
G01 X97.8405Y88.7137
G01 X97.6037Y88.9505
G01 X97.3253Y89.1365
G01 X97.0159Y89.2647
G01 X96.6874Y89.3300
G01 X96.3526Y89.3300
G01 X96.0241Y89.2647
G01 X95.7147Y89.1365
G01 X95.4363Y88.9505
G01 X95.1995Y88.7137
G01 X95.0135Y88.4353
G01 X94.8853Y88.1259
G01 X94.8200Y87.7974
G01 X94.8200Y87.4626
G01 X94.8853Y87.1341
G01 X95.0135Y86.8247
G01 X95.1995Y86.5463
G01 X95.4363Y86.3095
G01 X95.7147Y86.1235
G01 X96.0241Y85.9953
G01 X96.3526Y85.9300
G01 X96.6874Y85.9300
G01 X97.0159Y85.9953
G01 X97.3253Y86.1235
G01 X97.6037Y86.3095
G01 X97.8405Y86.5463
G01 X98.0265Y86.8247
G01 X98.1547Y87.1341
G01 X98.2200Y87.4626
G01 X98.2200Y87.7974
G00 Z3.0000
G00 X98.3200Y87.8073
G01 Z-0.2000
G01 X98.2508Y88.1550
G01 X98.1151Y88.4826
G01 X97.9182Y88.7774
G01 X97.6674Y89.0282
G01 X97.3726Y89.2251
G01 X97.0450Y89.3608
G01 X96.6973Y89.4300
G01 X96.3427Y89.4300
G01 X95.9950Y89.3608
G01 X95.6674Y89.2251
G01 X95.3726Y89.0282
G01 X95.1218Y88.7774
G01 X94.9249Y88.4826
G01 X94.7892Y88.1550
G01 X94.7200Y87.8073
G01 X94.7200Y87.4527
G01 X94.7892Y87.1050
G01 X94.9249Y86.7774
G01 X95.1218Y86.4826
G01 X95.3726Y86.2318
G01 X95.6674Y86.0349
G01 X95.9950Y85.8992
G01 X96.3427Y85.8300
G01 X96.6973Y85.8300
G01 X97.0450Y85.8992
G01 X97.3726Y86.0349
G01 X97.6674Y86.2318
G01 X97.9182Y86.4826
G01 X98.1151Y86.7774
G01 X98.2508Y87.1050
G01 X98.3200Y87.4527
G01 X98.3200Y87.8073
G00 Z3.0000
G00 X54.4773Y61.7604
G01 Z-0.2000
G01 X54.4472Y61.7653
G01 X54.4212Y61.7720
G01 X54.3998Y61.7794
G01 X54.3817Y61.7869
G01 X54.3533Y61.8014
G01 X54.3346Y61.8128
G01 X54.3055Y61.8347
G01 X54.2900Y61.8488
G01 X54.2900Y61.5176
G01 X54.3251Y61.5757
G01 X54.3893Y61.6627
G01 X54.4018Y61.6779
G01 X54.4773Y61.7604
G00 Z3.0000
G00 X54.2276Y61.0046
G01 Z-0.2000
G01 X54.2055Y60.9160
G01 X54.1941Y60.8385
G01 X54.1900Y60.7550
G01 X54.1900Y55.3142
G01 X54.1947Y55.2260
G01 X54.2068Y55.1462
G01 X54.2265Y55.0677
G01 X54.2567Y54.9844
G01 X54.2891Y54.9159
G01 X54.3332Y54.8420
G01 X54.3843Y54.7733
G01 X54.4390Y54.7131
G01 X65.1300Y44.0221
G01 X65.1300Y35.9791
G01 X65.1341Y35.8957
G01 X65.1468Y35.8111
G01 X65.1682Y35.7277
G01 X65.1957Y35.6515
G01 X65.2282Y35.5828
G01 X65.2732Y35.5070
G01 X65.3243Y35.4383
G01 X65.3790Y35.3781
G01 X65.9700Y34.7871
G01 X65.9700Y33.5100
G01 X65.9747Y33.4218
G01 X65.9868Y33.3420
G01 X66.0082Y33.2586
G01 X66.0367Y33.1802
G01 X66.0691Y33.1117
G01 X66.1100Y33.0430
G01 X66.1101Y33.0151
G01 X66.1164Y32.8975
G01 X66.1335Y32.7837
G01 X66.1616Y32.6720
G01 X66.2033Y32.5563
G01 X66.2504Y32.4567
G01 X66.3122Y32.3534
G01 X66.3838Y32.2571
G01 X66.4615Y32.1715
G01 X66.5471Y32.0938
G01 X66.6393Y32.0251
G01 X66.7487Y31.9595
G01 X66.8484Y31.9124
G01 X66.9620Y31.8716
G01 X67.0737Y31.8435
G01 X67.1922Y31.8258
G01 X67.3100Y31.8200
G01 X67.4227Y31.8254
G01 X67.5463Y31.8435
G01 X67.6536Y31.8704
G01 X67.7737Y31.9133
G01 X67.8799Y31.9641
G01 X67.9766Y32.0222
G01 X68.0674Y32.0894
G01 X68.1585Y32.1715
G01 X68.2344Y32.2550
G01 X68.3078Y32.3534
G01 X68.3696Y32.4567
G01 X68.4176Y32.5584
G01 X68.4584Y32.6720
G01 X68.4878Y32.7907
G01 X68.5042Y32.9022
G01 X68.5099Y33.0151
G01 X68.5100Y34.2900
G01 X68.5042Y34.4078
G01 X68.4865Y34.5263
G01 X68.4596Y34.6336
G01 X68.4176Y34.7516
G01 X68.3696Y34.8533
G01 X68.3104Y34.9525
G01 X68.2362Y35.0529
G01 X68.1585Y35.1385
G01 X68.0750Y35.2144
G01 X67.9766Y35.2878
G01 X67.8733Y35.3496
G01 X67.7716Y35.3976
G01 X67.6580Y35.4384
G01 X67.6104Y35.4505
G01 X67.6033Y35.4689
G01 X67.5672Y35.5441
G01 X67.5268Y35.6113
G01 X67.4739Y35.6821
G01 X67.4211Y35.7402
G01 X66.8300Y36.3312
G01 X66.8300Y44.3742
G01 X66.8259Y44.4576
G01 X66.8132Y44.5422
G01 X66.7935Y44.6206
G01 X66.7633Y44.7039
G01 X66.7309Y44.7724
G01 X66.6868Y44.8463
G01 X66.6357Y44.9150
G01 X66.5811Y44.9752
G01 X55.8900Y55.6662
G01 X55.8900Y59.9680
G01 X55.9340Y59.9945
G01 X56.0225Y60.0603
G01 X56.1008Y60.1314
G01 X56.1719Y60.2097
G01 X56.2377Y60.2982
G01 X56.2907Y60.3864
G01 X56.3410Y60.4928
G01 X56.3757Y60.5902
G01 X56.4014Y60.6924
G01 X56.4177Y60.8012
G01 X56.4229Y60.9043
G01 X56.4171Y61.0219
G01 X56.4014Y61.1260
G01 X56.3757Y61.2282
G01 X56.3383Y61.3325
G01 X56.2953Y61.4234
G01 X56.2348Y61.5243
G01 X56.1719Y61.6087
G01 X56.1008Y61.6870
G01 X56.0225Y61.7581
G01 X55.9340Y61.8239
G01 X55.8391Y61.8806
G01 X55.7463Y61.9245
G01 X55.6420Y61.9619
G01 X55.5424Y61.9870
G01 X55.4259Y62.0043
G01 X55.3230Y62.0092
G01 X55.2150Y62.0039
G01 X55.1062Y61.9876
G01 X55.0040Y61.9619
G01 X54.8997Y61.9245
G01 X54.8088Y61.8815
G01 X54.7079Y61.8210
G01 X54.6235Y61.7581
G01 X54.5452Y61.6870
G01 X54.4741Y61.6087
G01 X54.4083Y61.5202
G01 X54.3516Y61.4253
G01 X54.3087Y61.3346
G01 X54.2703Y61.2282
G01 X54.2452Y61.1286
G01 X54.2289Y61.0219
G01 X54.2276Y61.0046
G00 Z3.0000
G00 X52.4900Y63.9230
G01 Z-0.2000
G01 X52.4900Y54.6100
G01 X52.4941Y54.5265
G01 X52.5068Y54.4420
G01 X52.5265Y54.3636
G01 X52.5529Y54.2893
G01 X52.5891Y54.2117
G01 X52.6332Y54.1379
G01 X52.6843Y54.0691
G01 X52.7390Y54.0090
G01 X63.4300Y43.3179
G01 X63.4300Y33.0200
G01 X63.4341Y32.9365
G01 X63.4455Y32.8590
G01 X63.4665Y32.7736
G01 X63.4967Y32.6902
G01 X63.5291Y32.6217
G01 X63.5706Y32.5519
G01 X63.6243Y32.4791
G01 X63.6825Y32.4156
G01 X63.7391Y32.3643
G01 X63.7947Y32.3228
G01 X63.8438Y32.2571
G01 X63.9181Y32.1750
G01 X64.0050Y32.0956
G01 X64.1034Y32.0222
G01 X64.2067Y31.9604
G01 X64.3084Y31.9124
G01 X64.4220Y31.8716
G01 X64.5337Y31.8435
G01 X64.6573Y31.8254
G01 X64.7700Y31.8200
G01 X64.8925Y31.8264
G01 X65.0063Y31.8435
G01 X65.1136Y31.8704
G01 X65.2246Y31.9096
G01 X65.3333Y31.9604
G01 X65.4366Y32.0222
G01 X65.5329Y32.0938
G01 X65.6219Y32.1750
G01 X65.7006Y32.2626
G01 X65.7678Y32.3534
G01 X65.8259Y32.4501
G01 X65.8776Y32.5584
G01 X65.9184Y32.6720
G01 X65.9478Y32.7907
G01 X65.9642Y32.9022
G01 X65.9699Y33.0151
G01 X65.9700Y34.2900
G01 X65.9636Y34.4125
G01 X65.9465Y34.5263
G01 X65.9184Y34.6380
G01 X65.8767Y34.7537
G01 X65.8296Y34.8533
G01 X65.7704Y34.9525
G01 X65.6962Y35.0529
G01 X65.6185Y35.1385
G01 X65.5687Y35.1839
G01 X65.5233Y35.2338
G01 X65.1675Y35.5895
G01 X65.1300Y35.6237
G01 X65.1300Y43.6700
G01 X65.1259Y43.7535
G01 X65.1132Y43.8380
G01 X65.0935Y43.9164
G01 X65.0671Y43.9907
G01 X65.0309Y44.0683
G01 X64.9868Y44.1421
G01 X64.9357Y44.2109
G01 X64.8811Y44.2710
G01 X54.1900Y54.9621
G01 X54.1900Y63.9230
G01 X54.2662Y64.0071
G01 X54.3378Y64.1034
G01 X54.3996Y64.2067
G01 X54.4476Y64.3084
G01 X54.4884Y64.4220
G01 X54.5165Y64.5337
G01 X54.5342Y64.6522
G01 X54.5400Y64.7700
G01 X54.5342Y64.8878
G01 X54.5165Y65.0063
G01 X54.4884Y65.1180
G01 X54.4476Y65.2316
G01 X54.3996Y65.3333
G01 X54.3378Y65.4366
G01 X54.2662Y65.5329
G01 X54.1885Y65.6185
G01 X54.1029Y65.6962
G01 X54.0066Y65.7678
G01 X53.9033Y65.8296
G01 X53.8016Y65.8776
G01 X53.6880Y65.9184
G01 X53.5763Y65.9465
G01 X53.4578Y65.9642
G01 X53.3400Y65.9700
G01 X53.2222Y65.9642
G01 X53.1037Y65.9465
G01 X52.9920Y65.9184
G01 X52.8784Y65.8776
G01 X52.7767Y65.8296
G01 X52.6734Y65.7678
G01 X52.5771Y65.6962
G01 X52.4915Y65.6185
G01 X52.4138Y65.5329
G01 X52.3422Y65.4366
G01 X52.2804Y65.3333
G01 X52.2324Y65.2316
G01 X52.1916Y65.1180
G01 X52.1635Y65.0063
G01 X52.1458Y64.8878
G01 X52.1400Y64.7700
G01 X52.1458Y64.6522
G01 X52.1635Y64.5337
G01 X52.1916Y64.4220
G01 X52.2324Y64.3084
G01 X52.2804Y64.2067
G01 X52.3422Y64.1034
G01 X52.4138Y64.0071
G01 X52.4900Y63.9230
G00 Z3.0000
G00 X52.0700Y64.4953
G01 Z-0.2000
G01 X52.0466Y64.4021
G01 X52.0397Y64.3798
G01 X52.1341Y64.2854
G01 X52.0958Y64.3932
G01 X52.0700Y64.4953
G00 Z3.0000
G00 X52.1543Y65.3005
G01 Z-0.2000
G01 X52.1378Y65.2964
G01 X52.1116Y65.2920
G01 X52.0921Y65.2901
G01 X52.0700Y65.2892
G01 X52.0479Y65.2901
G01 X52.0284Y65.2920
G01 X52.0022Y65.2964
G01 X51.9857Y65.3005
G01 X51.9990Y65.2722
G01 X52.0046Y65.2583
G01 X52.0409Y65.1567
G01 X52.0466Y65.1379
G01 X52.0700Y65.0447
G01 X52.0934Y65.1379
G01 X52.0991Y65.1567
G01 X52.1354Y65.2583
G01 X52.1410Y65.2722
G01 X52.1543Y65.3005
G00 Z3.0000
G00 X49.6172Y65.3067
G01 Z-0.2000
G01 X49.6022Y65.3030
G01 X49.5760Y65.2986
G01 X49.5565Y65.2967
G01 X49.5344Y65.2958
G01 X49.5124Y65.2967
G01 X49.4929Y65.2986
G01 X49.4666Y65.3030
G01 X49.4415Y65.3094
G01 X49.4590Y65.2722
G01 X49.4646Y65.2583
G01 X49.5009Y65.1567
G01 X49.5066Y65.1379
G01 X49.5300Y65.0447
G01 X49.5534Y65.1379
G01 X49.5591Y65.1567
G01 X49.5954Y65.2583
G01 X49.6010Y65.2722
G01 X49.6172Y65.3067
G00 Z3.0000
G00 X49.5600Y64.3807
G01 Z-0.2000
G01 X49.5600Y64.0385
G01 X50.4560Y63.1421
G01 X50.5322Y63.0580
G01 X50.6053Y62.9603
G01 X50.6162Y62.9439
G01 X50.6717Y62.8514
G01 X50.6790Y62.8380
G01 X50.6900Y62.8149
G01 X50.6900Y63.0425
G01 X50.1282Y63.6042
G01 X50.0684Y63.6700
G01 X50.0247Y63.7282
G01 X49.9720Y63.7678
G01 X49.8879Y63.8440
G01 X49.8740Y63.8579
G01 X49.7978Y63.9420
G01 X49.7190Y64.0479
G01 X49.6583Y64.1486
G01 X49.6510Y64.1620
G01 X49.6010Y64.2678
G01 X49.5600Y64.3807
G00 Z3.0000
G00 X50.0962Y63.7996
G01 Z-0.2000
G01 X50.1443Y63.7351
G01 X50.1990Y63.6750
G01 X50.7900Y63.0839
G01 X50.7900Y53.9058
G01 X50.7941Y53.8224
G01 X50.8063Y53.7400
G01 X50.8266Y53.6590
G01 X50.8547Y53.5805
G01 X50.8904Y53.5050
G01 X50.9332Y53.4337
G01 X50.9829Y53.3666
G01 X51.0388Y53.3049
G01 X61.7300Y42.6137
G01 X61.7300Y35.3795
G01 X61.6667Y35.3496
G01 X61.5675Y35.2904
G01 X61.4726Y35.2206
G01 X61.3815Y35.1385
G01 X61.3038Y35.0529
G01 X61.2322Y34.9566
G01 X61.1704Y34.8533
G01 X61.1224Y34.7516
G01 X61.0816Y34.6380
G01 X61.0522Y34.5193
G01 X61.0358Y34.4078
G01 X61.0301Y34.2949
G01 X61.0300Y33.0200
G01 X61.0358Y32.9022
G01 X61.0535Y32.7837
G01 X61.0832Y32.6670
G01 X61.1233Y32.5563
G01 X61.1704Y32.4567
G01 X61.2296Y32.3575
G01 X61.3038Y32.2571
G01 X61.3815Y32.1715
G01 X61.4671Y32.0938
G01 X61.5675Y32.0196
G01 X61.6667Y31.9604
G01 X61.7663Y31.9133
G01 X61.8770Y31.8732
G01 X61.9937Y31.8435
G01 X62.1122Y31.8258
G01 X62.2300Y31.8200
G01 X62.3525Y31.8264
G01 X62.4663Y31.8435
G01 X62.5736Y31.8704
G01 X62.6846Y31.9096
G01 X62.7999Y31.9641
G01 X62.8966Y32.0222
G01 X62.9874Y32.0894
G01 X63.0785Y32.1715
G01 X63.1606Y32.2626
G01 X63.2278Y32.3534
G01 X63.2859Y32.4501
G01 X63.3376Y32.5584
G01 X63.3784Y32.6720
G01 X63.4059Y32.7811
G01 X63.4246Y32.9073
G01 X63.4300Y33.0200
G01 X63.4300Y42.9658
G01 X63.4259Y43.0492
G01 X63.4137Y43.1317
G01 X63.3934Y43.2126
G01 X63.3653Y43.2911
G01 X63.3296Y43.3666
G01 X63.2868Y43.4380
G01 X63.2371Y43.5050
G01 X63.1812Y43.5667
G01 X52.4900Y54.2579
G01 X52.4900Y63.4360
G01 X52.4859Y63.5195
G01 X52.4726Y63.6066
G01 X52.4535Y63.6825
G01 X52.4271Y63.7567
G01 X52.3909Y63.8343
G01 X52.3468Y63.9082
G01 X52.2957Y63.9769
G01 X52.2444Y64.0335
G01 X51.9242Y64.3539
G01 X51.9484Y64.4220
G01 X51.9778Y64.5407
G01 X51.9942Y64.6522
G01 X52.0000Y64.7700
G01 X51.9942Y64.8878
G01 X51.9765Y65.0063
G01 X51.9484Y65.1180
G01 X51.9076Y65.2316
G01 X51.8596Y65.3333
G01 X51.8004Y65.4325
G01 X51.7262Y65.5329
G01 X51.6485Y65.6185
G01 X51.5650Y65.6944
G01 X51.4666Y65.7678
G01 X51.3633Y65.8296
G01 X51.2616Y65.8776
G01 X51.1480Y65.9184
G01 X51.0363Y65.9465
G01 X50.9178Y65.9642
G01 X50.8000Y65.9700
G01 X50.6822Y65.9642
G01 X50.5637Y65.9465
G01 X50.4520Y65.9184
G01 X50.3384Y65.8776
G01 X50.2367Y65.8296
G01 X50.1334Y65.7678
G01 X50.0371Y65.6962
G01 X49.9515Y65.6185
G01 X49.8738Y65.5329
G01 X49.8022Y65.4366
G01 X49.7404Y65.3333
G01 X49.6924Y65.2316
G01 X49.6516Y65.1180
G01 X49.6235Y65.0063
G01 X49.6058Y64.8878
G01 X49.6000Y64.7700
G01 X49.6058Y64.6522
G01 X49.6222Y64.5407
G01 X49.6516Y64.4220
G01 X49.6924Y64.3084
G01 X49.7404Y64.2067
G01 X49.8022Y64.1034
G01 X49.8738Y64.0071
G01 X49.9515Y63.9215
G01 X50.0371Y63.8438
G01 X50.0962Y63.7996
G00 Z3.0000
G00 X47.4082Y62.6551
G01 Z-0.2000
G01 X48.3300Y61.7329
G01 X48.3301Y60.9551
G01 X48.3364Y60.8375
G01 X48.3535Y60.7237
G01 X48.3804Y60.6164
G01 X48.4233Y60.4963
G01 X48.4704Y60.3967
G01 X48.5322Y60.2934
G01 X48.6056Y60.1950
G01 X48.6815Y60.1115
G01 X48.7671Y60.0338
G01 X48.8634Y59.9622
G01 X48.9667Y59.9004
G01 X49.0684Y59.8524
G01 X49.1820Y59.8116
G01 X49.2937Y59.7835
G01 X49.4122Y59.7658
G01 X49.5300Y59.7600
G01 X49.6478Y59.7658
G01 X49.7663Y59.7835
G01 X49.8780Y59.8116
G01 X49.9916Y59.8524
G01 X50.0933Y59.9004
G01 X50.1966Y59.9622
G01 X50.2929Y60.0338
G01 X50.3785Y60.1115
G01 X50.4562Y60.1971
G01 X50.5304Y60.2975
G01 X50.5896Y60.3967
G01 X50.6376Y60.4984
G01 X50.6796Y60.6164
G01 X50.7065Y60.7237
G01 X50.7242Y60.8422
G01 X50.7300Y60.9600
G01 X50.7299Y62.2349
G01 X50.7242Y62.3478
G01 X50.7078Y62.4593
G01 X50.6784Y62.5780
G01 X50.6376Y62.6916
G01 X50.5896Y62.7933
G01 X50.5278Y62.8966
G01 X50.4562Y62.9929
G01 X50.3785Y63.0785
G01 X49.4600Y63.9971
G01 X49.4600Y64.7700
G01 X49.4546Y64.8827
G01 X49.4359Y65.0089
G01 X49.4084Y65.1180
G01 X49.3704Y65.2246
G01 X49.3196Y65.3333
G01 X49.2578Y65.4366
G01 X49.1862Y65.5329
G01 X49.1085Y65.6185
G01 X49.0229Y65.6962
G01 X48.9266Y65.7678
G01 X48.8233Y65.8296
G01 X48.7216Y65.8776
G01 X48.6080Y65.9184
G01 X48.4963Y65.9465
G01 X48.3778Y65.9642
G01 X48.2600Y65.9700
G01 X48.1422Y65.9642
G01 X48.0237Y65.9465
G01 X47.9120Y65.9184
G01 X47.7984Y65.8776
G01 X47.6967Y65.8296
G01 X47.5934Y65.7678
G01 X47.4971Y65.6962
G01 X47.4115Y65.6185
G01 X47.3338Y65.5329
G01 X47.2622Y65.4366
G01 X47.2004Y65.3333
G01 X47.1524Y65.2316
G01 X47.1116Y65.1180
G01 X47.0835Y65.0063
G01 X47.0658Y64.8878
G01 X47.0601Y64.7749
G01 X47.0600Y63.5000
G01 X47.0658Y63.3822
G01 X47.0835Y63.2637
G01 X47.1104Y63.1564
G01 X47.1533Y63.0363
G01 X47.2004Y62.9367
G01 X47.2622Y62.8334
G01 X47.3338Y62.7371
G01 X47.4082Y62.6551
G00 Z3.0000
G00 X46.9937Y63.2107
G01 Z-0.2000
G01 X46.9859Y63.2420
G01 X46.9833Y63.2561
G01 X46.9663Y63.3723
G01 X46.9602Y63.4902
G01 X46.9600Y64.3807
G01 X46.9190Y64.2678
G01 X46.8709Y64.1660
G01 X46.8617Y64.1486
G01 X46.8062Y64.0561
G01 X46.7953Y64.0397
G01 X46.7222Y63.9420
G01 X46.6700Y63.8843
G01 X46.6700Y63.5344
G01 X46.9937Y63.2107
G00 Z3.0000
G00 X46.8600Y63.9592
G01 Z-0.2000
G01 X46.8113Y63.8935
G01 X46.7981Y63.8769
G01 X46.7700Y63.8458
G01 X46.7700Y63.5758
G01 X46.8604Y63.4854
G01 X46.8600Y63.9592
G00 Z3.0000
G00 X46.9900Y65.0447
G01 Z-0.2000
G01 X47.0134Y65.1379
G01 X47.0191Y65.1567
G01 X47.0554Y65.2583
G01 X47.0610Y65.2722
G01 X47.0785Y65.3094
G01 X47.0535Y65.3030
G01 X47.0275Y65.2986
G01 X47.0079Y65.2967
G01 X46.9857Y65.2958
G01 X46.9638Y65.2967
G01 X46.9442Y65.2986
G01 X46.9179Y65.3030
G01 X46.9028Y65.3067
G01 X46.9190Y65.2722
G01 X46.9246Y65.2583
G01 X46.9609Y65.1567
G01 X46.9666Y65.1379
G01 X46.9900Y65.0447
G00 Z3.0000
G00 X44.8700Y63.9230
G01 Z-0.2000
G01 X44.8700Y63.1408
G01 X44.8741Y63.0574
G01 X44.8868Y62.9728
G01 X44.9081Y62.8894
G01 X44.9367Y62.8111
G01 X44.9691Y62.7426
G01 X45.0106Y62.6728
G01 X45.0643Y62.6000
G01 X45.1190Y62.5398
G01 X46.6300Y61.0288
G01 X46.6300Y60.1109
G01 X46.6341Y60.0274
G01 X46.6474Y59.9402
G01 X46.6665Y59.8644
G01 X46.6929Y59.7902
G01 X46.7291Y59.7126
G01 X46.7761Y59.6346
G01 X46.8243Y59.5700
G01 X46.8790Y59.5098
G01 X48.0798Y58.3089
G01 X48.1400Y58.2543
G01 X48.2087Y58.2032
G01 X48.2826Y58.1591
G01 X48.3532Y58.1257
G01 X48.4344Y58.0965
G01 X48.5199Y58.0755
G01 X48.5974Y58.0641
G01 X48.6760Y58.0601
G01 X49.0900Y58.0600
G01 X49.0901Y53.1968
G01 X49.0941Y53.1182
G01 X49.1055Y53.0407
G01 X49.1265Y52.9552
G01 X49.1567Y52.8719
G01 X49.1891Y52.8034
G01 X49.2332Y52.7295
G01 X49.2843Y52.6608
G01 X49.3389Y52.6006
G01 X60.0300Y41.9096
G01 X60.0300Y36.4671
G01 X59.0890Y35.5260
G01 X59.0343Y35.4659
G01 X58.9832Y35.3971
G01 X58.9391Y35.3233
G01 X58.9057Y35.2526
G01 X58.8761Y35.1701
G01 X58.8415Y35.1385
G01 X58.7638Y35.0529
G01 X58.6922Y34.9566
G01 X58.6304Y34.8533
G01 X58.5824Y34.7516
G01 X58.5416Y34.6380
G01 X58.5141Y34.5289
G01 X58.4954Y34.4027
G01 X58.4900Y34.2900
G01 X58.4900Y33.0200
G01 X58.4958Y32.9022
G01 X58.5141Y32.7811
G01 X58.5416Y32.6720
G01 X58.5796Y32.5654
G01 X58.6304Y32.4567
G01 X58.6951Y32.3493
G01 X58.7638Y32.2571
G01 X58.8381Y32.1750
G01 X58.9271Y32.0938
G01 X59.0275Y32.0196
G01 X59.1267Y31.9604
G01 X59.2263Y31.9133
G01 X59.3420Y31.8716
G01 X59.4607Y31.8422
G01 X59.5722Y31.8258
G01 X59.6851Y31.8201
G01 X59.8078Y31.8258
G01 X59.9289Y31.8441
G01 X60.0380Y31.8716
G01 X60.1446Y31.9096
G01 X60.2513Y31.9595
G01 X60.3566Y32.0222
G01 X60.4529Y32.0938
G01 X60.5385Y32.1715
G01 X60.6206Y32.2626
G01 X60.6878Y32.3534
G01 X60.7459Y32.4501
G01 X60.7967Y32.5563
G01 X60.8384Y32.6720
G01 X60.8678Y32.7907
G01 X60.8842Y32.9022
G01 X60.8900Y33.0200
G01 X60.8899Y34.2949
G01 X60.8842Y34.4078
G01 X60.8665Y34.5263
G01 X60.8368Y34.6430
G01 X60.8004Y34.7446
G01 X60.7723Y34.8052
G01 X61.4810Y35.5139
G01 X61.5401Y35.5796
G01 X61.5868Y35.6428
G01 X61.6272Y35.7100
G01 X61.6643Y35.7874
G01 X61.6947Y35.8730
G01 X61.7132Y35.9470
G01 X61.7253Y36.0268
G01 X61.7300Y36.1150
G01 X61.7300Y42.2617
G01 X61.7259Y42.3451
G01 X61.7126Y42.4323
G01 X61.6935Y42.5081
G01 X61.6671Y42.5824
G01 X61.6318Y42.6580
G01 X61.5839Y42.7379
G01 X61.5357Y42.8025
G01 X61.4810Y42.8627
G01 X50.7900Y53.5537
G01 X50.7900Y58.6450
G01 X50.7859Y58.7285
G01 X50.7745Y58.8060
G01 X50.7518Y58.8964
G01 X50.7243Y58.9726
G01 X50.6909Y59.0433
G01 X50.6468Y59.1172
G01 X50.5957Y59.1859
G01 X50.5410Y59.2461
G01 X50.2761Y59.5110
G01 X50.2159Y59.5657
G01 X50.1472Y59.6168
G01 X50.0733Y59.6609
G01 X49.9957Y59.6971
G01 X49.9215Y59.7235
G01 X49.8456Y59.7426
G01 X49.7632Y59.7553
G01 X49.6750Y59.7600
G01 X49.0329Y59.7600
G01 X48.3300Y60.4629
G01 X48.3300Y61.3809
G01 X48.3259Y61.4643
G01 X48.3132Y61.5489
G01 X48.2935Y61.6273
G01 X48.2643Y61.7085
G01 X48.2272Y61.7858
G01 X48.1868Y61.8530
G01 X48.1401Y61.9162
G01 X48.0810Y61.9819
G01 X46.5700Y63.4929
G01 X46.5700Y63.9230
G01 X46.6462Y64.0071
G01 X46.7178Y64.1034
G01 X46.7796Y64.2067
G01 X46.8276Y64.3084
G01 X46.8684Y64.4220
G01 X46.8965Y64.5337
G01 X46.9142Y64.6522
G01 X46.9200Y64.7700
G01 X46.9142Y64.8878
G01 X46.8965Y65.0063
G01 X46.8684Y65.1180
G01 X46.8276Y65.2316
G01 X46.7796Y65.3333
G01 X46.7178Y65.4366
G01 X46.6462Y65.5329
G01 X46.5685Y65.6185
G01 X46.4829Y65.6962
G01 X46.3866Y65.7678
G01 X46.2833Y65.8296
G01 X46.1816Y65.8776
G01 X46.0680Y65.9184
G01 X45.9563Y65.9465
G01 X45.8378Y65.9642
G01 X45.7200Y65.9700
G01 X45.6022Y65.9642
G01 X45.4837Y65.9465
G01 X45.3720Y65.9184
G01 X45.2584Y65.8776
G01 X45.1567Y65.8296
G01 X45.0534Y65.7678
G01 X44.9571Y65.6962
G01 X44.8715Y65.6185
G01 X44.7938Y65.5329
G01 X44.7222Y65.4366
G01 X44.6604Y65.3333
G01 X44.6124Y65.2316
G01 X44.5716Y65.1180
G01 X44.5435Y65.0063
G01 X44.5258Y64.8878
G01 X44.5200Y64.7700
G01 X44.5258Y64.6522
G01 X44.5435Y64.5337
G01 X44.5716Y64.4220
G01 X44.6124Y64.3084
G01 X44.6604Y64.2067
G01 X44.7222Y64.1034
G01 X44.7938Y64.0071
G01 X44.8700Y63.9230
G00 Z3.0000
G00 X40.2808Y63.6254
G01 Z-0.2000
G01 X40.2841Y63.5615
G01 X40.2968Y63.4770
G01 X40.3165Y63.3986
G01 X40.3457Y63.3174
G01 X40.3791Y63.2467
G01 X40.4232Y63.1729
G01 X40.4743Y63.1041
G01 X40.5256Y63.0475
G01 X40.5891Y62.9893
G01 X40.6619Y62.9356
G01 X40.7317Y62.8941
G01 X40.8002Y62.8617
G01 X40.8818Y62.8321
G01 X42.4750Y61.2389
G01 X42.4750Y54.4650
G01 X42.4791Y54.3815
G01 X42.4924Y54.2944
G01 X42.5115Y54.2185
G01 X42.5379Y54.1443
G01 X42.5741Y54.0667
G01 X42.6211Y53.9887
G01 X42.6693Y53.9241
G01 X42.7240Y53.8639
G01 X47.9589Y48.6290
G01 X47.8972Y48.5456
G01 X47.8354Y48.4423
G01 X47.7874Y48.3406
G01 X47.7482Y48.2320
G01 X47.7172Y48.1083
G01 X47.7008Y47.9968
G01 X47.6951Y47.8839
G01 X47.6950Y40.0862
G01 X46.2815Y38.6726
G01 X46.1994Y38.5815
G01 X46.1322Y38.4907
G01 X46.0741Y38.3941
G01 X46.0196Y38.2788
G01 X45.9816Y38.1722
G01 X45.9535Y38.0604
G01 X45.9358Y37.9419
G01 X45.9301Y37.8290
G01 X45.9300Y33.0200
G01 X45.9358Y32.9022
G01 X45.9541Y32.7811
G01 X45.9816Y32.6720
G01 X46.0223Y32.5584
G01 X46.0704Y32.4567
G01 X46.1322Y32.3534
G01 X46.2038Y32.2571
G01 X46.2815Y32.1715
G01 X46.3671Y32.0938
G01 X46.4634Y32.0222
G01 X46.5667Y31.9604
G01 X46.6684Y31.9124
G01 X46.7819Y31.8716
G01 X46.8937Y31.8435
G01 X47.0122Y31.8258
G01 X47.1300Y31.8200
G01 X47.2478Y31.8258
G01 X47.3663Y31.8435
G01 X47.4830Y31.8732
G01 X47.5916Y31.9124
G01 X47.6932Y31.9604
G01 X47.8007Y32.0251
G01 X47.8929Y32.0938
G01 X47.9785Y32.1715
G01 X48.0562Y32.2571
G01 X48.1249Y32.3493
G01 X48.1895Y32.4567
G01 X48.2376Y32.5584
G01 X48.2768Y32.6670
G01 X48.3078Y32.7907
G01 X48.3242Y32.9022
G01 X48.3300Y33.0200
G01 X48.3300Y37.3271
G01 X49.7435Y38.7406
G01 X49.8212Y38.8262
G01 X49.8954Y38.9266
G01 X49.9546Y39.0259
G01 X50.0017Y39.1254
G01 X50.0434Y39.2411
G01 X50.0728Y39.3599
G01 X50.0892Y39.4714
G01 X50.0950Y39.5891
G01 X50.0950Y47.8790
G01 X50.0892Y47.9968
G01 X50.0715Y48.1153
G01 X50.0418Y48.2320
G01 X50.0026Y48.3406
G01 X49.9546Y48.4423
G01 X49.8899Y48.5497
G01 X49.8212Y48.6419
G01 X49.7450Y48.7260
G01 X49.7450Y48.8950
G01 X49.7409Y48.9785
G01 X49.7282Y49.0630
G01 X49.7097Y49.1370
G01 X49.6793Y49.2226
G01 X49.6459Y49.2933
G01 X49.6018Y49.3671
G01 X49.5507Y49.4359
G01 X49.4960Y49.4960
G01 X44.1750Y54.8171
G01 X44.1750Y61.5910
G01 X44.1703Y61.6792
G01 X44.1582Y61.7590
G01 X44.1385Y61.8374
G01 X44.1093Y61.9186
G01 X44.0722Y61.9959
G01 X44.0289Y62.0672
G01 X43.9807Y62.1319
G01 X43.9294Y62.1885
G01 X41.9800Y64.1381
G01 X41.9800Y64.2800
G01 X41.9763Y64.3584
G01 X41.9626Y64.4506
G01 X41.9435Y64.5264
G01 X41.9143Y64.6076
G01 X41.8809Y64.6783
G01 X41.8391Y64.7486
G01 X41.8399Y64.7749
G01 X41.8342Y64.8878
G01 X41.8159Y65.0089
G01 X41.7884Y65.1180
G01 X41.7504Y65.2246
G01 X41.6959Y65.3399
G01 X41.6378Y65.4366
G01 X41.5662Y65.5329
G01 X41.4885Y65.6185
G01 X41.4029Y65.6962
G01 X41.3066Y65.7678
G01 X41.2033Y65.8296
G01 X41.1016Y65.8776
G01 X40.9880Y65.9184
G01 X40.8763Y65.9465
G01 X40.7578Y65.9642
G01 X40.6400Y65.9700
G01 X40.5222Y65.9642
G01 X40.4037Y65.9465
G01 X40.2920Y65.9184
G01 X40.1784Y65.8776
G01 X40.0767Y65.8296
G01 X39.9734Y65.7678
G01 X39.8771Y65.6962
G01 X39.7915Y65.6185
G01 X39.7138Y65.5329
G01 X39.6422Y65.4366
G01 X39.5804Y65.3333
G01 X39.5324Y65.2316
G01 X39.4916Y65.1180
G01 X39.4635Y65.0063
G01 X39.4458Y64.8878
G01 X39.4400Y64.7700
G01 X39.4458Y64.6522
G01 X39.4635Y64.5337
G01 X39.4916Y64.4220
G01 X39.5324Y64.3084
G01 X39.5804Y64.2067
G01 X39.6422Y64.1034
G01 X39.7138Y64.0071
G01 X39.7915Y63.9215
G01 X39.8771Y63.8438
G01 X39.9734Y63.7722
G01 X40.0767Y63.7104
G01 X40.1784Y63.6624
G01 X40.2808Y63.6254
G00 Z3.0000
G00 X40.1471Y63.5673
G01 Z-0.2000
G01 X40.1881Y63.5262
G01 X40.1844Y63.5537
G01 X40.1471Y63.5673
G00 Z3.0000
G00 X39.4000Y64.3807
G01 Z-0.2000
G01 X39.4000Y64.3143
G01 X39.4373Y64.2771
G01 X39.4354Y64.2817
G01 X39.4000Y64.3807
G00 Z3.0000
G00 X39.3665Y65.3636
G01 Z-0.2000
G01 X39.3700Y65.3561
G01 X39.3727Y65.3619
G01 X39.3665Y65.3636
G00 Z3.0000
G00 X39.5338Y65.4505
G01 Z-0.2000
G01 X39.5172Y65.4483
G01 X39.4948Y65.4469
G01 X39.4629Y65.4475
G01 X39.4313Y65.4513
G01 X39.4172Y65.4538
G01 X39.3913Y65.4605
G01 X39.3559Y65.4734
G01 X39.3366Y65.4826
G01 X39.3233Y65.4899
G01 X39.3046Y65.5013
G01 X39.2866Y65.5144
G01 X39.2756Y65.5232
G01 X39.2600Y65.5373
G01 X39.2600Y65.3548
G01 X39.2990Y65.2722
G01 X39.3409Y65.1567
G01 X39.3466Y65.1379
G01 X39.3700Y65.0447
G01 X39.3958Y65.1468
G01 X39.4354Y65.2583
G01 X39.4410Y65.2722
G01 X39.4910Y65.3780
G01 X39.5338Y65.4505
G00 Z3.0000
G00 X36.9000Y64.3477
G01 Z-0.2000
G01 X36.9001Y63.7709
G01 X36.9058Y63.6581
G01 X36.9235Y63.5396
G01 X36.9516Y63.4278
G01 X36.9933Y63.3121
G01 X37.0441Y63.2059
G01 X37.1022Y63.1093
G01 X37.1694Y63.0184
G01 X37.2515Y62.9273
G01 X40.0750Y60.1038
G01 X40.0751Y56.5101
G01 X40.0814Y56.3925
G01 X40.0985Y56.2787
G01 X40.1254Y56.1714
G01 X40.1674Y56.0534
G01 X40.2191Y55.9451
G01 X40.2772Y55.8484
G01 X40.3488Y55.7521
G01 X40.4265Y55.6665
G01 X40.5121Y55.5888
G01 X40.6084Y55.5172
G01 X40.7117Y55.4554
G01 X40.8134Y55.4074
G01 X40.9270Y55.3666
G01 X41.0387Y55.3385
G01 X41.1572Y55.3208
G01 X41.2750Y55.3150
G01 X41.3928Y55.3208
G01 X41.5113Y55.3385
G01 X41.6230Y55.3666
G01 X41.7366Y55.4074
G01 X41.8449Y55.4591
G01 X41.9416Y55.5172
G01 X42.0324Y55.5844
G01 X42.1200Y55.6631
G01 X42.2012Y55.7521
G01 X42.2728Y55.8484
G01 X42.3346Y55.9517
G01 X42.3854Y56.0604
G01 X42.4234Y56.1670
G01 X42.4509Y56.2761
G01 X42.4692Y56.3972
G01 X42.4750Y56.5150
G01 X42.4750Y60.6008
G01 X42.4686Y60.7233
G01 X42.4515Y60.8371
G01 X42.4246Y60.9445
G01 X42.3826Y61.0624
G01 X42.3346Y61.1641
G01 X42.2754Y61.2634
G01 X42.1994Y61.3658
G01 X42.1235Y61.4494
G01 X39.3000Y64.2729
G01 X39.3000Y64.7700
G01 X39.2936Y64.8925
G01 X39.2765Y65.0063
G01 X39.2484Y65.1180
G01 X39.2076Y65.2316
G01 X39.1600Y65.3323
G01 X39.1600Y78.1777
G01 X39.2076Y78.2784
G01 X39.2468Y78.3870
G01 X39.2765Y78.5037
G01 X39.2946Y78.6273
G01 X39.3000Y78.7400
G01 X39.2946Y78.8527
G01 X39.2765Y78.9763
G01 X39.2496Y79.0836
G01 X39.2067Y79.2037
G01 X39.1596Y79.3033
G01 X39.0978Y79.4066
G01 X39.0262Y79.5029
G01 X38.9485Y79.5885
G01 X38.8629Y79.6662
G01 X38.7707Y79.7349
G01 X38.6613Y79.8005
G01 X38.5616Y79.8476
G01 X38.4480Y79.8884
G01 X38.3363Y79.9165
G01 X38.2178Y79.9342
G01 X38.1000Y79.9400
G01 X38.0316Y79.9399
G01 X37.9187Y79.9342
G01 X37.8002Y79.9165
G01 X37.6885Y79.8884
G01 X37.5749Y79.8476
G01 X37.4732Y79.7996
G01 X37.3699Y79.7378
G01 X37.2791Y79.6706
G01 X37.1880Y79.5885
G01 X37.1081Y79.5085
G01 X37.0338Y79.4264
G01 X36.9622Y79.3301
G01 X36.9041Y79.2335
G01 X36.8524Y79.1251
G01 X36.8116Y79.0116
G01 X36.7835Y78.8998
G01 X36.7658Y78.7813
G01 X36.7600Y78.6635
G01 X36.7600Y64.9100
G01 X36.7658Y64.7922
G01 X36.7841Y64.6711
G01 X36.8116Y64.5619
G01 X36.8496Y64.4553
G01 X36.9000Y64.3477
G00 Z3.0000
G00 X36.8600Y63.3865
G01 Z-0.2000
G01 X36.8600Y60.6346
G01 X36.8842Y60.7301
G01 X36.9238Y60.8417
G01 X36.9293Y60.8555
G01 X36.9794Y60.9613
G01 X36.9867Y60.9747
G01 X37.0473Y61.0754
G01 X37.1262Y61.1814
G01 X37.2091Y61.2726
G01 X37.3004Y61.3555
G01 X37.3981Y61.4286
G01 X37.4144Y61.4395
G01 X37.5070Y61.4950
G01 X37.5204Y61.5024
G01 X37.6262Y61.5524
G01 X37.6400Y61.5579
G01 X37.7516Y61.5976
G01 X37.8652Y61.6262
G01 X37.8844Y61.6301
G01 X38.0006Y61.6471
G01 X38.1284Y61.6534
G01 X38.2561Y61.6471
G01 X38.3723Y61.6301
G01 X38.3863Y61.6275
G01 X38.4177Y61.6197
G01 X37.1808Y62.8566
G01 X37.1015Y62.9437
G01 X37.0890Y62.9589
G01 X37.0190Y63.0538
G01 X36.9583Y63.1545
G01 X36.9510Y63.1679
G01 X36.9010Y63.2737
G01 X36.8600Y63.3865
G00 Z3.0000
G00 X36.9600Y62.9650
G01 Z-0.2000
G01 X36.9600Y61.1244
G01 X36.9728Y61.1432
G01 X37.0371Y61.2299
G01 X37.0503Y61.2464
G01 X37.1283Y61.3326
G01 X37.1491Y61.3535
G01 X37.2353Y61.4314
G01 X37.2518Y61.4446
G01 X37.3385Y61.5089
G01 X37.3630Y61.5253
G01 X37.4556Y61.5808
G01 X37.4757Y61.5918
G01 X37.5791Y61.6408
G01 X37.6063Y61.6521
G01 X37.7228Y61.6933
G01 X37.8409Y61.7232
G01 X37.8697Y61.7290
G01 X37.9907Y61.7466
G01 X38.1136Y61.7530
G01 X38.1429Y61.7530
G01 X37.1101Y62.7859
G01 X37.0219Y62.8828
G01 X37.0087Y62.8993
G01 X36.9600Y62.9650
G00 Z3.0000
G00 X37.0600Y62.6945
G01 Z-0.2000
G01 X37.0600Y61.4059
G01 X37.0819Y61.4276
G01 X37.1619Y61.5001
G01 X37.1922Y61.5250
G01 X37.2954Y61.6008
G01 X37.4042Y61.6666
G01 X37.4309Y61.6812
G01 X37.5450Y61.7352
G01 X37.5727Y61.7462
G01 X37.6941Y61.7891
G01 X37.8270Y61.8227
G01 X37.8551Y61.8279
G01 X37.9174Y61.8371
G01 X37.0600Y62.6945
G00 Z3.0000
G00 X37.1600Y62.4531
G01 Z-0.2000
G01 X37.1600Y61.6255
G01 X37.2399Y61.6840
G01 X37.3528Y61.7523
G01 X37.3862Y61.7707
G01 X37.5043Y61.8265
G01 X37.5390Y61.8404
G01 X37.6406Y61.8768
G01 X37.6654Y61.8849
G01 X37.7152Y61.8979
G01 X37.1600Y62.4531
G00 Z3.0000
G00 X37.2600Y62.2117
G01 Z-0.2000
G01 X37.2600Y61.8133
G01 X37.3014Y61.8381
G01 X37.3415Y61.8601
G01 X37.3533Y61.8659
G01 X37.4637Y61.9179
G01 X37.5053Y61.9346
G01 X37.5287Y61.9430
G01 X37.2600Y62.2117
G00 Z3.0000
G00 X38.9769Y61.2019
G01 Z-0.2000
G01 X38.8913Y61.2796
G01 X38.7991Y61.3483
G01 X38.6916Y61.4129
G01 X38.5899Y61.4610
G01 X38.4814Y61.5002
G01 X38.3647Y61.5298
G01 X38.2411Y61.5479
G01 X38.1284Y61.5534
G01 X38.0106Y61.5476
G01 X37.8895Y61.5292
G01 X37.7803Y61.5018
G01 X37.6737Y61.4638
G01 X37.5584Y61.4092
G01 X37.4618Y61.3512
G01 X37.3710Y61.2840
G01 X37.2798Y61.2019
G01 X37.1977Y61.1108
G01 X37.1305Y61.0200
G01 X37.0725Y60.9233
G01 X37.0207Y60.8149
G01 X36.9799Y60.7014
G01 X36.9525Y60.5923
G01 X36.9338Y60.4661
G01 X36.9284Y60.3534
G01 X36.9338Y60.2406
G01 X36.9514Y60.1193
G01 X36.9816Y60.0004
G01 X37.0197Y59.8941
G01 X37.0688Y59.7901
G01 X37.1306Y59.6867
G01 X37.2021Y59.5904
G01 X37.2798Y59.5048
G01 X37.5350Y59.2497
G01 X37.5350Y56.5150
G01 X37.5414Y56.3925
G01 X37.5585Y56.2787
G01 X37.5866Y56.1670
G01 X37.6283Y56.0513
G01 X37.6754Y55.9517
G01 X37.7372Y55.8484
G01 X37.8106Y55.7500
G01 X37.8865Y55.6665
G01 X37.9721Y55.5888
G01 X38.0725Y55.5146
G01 X38.1717Y55.4554
G01 X38.2734Y55.4074
G01 X38.3870Y55.3666
G01 X38.4961Y55.3391
G01 X38.6223Y55.3204
G01 X38.7350Y55.3150
G01 X38.8528Y55.3208
G01 X38.9713Y55.3385
G01 X39.0830Y55.3666
G01 X39.1966Y55.4074
G01 X39.2983Y55.4554
G01 X39.4016Y55.5172
G01 X39.4979Y55.5888
G01 X39.5835Y55.6665
G01 X39.6612Y55.7521
G01 X39.7328Y55.8484
G01 X39.7946Y55.9517
G01 X39.8426Y56.0534
G01 X39.8834Y56.1670
G01 X39.9115Y56.2787
G01 X39.9296Y56.4023
G01 X39.9350Y56.5150
G01 X39.9350Y59.7467
G01 X39.9292Y59.8643
G01 X39.9119Y59.9808
G01 X39.8833Y60.0951
G01 X39.8417Y60.2104
G01 X39.7909Y60.3167
G01 X39.7328Y60.4134
G01 X39.6656Y60.5041
G01 X39.5835Y60.5952
G01 X38.9769Y61.2019
G00 Z3.0000
G00 X36.8600Y59.4712
G01 Z-0.2000
G01 X36.8755Y59.4853
G01 X36.8866Y59.4941
G01 X36.9127Y59.5123
G01 X36.9366Y59.5259
G01 X36.9559Y59.5351
G01 X36.9698Y59.5406
G01 X37.0001Y59.5504
G01 X37.0313Y59.5573
G01 X37.0629Y59.5610
G01 X37.0850Y59.5618
G01 X37.0989Y59.5614
G01 X37.0473Y59.6313
G01 X36.9867Y59.7320
G01 X36.9775Y59.7493
G01 X36.9313Y59.8469
G01 X36.9238Y59.8650
G01 X36.8843Y59.9760
G01 X36.8600Y60.0722
G01 X36.8600Y59.4712
G00 Z3.0000
G00 X34.3469Y56.0505
G01 Z-0.2000
G01 X34.3090Y55.9705
G01 X34.2829Y55.9259
G01 X34.3119Y55.9292
G01 X34.3438Y55.9298
G01 X34.3661Y55.9285
G01 X34.4036Y55.9225
G01 X34.3610Y56.0128
G01 X34.3469Y56.0505
G00 Z3.0000
G00 X31.8600Y59.3047
G01 Z-0.2000
G01 X31.8600Y59.6342
G01 X31.8461Y59.6111
G01 X31.8352Y59.5947
G01 X31.7621Y59.4970
G01 X31.6860Y59.4129
G01 X31.6663Y59.3938
G01 X31.6887Y59.3907
G01 X31.7199Y59.3839
G01 X31.7387Y59.3782
G01 X31.7683Y59.3666
G01 X31.7967Y59.3521
G01 X31.8154Y59.3406
G01 X31.8444Y59.3188
G01 X31.8600Y59.3047
G00 Z3.0000
G00 X31.7800Y64.3807
G01 Z-0.2000
G01 X31.7800Y64.2828
G01 X31.8410Y64.2001
G01 X31.8600Y64.1689
G01 X31.8600Y64.1852
G01 X31.8210Y64.2678
G01 X31.7800Y64.3807
G00 Z3.0000
G00 X23.3887Y56.5150
G01 Z-0.2000
G01 X23.4819Y56.4916
G01 X23.5007Y56.4859
G01 X23.6023Y56.4496
G01 X23.6162Y56.4440
G01 X23.6584Y56.4241
G01 X23.6525Y56.4472
G01 X23.6481Y56.4734
G01 X23.6462Y56.4929
G01 X23.6454Y56.5150
G01 X23.6462Y56.5371
G01 X23.6481Y56.5566
G01 X23.6525Y56.5828
G01 X23.6584Y56.6059
G01 X23.6162Y56.5860
G01 X23.6023Y56.5804
G01 X23.5007Y56.5441
G01 X23.4819Y56.5384
G01 X23.3887Y56.5150
G00 Z3.0000
G00 X24.1023Y54.1060
G01 Z-0.2000
G01 X24.0882Y54.1216
G01 X24.0664Y54.1506
G01 X24.0476Y54.1826
G01 X24.0385Y54.2020
G01 X24.0255Y54.2373
G01 X24.0201Y54.2580
G01 X24.0163Y54.2773
G01 X24.0127Y54.3068
G01 X23.9420Y54.2428
G01 X23.8443Y54.1697
G01 X23.8279Y54.1588
G01 X23.7398Y54.1060
G01 X24.1023Y54.1060
G00 Z3.0000
G00 X27.5218Y49.7050
G01 Z-0.2000
G01 X25.9726Y51.2545
G01 X25.8870Y51.3322
G01 X25.7867Y51.4064
G01 X25.6874Y51.4656
G01 X25.5857Y51.5137
G01 X25.4677Y51.5556
G01 X25.3604Y51.5825
G01 X25.2466Y51.5996
G01 X25.1241Y51.6060
G01 X14.6048Y51.6060
G01 X14.6048Y79.1441
G01 X15.1048Y79.6442
G01 X15.2054Y79.7553
G01 X15.3004Y79.8832
G01 X15.3823Y80.0202
G01 X15.4500Y80.1643
G01 X15.5024Y80.3123
G01 X15.5388Y80.4577
G01 X15.5617Y80.6103
G01 X15.5700Y80.7720
G01 X15.5699Y86.3649
G01 X15.5623Y86.5170
G01 X15.5401Y86.6673
G01 X15.5024Y86.8197
G01 X15.4472Y86.9746
G01 X15.3823Y87.1118
G01 X15.3004Y87.2488
G01 X15.2036Y87.3787
G01 X15.1014Y87.4914
G01 X14.9887Y87.5936
G01 X14.8588Y87.6904
G01 X14.7218Y87.7723
G01 X14.5777Y87.8400
G01 X14.4342Y87.8912
G01 X14.2869Y87.9282
G01 X14.1270Y87.9523
G01 X13.9700Y87.9600
G01 X13.8083Y87.9517
G01 X13.6557Y87.9288
G01 X13.5103Y87.8924
G01 X13.3623Y87.8400
G01 X13.2182Y87.7723
G01 X13.0771Y87.6875
G01 X12.9533Y87.5954
G01 X12.8422Y87.4948
G01 X12.7346Y87.3767
G01 X12.6396Y87.2488
G01 X12.5567Y87.1099
G01 X12.4900Y86.9677
G01 X12.4388Y86.8242
G01 X12.4018Y86.6769
G01 X12.3777Y86.5170
G01 X12.3700Y86.3600
G01 X12.3700Y81.4347
G01 X11.8734Y80.9382
G01 X11.7712Y80.8255
G01 X11.6744Y80.6956
G01 X11.5961Y80.5653
G01 X11.5276Y80.4214
G01 X11.4724Y80.2665
G01 X11.4360Y80.1211
G01 X11.4131Y79.9685
G01 X11.4048Y79.8068
G01 X11.4048Y11.4046
G01 X11.4131Y11.2429
G01 X11.4360Y11.0903
G01 X11.4736Y10.9404
G01 X11.5286Y10.7878
G01 X11.5925Y10.6528
G01 X11.6744Y10.5158
G01 X11.7712Y10.3859
G01 X11.8734Y10.2732
G01 X11.9881Y10.1692
G01 X12.1160Y10.0742
G01 X12.2463Y9.9959
G01 X12.3971Y9.9246
G01 X12.5451Y9.8722
G01 X12.6905Y9.8358
G01 X12.8431Y9.8129
G01 X13.0048Y9.8046
G01 X13.1618Y9.8123
G01 X13.3191Y9.8358
G01 X13.4739Y9.8750
G01 X13.6216Y9.9284
G01 X13.7566Y9.9923
G01 X13.8896Y10.0716
G01 X14.0215Y10.1692
G01 X14.1362Y10.2732
G01 X14.2402Y10.3879
G01 X14.3378Y10.5198
G01 X14.4171Y10.6528
G01 X14.4810Y10.7878
G01 X14.5344Y10.9355
G01 X14.5736Y11.0903
G01 X14.5975Y11.2527
G01 X14.6048Y11.4046
G01 X14.6048Y49.2060
G01 X24.6271Y49.2060
G01 X25.4700Y48.3631
G01 X25.4700Y42.9260
G01 X25.4764Y42.8035
G01 X25.4935Y42.6897
G01 X25.5204Y42.5824
G01 X25.5633Y42.4623
G01 X25.6104Y42.3627
G01 X25.6722Y42.2594
G01 X25.7438Y42.1631
G01 X25.8181Y42.0810
G01 X25.9126Y41.9954
G01 X26.0034Y41.9282
G01 X26.1067Y41.8664
G01 X26.2084Y41.8184
G01 X26.3170Y41.7792
G01 X26.4337Y41.7495
G01 X26.5475Y41.7324
G01 X26.6749Y41.7261
G01 X26.7878Y41.7318
G01 X26.9063Y41.7495
G01 X27.0180Y41.7776
G01 X27.1316Y41.8184
G01 X27.2333Y41.8664
G01 X27.3366Y41.9282
G01 X27.4329Y41.9998
G01 X27.5150Y42.0741
G01 X27.6006Y42.1686
G01 X27.6678Y42.2594
G01 X27.7305Y42.3647
G01 X27.7776Y42.4644
G01 X27.8184Y42.5780
G01 X27.8465Y42.6897
G01 X27.8642Y42.8082
G01 X27.8700Y42.9260
G01 X27.8700Y48.8601
G01 X27.8646Y48.9729
G01 X27.8465Y49.0964
G01 X27.8196Y49.2037
G01 X27.7767Y49.3238
G01 X27.7296Y49.4234
G01 X27.6678Y49.5267
G01 X27.5962Y49.6230
G01 X27.5218Y49.7050
G00 Z3.0000
G00 X27.9066Y49.2590
G01 Z-0.2000
G01 X27.9166Y49.2280
G01 X27.9441Y49.1181
G01 X27.9625Y48.9973
G01 X27.9645Y48.9778
G01 X27.9700Y48.8601
G01 X27.9700Y48.3953
G01 X28.0110Y48.5082
G01 X28.0610Y48.6140
G01 X28.0683Y48.6274
G01 X28.1290Y48.7281
G01 X28.1990Y48.8230
G01 X28.2115Y48.8381
G01 X28.2908Y48.9252
G01 X28.3779Y49.0045
G01 X28.3930Y49.0170
G01 X28.4797Y49.0813
G01 X28.4961Y49.0922
G01 X28.5192Y49.1060
G01 X28.3905Y49.1123
G01 X28.2743Y49.1293
G01 X28.2550Y49.1331
G01 X28.1415Y49.1618
G01 X28.0299Y49.2014
G01 X28.0118Y49.2089
G01 X27.9066Y49.2590
G00 Z3.0000
G00 X28.0700Y48.8168
G01 Z-0.2000
G01 X28.1187Y48.8825
G01 X28.1319Y48.8991
G01 X28.2201Y48.9959
G01 X28.2579Y49.0307
G01 X28.2307Y49.0361
G01 X28.1127Y49.0660
G01 X28.0502Y49.0880
G01 X28.0615Y49.0120
G01 X28.0643Y48.9827
G01 X28.0696Y48.8748
G01 X28.0700Y48.8168
G00 Z3.0000
G00 X30.5100Y47.9528
G01 Z-0.2000
G01 X30.5255Y47.9669
G01 X30.5546Y47.9888
G01 X30.5866Y48.0076
G01 X30.6059Y48.0167
G01 X30.6412Y48.0296
G01 X30.6672Y48.0363
G01 X30.7028Y48.0419
G01 X30.7284Y48.0433
G01 X30.4763Y48.2953
G01 X30.4841Y48.2640
G01 X30.4867Y48.2499
G01 X30.5037Y48.1337
G01 X30.5098Y48.0158
G01 X30.5100Y47.9528
G00 Z3.0000
G00 X30.4099Y42.9211
G01 Z-0.2000
G01 X30.4100Y48.0060
G01 X30.4042Y48.1238
G01 X30.3865Y48.2423
G01 X30.3584Y48.3540
G01 X30.3176Y48.4676
G01 X30.2696Y48.5693
G01 X30.2078Y48.6726
G01 X30.1362Y48.7689
G01 X30.0585Y48.8545
G01 X29.9729Y48.9322
G01 X29.8766Y49.0038
G01 X29.7733Y49.0656
G01 X29.6716Y49.1136
G01 X29.5580Y49.1544
G01 X29.4463Y49.1825
G01 X29.3278Y49.2002
G01 X29.2100Y49.2060
G01 X29.0922Y49.2002
G01 X28.9737Y49.1825
G01 X28.8570Y49.1528
G01 X28.7484Y49.1136
G01 X28.6467Y49.0656
G01 X28.5434Y49.0038
G01 X28.4526Y48.9366
G01 X28.3581Y48.8510
G01 X28.2838Y48.7689
G01 X28.2122Y48.6726
G01 X28.1504Y48.5693
G01 X28.1033Y48.4697
G01 X28.0604Y48.3496
G01 X28.0335Y48.2423
G01 X28.0164Y48.1285
G01 X28.0100Y48.0060
G01 X28.0100Y42.9260
G01 X28.0158Y42.8082
G01 X28.0335Y42.6897
G01 X28.0616Y42.5780
G01 X28.1024Y42.4644
G01 X28.1504Y42.3627
G01 X28.2122Y42.2594
G01 X28.2838Y42.1631
G01 X28.3615Y42.0775
G01 X28.4471Y41.9998
G01 X28.5393Y41.9311
G01 X28.6467Y41.8664
G01 X28.7463Y41.8193
G01 X28.8664Y41.7764
G01 X28.9737Y41.7495
G01 X29.0922Y41.7318
G01 X29.2100Y41.7260
G01 X29.3278Y41.7318
G01 X29.4463Y41.7495
G01 X29.5580Y41.7776
G01 X29.6716Y41.8184
G01 X29.7713Y41.8655
G01 X29.8766Y41.9282
G01 X29.9674Y41.9954
G01 X30.0619Y42.0810
G01 X30.1362Y42.1631
G01 X30.2078Y42.2594
G01 X30.2696Y42.3627
G01 X30.3176Y42.4644
G01 X30.3584Y42.5780
G01 X30.3865Y42.6897
G01 X30.4042Y42.8082
G01 X30.4099Y42.9211
G00 Z3.0000
G00 X27.8491Y42.3816
G01 Z-0.2000
G01 X27.8722Y42.3875
G01 X27.8984Y42.3919
G01 X27.9179Y42.3938
G01 X27.9400Y42.3946
G01 X27.9621Y42.3938
G01 X27.9816Y42.3919
G01 X28.0078Y42.3875
G01 X28.0309Y42.3816
G01 X28.0110Y42.4238
G01 X28.0054Y42.4377
G01 X27.9691Y42.5393
G01 X27.9634Y42.5581
G01 X27.9400Y42.6513
G01 X27.9166Y42.5581
G01 X27.9109Y42.5393
G01 X27.8746Y42.4377
G01 X27.8690Y42.4238
G01 X27.8491Y42.3816
G00 Z3.0000
G00 X25.1411Y43.3792
G01 Z-0.2000
G01 X25.1772Y43.3777
G01 X25.1987Y43.3748
G01 X25.2299Y43.3679
G01 X25.2602Y43.3581
G01 X25.2741Y43.3526
G01 X25.2934Y43.3435
G01 X25.3173Y43.3298
G01 X25.3434Y43.3116
G01 X25.3545Y43.3028
G01 X25.3700Y43.2887
G01 X25.3700Y43.8067
G01 X25.3290Y43.6938
G01 X25.2790Y43.5880
G01 X25.2717Y43.5746
G01 X25.2110Y43.4739
G01 X25.1411Y43.3792
G00 Z3.0000
G00 X23.7049Y42.0742
G01 Z-0.2000
G01 X24.9785Y43.3475
G01 X25.0562Y43.4331
G01 X25.1278Y43.5294
G01 X25.1905Y43.6347
G01 X25.2376Y43.7344
G01 X25.2768Y43.8430
G01 X25.3065Y43.9597
G01 X25.3242Y44.0782
G01 X25.3300Y44.1960
G01 X25.3300Y48.0060
G01 X25.3246Y48.1187
G01 X25.3065Y48.2423
G01 X25.2796Y48.3496
G01 X25.2367Y48.4697
G01 X25.1896Y48.5693
G01 X25.1278Y48.6726
G01 X25.0562Y48.7689
G01 X24.9785Y48.8545
G01 X24.8929Y48.9322
G01 X24.7966Y49.0038
G01 X24.6933Y49.0656
G01 X24.5916Y49.1136
G01 X24.4780Y49.1544
G01 X24.3663Y49.1825
G01 X24.2478Y49.2002
G01 X24.1300Y49.2060
G01 X17.5211Y49.2059
G01 X17.4082Y49.2002
G01 X17.2897Y49.1825
G01 X17.1780Y49.1544
G01 X17.0644Y49.1136
G01 X16.9627Y49.0656
G01 X16.8594Y49.0038
G01 X16.7631Y48.9322
G01 X16.6775Y48.8545
G01 X16.5954Y48.7634
G01 X16.5282Y48.6726
G01 X16.4701Y48.5759
G01 X16.4184Y48.4676
G01 X16.3764Y48.3496
G01 X16.3495Y48.2423
G01 X16.3324Y48.1285
G01 X16.3260Y48.0060
G01 X16.3324Y47.8835
G01 X16.3495Y47.7697
G01 X16.3764Y47.6624
G01 X16.4184Y47.5444
G01 X16.4701Y47.4361
G01 X16.5282Y47.3394
G01 X16.5954Y47.2486
G01 X16.6775Y47.1575
G01 X16.7686Y47.0754
G01 X16.8594Y47.0082
G01 X16.9561Y46.9501
G01 X17.0644Y46.8984
G01 X17.1780Y46.8576
G01 X17.2897Y46.8295
G01 X17.4035Y46.8124
G01 X17.5260Y46.8060
G01 X22.9300Y46.8060
G01 X22.9300Y44.6931
G01 X22.0115Y43.7745
G01 X21.9338Y43.6889
G01 X21.8596Y43.5885
G01 X21.8004Y43.4893
G01 X21.7524Y43.3876
G01 X21.7116Y43.2740
G01 X21.6835Y43.1623
G01 X21.6658Y43.0438
G01 X21.6600Y42.9260
G01 X21.6658Y42.8082
G01 X21.6822Y42.6967
G01 X21.7116Y42.5780
G01 X21.7533Y42.4623
G01 X21.8004Y42.3627
G01 X21.8596Y42.2635
G01 X21.9356Y42.1610
G01 X22.0115Y42.0775
G01 X22.0950Y42.0016
G01 X22.1934Y41.9282
G01 X22.2967Y41.8664
G01 X22.3963Y41.8193
G01 X22.5120Y41.7776
G01 X22.6307Y41.7482
G01 X22.7422Y41.7318
G01 X22.8551Y41.7261
G01 X22.9778Y41.7318
G01 X23.0989Y41.7501
G01 X23.2080Y41.7776
G01 X23.3146Y41.8156
G01 X23.4233Y41.8664
G01 X23.5307Y41.9311
G01 X23.6229Y41.9998
G01 X23.7049Y42.0742
G00 Z3.0000
G00 X16.5057Y49.1060
G01 Z-0.2000
G01 X16.5198Y49.0905
G01 X16.5416Y49.0614
G01 X16.5531Y49.0428
G01 X16.5676Y49.0144
G01 X16.5751Y48.9962
G01 X16.5849Y48.9659
G01 X16.5917Y48.9347
G01 X16.5948Y48.9124
G01 X16.6139Y48.9320
G01 X16.6980Y49.0082
G01 X16.7957Y49.0813
G01 X16.8121Y49.0922
G01 X16.8352Y49.1060
G01 X16.5057Y49.1060
G00 Z3.0000
G00 X17.7860Y51.9244
G01 Z-0.2000
G01 X17.7846Y51.8989
G01 X17.7790Y51.8632
G01 X17.7724Y51.8373
G01 X17.7594Y51.8019
G01 X17.7503Y51.7826
G01 X17.7315Y51.7506
G01 X17.7097Y51.7215
G01 X17.6956Y51.7060
G01 X18.0520Y51.7060
G01 X18.0289Y51.7199
G01 X18.0126Y51.7308
G01 X17.9149Y51.8039
G01 X17.8307Y51.8800
G01 X17.7860Y51.9244
G00 Z3.0000
G00 X16.3062Y53.5460
G01 Z-0.2000
G01 X17.8943Y51.9575
G01 X17.9799Y51.8798
G01 X18.0762Y51.8082
G01 X18.1816Y51.7455
G01 X18.2813Y51.6984
G01 X18.3898Y51.6592
G01 X18.5066Y51.6295
G01 X18.6251Y51.6118
G01 X18.7428Y51.6060
G01 X25.6212Y51.6060
G01 X27.6697Y49.5575
G01 X27.7553Y49.4798
G01 X27.8475Y49.4111
G01 X27.9550Y49.3465
G01 X28.0636Y49.2956
G01 X28.1702Y49.2576
G01 X28.2793Y49.2301
G01 X28.4005Y49.2118
G01 X28.5182Y49.2060
G01 X29.7071Y49.2060
G01 X31.7556Y47.1575
G01 X31.8467Y47.0754
G01 X31.9375Y47.0082
G01 X32.0342Y46.9501
G01 X32.1426Y46.8984
G01 X32.2561Y46.8576
G01 X32.3678Y46.8295
G01 X32.4914Y46.8114
G01 X32.6041Y46.8060
G01 X34.3600Y46.8060
G01 X34.3601Y42.9211
G01 X34.3664Y42.8035
G01 X34.3835Y42.6897
G01 X34.4104Y42.5824
G01 X34.4524Y42.4644
G01 X34.5004Y42.3627
G01 X34.5651Y42.2553
G01 X34.6338Y42.1631
G01 X34.7081Y42.0810
G01 X34.7971Y41.9998
G01 X34.8975Y41.9256
G01 X34.9967Y41.8664
G01 X35.0963Y41.8193
G01 X35.2120Y41.7776
G01 X35.3237Y41.7495
G01 X35.4375Y41.7324
G01 X35.5600Y41.7260
G01 X35.6825Y41.7324
G01 X35.7963Y41.7495
G01 X35.9036Y41.7764
G01 X36.0216Y41.8184
G01 X36.1299Y41.8701
G01 X36.2266Y41.9282
G01 X36.3174Y41.9954
G01 X36.4085Y42.0775
G01 X36.4906Y42.1686
G01 X36.5578Y42.2594
G01 X36.6159Y42.3561
G01 X36.6676Y42.4644
G01 X36.7096Y42.5824
G01 X36.7365Y42.6897
G01 X36.7536Y42.8035
G01 X36.7600Y42.9260
G01 X36.7600Y48.0060
G01 X36.7546Y48.1187
G01 X36.7365Y48.2423
G01 X36.7084Y48.3540
G01 X36.6676Y48.4676
G01 X36.6159Y48.5759
G01 X36.5578Y48.6726
G01 X36.4906Y48.7634
G01 X36.4119Y48.8510
G01 X36.3229Y48.9322
G01 X36.2266Y49.0038
G01 X36.1213Y49.0665
G01 X36.0216Y49.1136
G01 X35.9130Y49.1528
G01 X35.7963Y49.1825
G01 X35.6727Y49.2006
G01 X35.5600Y49.2060
G01 X33.1012Y49.2060
G01 X31.0526Y51.2545
G01 X30.9670Y51.3322
G01 X30.8748Y51.4009
G01 X30.7674Y51.4656
G01 X30.6588Y51.5164
G01 X30.5522Y51.5544
G01 X30.4430Y51.5819
G01 X30.3219Y51.6002
G01 X30.2041Y51.6060
G01 X29.0153Y51.6060
G01 X26.9632Y53.6579
G01 X26.8756Y53.7367
G01 X26.7848Y53.8038
G01 X26.6882Y53.8619
G01 X26.5798Y53.9137
G01 X26.4663Y53.9544
G01 X26.3545Y53.9825
G01 X26.2407Y53.9996
G01 X26.1182Y54.0060
G01 X19.2399Y54.0060
G01 X19.0115Y54.2344
G01 X19.1094Y54.1882
G01 X19.2229Y54.1474
G01 X19.3347Y54.1193
G01 X19.4583Y54.1012
G01 X19.5710Y54.0958
G01 X21.4988Y54.0958
G01 X21.6077Y54.0685
G01 X21.7215Y54.0514
G01 X21.8440Y54.0450
G01 X23.1140Y54.0450
G01 X23.2318Y54.0508
G01 X23.3503Y54.0685
G01 X23.4620Y54.0966
G01 X23.5756Y54.1374
G01 X23.6753Y54.1845
G01 X23.7847Y54.2501
G01 X23.8769Y54.3188
G01 X23.9625Y54.3965
G01 X24.0402Y54.4821
G01 X24.1089Y54.5743
G01 X24.1736Y54.6817
G01 X24.2216Y54.7834
G01 X24.2608Y54.8920
G01 X24.2905Y55.0087
G01 X24.3086Y55.1323
G01 X24.3140Y55.2450
G01 X24.3082Y55.3628
G01 X24.2905Y55.4813
G01 X24.2636Y55.5886
G01 X24.2216Y55.7066
G01 X24.1736Y55.8083
G01 X24.1144Y55.9075
G01 X24.0402Y56.0079
G01 X23.9625Y56.0935
G01 X23.8790Y56.1694
G01 X23.7806Y56.2428
G01 X23.6753Y56.3055
G01 X23.5756Y56.3526
G01 X23.4670Y56.3918
G01 X23.3503Y56.4215
G01 X23.2365Y56.4386
G01 X23.1189Y56.4449
G01 X23.0782Y56.4450
G01 X22.9693Y56.4723
G01 X22.8555Y56.4894
G01 X22.7330Y56.4958
G01 X19.5710Y56.4958
G01 X19.4485Y56.4894
G01 X19.3347Y56.4723
G01 X19.2229Y56.4442
G01 X19.1094Y56.4034
G01 X19.0077Y56.3554
G01 X18.9044Y56.2936
G01 X18.8081Y56.2220
G01 X18.7225Y56.1443
G01 X18.6448Y56.0587
G01 X18.5732Y55.9624
G01 X18.5151Y55.8657
G01 X18.4633Y55.7574
G01 X18.4214Y55.6394
G01 X18.3945Y55.5321
G01 X18.3774Y55.4183
G01 X18.3710Y55.2958
G01 X18.3768Y55.1780
G01 X18.3951Y55.0569
G01 X18.4242Y54.9428
G01 X18.4633Y54.8342
G01 X18.5096Y54.7363
G01 X18.3580Y54.8879
G01 X18.3580Y55.8820
G01 X19.0609Y56.5850
G01 X23.1140Y56.5850
G01 X23.2267Y56.5904
G01 X23.3529Y56.6091
G01 X23.4620Y56.6366
G01 X23.5756Y56.6774
G01 X23.6839Y56.7291
G01 X23.7806Y56.7872
G01 X23.8714Y56.8544
G01 X23.9625Y56.9365
G01 X24.0446Y57.0276
G01 X24.1118Y57.1184
G01 X24.1699Y57.2151
G01 X24.2216Y57.3234
G01 X24.2624Y57.4370
G01 X24.2918Y57.5557
G01 X24.3082Y57.6672
G01 X24.3139Y57.7801
G01 X24.3082Y57.9028
G01 X24.2899Y58.0239
G01 X24.2624Y58.1330
G01 X24.2244Y58.2396
G01 X24.1736Y58.3483
G01 X24.1118Y58.4516
G01 X24.0402Y58.5479
G01 X23.9590Y58.6369
G01 X23.8714Y58.7156
G01 X23.7806Y58.7828
G01 X23.6839Y58.8409
G01 X23.5756Y58.8926
G01 X23.4576Y58.9346
G01 X23.3503Y58.9615
G01 X23.2365Y58.9786
G01 X23.1189Y58.9849
G01 X18.5639Y58.9850
G01 X18.4414Y58.9786
G01 X18.3276Y58.9615
G01 X18.2158Y58.9334
G01 X18.1023Y58.8926
G01 X18.0026Y58.8455
G01 X17.8932Y58.7799
G01 X17.8010Y58.7112
G01 X17.7154Y58.6335
G01 X16.3061Y57.2241
G01 X16.2274Y57.1365
G01 X16.1602Y57.0457
G01 X16.1021Y56.9491
G01 X16.0503Y56.8407
G01 X16.0096Y56.7272
G01 X15.9815Y56.6154
G01 X15.9644Y56.5016
G01 X15.9580Y56.3791
G01 X15.9580Y54.3909
G01 X15.9638Y54.2731
G01 X15.9815Y54.1546
G01 X16.0084Y54.0473
G01 X16.0513Y53.9272
G01 X16.0984Y53.8276
G01 X16.1602Y53.7243
G01 X16.2318Y53.6280
G01 X16.3062Y53.5460
G00 Z3.0000
G00 X37.0875Y46.2809
G01 Z-0.2000
G01 X37.0528Y46.2824
G01 X37.0313Y46.2854
G01 X37.0001Y46.2922
G01 X36.9698Y46.3020
G01 X36.9559Y46.3076
G01 X36.9366Y46.3167
G01 X36.9127Y46.3303
G01 X36.8866Y46.3485
G01 X36.8755Y46.3573
G01 X36.8600Y46.3714
G01 X36.8600Y45.8553
G01 X36.9010Y45.9682
G01 X36.9510Y46.0740
G01 X36.9583Y46.0874
G01 X37.0190Y46.1881
G01 X37.0875Y46.2809
G00 Z3.0000
G00 X39.3400Y46.3714
G01 Z-0.2000
G01 X39.3245Y46.3573
G01 X39.3134Y46.3485
G01 X39.2873Y46.3303
G01 X39.2634Y46.3167
G01 X39.2441Y46.3076
G01 X39.2302Y46.3020
G01 X39.1999Y46.2922
G01 X39.1687Y46.2854
G01 X39.1472Y46.2824
G01 X39.1125Y46.2809
G01 X39.1810Y46.1881
G01 X39.2417Y46.0874
G01 X39.2490Y46.0740
G01 X39.2990Y45.9682
G01 X39.3400Y45.8553
G01 X39.3400Y46.3714
G00 Z3.0000
G00 X39.4000Y44.8187
G01 Z-0.2000
G01 X39.4000Y44.7345
G01 X39.4519Y44.6826
G01 X39.4410Y44.7058
G01 X39.4354Y44.7197
G01 X39.4000Y44.8187
G00 Z3.0000
G00 X39.7882Y44.3631
G01 Z-0.2000
G01 X40.7100Y43.4409
G01 X40.7100Y42.9260
G01 X40.7154Y42.8133
G01 X40.7335Y42.6897
G01 X40.7632Y42.5730
G01 X40.8024Y42.4644
G01 X40.8504Y42.3627
G01 X40.9122Y42.2594
G01 X40.9794Y42.1686
G01 X41.0650Y42.0741
G01 X41.1471Y41.9998
G01 X41.2434Y41.9282
G01 X41.3467Y41.8664
G01 X41.4484Y41.8184
G01 X41.5620Y41.7776
G01 X41.6737Y41.7495
G01 X41.7922Y41.7318
G01 X41.9100Y41.7260
G01 X42.0278Y41.7318
G01 X42.1463Y41.7495
G01 X42.2580Y41.7776
G01 X42.3716Y41.8184
G01 X42.4733Y41.8664
G01 X42.5766Y41.9282
G01 X42.6729Y41.9998
G01 X42.7585Y42.0775
G01 X42.8362Y42.1631
G01 X42.9078Y42.2594
G01 X42.9705Y42.3647
G01 X43.0176Y42.4644
G01 X43.0568Y42.5730
G01 X43.0865Y42.6897
G01 X43.1046Y42.8133
G01 X43.1100Y42.9260
G01 X43.1099Y43.9429
G01 X43.1042Y44.0558
G01 X43.0878Y44.1673
G01 X43.0584Y44.2861
G01 X43.0176Y44.3996
G01 X42.9696Y44.5013
G01 X42.9078Y44.6046
G01 X42.8362Y44.7009
G01 X42.7585Y44.7865
G01 X41.8400Y45.7051
G01 X41.8400Y48.0060
G01 X41.8336Y48.1285
G01 X41.8165Y48.2423
G01 X41.7884Y48.3540
G01 X41.7467Y48.4697
G01 X41.6996Y48.5693
G01 X41.6404Y48.6685
G01 X41.5662Y48.7689
G01 X41.4850Y48.8579
G01 X41.4029Y48.9322
G01 X41.3107Y49.0009
G01 X41.2033Y49.0656
G01 X41.1016Y49.1136
G01 X40.9930Y49.1528
G01 X40.8763Y49.1825
G01 X40.7578Y49.2002
G01 X40.6400Y49.2060
G01 X40.5222Y49.2002
G01 X40.4037Y49.1825
G01 X40.2920Y49.1544
G01 X40.1784Y49.1136
G01 X40.0767Y49.0656
G01 X39.9734Y49.0038
G01 X39.8771Y48.9322
G01 X39.7915Y48.8545
G01 X39.7138Y48.7689
G01 X39.6422Y48.6726
G01 X39.5804Y48.5693
G01 X39.5324Y48.4676
G01 X39.4916Y48.3540
G01 X39.4635Y48.2423
G01 X39.4458Y48.1238
G01 X39.4400Y48.0060
G01 X39.4400Y45.2080
G01 X39.4458Y45.0902
G01 X39.4635Y44.9717
G01 X39.4904Y44.8644
G01 X39.5333Y44.7443
G01 X39.5804Y44.6447
G01 X39.6422Y44.5414
G01 X39.7138Y44.4451
G01 X39.7882Y44.3631
G00 Z3.0000
G00 X40.5581Y43.4514
G01 Z-0.2000
G01 X40.5690Y43.4282
G01 X40.5746Y43.4143
G01 X40.6100Y43.3153
G01 X40.6100Y43.3995
G01 X40.5581Y43.4514
G00 Z3.0000
G00 X40.5491Y42.3816
G01 Z-0.2000
G01 X40.5722Y42.3875
G01 X40.5984Y42.3919
G01 X40.6179Y42.3938
G01 X40.6400Y42.3946
G01 X40.6621Y42.3938
G01 X40.6816Y42.3919
G01 X40.7078Y42.3875
G01 X40.7309Y42.3816
G01 X40.7110Y42.4238
G01 X40.7054Y42.4377
G01 X40.6691Y42.5393
G01 X40.6634Y42.5581
G01 X40.6400Y42.6513
G01 X40.6166Y42.5581
G01 X40.6109Y42.5393
G01 X40.5746Y42.4377
G01 X40.5690Y42.4238
G01 X40.5491Y42.3816
G00 Z3.0000
G00 X37.2482Y43.3511
G01 Z-0.2000
G01 X38.5215Y42.0775
G01 X38.6050Y42.0016
G01 X38.7034Y41.9282
G01 X38.8067Y41.8664
G01 X38.9084Y41.8184
G01 X39.0264Y41.7764
G01 X39.1337Y41.7495
G01 X39.2522Y41.7318
G01 X39.3700Y41.7260
G01 X39.4878Y41.7318
G01 X39.6063Y41.7495
G01 X39.7180Y41.7776
G01 X39.8316Y41.8184
G01 X39.9313Y41.8655
G01 X40.0366Y41.9282
G01 X40.1274Y41.9954
G01 X40.2219Y42.0810
G01 X40.2962Y42.1631
G01 X40.3678Y42.2594
G01 X40.4296Y42.3627
G01 X40.4776Y42.4644
G01 X40.5184Y42.5780
G01 X40.5465Y42.6897
G01 X40.5642Y42.8082
G01 X40.5700Y42.9260
G01 X40.5642Y43.0438
G01 X40.5465Y43.1623
G01 X40.5184Y43.2740
G01 X40.4767Y43.3897
G01 X40.4296Y43.4893
G01 X40.3704Y43.5885
G01 X40.2944Y43.6910
G01 X40.2185Y43.7745
G01 X39.3000Y44.6931
G01 X39.3000Y45.4660
G01 X39.2946Y45.5787
G01 X39.2759Y45.7049
G01 X39.2484Y45.8140
G01 X39.2104Y45.9206
G01 X39.1596Y46.0293
G01 X39.0978Y46.1326
G01 X39.0262Y46.2289
G01 X38.9485Y46.3145
G01 X38.8629Y46.3922
G01 X38.7666Y46.4638
G01 X38.6633Y46.5256
G01 X38.5616Y46.5736
G01 X38.4480Y46.6144
G01 X38.3363Y46.6425
G01 X38.2178Y46.6602
G01 X38.1000Y46.6660
G01 X37.9822Y46.6602
G01 X37.8637Y46.6425
G01 X37.7520Y46.6144
G01 X37.6384Y46.5736
G01 X37.5367Y46.5256
G01 X37.4334Y46.4638
G01 X37.3371Y46.3922
G01 X37.2515Y46.3145
G01 X37.1738Y46.2289
G01 X37.1022Y46.1326
G01 X37.0404Y46.0293
G01 X36.9924Y45.9276
G01 X36.9516Y45.8140
G01 X36.9235Y45.7023
G01 X36.9058Y45.5838
G01 X36.9001Y45.4709
G01 X36.9000Y44.1960
G01 X36.9058Y44.0782
G01 X36.9235Y43.9597
G01 X36.9504Y43.8524
G01 X36.9933Y43.7323
G01 X37.0404Y43.6327
G01 X37.1022Y43.5294
G01 X37.1738Y43.4331
G01 X37.2482Y43.3511
G00 Z3.0000
G00 X36.8600Y43.2887
G01 Z-0.2000
G01 X36.8755Y43.3028
G01 X36.8866Y43.3116
G01 X36.9127Y43.3298
G01 X36.9366Y43.3435
G01 X36.9559Y43.3526
G01 X36.9698Y43.3581
G01 X37.0001Y43.3679
G01 X37.0313Y43.3748
G01 X37.0528Y43.3777
G01 X37.0889Y43.3792
G01 X37.0190Y43.4739
G01 X36.9583Y43.5746
G01 X36.9510Y43.5880
G01 X36.9010Y43.6938
G01 X36.8600Y43.8067
G01 X36.8600Y43.2887
G00 Z3.0000
G00 X39.9141Y55.9706
G01 Z-0.2000
G01 X39.9372Y55.9765
G01 X39.9634Y55.9809
G01 X39.9829Y55.9828
G01 X40.0050Y55.9836
G01 X40.0271Y55.9828
G01 X40.0466Y55.9809
G01 X40.0728Y55.9765
G01 X40.0959Y55.9706
G01 X40.0760Y56.0128
G01 X40.0704Y56.0267
G01 X40.0341Y56.1283
G01 X40.0284Y56.1471
G01 X40.0050Y56.2403
G01 X39.9816Y56.1471
G01 X39.9759Y56.1283
G01 X39.9396Y56.0267
G01 X39.9340Y56.0128
G01 X39.9141Y55.9706
G00 Z3.0000
G00 X42.1814Y55.5838
G01 Z-0.2000
G01 X42.2037Y55.5807
G01 X42.2349Y55.5739
G01 X42.2537Y55.5682
G01 X42.2834Y55.5566
G01 X42.3118Y55.5421
G01 X42.3304Y55.5306
G01 X42.3595Y55.5088
G01 X42.3750Y55.4947
G01 X42.3750Y55.8242
G01 X42.3612Y55.8011
G01 X42.3503Y55.7847
G01 X42.2772Y55.6870
G01 X42.2010Y55.6029
G01 X42.1814Y55.5838
G00 Z3.0000
G00 X50.2715Y59.7738
G01 Z-0.2000
G01 X50.3295Y59.7307
G01 X50.3460Y59.7175
G01 X50.4068Y59.6626
G01 X50.5900Y59.4799
G01 X50.5900Y60.0468
G01 X50.5199Y59.9700
G01 X50.4231Y59.8819
G01 X50.4065Y59.8687
G01 X50.3198Y59.8044
G01 X50.3075Y59.7958
G01 X50.2715Y59.7738
G00 Z3.0000
G00 X50.4391Y59.7683
G01 Z-0.2000
G01 X50.4740Y59.7367
G01 X50.4900Y59.7214
G01 X50.4900Y59.8076
G01 X50.4661Y59.7884
G01 X50.4391Y59.7683
G00 Z3.0000
G00 X50.6900Y60.3751
G01 Z-0.2000
G01 X50.6790Y60.3520
G01 X50.6717Y60.3386
G01 X50.6162Y60.2461
G01 X50.6053Y60.2297
G01 X50.5322Y60.1320
G01 X50.4492Y60.0408
G01 X50.3580Y59.9578
G01 X50.2521Y59.8790
G01 X50.1514Y59.8183
G01 X50.1380Y59.8110
G01 X50.0639Y59.7759
G01 X50.1180Y59.7503
G01 X50.1945Y59.7051
G01 X50.2108Y59.6942
G01 X50.2810Y59.6416
G01 X50.3468Y59.5817
G01 X50.6117Y59.3168
G01 X50.6716Y59.2510
G01 X50.6900Y59.2270
G01 X50.6900Y60.3751
G00 Z3.0000
G00 X44.3799Y80.6401
G01 Z-0.2000
G01 X44.3800Y86.3600
G01 X44.3742Y86.4778
G01 X44.3565Y86.5963
G01 X44.3284Y86.7080
G01 X44.2876Y86.8216
G01 X44.2396Y86.9233
G01 X44.1778Y87.0266
G01 X44.1062Y87.1229
G01 X44.0285Y87.2085
G01 X43.9429Y87.2862
G01 X43.8466Y87.3578
G01 X43.7433Y87.4196
G01 X43.6416Y87.4676
G01 X43.5280Y87.5084
G01 X43.4163Y87.5365
G01 X43.2978Y87.5542
G01 X43.1800Y87.5600
G01 X43.0622Y87.5542
G01 X42.9437Y87.5365
G01 X42.8270Y87.5068
G01 X42.7184Y87.4676
G01 X42.6167Y87.4196
G01 X42.5134Y87.3578
G01 X42.4226Y87.2906
G01 X42.3281Y87.2050
G01 X42.2538Y87.1229
G01 X42.1822Y87.0266
G01 X42.1204Y86.9233
G01 X42.0733Y86.8237
G01 X42.0304Y86.7036
G01 X42.0035Y86.5963
G01 X41.9864Y86.4825
G01 X41.9800Y86.3600
G01 X41.9800Y80.6450
G01 X41.9858Y80.5272
G01 X42.0035Y80.4087
G01 X42.0316Y80.2970
G01 X42.0724Y80.1834
G01 X42.1204Y80.0817
G01 X42.1822Y79.9784
G01 X42.2538Y79.8821
G01 X42.3315Y79.7965
G01 X42.4171Y79.7188
G01 X42.5093Y79.6501
G01 X42.6167Y79.5854
G01 X42.7163Y79.5383
G01 X42.8364Y79.4954
G01 X42.9437Y79.4685
G01 X43.0622Y79.4508
G01 X43.1800Y79.4450
G01 X43.2978Y79.4508
G01 X43.4163Y79.4685
G01 X43.5280Y79.4966
G01 X43.6416Y79.5374
G01 X43.7413Y79.5845
G01 X43.8466Y79.6472
G01 X43.9374Y79.7144
G01 X44.0319Y79.8000
G01 X44.1062Y79.8821
G01 X44.1778Y79.9784
G01 X44.2396Y80.0817
G01 X44.2876Y80.1834
G01 X44.3284Y80.2970
G01 X44.3565Y80.4087
G01 X44.3742Y80.5272
G01 X44.3799Y80.6401
G00 Z3.0000
G00 X41.8904Y86.5401
G01 Z-0.2000
G01 X41.8800Y86.4880
G01 X41.8800Y80.7199
G01 X41.8789Y80.6979
G01 X41.8737Y80.6450
G01 X41.8988Y80.3902
G01 X41.9731Y80.1451
G01 X42.0939Y79.9193
G01 X42.2563Y79.7213
G01 X42.4543Y79.5589
G01 X42.6801Y79.4381
G01 X42.9252Y79.3638
G01 X43.1800Y79.3387
G01 X43.4348Y79.3638
G01 X43.6799Y79.4381
G01 X43.9057Y79.5589
G01 X44.1037Y79.7213
G01 X44.2661Y79.9193
G01 X44.3869Y80.1451
G01 X44.4612Y80.3902
G01 X44.4863Y80.6450
G01 X44.4811Y80.6979
G01 X44.4800Y80.7199
G01 X44.4800Y86.4880
G01 X44.4688Y86.5450
G01 X44.4664Y86.5620
G01 X44.4612Y86.6148
G01 X44.4458Y86.6657
G01 X44.4415Y86.6823
G01 X44.4300Y86.7392
G01 X44.4079Y86.7929
G01 X44.4023Y86.8091
G01 X44.3869Y86.8599
G01 X44.3618Y86.9067
G01 X44.3544Y86.9222
G01 X44.3320Y86.9758
G01 X44.2999Y87.0241
G01 X44.2912Y87.0389
G01 X44.2661Y87.0857
G01 X44.2324Y87.1268
G01 X44.2221Y87.1405
G01 X44.1898Y87.1887
G01 X44.1488Y87.2298
G01 X44.1374Y87.2426
G01 X44.1037Y87.2837
G01 X44.0626Y87.3174
G01 X44.0498Y87.3288
G01 X44.0087Y87.3698
G01 X43.9605Y87.4021
G01 X43.9468Y87.4124
G01 X43.9057Y87.4461
G01 X43.8589Y87.4712
G01 X43.8441Y87.4799
G01 X43.7958Y87.5120
G01 X43.7422Y87.5344
G01 X43.7267Y87.5418
G01 X43.6799Y87.5669
G01 X43.6291Y87.5823
G01 X43.6129Y87.5879
G01 X43.5592Y87.6100
G01 X43.5023Y87.6215
G01 X43.4857Y87.6258
G01 X43.4348Y87.6412
G01 X43.3820Y87.6464
G01 X43.3650Y87.6488
G01 X43.3080Y87.6600
G01 X43.2500Y87.6601
G01 X43.2329Y87.6611
G01 X43.1800Y87.6663
G01 X43.1271Y87.6611
G01 X43.1100Y87.6601
G01 X43.0520Y87.6600
G01 X42.9950Y87.6488
G01 X42.9780Y87.6464
G01 X42.9252Y87.6412
G01 X42.8743Y87.6258
G01 X42.8577Y87.6215
G01 X42.8008Y87.6100
G01 X42.7471Y87.5879
G01 X42.7309Y87.5823
G01 X42.6801Y87.5669
G01 X42.6333Y87.5418
G01 X42.6178Y87.5344
G01 X42.5642Y87.5120
G01 X42.5159Y87.4799
G01 X42.5011Y87.4712
G01 X42.4543Y87.4461
G01 X42.4132Y87.4124
G01 X42.3995Y87.4021
G01 X42.3513Y87.3698
G01 X42.3102Y87.3288
G01 X42.2974Y87.3174
G01 X42.2563Y87.2837
G01 X42.2226Y87.2426
G01 X42.2112Y87.2298
G01 X42.1702Y87.1887
G01 X42.1379Y87.1405
G01 X42.1276Y87.1268
G01 X42.0939Y87.0857
G01 X42.0688Y87.0389
G01 X42.0601Y87.0241
G01 X42.0280Y86.9758
G01 X42.0056Y86.9222
G01 X41.9982Y86.9067
G01 X41.9731Y86.8599
G01 X41.9577Y86.8091
G01 X41.9521Y86.7929
G01 X41.9300Y86.7392
G01 X41.9185Y86.6823
G01 X41.9142Y86.6657
G01 X41.8988Y86.6148
G01 X41.8936Y86.5620
G01 X41.8904Y86.5401
G00 Z3.0000
G00 X40.5699Y86.3551
G01 Z-0.2000
G01 X40.5642Y86.4778
G01 X40.5465Y86.5963
G01 X40.5184Y86.7080
G01 X40.4776Y86.8216
G01 X40.4296Y86.9233
G01 X40.3678Y87.0266
G01 X40.2962Y87.1229
G01 X40.2185Y87.2085
G01 X40.1329Y87.2862
G01 X40.0366Y87.3578
G01 X39.9333Y87.4196
G01 X39.8316Y87.4676
G01 X39.7180Y87.5084
G01 X39.6063Y87.5365
G01 X39.4878Y87.5542
G01 X39.3749Y87.5599
G01 X35.5600Y87.5600
G01 X35.4422Y87.5542
G01 X35.3237Y87.5365
G01 X35.2070Y87.5068
G01 X35.0984Y87.4676
G01 X34.9967Y87.4196
G01 X34.8893Y87.3549
G01 X34.7971Y87.2862
G01 X34.7115Y87.2085
G01 X34.6338Y87.1229
G01 X34.5651Y87.0307
G01 X34.5004Y86.9233
G01 X34.4524Y86.8216
G01 X34.4132Y86.7130
G01 X34.3822Y86.5893
G01 X34.3658Y86.4778
G01 X34.3600Y86.3600
G01 X34.3601Y56.5101
G01 X34.3658Y56.3972
G01 X34.3835Y56.2787
G01 X34.4116Y56.1670
G01 X34.4496Y56.0604
G01 X34.5041Y55.9451
G01 X34.5622Y55.8484
G01 X34.6338Y55.7521
G01 X34.7115Y55.6665
G01 X34.7971Y55.5888
G01 X34.8934Y55.5172
G01 X34.9901Y55.4591
G01 X35.1054Y55.4046
G01 X35.2120Y55.3666
G01 X35.3307Y55.3372
G01 X35.4422Y55.3208
G01 X35.5649Y55.3151
G01 X35.6825Y55.3214
G01 X35.7963Y55.3385
G01 X35.9036Y55.3654
G01 X36.0216Y55.4074
G01 X36.1233Y55.4554
G01 X36.2266Y55.5172
G01 X36.3229Y55.5888
G01 X36.4085Y55.6665
G01 X36.4862Y55.7521
G01 X36.5578Y55.8484
G01 X36.6205Y55.9537
G01 X36.6676Y56.0534
G01 X36.7096Y56.1714
G01 X36.7365Y56.2787
G01 X36.7536Y56.3925
G01 X36.7599Y56.5101
G01 X36.7600Y85.1600
G01 X39.3700Y85.1600
G01 X39.4925Y85.1664
G01 X39.6063Y85.1835
G01 X39.7180Y85.2116
G01 X39.8337Y85.2533
G01 X39.9333Y85.3004
G01 X40.0366Y85.3622
G01 X40.1329Y85.4338
G01 X40.2150Y85.5081
G01 X40.3006Y85.6026
G01 X40.3678Y85.6934
G01 X40.4259Y85.7901
G01 X40.4804Y85.9054
G01 X40.5184Y86.0120
G01 X40.5465Y86.1237
G01 X40.5642Y86.2422
G01 X40.5699Y86.3551
G00 Z3.0000
G00 X37.0657Y79.6076
G01 Z-0.2000
G01 X37.0434Y79.6097
G01 X37.0120Y79.6153
G01 X36.9912Y79.6207
G01 X36.9559Y79.6337
G01 X36.9366Y79.6428
G01 X36.9046Y79.6616
G01 X36.8755Y79.6835
G01 X36.8600Y79.6975
G01 X36.8600Y79.3544
G01 X36.8738Y79.3775
G01 X36.8848Y79.3938
G01 X36.9579Y79.4915
G01 X37.0340Y79.5756
G01 X37.0657Y79.6076
G00 Z3.0000
G00 X34.0416Y82.4560
G01 Z-0.2000
G01 X34.0860Y82.4113
G01 X34.1622Y82.3271
G01 X34.2352Y82.2294
G01 X34.2462Y82.2131
G01 X34.2600Y82.1900
G01 X34.2600Y82.5464
G01 X34.2445Y82.5323
G01 X34.2154Y82.5104
G01 X34.1834Y82.4917
G01 X34.1641Y82.4825
G01 X34.1288Y82.4696
G01 X34.1028Y82.4630
G01 X34.0672Y82.4574
G01 X34.0416Y82.4560
G00 Z3.0000
G00 X30.6023Y81.9444
G01 Z-0.2000
G01 X30.6298Y81.9448
G01 X30.7477Y81.9387
G01 X30.8639Y81.9217
G01 X30.8780Y81.9191
G01 X30.9093Y81.9113
G01 X30.6763Y82.1443
G01 X30.6749Y82.1188
G01 X30.6693Y82.0832
G01 X30.6627Y82.0572
G01 X30.6553Y82.0357
G01 X30.6425Y82.0065
G01 X30.6333Y81.9892
G01 X30.6219Y81.9705
G01 X30.6023Y81.9444
G00 Z3.0000
G00 X29.5600Y79.8792
G01 Z-0.2000
G01 X29.5600Y66.1748
G01 X29.5494Y66.1624
G01 X29.4796Y66.0675
G01 X29.4204Y65.9683
G01 X29.3724Y65.8666
G01 X29.3304Y65.7486
G01 X29.3035Y65.6413
G01 X29.2858Y65.5228
G01 X29.2800Y65.4050
G01 X29.2800Y63.7580
G01 X29.2858Y63.6402
G01 X29.3035Y63.5217
G01 X29.3316Y63.4100
G01 X29.3696Y63.3034
G01 X29.4204Y63.1947
G01 X29.4796Y63.0955
G01 X29.5494Y63.0006
G01 X29.5600Y62.9882
G01 X29.5600Y61.0948
G01 X29.5494Y61.0824
G01 X29.4822Y60.9916
G01 X29.4204Y60.8883
G01 X29.3724Y60.7866
G01 X29.3316Y60.6730
G01 X29.3035Y60.5613
G01 X29.2858Y60.4428
G01 X29.2800Y60.3250
G01 X29.2854Y60.2123
G01 X29.3035Y60.0887
G01 X29.3316Y59.9770
G01 X29.3724Y59.8634
G01 X29.4241Y59.7551
G01 X29.4822Y59.6584
G01 X29.5494Y59.5676
G01 X29.6281Y59.4800
G01 X29.7171Y59.3988
G01 X29.8134Y59.3272
G01 X29.9167Y59.2654
G01 X30.0184Y59.2174
G01 X30.1320Y59.1766
G01 X30.2437Y59.1485
G01 X30.3622Y59.1308
G01 X30.4751Y59.1251
G01 X30.5927Y59.1304
G01 X30.6200Y59.1340
G01 X30.6473Y59.1304
G01 X30.7600Y59.1250
G01 X30.8727Y59.1304
G01 X30.9963Y59.1485
G01 X31.1036Y59.1754
G01 X31.2237Y59.2183
G01 X31.3232Y59.2654
G01 X31.4266Y59.3272
G01 X31.5229Y59.3988
G01 X31.6119Y59.4800
G01 X31.6862Y59.5621
G01 X31.7578Y59.6584
G01 X31.8195Y59.7617
G01 X31.8676Y59.8634
G01 X31.9084Y59.9770
G01 X31.9365Y60.0887
G01 X31.9542Y60.2072
G01 X31.9599Y60.3201
G01 X31.9600Y63.4780
G01 X31.9546Y63.5907
G01 X31.9358Y63.7169
G01 X31.9084Y63.8261
G01 X31.8676Y63.9396
G01 X31.8195Y64.0413
G01 X31.7604Y64.1406
G01 X31.6906Y64.2354
G01 X31.6800Y64.2478
G01 X31.6800Y64.9152
G01 X31.6906Y64.9276
G01 X31.7604Y65.0224
G01 X31.8195Y65.1217
G01 X31.8704Y65.2303
G01 X31.9084Y65.3369
G01 X31.9365Y65.4487
G01 X31.9542Y65.5672
G01 X31.9600Y65.6850
G01 X31.9600Y80.3015
G01 X31.9542Y80.4193
G01 X31.9378Y80.5308
G01 X31.9068Y80.6545
G01 X31.8676Y80.7631
G01 X31.8195Y80.8648
G01 X31.7868Y80.9199
G01 X31.7684Y80.9930
G01 X31.7276Y81.1066
G01 X31.6795Y81.2083
G01 X31.6178Y81.3116
G01 X31.5462Y81.4079
G01 X31.4685Y81.4935
G01 X31.3829Y81.5712
G01 X31.2866Y81.6428
G01 X31.1832Y81.7046
G01 X31.0816Y81.7526
G01 X30.9680Y81.7934
G01 X30.8563Y81.8215
G01 X30.7378Y81.8392
G01 X30.6200Y81.8450
G01 X30.5022Y81.8392
G01 X30.3837Y81.8215
G01 X30.2719Y81.7934
G01 X30.1584Y81.7526
G01 X30.0567Y81.7046
G01 X29.9534Y81.6428
G01 X29.8571Y81.5712
G01 X29.7715Y81.4935
G01 X29.6938Y81.4079
G01 X29.6222Y81.3116
G01 X29.5604Y81.2083
G01 X29.5123Y81.1066
G01 X29.4716Y80.9930
G01 X29.4435Y80.8813
G01 X29.4258Y80.7628
G01 X29.4201Y80.6499
G01 X29.4200Y80.4415
G01 X29.4258Y80.3237
G01 X29.4435Y80.2052
G01 X29.4716Y80.0935
G01 X29.5123Y79.9799
G01 X29.5600Y79.8792
G00 Z3.0000
G00 X25.3299Y78.7351
G01 Z-0.2000
G01 X25.3300Y86.3600
G01 X25.3242Y86.4778
G01 X25.3078Y86.5893
G01 X25.2784Y86.7080
G01 X25.2377Y86.8216
G01 X25.1896Y86.9233
G01 X25.1278Y87.0266
G01 X25.0562Y87.1229
G01 X24.9785Y87.2085
G01 X24.8929Y87.2862
G01 X24.7966Y87.3578
G01 X24.6933Y87.4196
G01 X24.5916Y87.4676
G01 X24.4780Y87.5084
G01 X24.3663Y87.5365
G01 X24.2478Y87.5542
G01 X24.1300Y87.5600
G01 X24.0122Y87.5542
G01 X23.9007Y87.5378
G01 X23.7770Y87.5068
G01 X23.6684Y87.4676
G01 X23.5667Y87.4196
G01 X23.4634Y87.3578
G01 X23.3726Y87.2906
G01 X23.2781Y87.2050
G01 X23.2038Y87.1229
G01 X23.1322Y87.0266
G01 X23.0704Y86.9233
G01 X23.0233Y86.8237
G01 X22.9804Y86.7036
G01 X22.9535Y86.5963
G01 X22.9358Y86.4778
G01 X22.9300Y86.3600
G01 X22.9300Y78.7400
G01 X22.9358Y78.6222
G01 X22.9522Y78.5107
G01 X22.9816Y78.3920
G01 X23.0196Y78.2854
G01 X23.0741Y78.1701
G01 X23.1322Y78.0734
G01 X23.2038Y77.9771
G01 X23.2815Y77.8915
G01 X23.3726Y77.8094
G01 X23.4634Y77.7422
G01 X23.5667Y77.6804
G01 X23.6684Y77.6324
G01 X23.7820Y77.5916
G01 X23.8937Y77.5635
G01 X24.0122Y77.5458
G01 X24.1300Y77.5400
G01 X24.2478Y77.5458
G01 X24.3663Y77.5635
G01 X24.4781Y77.5916
G01 X24.5916Y77.6324
G01 X24.6913Y77.6795
G01 X24.7966Y77.7422
G01 X24.8874Y77.8094
G01 X24.9819Y77.8950
G01 X25.0562Y77.9771
G01 X25.1278Y78.0734
G01 X25.1896Y78.1767
G01 X25.2376Y78.2784
G01 X25.2784Y78.3920
G01 X25.3065Y78.5037
G01 X25.3242Y78.6222
G01 X25.3299Y78.7351
G00 Z3.0000
G00 X27.0882Y85.5151
G01 Z-0.2000
G01 X29.4950Y83.1081
G01 X29.5771Y83.0338
G01 X29.6693Y82.9651
G01 X29.7787Y82.8995
G01 X29.8784Y82.8524
G01 X29.9920Y82.8116
G01 X30.1037Y82.7835
G01 X30.1919Y82.7702
G01 X31.9600Y81.0021
G01 X31.9600Y65.3323
G01 X31.9096Y65.2246
G01 X31.8716Y65.1180
G01 X31.8441Y65.0089
G01 X31.8258Y64.8878
G01 X31.8200Y64.7700
G01 X31.8258Y64.6522
G01 X31.8441Y64.5311
G01 X31.8716Y64.4220
G01 X31.9096Y64.3154
G01 X31.9600Y64.2077
G01 X31.9600Y58.3473
G01 X31.9124Y58.2466
G01 X31.8716Y58.1330
G01 X31.8435Y58.0213
G01 X31.8254Y57.8977
G01 X31.8200Y57.7850
G01 X31.8200Y56.5150
G01 X31.8254Y56.4023
G01 X31.8435Y56.2787
G01 X31.8716Y56.1670
G01 X31.9124Y56.0534
G01 X31.9604Y55.9517
G01 X32.0222Y55.8484
G01 X32.0938Y55.7521
G01 X32.1715Y55.6665
G01 X32.2626Y55.5844
G01 X32.3534Y55.5172
G01 X32.4501Y55.4591
G01 X32.5563Y55.4083
G01 X32.6720Y55.3666
G01 X32.7811Y55.3391
G01 X32.9022Y55.3208
G01 X33.0200Y55.3150
G01 X33.1378Y55.3208
G01 X33.2563Y55.3385
G01 X33.3680Y55.3666
G01 X33.4746Y55.4046
G01 X33.5813Y55.4545
G01 X33.5905Y55.4594
G01 X33.6237Y55.4718
G01 X33.7299Y55.5226
G01 X33.8266Y55.5807
G01 X33.9229Y55.6523
G01 X34.0085Y55.7300
G01 X34.0844Y55.8135
G01 X34.1578Y55.9119
G01 X34.2159Y56.0086
G01 X34.2704Y56.1239
G01 X34.3084Y56.2305
G01 X34.3365Y56.3422
G01 X34.3542Y56.4607
G01 X34.3599Y56.5736
G01 X34.3600Y81.4991
G01 X34.3542Y81.6169
G01 X34.3365Y81.7354
G01 X34.3068Y81.8521
G01 X34.2676Y81.9607
G01 X34.2195Y82.0624
G01 X34.1549Y82.1698
G01 X34.0862Y82.2620
G01 X34.0085Y82.3477
G01 X29.1476Y87.2085
G01 X29.0620Y87.2862
G01 X28.9698Y87.3549
G01 X28.8624Y87.4196
G01 X28.7607Y87.4676
G01 X28.6472Y87.5084
G01 X28.5354Y87.5365
G01 X28.4216Y87.5536
G01 X28.2991Y87.5600
G01 X27.9400Y87.5600
G01 X27.8222Y87.5542
G01 X27.7037Y87.5365
G01 X27.5920Y87.5084
G01 X27.4784Y87.4676
G01 X27.3787Y87.4205
G01 X27.2734Y87.3578
G01 X27.1826Y87.2906
G01 X27.0881Y87.2050
G01 X27.0138Y87.1229
G01 X26.9422Y87.0266
G01 X26.8804Y86.9233
G01 X26.8324Y86.8216
G01 X26.7916Y86.7080
G01 X26.7635Y86.5963
G01 X26.7458Y86.4778
G01 X26.7400Y86.3600
G01 X26.7458Y86.2422
G01 X26.7635Y86.1237
G01 X26.7916Y86.0120
G01 X26.8324Y85.8984
G01 X26.8804Y85.7967
G01 X26.9422Y85.6934
G01 X27.0138Y85.5971
G01 X27.0882Y85.5151
G00 Z3.0000
G00 X26.6392Y86.3022
G01 Z-0.2000
G01 X26.6400Y86.2851
G01 X26.6400Y86.2320
G01 X26.6512Y86.1750
G01 X26.6536Y86.1580
G01 X26.6588Y86.1052
G01 X26.6742Y86.0543
G01 X26.6785Y86.0377
G01 X26.6900Y85.9808
G01 X26.7121Y85.9271
G01 X26.7177Y85.9109
G01 X26.7331Y85.8601
G01 X26.7582Y85.8133
G01 X26.7656Y85.7978
G01 X26.7880Y85.7442
G01 X26.8201Y85.6959
G01 X26.8288Y85.6811
G01 X26.8539Y85.6343
G01 X26.8876Y85.5932
G01 X26.8979Y85.5795
G01 X26.9302Y85.5313
G01 X26.9712Y85.4902
G01 X26.9826Y85.4774
G01 X27.0163Y85.4363
G01 X27.0574Y85.4026
G01 X27.0737Y85.3878
G01 X29.4659Y82.9956
G01 X29.6143Y82.8739
G01 X29.8401Y82.7531
G01 X30.0915Y82.6769
G01 X30.1158Y82.6704
G01 X30.1343Y82.6635
G01 X30.1495Y82.6563
G01 X30.1749Y82.6408
G01 X30.1902Y82.6291
G01 X30.2049Y82.6157
G01 X30.5106Y82.3100
G01 X30.5241Y82.2953
G01 X30.5412Y82.2718
G01 X30.5512Y82.2546
G01 X30.5584Y82.2394
G01 X30.5681Y82.2115
G01 X30.5717Y82.1970
G01 X30.5754Y82.1731
G01 X30.5764Y82.1460
G01 X30.5754Y82.1287
G01 X30.5730Y82.1119
G01 X30.5669Y82.0859
G01 X30.5574Y82.0603
G01 X30.5512Y82.0473
G01 X30.5412Y82.0301
G01 X30.5241Y82.0066
G01 X30.5106Y81.9918
G01 X30.4980Y81.9802
G01 X30.4764Y81.9638
G01 X30.4552Y81.9513
G01 X30.4421Y81.9451
G01 X30.4165Y81.9355
G01 X30.3906Y81.9294
G01 X30.3651Y81.9262
G01 X30.1201Y81.8519
G01 X29.8943Y81.7311
G01 X29.6963Y81.5687
G01 X29.5339Y81.3707
G01 X29.4131Y81.1449
G01 X29.3388Y80.8998
G01 X29.3137Y80.6450
G01 X29.3189Y80.5921
G01 X29.3200Y80.5701
G01 X29.3199Y80.5115
G01 X29.3189Y80.4944
G01 X29.3137Y80.4415
G01 X29.3388Y80.1867
G01 X29.4131Y79.9416
G01 X29.4334Y79.9037
G01 X29.4409Y79.8882
G01 X29.4504Y79.8626
G01 X29.4552Y79.8437
G01 X29.4583Y79.8245
G01 X29.4600Y79.7976
G01 X29.4600Y66.2918
G01 X29.4589Y66.2696
G01 X29.4546Y66.2431
G01 X29.4504Y66.2268
G01 X29.4446Y66.2103
G01 X29.4356Y66.1901
G01 X29.4221Y66.1669
G01 X29.4089Y66.1491
G01 X29.3939Y66.1307
G01 X29.2731Y65.9049
G01 X29.1988Y65.6598
G01 X29.1737Y65.4050
G01 X29.1789Y65.3521
G01 X29.1800Y65.3301
G01 X29.1800Y63.8329
G01 X29.1789Y63.8109
G01 X29.1737Y63.7580
G01 X29.1988Y63.5032
G01 X29.2731Y63.2581
G01 X29.3939Y63.0323
G01 X29.4192Y63.0002
G01 X29.4347Y62.9748
G01 X29.4418Y62.9596
G01 X29.4504Y62.9362
G01 X29.4552Y62.9173
G01 X29.4589Y62.8934
G01 X29.4600Y62.8712
G01 X29.4600Y61.2118
G01 X29.4589Y61.1896
G01 X29.4546Y61.1631
G01 X29.4504Y61.1468
G01 X29.4446Y61.1303
G01 X29.4356Y61.1101
G01 X29.4221Y61.0869
G01 X29.4089Y61.0691
G01 X29.3939Y61.0507
G01 X29.2731Y60.8249
G01 X29.1988Y60.5798
G01 X29.1737Y60.3250
G01 X29.1988Y60.0702
G01 X29.2731Y59.8251
G01 X29.3939Y59.5993
G01 X29.5563Y59.4013
G01 X29.7543Y59.2389
G01 X29.9801Y59.1181
G01 X30.2252Y59.0438
G01 X30.4161Y59.0250
G01 X30.5439Y59.0250
G01 X30.5979Y59.0303
G01 X30.6200Y59.0314
G01 X30.6420Y59.0303
G01 X30.7600Y59.0187
G01 X31.0148Y59.0438
G01 X31.2599Y59.1181
G01 X31.4857Y59.2389
G01 X31.5101Y59.2574
G01 X31.5313Y59.2700
G01 X31.5465Y59.2772
G01 X31.5700Y59.2857
G01 X31.5889Y59.2905
G01 X31.6128Y59.2942
G01 X31.6399Y59.2952
G01 X31.6572Y59.2942
G01 X31.6741Y59.2918
G01 X31.7000Y59.2857
G01 X31.7234Y59.2772
G01 X31.7453Y59.2663
G01 X31.7599Y59.2574
G01 X31.7739Y59.2472
G01 X31.7941Y59.2294
G01 X31.8075Y59.2147
G01 X31.8247Y59.1912
G01 X31.8347Y59.1739
G01 X31.8419Y59.1587
G01 X31.8504Y59.1353
G01 X31.8546Y59.1190
G01 X31.8593Y59.0875
G01 X31.8600Y59.0703
G01 X31.8600Y58.4289
G01 X31.8583Y58.4020
G01 X31.8552Y58.3828
G01 X31.8504Y58.3639
G01 X31.8409Y58.3383
G01 X31.8334Y58.3228
G01 X31.8131Y58.2849
G01 X31.7388Y58.0398
G01 X31.7200Y57.8489
G01 X31.7200Y56.4511
G01 X31.7388Y56.2602
G01 X31.8131Y56.0151
G01 X31.9339Y55.7893
G01 X32.0963Y55.5913
G01 X32.2943Y55.4289
G01 X32.5201Y55.3081
G01 X32.7652Y55.2338
G01 X33.0200Y55.2087
G01 X33.2748Y55.2338
G01 X33.5199Y55.3081
G01 X33.5913Y55.3463
G01 X33.6090Y55.3548
G01 X33.6274Y55.3617
G01 X33.6599Y55.3716
G01 X33.8857Y55.4924
G01 X34.0837Y55.6548
G01 X34.1632Y55.7515
G01 X34.1748Y55.7642
G01 X34.1951Y55.7820
G01 X34.2090Y55.7922
G01 X34.2236Y55.8011
G01 X34.2455Y55.8120
G01 X34.2734Y55.8217
G01 X34.2879Y55.8253
G01 X34.3117Y55.8290
G01 X34.3339Y55.8301
G01 X34.3561Y55.8290
G01 X34.3800Y55.8253
G01 X34.3990Y55.8205
G01 X34.4224Y55.8120
G01 X34.4376Y55.8048
G01 X34.4589Y55.7922
G01 X34.4728Y55.7820
G01 X34.4930Y55.7642
G01 X34.5079Y55.7478
G01 X34.6363Y55.5913
G01 X34.8343Y55.4289
G01 X35.0601Y55.3081
G01 X35.3052Y55.2338
G01 X35.5600Y55.2087
G01 X35.8148Y55.2338
G01 X36.0599Y55.3081
G01 X36.2857Y55.4289
G01 X36.4837Y55.5913
G01 X36.6461Y55.7893
G01 X36.7669Y56.0151
G01 X36.8412Y56.2602
G01 X36.8600Y56.4511
G01 X36.8600Y59.2368
G01 X36.8611Y59.2590
G01 X36.8648Y59.2829
G01 X36.8712Y59.3068
G01 X36.8781Y59.3253
G01 X36.8844Y59.3385
G01 X36.8979Y59.3617
G01 X36.9124Y59.3812
G01 X36.9259Y59.3959
G01 X36.9461Y59.4138
G01 X36.9601Y59.4240
G01 X36.9747Y59.4328
G01 X36.9965Y59.4437
G01 X37.0200Y59.4522
G01 X37.0459Y59.4583
G01 X37.0678Y59.4611
G01 X37.0850Y59.4618
G01 X37.1022Y59.4611
G01 X37.1311Y59.4570
G01 X37.1500Y59.4522
G01 X37.1734Y59.4437
G01 X37.1953Y59.4328
G01 X37.2099Y59.4240
G01 X37.2239Y59.4138
G01 X37.2585Y59.3845
G01 X37.3691Y59.2741
G01 X37.3826Y59.2594
G01 X37.3997Y59.2359
G01 X37.4097Y59.2187
G01 X37.4169Y59.2035
G01 X37.4266Y59.1756
G01 X37.4302Y59.1611
G01 X37.4339Y59.1373
G01 X37.4350Y59.1150
G01 X37.4350Y56.4511
G01 X37.4538Y56.2602
G01 X37.5281Y56.0151
G01 X37.6489Y55.7893
G01 X37.8113Y55.5913
G01 X38.0093Y55.4289
G01 X38.2351Y55.3081
G01 X38.4802Y55.2338
G01 X38.7350Y55.2087
G01 X38.9898Y55.2338
G01 X39.2349Y55.3081
G01 X39.4607Y55.4289
G01 X39.6587Y55.5913
G01 X39.8311Y55.8014
G01 X39.8459Y55.8177
G01 X39.8606Y55.8312
G01 X39.8801Y55.8458
G01 X39.8947Y55.8546
G01 X39.9165Y55.8655
G01 X39.9350Y55.8724
G01 X39.9589Y55.8788
G01 X39.9781Y55.8819
G01 X40.0099Y55.8835
G01 X40.0272Y55.8825
G01 X40.0511Y55.8788
G01 X40.0700Y55.8740
G01 X40.0865Y55.8683
G01 X40.1153Y55.8546
G01 X40.1299Y55.8458
G01 X40.1494Y55.8312
G01 X40.1641Y55.8177
G01 X40.1789Y55.8014
G01 X40.3513Y55.5913
G01 X40.5493Y55.4289
G01 X40.7751Y55.3081
G01 X41.0202Y55.2338
G01 X41.2750Y55.2087
G01 X41.5298Y55.2338
G01 X41.7749Y55.3081
G01 X42.0007Y55.4289
G01 X42.0251Y55.4474
G01 X42.0464Y55.4600
G01 X42.0616Y55.4672
G01 X42.0850Y55.4757
G01 X42.1039Y55.4805
G01 X42.1329Y55.4846
G01 X42.1549Y55.4852
G01 X42.1722Y55.4842
G01 X42.1891Y55.4818
G01 X42.2150Y55.4757
G01 X42.2315Y55.4699
G01 X42.2537Y55.4600
G01 X42.2749Y55.4474
G01 X42.2944Y55.4328
G01 X42.3091Y55.4194
G01 X42.3226Y55.4047
G01 X42.3397Y55.3812
G01 X42.3497Y55.3639
G01 X42.3559Y55.3509
G01 X42.3638Y55.3303
G01 X42.3702Y55.3064
G01 X42.3739Y55.2825
G01 X42.3750Y55.2603
G01 X42.3750Y54.5227
G01 X42.3739Y54.5006
G01 X42.3704Y54.4650
G01 X42.3888Y54.2788
G01 X42.4431Y54.0997
G01 X42.5313Y53.9346
G01 X42.6500Y53.7900
G01 X42.6777Y53.7673
G01 X42.6941Y53.7524
G01 X47.7023Y48.7442
G01 X47.7158Y48.7295
G01 X47.7304Y48.7100
G01 X47.7429Y48.6887
G01 X47.7529Y48.6666
G01 X47.7586Y48.6501
G01 X47.7628Y48.6338
G01 X47.7671Y48.6073
G01 X47.7682Y48.5851
G01 X47.7675Y48.5679
G01 X47.7634Y48.5390
G01 X47.7586Y48.5201
G01 X47.7491Y48.4945
G01 X47.7417Y48.4790
G01 X47.6881Y48.3789
G01 X47.6138Y48.1338
G01 X47.5950Y47.9429
G01 X47.5950Y40.2208
G01 X47.5939Y40.1986
G01 X47.5915Y40.1817
G01 X47.5838Y40.1508
G01 X47.5769Y40.1324
G01 X47.5697Y40.1172
G01 X47.5543Y40.0918
G01 X47.5426Y40.0764
G01 X47.5325Y40.0653
G01 X46.2637Y38.7963
G01 X46.2474Y38.7815
G01 X46.2063Y38.7478
G01 X46.0439Y38.5499
G01 X45.9231Y38.3240
G01 X45.8488Y38.0790
G01 X45.8237Y37.8241
G01 X45.8289Y37.7713
G01 X45.8300Y37.7492
G01 X45.8300Y33.0949
G01 X45.8289Y33.0729
G01 X45.8237Y33.0200
G01 X45.8488Y32.7652
G01 X45.9231Y32.5201
G01 X46.0439Y32.2943
G01 X46.2063Y32.0963
G01 X46.4043Y31.9339
G01 X46.6301Y31.8131
G01 X46.8751Y31.7388
G01 X47.1300Y31.7137
G01 X47.3848Y31.7388
G01 X47.6299Y31.8131
G01 X47.8557Y31.9339
G01 X48.0537Y32.0963
G01 X48.1593Y32.2248
G01 X48.1709Y32.2374
G01 X48.1911Y32.2553
G01 X48.2051Y32.2655
G01 X48.2264Y32.2780
G01 X48.2415Y32.2852
G01 X48.2650Y32.2937
G01 X48.2839Y32.2986
G01 X48.3078Y32.3022
G01 X48.3300Y32.3033
G01 X48.3472Y32.3026
G01 X48.3787Y32.2979
G01 X48.3950Y32.2937
G01 X48.4184Y32.2852
G01 X48.4336Y32.2780
G01 X48.4509Y32.2680
G01 X48.4744Y32.2509
G01 X48.4891Y32.2374
G01 X48.5039Y32.2211
G01 X48.6063Y32.0963
G01 X48.8043Y31.9339
G01 X49.0301Y31.8131
G01 X49.2752Y31.7388
G01 X49.5300Y31.7137
G01 X49.7848Y31.7388
G01 X50.0299Y31.8131
G01 X50.2557Y31.9339
G01 X50.4537Y32.0963
G01 X50.6261Y32.3064
G01 X50.6409Y32.3227
G01 X50.6556Y32.3362
G01 X50.6751Y32.3508
G01 X50.6897Y32.3596
G01 X50.7116Y32.3705
G01 X50.7300Y32.3774
G01 X50.7609Y32.3851
G01 X50.7778Y32.3875
G01 X50.8049Y32.3885
G01 X50.8222Y32.3875
G01 X50.8391Y32.3851
G01 X50.8700Y32.3774
G01 X50.8885Y32.3705
G01 X50.9036Y32.3633
G01 X50.9249Y32.3508
G01 X50.9389Y32.3406
G01 X50.9591Y32.3227
G01 X50.9739Y32.3064
G01 X51.1463Y32.0963
G01 X51.3443Y31.9339
G01 X51.5701Y31.8131
G01 X51.8152Y31.7388
G01 X52.0700Y31.7137
G01 X52.3248Y31.7388
G01 X52.5699Y31.8131
G01 X52.7957Y31.9339
G01 X52.9937Y32.0963
G01 X53.1661Y32.3064
G01 X53.1809Y32.3227
G01 X53.2011Y32.3406
G01 X53.2151Y32.3508
G01 X53.2364Y32.3633
G01 X53.2516Y32.3705
G01 X53.2700Y32.3774
G01 X53.3009Y32.3851
G01 X53.3178Y32.3875
G01 X53.3400Y32.3886
G01 X53.3622Y32.3875
G01 X53.3861Y32.3838
G01 X53.4050Y32.3790
G01 X53.4215Y32.3733
G01 X53.4503Y32.3596
G01 X53.4649Y32.3508
G01 X53.4844Y32.3362
G01 X53.4991Y32.3227
G01 X53.5139Y32.3064
G01 X53.6863Y32.0963
G01 X53.8843Y31.9339
G01 X54.1101Y31.8131
G01 X54.3552Y31.7388
G01 X54.6100Y31.7137
G01 X54.6629Y31.7189
G01 X54.6849Y31.7200
G01 X57.0751Y31.7200
G01 X57.0971Y31.7189
G01 X57.1500Y31.7137
G01 X57.4048Y31.7388
G01 X57.6499Y31.8131
G01 X57.8757Y31.9339
G01 X58.0737Y32.0963
G01 X58.2461Y32.3064
G01 X58.2609Y32.3227
G01 X58.2811Y32.3406
G01 X58.2951Y32.3508
G01 X58.3164Y32.3633
G01 X58.3316Y32.3705
G01 X58.3500Y32.3774
G01 X58.3809Y32.3851
G01 X58.3978Y32.3875
G01 X58.4200Y32.3886
G01 X58.4422Y32.3875
G01 X58.4591Y32.3851
G01 X58.4900Y32.3774
G01 X58.5085Y32.3705
G01 X58.5236Y32.3633
G01 X58.5449Y32.3508
G01 X58.5589Y32.3406
G01 X58.5791Y32.3227
G01 X58.5939Y32.3064
G01 X58.7663Y32.0963
G01 X58.9643Y31.9339
G01 X59.1901Y31.8131
G01 X59.4352Y31.7388
G01 X59.6900Y31.7137
G01 X59.9448Y31.7388
G01 X60.1899Y31.8131
G01 X60.4157Y31.9339
G01 X60.6137Y32.0963
G01 X60.7861Y32.3064
G01 X60.8009Y32.3227
G01 X60.8211Y32.3406
G01 X60.8351Y32.3508
G01 X60.8564Y32.3633
G01 X60.8715Y32.3705
G01 X60.8900Y32.3774
G01 X60.9209Y32.3851
G01 X60.9378Y32.3875
G01 X60.9600Y32.3886
G01 X60.9822Y32.3875
G01 X60.9991Y32.3851
G01 X61.0300Y32.3774
G01 X61.0485Y32.3705
G01 X61.0636Y32.3633
G01 X61.0849Y32.3508
G01 X61.0989Y32.3406
G01 X61.1191Y32.3227
G01 X61.1339Y32.3064
G01 X61.3063Y32.0963
G01 X61.5043Y31.9339
G01 X61.7301Y31.8131
G01 X61.9752Y31.7388
G01 X62.2300Y31.7137
G01 X62.4848Y31.7388
G01 X62.7299Y31.8131
G01 X62.9557Y31.9339
G01 X63.1537Y32.0963
G01 X63.3177Y32.2960
G01 X63.3294Y32.3087
G01 X63.3420Y32.3203
G01 X63.3595Y32.3338
G01 X63.3848Y32.3493
G01 X63.4000Y32.3564
G01 X63.4234Y32.3650
G01 X63.4424Y32.3698
G01 X63.4615Y32.3729
G01 X63.4885Y32.3746
G01 X63.5154Y32.3729
G01 X63.5345Y32.3698
G01 X63.5535Y32.3650
G01 X63.5769Y32.3564
G01 X63.5921Y32.3493
G01 X63.6175Y32.3338
G01 X63.6312Y32.3235
G01 X63.7019Y32.2655
G01 X63.7182Y32.2507
G01 X63.7331Y32.2343
G01 X63.8463Y32.0963
G01 X64.0443Y31.9339
G01 X64.2701Y31.8131
G01 X64.5152Y31.7388
G01 X64.7700Y31.7137
G01 X65.0248Y31.7388
G01 X65.2699Y31.8131
G01 X65.4957Y31.9339
G01 X65.6937Y32.0963
G01 X65.8661Y32.3064
G01 X65.8809Y32.3227
G01 X65.9011Y32.3406
G01 X65.9151Y32.3508
G01 X65.9364Y32.3633
G01 X65.9515Y32.3705
G01 X65.9700Y32.3774
G01 X66.0009Y32.3851
G01 X66.0178Y32.3875
G01 X66.0400Y32.3886
G01 X66.0622Y32.3875
G01 X66.0791Y32.3851
G01 X66.1100Y32.3774
G01 X66.1284Y32.3705
G01 X66.1436Y32.3633
G01 X66.1649Y32.3508
G01 X66.1789Y32.3406
G01 X66.1991Y32.3227
G01 X66.2139Y32.3064
G01 X66.3863Y32.0963
G01 X66.5843Y31.9339
G01 X66.8101Y31.8131
G01 X67.0552Y31.7388
G01 X67.3100Y31.7137
G01 X67.5648Y31.7388
G01 X67.8099Y31.8131
G01 X68.0357Y31.9339
G01 X68.2337Y32.0963
G01 X68.4061Y32.3064
G01 X68.4209Y32.3227
G01 X68.4411Y32.3406
G01 X68.4551Y32.3508
G01 X68.4764Y32.3633
G01 X68.4915Y32.3705
G01 X68.5100Y32.3774
G01 X68.5409Y32.3851
G01 X68.5578Y32.3875
G01 X68.5800Y32.3886
G01 X68.6022Y32.3875
G01 X68.6191Y32.3851
G01 X68.6500Y32.3774
G01 X68.6684Y32.3705
G01 X68.6836Y32.3633
G01 X68.7049Y32.3508
G01 X68.7189Y32.3406
G01 X68.7391Y32.3227
G01 X68.7539Y32.3064
G01 X68.9263Y32.0963
G01 X69.1243Y31.9339
G01 X69.3501Y31.8131
G01 X69.5952Y31.7388
G01 X69.8500Y31.7137
G01 X70.1048Y31.7388
G01 X70.3499Y31.8131
G01 X70.5757Y31.9339
G01 X70.7737Y32.0963
G01 X70.9461Y32.3064
G01 X70.9609Y32.3227
G01 X70.9811Y32.3406
G01 X70.9951Y32.3508
G01 X71.0164Y32.3633
G01 X71.0316Y32.3705
G01 X71.0500Y32.3774
G01 X71.0809Y32.3851
G01 X71.0978Y32.3875
G01 X71.1200Y32.3886
G01 X71.1422Y32.3875
G01 X71.1591Y32.3851
G01 X71.1900Y32.3774
G01 X71.2085Y32.3705
G01 X71.2236Y32.3633
G01 X71.2449Y32.3508
G01 X71.2589Y32.3406
G01 X71.2791Y32.3227
G01 X71.2939Y32.3064
G01 X71.4663Y32.0963
G01 X71.6643Y31.9339
G01 X71.8901Y31.8131
G01 X72.1352Y31.7388
G01 X72.3900Y31.7137
G01 X72.6448Y31.7388
G01 X72.8899Y31.8131
G01 X73.1157Y31.9339
G01 X73.3137Y32.0963
G01 X73.4861Y32.3064
G01 X73.5009Y32.3227
G01 X73.5211Y32.3406
G01 X73.5351Y32.3508
G01 X73.5564Y32.3633
G01 X73.5716Y32.3705
G01 X73.5900Y32.3774
G01 X73.6209Y32.3851
G01 X73.6378Y32.3875
G01 X73.6600Y32.3886
G01 X73.6822Y32.3875
G01 X73.6991Y32.3851
G01 X73.7300Y32.3774
G01 X73.7485Y32.3705
G01 X73.7636Y32.3633
G01 X73.7849Y32.3508
G01 X73.7989Y32.3406
G01 X73.8191Y32.3227
G01 X73.8339Y32.3064
G01 X74.0063Y32.0963
G01 X74.2043Y31.9339
G01 X74.4301Y31.8131
G01 X74.6752Y31.7388
G01 X74.9300Y31.7137
G01 X75.1848Y31.7388
G01 X75.4299Y31.8131
G01 X75.6557Y31.9339
G01 X75.8537Y32.0963
G01 X76.0261Y32.3064
G01 X76.0409Y32.3227
G01 X76.0611Y32.3406
G01 X76.0751Y32.3508
G01 X76.0964Y32.3633
G01 X76.1116Y32.3705
G01 X76.1300Y32.3774
G01 X76.1609Y32.3851
G01 X76.1778Y32.3875
G01 X76.2000Y32.3886
G01 X76.2222Y32.3875
G01 X76.2391Y32.3851
G01 X76.2700Y32.3774
G01 X76.2885Y32.3705
G01 X76.3036Y32.3633
G01 X76.3249Y32.3508
G01 X76.3389Y32.3406
G01 X76.3591Y32.3227
G01 X76.3739Y32.3064
G01 X76.5463Y32.0963
G01 X76.7443Y31.9339
G01 X76.9701Y31.8131
G01 X77.2152Y31.7388
G01 X77.4700Y31.7137
G01 X77.7248Y31.7388
G01 X77.9699Y31.8131
G01 X78.1957Y31.9339
G01 X78.3937Y32.0963
G01 X78.5661Y32.3064
G01 X78.5809Y32.3227
G01 X78.6011Y32.3406
G01 X78.6151Y32.3508
G01 X78.6364Y32.3633
G01 X78.6516Y32.3705
G01 X78.6700Y32.3774
G01 X78.7009Y32.3851
G01 X78.7178Y32.3875
G01 X78.7400Y32.3886
G01 X78.7622Y32.3875
G01 X78.7791Y32.3851
G01 X78.8100Y32.3774
G01 X78.8285Y32.3705
G01 X78.8436Y32.3633
G01 X78.8649Y32.3508
G01 X78.8789Y32.3406
G01 X78.8991Y32.3227
G01 X78.9139Y32.3064
G01 X79.0863Y32.0963
G01 X79.2843Y31.9339
G01 X79.5101Y31.8131
G01 X79.7552Y31.7388
G01 X80.0100Y31.7137
G01 X80.2648Y31.7388
G01 X80.5099Y31.8131
G01 X80.7357Y31.9339
G01 X80.9337Y32.0963
G01 X81.1061Y32.3064
G01 X81.1209Y32.3227
G01 X81.1411Y32.3406
G01 X81.1551Y32.3508
G01 X81.1764Y32.3633
G01 X81.1915Y32.3705
G01 X81.2100Y32.3774
G01 X81.2409Y32.3851
G01 X81.2578Y32.3875
G01 X81.2800Y32.3886
G01 X81.3022Y32.3875
G01 X81.3191Y32.3851
G01 X81.3500Y32.3774
G01 X81.3684Y32.3705
G01 X81.3836Y32.3633
G01 X81.4049Y32.3508
G01 X81.4189Y32.3406
G01 X81.4391Y32.3227
G01 X81.4539Y32.3064
G01 X81.6263Y32.0963
G01 X81.8243Y31.9339
G01 X82.0501Y31.8131
G01 X82.2952Y31.7388
G01 X82.5500Y31.7137
G01 X82.8048Y31.7388
G01 X83.0499Y31.8131
G01 X83.2757Y31.9339
G01 X83.4737Y32.0963
G01 X83.6461Y32.3064
G01 X83.6609Y32.3227
G01 X83.6811Y32.3406
G01 X83.6951Y32.3508
G01 X83.7164Y32.3633
G01 X83.7316Y32.3705
G01 X83.7500Y32.3774
G01 X83.7809Y32.3851
G01 X83.7978Y32.3875
G01 X83.8200Y32.3886
G01 X83.8422Y32.3875
G01 X83.8591Y32.3851
G01 X83.8900Y32.3774
G01 X83.9085Y32.3705
G01 X83.9236Y32.3633
G01 X83.9449Y32.3508
G01 X83.9589Y32.3406
G01 X83.9791Y32.3227
G01 X83.9939Y32.3064
G01 X84.1663Y32.0963
G01 X84.3643Y31.9339
G01 X84.5901Y31.8131
G01 X84.8352Y31.7388
G01 X85.0900Y31.7137
G01 X85.3448Y31.7388
G01 X85.5899Y31.8131
G01 X85.8157Y31.9339
G01 X86.0137Y32.0963
G01 X86.1761Y32.2943
G01 X86.2969Y32.5201
G01 X86.3712Y32.7652
G01 X86.3900Y32.9561
G01 X86.3900Y34.3539
G01 X86.3712Y34.5448
G01 X86.2969Y34.7899
G01 X86.1761Y35.0157
G01 X86.0137Y35.2137
G01 X85.9209Y35.2898
G01 X85.9046Y35.3046
G01 X85.8898Y35.3210
G01 X85.7948Y35.4368
G01 X83.9359Y37.2956
G01 X83.9181Y37.3158
G01 X83.9079Y37.3298
G01 X83.8990Y37.3443
G01 X83.8882Y37.3662
G01 X83.8784Y37.3941
G01 X83.8748Y37.4086
G01 X83.8717Y37.4277
G01 X83.8700Y37.4547
G01 X83.8702Y43.2932
G01 X83.8711Y43.3105
G01 X83.8748Y43.3344
G01 X83.8796Y43.3533
G01 X83.8882Y43.3767
G01 X83.8953Y43.3919
G01 X83.9079Y43.4132
G01 X83.9225Y43.4327
G01 X83.9359Y43.4474
G01 X83.9507Y43.4608
G01 X83.9701Y43.4754
G01 X83.9914Y43.4880
G01 X84.0066Y43.4952
G01 X84.0300Y43.5037
G01 X84.0489Y43.5085
G01 X84.0728Y43.5122
G01 X84.0950Y43.5133
G01 X84.1172Y43.5122
G01 X84.1437Y43.5079
G01 X84.1601Y43.5037
G01 X84.1766Y43.4979
G01 X84.1987Y43.4880
G01 X84.2199Y43.4754
G01 X84.2339Y43.4652
G01 X84.2506Y43.4508
G01 X84.2613Y43.4402
G01 X84.3095Y43.4079
G01 X84.3232Y43.3976
G01 X84.3643Y43.3639
G01 X84.4111Y43.3388
G01 X84.4259Y43.3301
G01 X84.4742Y43.2980
G01 X84.5278Y43.2756
G01 X84.5433Y43.2682
G01 X84.5901Y43.2431
G01 X84.6409Y43.2277
G01 X84.6571Y43.2221
G01 X84.7108Y43.2000
G01 X84.7677Y43.1885
G01 X84.7843Y43.1842
G01 X84.8352Y43.1688
G01 X84.8880Y43.1636
G01 X84.9050Y43.1612
G01 X84.9620Y43.1500
G01 X86.9983Y43.1500
G01 X87.0205Y43.1489
G01 X87.0444Y43.1452
G01 X87.0633Y43.1404
G01 X87.0868Y43.1319
G01 X87.1020Y43.1247
G01 X87.1232Y43.1121
G01 X87.1427Y43.0976
G01 X87.1574Y43.0841
G01 X87.9278Y42.3137
G01 X87.9426Y42.2974
G01 X87.9763Y42.2563
G01 X88.0174Y42.2226
G01 X88.0337Y42.2078
G01 X88.8041Y41.4374
G01 X88.8176Y41.4227
G01 X88.8321Y41.4032
G01 X88.8447Y41.3820
G01 X88.8519Y41.3668
G01 X88.8604Y41.3433
G01 X88.8652Y41.3244
G01 X88.8689Y41.3005
G01 X88.8700Y41.2783
G01 X88.8700Y33.0949
G01 X88.8689Y33.0729
G01 X88.8637Y33.0200
G01 X88.8888Y32.7652
G01 X88.9631Y32.5201
G01 X89.0839Y32.2943
G01 X89.2463Y32.0963
G01 X89.4443Y31.9339
G01 X89.6701Y31.8131
G01 X89.9152Y31.7388
G01 X90.1700Y31.7137
G01 X90.2229Y31.7189
G01 X90.2449Y31.7200
G01 X92.7739Y31.7200
G01 X92.9648Y31.7388
G01 X93.2099Y31.8131
G01 X93.4357Y31.9339
G01 X93.6337Y32.0963
G01 X93.7961Y32.2943
G01 X93.9169Y32.5201
G01 X93.9912Y32.7652
G01 X94.0163Y33.0200
G01 X93.9912Y33.2748
G01 X93.9169Y33.5199
G01 X93.7961Y33.7457
G01 X93.6337Y33.9437
G01 X93.4357Y34.1061
G01 X93.2099Y34.2269
G01 X92.9648Y34.3012
G01 X92.7739Y34.3200
G01 X91.6950Y34.3200
G01 X91.6728Y34.3211
G01 X91.6559Y34.3235
G01 X91.6300Y34.3296
G01 X91.6135Y34.3354
G01 X91.5847Y34.3490
G01 X91.5701Y34.3579
G01 X91.5506Y34.3724
G01 X91.5359Y34.3859
G01 X91.5243Y34.3985
G01 X91.5053Y34.4241
G01 X91.4953Y34.4414
G01 X91.4881Y34.4566
G01 X91.4796Y34.4800
G01 X91.4754Y34.4963
G01 X91.4707Y34.5278
G01 X91.4700Y34.5450
G01 X91.4700Y41.8351
G01 X91.4711Y41.8571
G01 X91.4763Y41.9100
G01 X91.4512Y42.1648
G01 X91.3769Y42.4099
G01 X91.3539Y42.4544
G01 X91.3444Y42.4800
G01 X91.3395Y42.4989
G01 X91.3364Y42.5181
G01 X91.3348Y42.5450
G01 X91.3364Y42.5719
G01 X91.3395Y42.5911
G01 X91.3444Y42.6100
G01 X91.3539Y42.6356
G01 X91.3769Y42.6801
G01 X91.4512Y42.9252
G01 X91.4763Y43.1800
G01 X91.4711Y43.2329
G01 X91.4700Y43.2549
G01 X91.4700Y45.6451
G01 X91.4711Y45.6671
G01 X91.4763Y45.7200
G01 X91.4711Y45.7729
G01 X91.4700Y45.7949
G01 X91.4700Y50.5627
G01 X91.4707Y50.5799
G01 X91.4748Y50.6088
G01 X91.4796Y50.6278
G01 X91.4881Y50.6512
G01 X91.4990Y50.6731
G01 X91.5107Y50.6918
G01 X91.5224Y50.7071
G01 X91.5325Y50.7183
G01 X91.5506Y50.7353
G01 X91.5701Y50.7499
G01 X91.5914Y50.7624
G01 X91.6044Y50.7686
G01 X91.6300Y50.7781
G01 X91.6559Y50.7843
G01 X91.6948Y50.7888
G01 X91.9399Y50.8631
G01 X92.1657Y50.9839
G01 X92.3637Y51.1463
G01 X92.5261Y51.3443
G01 X92.6469Y51.5701
G01 X92.7212Y51.8152
G01 X92.7463Y52.0700
G01 X92.7212Y52.3248
G01 X92.6469Y52.5699
G01 X92.5261Y52.7957
G01 X92.3637Y52.9937
G01 X92.1657Y53.1561
G01 X91.9399Y53.2769
G01 X91.6948Y53.3512
G01 X91.5039Y53.3700
G01 X90.2449Y53.3700
G01 X90.2229Y53.3711
G01 X90.1700Y53.3763
G01 X89.9152Y53.3512
G01 X89.6701Y53.2769
G01 X89.4443Y53.1561
G01 X89.2463Y52.9937
G01 X89.0839Y52.7957
G01 X88.9631Y52.5699
G01 X88.8888Y52.3248
G01 X88.8637Y52.0700
G01 X88.8689Y52.0171
G01 X88.8700Y51.9951
G01 X88.8700Y46.3517
G01 X88.8689Y46.3295
G01 X88.8652Y46.3056
G01 X88.8616Y46.2911
G01 X88.8519Y46.2632
G01 X88.8447Y46.2480
G01 X88.8347Y46.2308
G01 X88.8176Y46.2073
G01 X88.8041Y46.1926
G01 X88.4274Y45.8159
G01 X88.4127Y45.8024
G01 X88.3932Y45.7879
G01 X88.3787Y45.7790
G01 X88.3499Y45.7654
G01 X88.3333Y45.7596
G01 X88.3144Y45.7548
G01 X88.2905Y45.7511
G01 X88.2683Y45.7500
G01 X87.7049Y45.7500
G01 X87.6828Y45.7511
G01 X87.6300Y45.7563
G01 X87.5772Y45.7511
G01 X87.5551Y45.7500
G01 X84.9620Y45.7500
G01 X84.9050Y45.7388
G01 X84.8880Y45.7364
G01 X84.8352Y45.7312
G01 X84.7843Y45.7158
G01 X84.7677Y45.7115
G01 X84.7108Y45.7000
G01 X84.6571Y45.6779
G01 X84.6409Y45.6723
G01 X84.5901Y45.6569
G01 X84.5433Y45.6318
G01 X84.5278Y45.6244
G01 X84.4742Y45.6020
G01 X84.4259Y45.5699
G01 X84.4111Y45.5612
G01 X84.3643Y45.5361
G01 X84.3232Y45.5024
G01 X84.3095Y45.4921
G01 X84.2613Y45.4598
G01 X84.2394Y45.4392
G01 X84.2199Y45.4246
G01 X84.1967Y45.4111
G01 X84.1835Y45.4048
G01 X84.1650Y45.3979
G01 X84.1411Y45.3915
G01 X84.1172Y45.3878
G01 X84.0950Y45.3867
G01 X84.0681Y45.3884
G01 X84.0490Y45.3915
G01 X84.0251Y45.3979
G01 X84.0044Y45.4058
G01 X83.9914Y45.4120
G01 X83.9742Y45.4220
G01 X83.9507Y45.4392
G01 X83.9359Y45.4526
G01 X83.9225Y45.4673
G01 X83.9053Y45.4908
G01 X83.8953Y45.5081
G01 X83.8891Y45.5211
G01 X83.8813Y45.5417
G01 X83.8748Y45.5656
G01 X83.8711Y45.5895
G01 X83.8700Y45.6117
G01 X83.8700Y46.1945
G01 X83.8711Y46.2167
G01 X83.8748Y46.2405
G01 X83.8796Y46.2595
G01 X83.8854Y46.2760
G01 X83.8990Y46.3048
G01 X83.9079Y46.3194
G01 X83.9225Y46.3388
G01 X83.9359Y46.3536
G01 X83.9486Y46.3652
G01 X83.9701Y46.3816
G01 X83.9847Y46.3905
G01 X84.0963Y46.4503
G01 X84.2410Y46.5690
G01 X84.3597Y46.7137
G01 X84.4479Y46.8787
G01 X84.5023Y47.0578
G01 X84.5160Y47.1973
G01 X84.5160Y48.3067
G01 X84.5023Y48.4462
G01 X84.4479Y48.6253
G01 X84.3597Y48.7903
G01 X84.2410Y48.9350
G01 X84.0963Y49.0537
G01 X84.0536Y49.0766
G01 X84.0388Y49.0853
G01 X84.0153Y49.1024
G01 X84.0006Y49.1159
G01 X83.9871Y49.1306
G01 X83.9725Y49.1501
G01 X83.9600Y49.1714
G01 X83.9528Y49.1866
G01 X83.9459Y49.2050
G01 X83.9394Y49.2289
G01 X83.9354Y49.2578
G01 X83.9347Y49.2750
G01 X83.9354Y49.2922
G01 X83.9394Y49.3211
G01 X83.9459Y49.3450
G01 X83.9528Y49.3634
G01 X83.9590Y49.3767
G01 X83.9725Y49.3999
G01 X83.9871Y49.4194
G01 X84.0041Y49.4375
G01 X84.0208Y49.4519
G01 X84.0347Y49.4621
G01 X84.0493Y49.4710
G01 X84.0712Y49.4819
G01 X84.0946Y49.4904
G01 X84.1136Y49.4952
G01 X84.1425Y49.4993
G01 X84.1597Y49.5000
G01 X86.4239Y49.5000
G01 X86.6148Y49.5188
G01 X86.8599Y49.5931
G01 X87.0857Y49.7139
G01 X87.2837Y49.8763
G01 X87.4461Y50.0743
G01 X87.5669Y50.3001
G01 X87.6412Y50.5452
G01 X87.6663Y50.8000
G01 X87.6412Y51.0548
G01 X87.5669Y51.2999
G01 X87.4461Y51.5257
G01 X87.2837Y51.7237
G01 X87.0857Y51.8861
G01 X86.8599Y52.0069
G01 X86.6148Y52.0812
G01 X86.4239Y52.1000
G01 X82.4220Y52.1000
G01 X82.3650Y52.0888
G01 X82.3480Y52.0864
G01 X82.2952Y52.0812
G01 X82.2443Y52.0658
G01 X82.2277Y52.0615
G01 X82.1708Y52.0500
G01 X82.1171Y52.0279
G01 X82.1009Y52.0223
G01 X82.0501Y52.0069
G01 X82.0033Y51.9818
G01 X81.9878Y51.9744
G01 X81.9342Y51.9520
G01 X81.8859Y51.9199
G01 X81.8711Y51.9112
G01 X81.8243Y51.8861
G01 X81.7832Y51.8524
G01 X81.7695Y51.8421
G01 X81.7213Y51.8098
G01 X81.6802Y51.7688
G01 X81.6674Y51.7574
G01 X81.6263Y51.7237
G01 X81.5926Y51.6826
G01 X81.5812Y51.6698
G01 X81.5402Y51.6287
G01 X81.5079Y51.5805
G01 X81.4976Y51.5668
G01 X81.4639Y51.5257
G01 X81.4411Y51.4847
G01 X81.4239Y51.4612
G01 X81.4105Y51.4464
G01 X81.3903Y51.4286
G01 X81.3763Y51.4184
G01 X81.3617Y51.4095
G01 X81.3398Y51.3987
G01 X81.3164Y51.3901
G01 X81.2975Y51.3853
G01 X81.2736Y51.3816
G01 X81.2514Y51.3805
G01 X81.2292Y51.3816
G01 X81.2053Y51.3853
G01 X81.1864Y51.3901
G01 X81.1629Y51.3987
G01 X81.1477Y51.4058
G01 X81.1265Y51.4184
G01 X81.1070Y51.4330
G01 X81.0923Y51.4464
G01 X81.0788Y51.4612
G01 X81.0642Y51.4806
G01 X81.0517Y51.5019
G01 X81.0445Y51.5171
G01 X81.0360Y51.5405
G01 X81.0312Y51.5595
G01 X81.0275Y51.5833
G01 X81.0264Y51.6055
G01 X81.0264Y63.3759
G01 X81.0275Y63.3979
G01 X81.0310Y63.4336
G01 X81.0126Y63.6198
G01 X80.9786Y63.7320
G01 X80.9743Y63.7486
G01 X80.9700Y63.7751
G01 X80.9689Y63.7973
G01 X80.9700Y63.8195
G01 X80.9743Y63.8460
G01 X80.9785Y63.8623
G01 X80.9843Y63.8788
G01 X80.9943Y63.9009
G01 X81.0068Y63.9222
G01 X81.1620Y64.1542
G01 X81.2600Y64.3908
G01 X81.3100Y64.6420
G01 X81.3100Y64.8980
G01 X81.2600Y65.1492
G01 X81.1620Y65.3858
G01 X81.0198Y65.5987
G01 X80.8387Y65.7798
G01 X80.6258Y65.9220
G01 X80.3892Y66.0200
G01 X80.1380Y66.0700
G01 X79.8820Y66.0700
G01 X79.6308Y66.0200
G01 X79.3942Y65.9220
G01 X79.1813Y65.7798
G01 X79.0002Y65.5987
G01 X78.8580Y65.3858
G01 X78.7600Y65.1492
G01 X78.7100Y64.8980
G01 X78.7100Y64.6420
G01 X78.7600Y64.3908
G01 X78.8580Y64.1542
G01 X79.0014Y63.9396
G01 X79.0119Y63.9272
G01 X79.0221Y63.9132
G01 X79.0347Y63.8920
G01 X79.0419Y63.8768
G01 X79.0516Y63.8489
G01 X79.0552Y63.8344
G01 X79.0583Y63.8152
G01 X79.0600Y63.7883
G01 X79.0600Y63.5577
G01 X79.0589Y63.5357
G01 X79.0554Y63.5000
G01 X79.0737Y63.3138
G01 X79.1180Y63.1674
G01 X79.1216Y63.1529
G01 X79.1247Y63.1338
G01 X79.1264Y63.1069
G01 X79.1264Y60.7689
G01 X79.1253Y60.7467
G01 X79.1216Y60.7228
G01 X79.1168Y60.7038
G01 X79.1083Y60.6804
G01 X79.1011Y60.6652
G01 X79.0885Y60.6439
G01 X79.0783Y60.6300
G01 X79.0605Y60.6098
G01 X79.0478Y60.5981
G01 X79.0263Y60.5817
G01 X79.0117Y60.5728
G01 X78.9829Y60.5592
G01 X78.9664Y60.5535
G01 X78.9404Y60.5473
G01 X78.9236Y60.5450
G01 X78.8965Y60.5440
G01 X78.8792Y60.5450
G01 X78.8553Y60.5486
G01 X78.8364Y60.5535
G01 X78.8129Y60.5620
G01 X78.7977Y60.5692
G01 X78.7765Y60.5817
G01 X78.7570Y60.5963
G01 X78.7423Y60.6098
G01 X75.8344Y63.5177
G01 X75.8209Y63.5324
G01 X75.8038Y63.5559
G01 X75.7928Y63.5751
G01 X75.7866Y63.5883
G01 X75.7797Y63.6068
G01 X75.7732Y63.6307
G01 X75.7696Y63.6546
G01 X75.7686Y63.6817
G01 X75.7696Y63.6990
G01 X75.7719Y63.7158
G01 X75.7781Y63.7418
G01 X75.7866Y63.7652
G01 X75.7938Y63.7804
G01 X75.8038Y63.7976
G01 X75.8209Y63.8212
G01 X75.8344Y63.8359
G01 X75.9398Y63.9413
G01 X76.0820Y64.1542
G01 X76.1800Y64.3908
G01 X76.2300Y64.6420
G01 X76.2300Y64.8980
G01 X76.1800Y65.1492
G01 X76.0820Y65.3858
G01 X75.9398Y65.5987
G01 X75.7587Y65.7798
G01 X75.5458Y65.9220
G01 X75.3092Y66.0200
G01 X75.0580Y66.0700
G01 X74.8020Y66.0700
G01 X74.5508Y66.0200
G01 X74.3142Y65.9220
G01 X74.1013Y65.7798
G01 X73.9202Y65.5987
G01 X73.8443Y65.4852
G01 X73.8326Y65.4699
G01 X73.8225Y65.4587
G01 X73.8065Y65.4435
G01 X73.7809Y65.4245
G01 X73.7636Y65.4146
G01 X73.7415Y65.4046
G01 X73.7250Y65.3988
G01 X73.7061Y65.3940
G01 X73.6822Y65.3903
G01 X73.6649Y65.3894
G01 X73.6378Y65.3903
G01 X73.6209Y65.3927
G01 X73.5900Y65.4005
G01 X73.5716Y65.4074
G01 X73.5497Y65.4182
G01 X73.5351Y65.4271
G01 X73.5156Y65.4417
G01 X73.4975Y65.4587
G01 X73.4875Y65.4699
G01 X73.4757Y65.4852
G01 X73.3998Y65.5987
G01 X73.2187Y65.7798
G01 X73.0058Y65.9220
G01 X72.7692Y66.0200
G01 X72.5180Y66.0700
G01 X72.2620Y66.0700
G01 X72.0108Y66.0200
G01 X71.7742Y65.9220
G01 X71.5613Y65.7798
G01 X71.3941Y65.6126
G01 X71.3739Y65.5947
G01 X71.3599Y65.5845
G01 X71.3453Y65.5757
G01 X71.3256Y65.5658
G01 X71.3000Y65.5563
G01 X71.2811Y65.5515
G01 X71.2572Y65.5478
G01 X71.2350Y65.5467
G01 X71.2128Y65.5478
G01 X71.1889Y65.5515
G01 X71.1700Y65.5563
G01 X71.1466Y65.5648
G01 X71.1247Y65.5757
G01 X71.1060Y65.5874
G01 X71.0885Y65.6010
G01 X71.0759Y65.6126
G01 X71.0643Y65.6252
G01 X71.0479Y65.6468
G01 X71.0390Y65.6613
G01 X71.0281Y65.6832
G01 X71.0196Y65.7067
G01 X71.0148Y65.7256
G01 X71.0117Y65.7448
G01 X71.0100Y65.7717
G01 X71.0101Y65.8520
G01 X71.0111Y65.8691
G01 X71.0163Y65.9220
G01 X70.9912Y66.1768
G01 X70.9184Y66.4173
G01 X70.9148Y66.4318
G01 X70.9117Y66.4509
G01 X70.9100Y66.4778
G01 X70.9100Y77.3150
G01 X70.9117Y77.3419
G01 X70.9148Y77.3611
G01 X70.9196Y77.3800
G01 X70.9291Y77.4056
G01 X70.9353Y77.4186
G01 X70.9479Y77.4399
G01 X70.9643Y77.4615
G01 X70.9759Y77.4741
G01 X70.9886Y77.4857
G01 X71.0101Y77.5021
G01 X71.0314Y77.5147
G01 X71.0535Y77.5246
G01 X71.0700Y77.5304
G01 X71.0863Y77.5346
G01 X71.1128Y77.5389
G01 X71.1350Y77.5400
G01 X82.1213Y77.5400
G01 X82.1433Y77.5389
G01 X82.1913Y77.5342
G01 X82.4265Y77.5574
G01 X82.6527Y77.6260
G01 X82.8612Y77.7374
G01 X83.0439Y77.8874
G01 X83.0745Y77.9246
G01 X83.0893Y77.9410
G01 X84.2790Y79.1307
G01 X84.2954Y79.1455
G01 X84.3326Y79.1761
G01 X84.4826Y79.3588
G01 X84.5940Y79.5673
G01 X84.6626Y79.7935
G01 X84.6858Y80.0287
G01 X84.6811Y80.0767
G01 X84.6800Y80.0987
G01 X84.6800Y84.1598
G01 X84.6811Y84.1820
G01 X84.6835Y84.1988
G01 X84.6912Y84.2297
G01 X84.6981Y84.2482
G01 X84.7053Y84.2634
G01 X84.7208Y84.2888
G01 X84.7325Y84.3041
G01 X84.7425Y84.3153
G01 X85.5569Y85.1296
G01 X85.5680Y85.1397
G01 X85.5834Y85.1514
G01 X85.6088Y85.1668
G01 X85.6263Y85.1750
G01 X85.7058Y85.2080
G01 X85.9187Y85.3502
G01 X86.0998Y85.5313
G01 X86.2420Y85.7442
G01 X86.3400Y85.9808
G01 X86.3900Y86.2320
G01 X86.3900Y86.4880
G01 X86.3400Y86.7392
G01 X86.2420Y86.9758
G01 X86.0998Y87.1887
G01 X85.9187Y87.3698
G01 X85.7058Y87.5120
G01 X85.4692Y87.6100
G01 X85.2180Y87.6600
G01 X84.9620Y87.6600
G01 X84.7108Y87.6100
G01 X84.4742Y87.5120
G01 X84.2613Y87.3698
G01 X84.0802Y87.1887
G01 X83.9380Y86.9758
G01 X83.9050Y86.8963
G01 X83.8969Y86.8788
G01 X83.8843Y86.8575
G01 X83.8679Y86.8360
G01 X83.8563Y86.8233
G01 X82.9344Y85.9015
G01 X82.9197Y85.8880
G01 X82.9002Y85.8734
G01 X82.8790Y85.8609
G01 X82.8638Y85.8537
G01 X82.8403Y85.8452
G01 X82.8214Y85.8404
G01 X82.7975Y85.8367
G01 X82.7802Y85.8357
G01 X82.7484Y85.8373
G01 X82.7292Y85.8404
G01 X82.7103Y85.8452
G01 X82.6869Y85.8537
G01 X82.6717Y85.8609
G01 X82.6463Y85.8763
G01 X82.6309Y85.8880
G01 X82.6162Y85.9015
G01 X82.6028Y85.9162
G01 X82.5911Y85.9316
G01 X82.5756Y85.9569
G01 X82.5685Y85.9721
G01 X82.5599Y85.9955
G01 X82.5551Y86.0145
G01 X82.5520Y86.0336
G01 X82.5504Y86.0655
G01 X82.5514Y86.0828
G01 X82.5546Y86.1045
G01 X82.5800Y86.2320
G01 X82.5800Y86.4880
G01 X82.5300Y86.7392
G01 X82.4320Y86.9758
G01 X82.2898Y87.1887
G01 X82.1087Y87.3698
G01 X81.8958Y87.5120
G01 X81.6592Y87.6100
G01 X81.4080Y87.6600
G01 X81.1520Y87.6600
G01 X80.9008Y87.6100
G01 X80.6642Y87.5120
G01 X80.4513Y87.3698
G01 X80.2702Y87.1887
G01 X80.1280Y86.9758
G01 X80.0300Y86.7392
G01 X79.9800Y86.4880
G01 X79.9800Y86.2320
G01 X80.0300Y85.9808
G01 X80.0629Y85.9013
G01 X80.0704Y85.8803
G01 X80.0752Y85.8613
G01 X80.0783Y85.8422
G01 X80.0800Y85.8152
G01 X80.0800Y81.0100
G01 X80.0789Y80.9880
G01 X80.0742Y80.9400
G01 X80.0789Y80.8921
G01 X80.0799Y80.8749
G01 X80.0800Y80.8218
G01 X80.0902Y80.7697
G01 X80.0926Y80.7527
G01 X80.0974Y80.7048
G01 X80.1114Y80.6587
G01 X80.1157Y80.6420
G01 X80.1261Y80.5900
G01 X80.1463Y80.5409
G01 X80.1520Y80.5247
G01 X80.1660Y80.4786
G01 X80.1887Y80.4361
G01 X80.1961Y80.4206
G01 X80.2166Y80.3716
G01 X80.2434Y80.3315
G01 X80.2523Y80.3169
G01 X80.2769Y80.2711
G01 X80.2853Y80.2534
G01 X80.2939Y80.2300
G01 X80.2987Y80.2111
G01 X80.3024Y80.1872
G01 X80.3033Y80.1699
G01 X80.3018Y80.1381
G01 X80.2987Y80.1189
G01 X80.2951Y80.1044
G01 X80.2853Y80.0766
G01 X80.2745Y80.0547
G01 X80.2656Y80.0401
G01 X80.2554Y80.0261
G01 X80.2376Y80.0059
G01 X80.2228Y79.9924
G01 X80.2075Y79.9807
G01 X80.1821Y79.9653
G01 X80.1600Y79.9554
G01 X80.1435Y79.9496
G01 X80.1271Y79.9454
G01 X80.1007Y79.9411
G01 X80.0785Y79.9400
G01 X71.1350Y79.9400
G01 X71.1128Y79.9411
G01 X71.0889Y79.9448
G01 X71.0700Y79.9496
G01 X71.0535Y79.9554
G01 X71.0314Y79.9653
G01 X71.0142Y79.9753
G01 X70.9886Y79.9943
G01 X70.9759Y80.0059
G01 X70.9581Y80.0261
G01 X70.9479Y80.0401
G01 X70.9353Y80.0614
G01 X70.9281Y80.0766
G01 X70.9196Y80.1000
G01 X70.9148Y80.1189
G01 X70.9117Y80.1381
G01 X70.9100Y80.1650
G01 X70.9100Y82.1578
G01 X70.9111Y82.1798
G01 X70.9163Y82.2327
G01 X70.8912Y82.4875
G01 X70.8169Y82.7326
G01 X70.6962Y82.9584
G01 X70.5337Y83.1564
G01 X70.4926Y83.1901
G01 X70.4763Y83.2049
G01 X67.4059Y86.2753
G01 X67.3924Y86.2900
G01 X67.3779Y86.3095
G01 X67.3644Y86.3327
G01 X67.3581Y86.3459
G01 X67.3512Y86.3644
G01 X67.3448Y86.3883
G01 X67.3411Y86.4122
G01 X67.3401Y86.4295
G01 X67.3400Y86.4880
G01 X67.3288Y86.5450
G01 X67.3264Y86.5620
G01 X67.3212Y86.6148
G01 X67.3058Y86.6657
G01 X67.3015Y86.6823
G01 X67.2900Y86.7392
G01 X67.2679Y86.7929
G01 X67.2623Y86.8091
G01 X67.2469Y86.8599
G01 X67.2218Y86.9067
G01 X67.2144Y86.9222
G01 X67.1920Y86.9758
G01 X67.1599Y87.0241
G01 X67.1512Y87.0389
G01 X67.1261Y87.0857
G01 X67.0924Y87.1268
G01 X67.0821Y87.1405
G01 X67.0498Y87.1887
G01 X67.0088Y87.2298
G01 X66.9974Y87.2426
G01 X66.9637Y87.2837
G01 X66.9226Y87.3174
G01 X66.9098Y87.3288
G01 X66.8687Y87.3698
G01 X66.8205Y87.4021
G01 X66.8068Y87.4124
G01 X66.7657Y87.4461
G01 X66.7189Y87.4712
G01 X66.7041Y87.4799
G01 X66.6558Y87.5120
G01 X66.6022Y87.5344
G01 X66.5867Y87.5418
G01 X66.5399Y87.5669
G01 X66.4891Y87.5823
G01 X66.4729Y87.5879
G01 X66.4192Y87.6100
G01 X66.3623Y87.6215
G01 X66.3457Y87.6258
G01 X66.2948Y87.6412
G01 X66.2420Y87.6464
G01 X66.2250Y87.6488
G01 X66.1680Y87.6600
G01 X66.1100Y87.6601
G01 X66.0929Y87.6611
G01 X66.0400Y87.6663
G01 X65.9871Y87.6611
G01 X65.9700Y87.6601
G01 X65.9120Y87.6600
G01 X65.8550Y87.6488
G01 X65.8380Y87.6464
G01 X65.7852Y87.6412
G01 X65.7343Y87.6258
G01 X65.7177Y87.6215
G01 X65.6608Y87.6100
G01 X65.6071Y87.5879
G01 X65.5909Y87.5823
G01 X65.5401Y87.5669
G01 X65.4933Y87.5418
G01 X65.4778Y87.5344
G01 X65.4242Y87.5120
G01 X65.3759Y87.4799
G01 X65.3611Y87.4712
G01 X65.3143Y87.4461
G01 X65.2732Y87.4124
G01 X65.2595Y87.4021
G01 X65.2113Y87.3698
G01 X65.1702Y87.3288
G01 X65.1574Y87.3174
G01 X65.1163Y87.2837
G01 X65.0826Y87.2426
G01 X65.0712Y87.2298
G01 X65.0302Y87.1887
G01 X64.9979Y87.1405
G01 X64.9876Y87.1268
G01 X64.9539Y87.0857
G01 X64.9288Y87.0389
G01 X64.9201Y87.0241
G01 X64.8880Y86.9758
G01 X64.8656Y86.9222
G01 X64.8582Y86.9067
G01 X64.8331Y86.8599
G01 X64.8177Y86.8091
G01 X64.8121Y86.7929
G01 X64.7900Y86.7392
G01 X64.7785Y86.6823
G01 X64.7742Y86.6657
G01 X64.7588Y86.6148
G01 X64.7536Y86.5620
G01 X64.7512Y86.5450
G01 X64.7400Y86.4880
G01 X64.7400Y86.0903
G01 X64.7389Y86.0681
G01 X64.7365Y86.0512
G01 X64.7288Y86.0203
G01 X64.7219Y86.0018
G01 X64.7147Y85.9866
G01 X64.7021Y85.9653
G01 X64.6919Y85.9514
G01 X64.6705Y85.9278
G01 X64.6594Y85.9177
G01 X64.6440Y85.9060
G01 X64.6186Y85.8906
G01 X64.6035Y85.8834
G01 X64.5800Y85.8749
G01 X64.5611Y85.8700
G01 X64.5419Y85.8669
G01 X64.5101Y85.8654
G01 X64.4928Y85.8664
G01 X64.4689Y85.8700
G01 X64.4500Y85.8749
G01 X64.4266Y85.8834
G01 X64.4114Y85.8906
G01 X64.3901Y85.9031
G01 X64.3706Y85.9177
G01 X64.3559Y85.9312
G01 X63.4637Y86.8233
G01 X63.4521Y86.8360
G01 X63.4357Y86.8575
G01 X63.4232Y86.8788
G01 X63.4150Y86.8963
G01 X63.3820Y86.9758
G01 X63.2398Y87.1887
G01 X63.0587Y87.3698
G01 X62.8458Y87.5120
G01 X62.6092Y87.6100
G01 X62.3580Y87.6600
G01 X62.1020Y87.6600
G01 X61.8508Y87.6100
G01 X61.6142Y87.5120
G01 X61.4013Y87.3698
G01 X61.2202Y87.1887
G01 X61.0780Y86.9758
G01 X60.9800Y86.7392
G01 X60.9300Y86.4880
G01 X60.9300Y86.2320
G01 X60.9800Y85.9808
G01 X61.0780Y85.7442
G01 X61.2202Y85.5313
G01 X61.4013Y85.3502
G01 X61.6142Y85.2080
G01 X61.6937Y85.1750
G01 X61.7112Y85.1669
G01 X61.7366Y85.1514
G01 X61.7520Y85.1397
G01 X61.7667Y85.1263
G01 X66.0418Y80.8511
G01 X66.0553Y80.8364
G01 X66.0699Y80.8169
G01 X66.0787Y80.8023
G01 X66.0924Y80.7735
G01 X66.0981Y80.7570
G01 X66.1030Y80.7381
G01 X66.1066Y80.7142
G01 X66.1076Y80.6969
G01 X66.1070Y80.6749
G01 X66.1042Y80.6450
G01 X66.1089Y80.5971
G01 X66.1100Y80.5750
G01 X66.1100Y79.6362
G01 X66.1083Y79.6093
G01 X66.1052Y79.5901
G01 X66.1016Y79.5756
G01 X66.0946Y79.5547
G01 X66.0847Y79.5326
G01 X66.0721Y79.5113
G01 X66.0619Y79.4973
G01 X66.0441Y79.4771
G01 X66.0294Y79.4637
G01 X66.0099Y79.4491
G01 X65.9953Y79.4402
G01 X65.9735Y79.4294
G01 X65.9500Y79.4208
G01 X65.9311Y79.4160
G01 X65.9072Y79.4123
G01 X65.8850Y79.4112
G01 X65.8628Y79.4123
G01 X65.8389Y79.4160
G01 X65.8200Y79.4208
G01 X65.7966Y79.4294
G01 X65.7814Y79.4365
G01 X65.7601Y79.4491
G01 X65.7385Y79.4655
G01 X65.7259Y79.4771
G01 X65.7124Y79.4918
G01 X65.7033Y79.5038
G01 X65.6646Y79.5426
G01 X65.6532Y79.5554
G01 X65.6226Y79.5926
G01 X65.5854Y79.6232
G01 X65.5726Y79.6346
G01 X65.5350Y79.6721
G01 X65.4909Y79.7017
G01 X65.4771Y79.7120
G01 X65.4399Y79.7426
G01 X65.3974Y79.7653
G01 X65.3826Y79.7740
G01 X65.3384Y79.8034
G01 X65.2894Y79.8239
G01 X65.2739Y79.8313
G01 X65.2314Y79.8540
G01 X65.1853Y79.8680
G01 X65.1691Y79.8737
G01 X65.1200Y79.8939
G01 X65.0680Y79.9044
G01 X65.0513Y79.9087
G01 X65.0052Y79.9226
G01 X64.9573Y79.9274
G01 X64.9403Y79.9298
G01 X64.8882Y79.9400
G01 X62.7810Y79.9401
G01 X62.7637Y79.9411
G01 X62.7468Y79.9435
G01 X62.7253Y79.9484
G01 X62.4848Y80.0212
G01 X62.2939Y80.0400
G01 X60.8961Y80.0400
G01 X60.7052Y80.0212
G01 X60.4601Y79.9469
G01 X60.2343Y79.8261
G01 X60.0363Y79.6637
G01 X59.8739Y79.4657
G01 X59.7531Y79.2399
G01 X59.6788Y78.9948
G01 X59.6537Y78.7400
G01 X59.6788Y78.4852
G01 X59.7531Y78.2401
G01 X59.8739Y78.0143
G01 X60.0363Y77.8163
G01 X60.2464Y77.6439
G01 X60.2627Y77.6291
G01 X60.2806Y77.6089
G01 X60.2908Y77.5949
G01 X60.3033Y77.5736
G01 X60.3105Y77.5584
G01 X60.3174Y77.5400
G01 X60.3251Y77.5091
G01 X60.3275Y77.4922
G01 X60.3286Y77.4700
G01 X60.3275Y77.4478
G01 X60.3251Y77.4309
G01 X60.3174Y77.4000
G01 X60.3105Y77.3816
G01 X60.3033Y77.3664
G01 X60.2908Y77.3451
G01 X60.2806Y77.3311
G01 X60.2627Y77.3109
G01 X60.2464Y77.2961
G01 X60.0363Y77.1237
G01 X59.8739Y76.9257
G01 X59.7531Y76.6999
G01 X59.6788Y76.4548
G01 X59.6537Y76.2000
G01 X59.6788Y75.9452
G01 X59.7531Y75.7001
G01 X59.8739Y75.4743
G01 X60.0363Y75.2763
G01 X60.0774Y75.2426
G01 X60.0937Y75.2278
G01 X60.8675Y74.4539
G01 X60.8819Y74.4372
G01 X60.8947Y74.4192
G01 X60.9056Y74.4000
G01 X60.9119Y74.3868
G01 X60.9188Y74.3683
G01 X60.9265Y74.3374
G01 X60.9289Y74.3205
G01 X60.9300Y74.2983
G01 X60.9300Y72.2620
G01 X60.9412Y72.2050
G01 X60.9436Y72.1880
G01 X60.9488Y72.1352
G01 X60.9642Y72.0843
G01 X60.9685Y72.0677
G01 X60.9800Y72.0108
G01 X61.0021Y71.9571
G01 X61.0077Y71.9409
G01 X61.0231Y71.8901
G01 X61.0482Y71.8433
G01 X61.0556Y71.8278
G01 X61.0780Y71.7742
G01 X61.1101Y71.7259
G01 X61.1188Y71.7111
G01 X61.1439Y71.6643
G01 X61.1776Y71.6232
G01 X61.1879Y71.6095
G01 X61.2202Y71.5613
G01 X61.2612Y71.5202
G01 X61.2726Y71.5074
G01 X61.3063Y71.4663
G01 X61.3474Y71.4326
G01 X61.3602Y71.4212
G01 X61.4013Y71.3802
G01 X61.4495Y71.3479
G01 X61.4632Y71.3376
G01 X61.5043Y71.3039
G01 X61.5511Y71.2788
G01 X61.5659Y71.2701
G01 X61.6142Y71.2380
G01 X61.6678Y71.2156
G01 X61.6833Y71.2082
G01 X61.7301Y71.1831
G01 X61.7809Y71.1677
G01 X61.7971Y71.1621
G01 X61.8508Y71.1400
G01 X61.9077Y71.1285
G01 X61.9243Y71.1242
G01 X61.9752Y71.1088
G01 X62.0280Y71.1036
G01 X62.0450Y71.1012
G01 X62.1020Y71.0900
G01 X62.1600Y71.0899
G01 X62.1771Y71.0889
G01 X62.2300Y71.0837
G01 X62.2829Y71.0889
G01 X62.3000Y71.0899
G01 X62.3580Y71.0900
G01 X62.4150Y71.1012
G01 X62.4320Y71.1036
G01 X62.4848Y71.1088
G01 X62.5357Y71.1242
G01 X62.5523Y71.1285
G01 X62.6092Y71.1400
G01 X62.6629Y71.1621
G01 X62.6791Y71.1677
G01 X62.7299Y71.1831
G01 X62.7767Y71.2082
G01 X62.7922Y71.2156
G01 X62.8458Y71.2380
G01 X62.8941Y71.2701
G01 X62.9089Y71.2788
G01 X62.9557Y71.3039
G01 X62.9968Y71.3376
G01 X63.0105Y71.3479
G01 X63.0587Y71.3802
G01 X63.0998Y71.4212
G01 X63.1126Y71.4326
G01 X63.1537Y71.4663
G01 X63.1874Y71.5074
G01 X63.1988Y71.5202
G01 X63.2398Y71.5613
G01 X63.2721Y71.6095
G01 X63.2824Y71.6232
G01 X63.3161Y71.6643
G01 X63.3412Y71.7111
G01 X63.3499Y71.7259
G01 X63.3820Y71.7742
G01 X63.4044Y71.8278
G01 X63.4118Y71.8433
G01 X63.4369Y71.8901
G01 X63.4523Y71.9409
G01 X63.4579Y71.9571
G01 X63.4800Y72.0108
G01 X63.4915Y72.0677
G01 X63.4958Y72.0843
G01 X63.5112Y72.1352
G01 X63.5164Y72.1880
G01 X63.5188Y72.2050
G01 X63.5300Y72.2620
G01 X63.5300Y74.8551
G01 X63.5311Y74.8771
G01 X63.5363Y74.9300
G01 X63.5112Y75.1848
G01 X63.4369Y75.4299
G01 X63.4139Y75.4744
G01 X63.4044Y75.5000
G01 X63.3995Y75.5189
G01 X63.3964Y75.5381
G01 X63.3948Y75.5650
G01 X63.3964Y75.5919
G01 X63.3995Y75.6111
G01 X63.4044Y75.6300
G01 X63.4139Y75.6556
G01 X63.4369Y75.7001
G01 X63.5112Y75.9452
G01 X63.5363Y76.2000
G01 X63.5112Y76.4548
G01 X63.4369Y76.6999
G01 X63.3161Y76.9257
G01 X63.1537Y77.1237
G01 X63.1197Y77.1525
G01 X63.1027Y77.1706
G01 X63.0881Y77.1901
G01 X63.0792Y77.2047
G01 X63.0656Y77.2335
G01 X63.0598Y77.2500
G01 X63.0556Y77.2663
G01 X63.0519Y77.2881
G01 X63.0502Y77.3150
G01 X63.0513Y77.3372
G01 X63.0550Y77.3611
G01 X63.0615Y77.3850
G01 X63.0684Y77.4034
G01 X63.0746Y77.4167
G01 X63.0855Y77.4359
G01 X63.1027Y77.4594
G01 X63.1197Y77.4775
G01 X63.1364Y77.4919
G01 X63.1503Y77.5021
G01 X63.1649Y77.5110
G01 X63.1868Y77.5219
G01 X63.2102Y77.5304
G01 X63.2292Y77.5352
G01 X63.2581Y77.5393
G01 X63.2752Y77.5400
G01 X64.8882Y77.5400
G01 X64.9403Y77.5502
G01 X64.9573Y77.5526
G01 X65.0052Y77.5574
G01 X65.0513Y77.5713
G01 X65.0680Y77.5756
G01 X65.1200Y77.5861
G01 X65.1691Y77.6063
G01 X65.1853Y77.6120
G01 X65.2314Y77.6260
G01 X65.2739Y77.6487
G01 X65.2894Y77.6561
G01 X65.3384Y77.6766
G01 X65.3826Y77.7060
G01 X65.3974Y77.7147
G01 X65.4399Y77.7374
G01 X65.4771Y77.7680
G01 X65.4909Y77.7783
G01 X65.5350Y77.8079
G01 X65.5726Y77.8454
G01 X65.5854Y77.8568
G01 X65.6226Y77.8874
G01 X65.6532Y77.9246
G01 X65.6646Y77.9374
G01 X65.7033Y77.9762
G01 X65.7124Y77.9882
G01 X65.7259Y78.0029
G01 X65.7461Y78.0207
G01 X65.7601Y78.0309
G01 X65.7747Y78.0398
G01 X65.7966Y78.0506
G01 X65.8244Y78.0604
G01 X65.8389Y78.0640
G01 X65.8581Y78.0671
G01 X65.8850Y78.0688
G01 X65.9072Y78.0677
G01 X65.9311Y78.0640
G01 X65.9500Y78.0592
G01 X65.9735Y78.0506
G01 X65.9886Y78.0435
G01 X66.0099Y78.0309
G01 X66.0294Y78.0163
G01 X66.0441Y78.0029
G01 X66.0576Y77.9882
G01 X66.0721Y77.9687
G01 X66.0847Y77.9474
G01 X66.0919Y77.9322
G01 X66.1004Y77.9088
G01 X66.1052Y77.8899
G01 X66.1089Y77.8660
G01 X66.1100Y77.8438
G01 X66.1100Y66.2950
G01 X66.1089Y66.2728
G01 X66.1065Y66.2559
G01 X66.0988Y66.2250
G01 X66.0919Y66.2066
G01 X66.0856Y66.1933
G01 X66.0721Y66.1701
G01 X66.0576Y66.1506
G01 X66.0475Y66.1395
G01 X66.0239Y66.1181
G01 X66.0099Y66.1079
G01 X65.9953Y66.0990
G01 X65.9665Y66.0854
G01 X65.9500Y66.0796
G01 X65.9311Y66.0748
G01 X65.9022Y66.0707
G01 X65.8850Y66.0700
G01 X62.1020Y66.0700
G01 X62.0450Y66.0588
G01 X62.0280Y66.0564
G01 X61.9752Y66.0512
G01 X61.9243Y66.0358
G01 X61.9077Y66.0315
G01 X61.8508Y66.0200
G01 X61.7971Y65.9979
G01 X61.7809Y65.9923
G01 X61.7301Y65.9769
G01 X61.6833Y65.9518
G01 X61.6678Y65.9444
G01 X61.6142Y65.9220
G01 X61.5659Y65.8899
G01 X61.5511Y65.8812
G01 X61.5043Y65.8561
G01 X61.4632Y65.8224
G01 X61.4495Y65.8121
G01 X61.4013Y65.7798
G01 X61.3602Y65.7388
G01 X61.3474Y65.7274
G01 X61.3063Y65.6937
G01 X61.2726Y65.6526
G01 X61.2612Y65.6398
G01 X61.2202Y65.5987
G01 X61.1879Y65.5505
G01 X61.1776Y65.5368
G01 X61.1439Y65.4957
G01 X61.1188Y65.4489
G01 X61.1101Y65.4341
G01 X61.0780Y65.3858
G01 X61.0556Y65.3322
G01 X61.0482Y65.3167
G01 X61.0231Y65.2699
G01 X61.0077Y65.2191
G01 X61.0021Y65.2029
G01 X60.9800Y65.1492
G01 X60.9685Y65.0923
G01 X60.9642Y65.0757
G01 X60.9488Y65.0248
G01 X60.9436Y64.9720
G01 X60.9412Y64.9550
G01 X60.9300Y64.8980
G01 X60.9299Y64.8400
G01 X60.9289Y64.8229
G01 X60.9237Y64.7700
G01 X60.9289Y64.7171
G01 X60.9299Y64.7000
G01 X60.9300Y64.6420
G01 X60.9412Y64.5850
G01 X60.9436Y64.5680
G01 X60.9488Y64.5152
G01 X60.9642Y64.4643
G01 X60.9685Y64.4477
G01 X60.9800Y64.3908
G01 X61.0021Y64.3371
G01 X61.0077Y64.3209
G01 X61.0231Y64.2701
G01 X61.0482Y64.2233
G01 X61.0556Y64.2078
G01 X61.0780Y64.1542
G01 X61.1101Y64.1059
G01 X61.1188Y64.0911
G01 X61.1439Y64.0443
G01 X61.1776Y64.0032
G01 X61.1879Y63.9895
G01 X61.2202Y63.9413
G01 X61.2612Y63.9002
G01 X61.2726Y63.8874
G01 X61.3063Y63.8463
G01 X61.3474Y63.8126
G01 X61.3602Y63.8012
G01 X61.4013Y63.7602
G01 X61.4495Y63.7279
G01 X61.4632Y63.7176
G01 X61.5043Y63.6839
G01 X61.5511Y63.6588
G01 X61.5659Y63.6501
G01 X61.6142Y63.6180
G01 X61.6678Y63.5956
G01 X61.6833Y63.5882
G01 X61.7301Y63.5631
G01 X61.7809Y63.5477
G01 X61.7971Y63.5421
G01 X61.8508Y63.5200
G01 X61.9077Y63.5085
G01 X61.9243Y63.5042
G01 X61.9752Y63.4888
G01 X62.0280Y63.4836
G01 X62.0450Y63.4812
G01 X62.1020Y63.4700
G01 X67.4380Y63.4700
G01 X67.4950Y63.4812
G01 X67.5120Y63.4836
G01 X67.5648Y63.4888
G01 X67.6157Y63.5042
G01 X67.6323Y63.5085
G01 X67.6892Y63.5200
G01 X67.7429Y63.5421
G01 X67.7591Y63.5477
G01 X67.8099Y63.5631
G01 X67.8567Y63.5882
G01 X67.8722Y63.5956
G01 X67.9258Y63.6180
G01 X67.9741Y63.6501
G01 X67.9889Y63.6588
G01 X68.0357Y63.6839
G01 X68.0768Y63.7176
G01 X68.0905Y63.7279
G01 X68.1387Y63.7602
G01 X68.1798Y63.8012
G01 X68.1926Y63.8126
G01 X68.2337Y63.8463
G01 X68.2674Y63.8874
G01 X68.2788Y63.9002
G01 X68.3198Y63.9413
G01 X68.3521Y63.9895
G01 X68.3624Y64.0032
G01 X68.3935Y64.0411
G01 X68.4083Y64.0574
G01 X68.4286Y64.0753
G01 X68.4425Y64.0855
G01 X68.4638Y64.0980
G01 X68.4790Y64.1052
G01 X68.5024Y64.1137
G01 X68.5214Y64.1186
G01 X68.5452Y64.1222
G01 X68.5674Y64.1233
G01 X68.5846Y64.1226
G01 X68.6135Y64.1185
G01 X68.6325Y64.1137
G01 X68.6490Y64.1080
G01 X68.6778Y64.0943
G01 X68.6924Y64.0855
G01 X68.7063Y64.0753
G01 X68.7265Y64.0574
G01 X68.7382Y64.0448
G01 X68.7863Y63.9863
G01 X68.8274Y63.9526
G01 X68.8437Y63.9378
G01 X69.0213Y63.7602
G01 X69.2342Y63.6180
G01 X69.4708Y63.5200
G01 X69.7220Y63.4700
G01 X69.9780Y63.4700
G01 X70.2292Y63.5200
G01 X70.4658Y63.6180
G01 X70.6787Y63.7602
G01 X70.8598Y63.9413
G01 X70.9329Y64.0508
G01 X70.9431Y64.0646
G01 X70.9645Y64.0882
G01 X70.9756Y64.0983
G01 X70.9951Y64.1129
G01 X71.0164Y64.1254
G01 X71.0385Y64.1354
G01 X71.0550Y64.1412
G01 X71.0713Y64.1454
G01 X71.0978Y64.1497
G01 X71.1200Y64.1508
G01 X71.1469Y64.1491
G01 X71.1661Y64.1460
G01 X71.1806Y64.1424
G01 X71.2015Y64.1354
G01 X71.2236Y64.1254
G01 X71.2449Y64.1129
G01 X71.2644Y64.0983
G01 X71.2791Y64.0849
G01 X71.2926Y64.0701
G01 X71.3043Y64.0548
G01 X71.3802Y63.9413
G01 X71.5613Y63.7602
G01 X71.7742Y63.6180
G01 X71.8086Y63.6028
G01 X71.8299Y63.5902
G01 X71.8439Y63.5800
G01 X71.8641Y63.5622
G01 X71.8819Y63.5420
G01 X71.8921Y63.5280
G01 X71.9010Y63.5134
G01 X71.9119Y63.4915
G01 X71.9204Y63.4681
G01 X71.9252Y63.4492
G01 X71.9289Y63.4253
G01 X71.9299Y63.4080
G01 X71.9300Y62.7821
G01 X71.9289Y62.7600
G01 X71.9254Y62.7244
G01 X71.9437Y62.5381
G01 X71.9981Y62.3591
G01 X72.0863Y62.1940
G01 X72.2050Y62.0494
G01 X72.2327Y62.0266
G01 X72.2491Y62.0118
G01 X75.6605Y58.6004
G01 X75.6739Y58.5857
G01 X75.6885Y58.5662
G01 X75.7010Y58.5449
G01 X75.7082Y58.5298
G01 X75.7168Y58.5063
G01 X75.7216Y58.4874
G01 X75.7253Y58.4635
G01 X75.7264Y58.4413
G01 X75.7264Y48.9782
G01 X75.7253Y48.9560
G01 X75.7216Y48.9321
G01 X75.7168Y48.9131
G01 X75.7073Y48.8876
G01 X75.7010Y48.8745
G01 X75.6911Y48.8573
G01 X75.6783Y48.8393
G01 X75.6605Y48.8191
G01 X75.6457Y48.8056
G01 X75.6263Y48.7910
G01 X75.6117Y48.7821
G01 X75.5829Y48.7685
G01 X75.5664Y48.7628
G01 X75.5474Y48.7579
G01 X75.5236Y48.7543
G01 X75.5014Y48.7532
G01 X75.4792Y48.7543
G01 X75.4553Y48.7579
G01 X75.4363Y48.7628
G01 X75.4198Y48.7685
G01 X75.3910Y48.7821
G01 X75.3765Y48.7910
G01 X75.3570Y48.8056
G01 X75.3423Y48.8191
G01 X72.4951Y51.6663
G01 X72.4802Y51.6826
G01 X72.4465Y51.7237
G01 X72.2486Y51.8861
G01 X72.0227Y52.0069
G01 X71.7777Y52.0812
G01 X71.5229Y52.1063
G01 X71.4700Y52.1011
G01 X71.4479Y52.1000
G01 X67.1820Y52.1000
G01 X67.1250Y52.0888
G01 X67.1080Y52.0864
G01 X67.0552Y52.0812
G01 X67.0043Y52.0658
G01 X66.9877Y52.0615
G01 X66.9308Y52.0500
G01 X66.8771Y52.0279
G01 X66.8609Y52.0223
G01 X66.8101Y52.0069
G01 X66.7633Y51.9818
G01 X66.7478Y51.9744
G01 X66.6942Y51.9520
G01 X66.6459Y51.9199
G01 X66.6311Y51.9112
G01 X66.5843Y51.8861
G01 X66.5432Y51.8524
G01 X66.5295Y51.8421
G01 X66.4813Y51.8098
G01 X66.4402Y51.7688
G01 X66.4274Y51.7574
G01 X66.3863Y51.7237
G01 X66.3526Y51.6826
G01 X66.3412Y51.6698
G01 X66.3002Y51.6287
G01 X66.2679Y51.5805
G01 X66.2576Y51.5668
G01 X66.2239Y51.5257
G01 X66.1988Y51.4789
G01 X66.1901Y51.4641
G01 X66.1580Y51.4158
G01 X66.1356Y51.3622
G01 X66.1282Y51.3467
G01 X66.1031Y51.2999
G01 X66.0877Y51.2491
G01 X66.0821Y51.2329
G01 X66.0600Y51.1792
G01 X66.0485Y51.1223
G01 X66.0442Y51.1057
G01 X66.0288Y51.0548
G01 X66.0236Y51.0020
G01 X66.0212Y50.9850
G01 X66.0100Y50.9280
G01 X66.0099Y50.8700
G01 X66.0089Y50.8529
G01 X66.0037Y50.8000
G01 X66.0089Y50.7471
G01 X66.0099Y50.7300
G01 X66.0100Y50.6720
G01 X66.0212Y50.6150
G01 X66.0236Y50.5980
G01 X66.0288Y50.5452
G01 X66.0442Y50.4943
G01 X66.0485Y50.4776
G01 X66.0600Y50.4208
G01 X66.0821Y50.3671
G01 X66.0877Y50.3509
G01 X66.1031Y50.3001
G01 X66.1282Y50.2533
G01 X66.1356Y50.2378
G01 X66.1580Y50.1842
G01 X66.1901Y50.1359
G01 X66.1988Y50.1211
G01 X66.2239Y50.0743
G01 X66.2576Y50.0332
G01 X66.2679Y50.0195
G01 X66.3002Y49.9713
G01 X66.3412Y49.9302
G01 X66.3526Y49.9174
G01 X66.3863Y49.8763
G01 X66.4274Y49.8426
G01 X66.4402Y49.8312
G01 X66.4813Y49.7902
G01 X66.5295Y49.7579
G01 X66.5432Y49.7476
G01 X66.5843Y49.7139
G01 X66.6311Y49.6888
G01 X66.6459Y49.6801
G01 X66.6942Y49.6480
G01 X66.7478Y49.6256
G01 X66.7633Y49.6182
G01 X66.8101Y49.5931
G01 X66.8609Y49.5777
G01 X66.8771Y49.5721
G01 X66.9308Y49.5500
G01 X66.9877Y49.5385
G01 X67.0043Y49.5342
G01 X67.0552Y49.5188
G01 X67.1080Y49.5136
G01 X67.1250Y49.5112
G01 X67.1820Y49.5000
G01 X70.8912Y49.5000
G01 X70.9181Y49.4983
G01 X70.9373Y49.4952
G01 X70.9518Y49.4916
G01 X70.9796Y49.4819
G01 X71.0015Y49.4710
G01 X71.0161Y49.4621
G01 X71.0300Y49.4519
G01 X71.0503Y49.4341
G01 X76.1270Y44.3572
G01 X76.1371Y44.3460
G01 X76.1517Y44.3266
G01 X76.1642Y44.3053
G01 X76.1742Y44.2832
G01 X76.1799Y44.2667
G01 X76.1852Y44.2455
G01 X76.2200Y44.0708
G01 X76.3180Y43.8342
G01 X76.4602Y43.6213
G01 X76.6413Y43.4402
G01 X76.8542Y43.2980
G01 X77.0908Y43.2000
G01 X77.3420Y43.1500
G01 X77.5980Y43.1500
G01 X77.8492Y43.2000
G01 X78.0858Y43.2980
G01 X78.2200Y43.3876
G01 X78.2347Y43.3966
G01 X78.2566Y43.4074
G01 X78.2750Y43.4143
G01 X78.3060Y43.4221
G01 X78.3228Y43.4245
G01 X78.3401Y43.4254
G01 X78.3672Y43.4245
G01 X78.3937Y43.4202
G01 X78.4100Y43.4160
G01 X78.4265Y43.4102
G01 X78.4487Y43.4002
G01 X78.4740Y43.3848
G01 X78.4915Y43.3713
G01 X78.5041Y43.3597
G01 X78.5157Y43.3470
G01 X78.5322Y43.3255
G01 X78.5410Y43.3109
G01 X78.5547Y43.2821
G01 X78.5604Y43.2656
G01 X78.5652Y43.2466
G01 X78.5689Y43.2228
G01 X78.5700Y43.2006
G01 X78.5700Y36.8147
G01 X78.5683Y36.7878
G01 X78.5652Y36.7686
G01 X78.5604Y36.7497
G01 X78.5509Y36.7241
G01 X78.5447Y36.7111
G01 X78.5347Y36.6938
G01 X78.5176Y36.6703
G01 X78.5006Y36.6522
G01 X78.4894Y36.6422
G01 X78.4740Y36.6304
G01 X78.4487Y36.6150
G01 X78.4335Y36.6078
G01 X78.4100Y36.5993
G01 X78.3911Y36.5945
G01 X78.3672Y36.5908
G01 X78.3450Y36.5897
G01 X78.3228Y36.5908
G01 X78.2989Y36.5945
G01 X78.2800Y36.5993
G01 X78.2566Y36.6078
G01 X78.2414Y36.6150
G01 X78.2201Y36.6276
G01 X78.1957Y36.6461
G01 X77.9699Y36.7669
G01 X77.7248Y36.8412
G01 X77.4700Y36.8663
G01 X77.2152Y36.8412
G01 X76.9701Y36.7669
G01 X76.7443Y36.6461
G01 X76.5463Y36.4837
G01 X76.3739Y36.2736
G01 X76.3591Y36.2573
G01 X76.3444Y36.2438
G01 X76.3249Y36.2292
G01 X76.3103Y36.2204
G01 X76.2815Y36.2067
G01 X76.2650Y36.2010
G01 X76.2461Y36.1962
G01 X76.2222Y36.1925
G01 X76.2049Y36.1915
G01 X76.1778Y36.1925
G01 X76.1609Y36.1949
G01 X76.1300Y36.2026
G01 X76.1116Y36.2095
G01 X76.0897Y36.2204
G01 X76.0751Y36.2292
G01 X76.0556Y36.2438
G01 X76.0409Y36.2573
G01 X76.0261Y36.2736
G01 X75.8537Y36.4837
G01 X75.6557Y36.6461
G01 X75.4299Y36.7669
G01 X75.1848Y36.8412
G01 X74.9300Y36.8663
G01 X74.6752Y36.8412
G01 X74.4301Y36.7669
G01 X74.2043Y36.6461
G01 X74.0539Y36.5229
G01 X74.0399Y36.5127
G01 X74.0253Y36.5038
G01 X74.0034Y36.4929
G01 X73.9800Y36.4844
G01 X73.9611Y36.4796
G01 X73.9372Y36.4759
G01 X73.9150Y36.4748
G01 X73.8928Y36.4759
G01 X73.8689Y36.4796
G01 X73.8500Y36.4844
G01 X73.8266Y36.4929
G01 X73.8114Y36.5001
G01 X73.7901Y36.5127
G01 X73.7706Y36.5273
G01 X73.7525Y36.5443
G01 X73.7381Y36.5609
G01 X73.7253Y36.5790
G01 X73.7153Y36.5962
G01 X73.7091Y36.6092
G01 X73.7012Y36.6298
G01 X73.6935Y36.6608
G01 X73.6911Y36.6776
G01 X73.6901Y36.6949
G01 X73.6901Y36.7600
G01 X73.6911Y36.7771
G01 X73.6963Y36.8300
G01 X73.6712Y37.0848
G01 X73.5969Y37.3299
G01 X73.4761Y37.5557
G01 X73.3137Y37.7537
G01 X73.1157Y37.9161
G01 X72.8899Y38.0369
G01 X72.6448Y38.1112
G01 X72.3900Y38.1363
G01 X72.1352Y38.1112
G01 X71.8901Y38.0369
G01 X71.6643Y37.9161
G01 X71.5177Y37.7959
G01 X71.5040Y37.7856
G01 X71.4786Y37.7701
G01 X71.4634Y37.7629
G01 X71.4400Y37.7544
G01 X71.4211Y37.7496
G01 X71.4019Y37.7465
G01 X71.3750Y37.7448
G01 X71.3481Y37.7465
G01 X71.3289Y37.7496
G01 X71.3144Y37.7532
G01 X71.2866Y37.7630
G01 X71.2647Y37.7738
G01 X71.2501Y37.7827
G01 X71.2361Y37.7929
G01 X71.2159Y37.8107
G01 X71.2024Y37.8254
G01 X71.1879Y37.8449
G01 X71.1753Y37.8662
G01 X71.1681Y37.8814
G01 X71.1596Y37.9048
G01 X71.1548Y37.9237
G01 X71.1511Y37.9476
G01 X71.1501Y37.9649
G01 X71.1500Y39.2951
G01 X71.1511Y39.3171
G01 X71.1563Y39.3700
G01 X71.1312Y39.6248
G01 X71.0569Y39.8699
G01 X70.9361Y40.0957
G01 X70.7737Y40.2937
G01 X70.5757Y40.4561
G01 X70.3499Y40.5769
G01 X70.1048Y40.6512
G01 X69.8500Y40.6763
G01 X69.5952Y40.6512
G01 X69.3501Y40.5769
G01 X69.1243Y40.4561
G01 X68.9263Y40.2937
G01 X68.7639Y40.0957
G01 X68.6431Y39.8699
G01 X68.5688Y39.6248
G01 X68.5437Y39.3700
G01 X68.5489Y39.3171
G01 X68.5500Y39.2951
G01 X68.5500Y35.4298
G01 X68.5489Y35.4076
G01 X68.5452Y35.3837
G01 X68.5404Y35.3648
G01 X68.5346Y35.3483
G01 X68.5247Y35.3262
G01 X68.5147Y35.3090
G01 X68.4957Y35.2834
G01 X68.4841Y35.2707
G01 X68.4639Y35.2529
G01 X68.4499Y35.2427
G01 X68.4286Y35.2301
G01 X68.4135Y35.2230
G01 X68.3900Y35.2144
G01 X68.3711Y35.2096
G01 X68.3519Y35.2065
G01 X68.3201Y35.2049
G01 X68.3028Y35.2059
G01 X68.2763Y35.2102
G01 X68.2600Y35.2144
G01 X68.2366Y35.2230
G01 X68.2214Y35.2301
G01 X68.2001Y35.2427
G01 X68.1823Y35.2559
G01 X68.0357Y35.3761
G01 X67.8099Y35.4969
G01 X67.7589Y35.5131
G01 X67.7367Y35.5230
G01 X67.7155Y35.5356
G01 X67.6960Y35.5502
G01 X67.6813Y35.5636
G01 X67.6697Y35.5763
G01 X67.6533Y35.5978
G01 X67.6420Y35.6167
G01 X67.6137Y35.6695
G01 X67.4950Y35.8141
G01 X67.4673Y35.8369
G01 X67.4509Y35.8517
G01 X66.9959Y36.3067
G01 X66.9825Y36.3215
G01 X66.9653Y36.3450
G01 X66.9553Y36.3622
G01 X66.9482Y36.3774
G01 X66.9384Y36.4052
G01 X66.9348Y36.4198
G01 X66.9311Y36.4436
G01 X66.9300Y36.4658
G01 X66.9300Y44.3164
G01 X66.9311Y44.3385
G01 X66.9346Y44.3742
G01 X66.9163Y44.5604
G01 X66.8620Y44.7395
G01 X66.7737Y44.9045
G01 X66.6550Y45.0492
G01 X66.6273Y45.0719
G01 X66.6109Y45.0867
G01 X56.0559Y55.6418
G01 X56.0425Y55.6565
G01 X56.0253Y55.6800
G01 X56.0153Y55.6972
G01 X56.0091Y55.7103
G01 X55.9996Y55.7358
G01 X55.9948Y55.7548
G01 X55.9917Y55.7739
G01 X55.9900Y55.8009
G01 X55.9900Y59.7914
G01 X55.9911Y59.8136
G01 X55.9948Y59.8375
G01 X55.9984Y59.8520
G01 X56.0081Y59.8798
G01 X56.0190Y59.9017
G01 X56.0279Y59.9163
G01 X56.0381Y59.9303
G01 X56.0559Y59.9505
G01 X56.0706Y59.9639
G01 X56.0877Y59.9768
G01 X56.2551Y60.1442
G01 X56.3864Y60.3408
G01 X56.4769Y60.5592
G01 X56.5230Y60.7910
G01 X56.5230Y61.0274
G01 X56.4769Y61.2592
G01 X56.3864Y61.4776
G01 X56.2551Y61.6742
G01 X56.0879Y61.8413
G01 X55.8914Y61.9726
G01 X55.6730Y62.0631
G01 X55.4412Y62.1092
G01 X55.2048Y62.1092
G01 X54.9730Y62.0631
G01 X54.7546Y61.9726
G01 X54.6400Y61.8961
G01 X54.6186Y61.8835
G01 X54.6056Y61.8773
G01 X54.5756Y61.8665
G01 X54.5611Y61.8629
G01 X54.5372Y61.8593
G01 X54.5150Y61.8582
G01 X54.4978Y61.8589
G01 X54.4689Y61.8629
G01 X54.4450Y61.8694
G01 X54.4266Y61.8763
G01 X54.4114Y61.8835
G01 X54.3860Y61.8989
G01 X54.3706Y61.9106
G01 X54.3559Y61.9241
G01 X54.3424Y61.9388
G01 X54.3307Y61.9541
G01 X54.3144Y61.9815
G01 X54.3081Y61.9947
G01 X54.3012Y62.0132
G01 X54.2954Y62.0345
G01 X54.2911Y62.0610
G01 X54.2900Y62.0832
G01 X54.2900Y63.7883
G01 X54.2911Y63.8105
G01 X54.2948Y63.8344
G01 X54.2996Y63.8533
G01 X54.3081Y63.8768
G01 X54.3190Y63.8987
G01 X54.3307Y63.9173
G01 X54.3424Y63.9327
G01 X54.3486Y63.9396
G01 X54.4920Y64.1542
G01 X54.5900Y64.3908
G01 X54.6400Y64.6420
G01 X54.6400Y64.8980
G01 X54.5900Y65.1492
G01 X54.4920Y65.3858
G01 X54.3498Y65.5987
G01 X54.1687Y65.7798
G01 X53.9558Y65.9220
G01 X53.7192Y66.0200
G01 X53.4680Y66.0700
G01 X53.2120Y66.0700
G01 X52.9608Y66.0200
G01 X52.7242Y65.9220
G01 X52.5113Y65.7798
G01 X52.3302Y65.5987
G01 X52.2571Y65.4892
G01 X52.2469Y65.4754
G01 X52.2291Y65.4551
G01 X52.2089Y65.4373
G01 X52.1949Y65.4271
G01 X52.1736Y65.4146
G01 X52.1585Y65.4074
G01 X52.1350Y65.3988
G01 X52.1161Y65.3940
G01 X52.0922Y65.3903
G01 X52.0700Y65.3892
G01 X52.0431Y65.3909
G01 X52.0239Y65.3940
G01 X52.0094Y65.3976
G01 X51.9816Y65.4074
G01 X51.9664Y65.4146
G01 X51.9491Y65.4245
G01 X51.9256Y65.4417
G01 X51.9075Y65.4587
G01 X51.8974Y65.4699
G01 X51.8857Y65.4852
G01 X51.8098Y65.5987
G01 X51.6287Y65.7798
G01 X51.4158Y65.9220
G01 X51.1792Y66.0200
G01 X50.9280Y66.0700
G01 X50.6720Y66.0700
G01 X50.4208Y66.0200
G01 X50.1842Y65.9220
G01 X49.9713Y65.7798
G01 X49.7902Y65.5987
G01 X49.7215Y65.4958
G01 X49.7114Y65.4820
G01 X49.6935Y65.4617
G01 X49.6733Y65.4439
G01 X49.6593Y65.4337
G01 X49.6381Y65.4211
G01 X49.6229Y65.4140
G01 X49.5994Y65.4054
G01 X49.5805Y65.4006
G01 X49.5566Y65.3969
G01 X49.5344Y65.3958
G01 X49.5122Y65.3969
G01 X49.4883Y65.4006
G01 X49.4739Y65.4042
G01 X49.4460Y65.4140
G01 X49.4308Y65.4211
G01 X49.4136Y65.4311
G01 X49.3900Y65.4483
G01 X49.3753Y65.4617
G01 X49.3619Y65.4764
G01 X49.3124Y65.5368
G01 X49.2993Y65.5545
G01 X49.2698Y65.5987
G01 X49.2288Y65.6398
G01 X49.2174Y65.6526
G01 X49.1837Y65.6937
G01 X49.1426Y65.7274
G01 X49.1298Y65.7388
G01 X49.0887Y65.7798
G01 X49.0405Y65.8121
G01 X49.0268Y65.8224
G01 X48.9857Y65.8561
G01 X48.9389Y65.8812
G01 X48.9241Y65.8899
G01 X48.8758Y65.9220
G01 X48.8222Y65.9444
G01 X48.8067Y65.9518
G01 X48.7599Y65.9769
G01 X48.7091Y65.9923
G01 X48.6929Y65.9979
G01 X48.6392Y66.0200
G01 X48.5823Y66.0315
G01 X48.5657Y66.0358
G01 X48.5148Y66.0512
G01 X48.4620Y66.0564
G01 X48.4450Y66.0588
G01 X48.3880Y66.0700
G01 X48.3300Y66.0701
G01 X48.3129Y66.0711
G01 X48.2600Y66.0763
G01 X48.2071Y66.0711
G01 X48.1900Y66.0701
G01 X48.1320Y66.0700
G01 X48.0750Y66.0588
G01 X48.0580Y66.0564
G01 X48.0052Y66.0512
G01 X47.9543Y66.0358
G01 X47.9377Y66.0315
G01 X47.8808Y66.0200
G01 X47.8271Y65.9979
G01 X47.8109Y65.9923
G01 X47.7601Y65.9769
G01 X47.7133Y65.9518
G01 X47.6978Y65.9444
G01 X47.6442Y65.9220
G01 X47.5959Y65.8899
G01 X47.5811Y65.8812
G01 X47.5343Y65.8561
G01 X47.4932Y65.8224
G01 X47.4795Y65.8121
G01 X47.4313Y65.7798
G01 X47.3902Y65.7388
G01 X47.3774Y65.7274
G01 X47.3363Y65.6937
G01 X47.3026Y65.6526
G01 X47.2912Y65.6398
G01 X47.2502Y65.5987
G01 X47.2207Y65.5545
G01 X47.2107Y65.5409
G01 X47.1597Y65.4784
G01 X47.1448Y65.4619
G01 X47.1247Y65.4441
G01 X47.1067Y65.4313
G01 X47.0875Y65.4203
G01 X47.0742Y65.4140
G01 X47.0507Y65.4055
G01 X47.0318Y65.4006
G01 X47.0079Y65.3969
G01 X46.9857Y65.3958
G01 X46.9686Y65.3965
G01 X46.9371Y65.4012
G01 X46.9206Y65.4054
G01 X46.8972Y65.4139
G01 X46.8820Y65.4211
G01 X46.8648Y65.4311
G01 X46.8412Y65.4483
G01 X46.8231Y65.4653
G01 X46.8131Y65.4764
G01 X46.8013Y65.4918
G01 X46.7298Y65.5987
G01 X46.5487Y65.7798
G01 X46.3358Y65.9220
G01 X46.0992Y66.0200
G01 X45.8480Y66.0700
G01 X45.5920Y66.0700
G01 X45.3408Y66.0200
G01 X45.1042Y65.9220
G01 X44.8913Y65.7798
G01 X44.7102Y65.5987
G01 X44.5680Y65.3858
G01 X44.4700Y65.1492
G01 X44.4200Y64.8980
G01 X44.4200Y64.6420
G01 X44.4700Y64.3908
G01 X44.5680Y64.1542
G01 X44.7114Y63.9396
G01 X44.7219Y63.9272
G01 X44.7347Y63.9092
G01 X44.7447Y63.8920
G01 X44.7519Y63.8768
G01 X44.7604Y63.8533
G01 X44.7652Y63.8344
G01 X44.7689Y63.8105
G01 X44.7700Y63.7883
G01 X44.7700Y63.1986
G01 X44.7689Y63.1765
G01 X44.7654Y63.1408
G01 X44.7837Y62.9546
G01 X44.8381Y62.7755
G01 X44.9263Y62.6105
G01 X45.0450Y62.4658
G01 X45.0727Y62.4431
G01 X45.0891Y62.4283
G01 X46.4641Y61.0533
G01 X46.4819Y61.0330
G01 X46.4921Y61.0191
G01 X46.5010Y61.0045
G01 X46.5119Y60.9826
G01 X46.5216Y60.9547
G01 X46.5252Y60.9402
G01 X46.5283Y60.9211
G01 X46.5299Y60.8991
G01 X46.5300Y60.1686
G01 X46.5289Y60.1465
G01 X46.5254Y60.1109
G01 X46.5437Y59.9246
G01 X46.5981Y59.7456
G01 X46.6863Y59.5805
G01 X46.8050Y59.4359
G01 X46.8327Y59.4131
G01 X46.8490Y59.3983
G01 X47.9683Y58.2791
G01 X47.9831Y58.2627
G01 X48.0059Y58.2350
G01 X48.1505Y58.1163
G01 X48.3156Y58.0281
G01 X48.4946Y57.9737
G01 X48.6809Y57.9554
G01 X48.7337Y57.9599
G01 X48.7650Y57.9600
G01 X48.7872Y57.9589
G01 X48.8137Y57.9546
G01 X48.8300Y57.9504
G01 X48.8465Y57.9446
G01 X48.8686Y57.9347
G01 X48.8899Y57.9221
G01 X48.9094Y57.9075
G01 X48.9241Y57.8941
G01 X48.9375Y57.8794
G01 X48.9521Y57.8599
G01 X48.9647Y57.8386
G01 X48.9746Y57.8165
G01 X48.9804Y57.8000
G01 X48.9852Y57.7811
G01 X48.9889Y57.7572
G01 X48.9900Y57.7350
G01 X48.9900Y53.2594
G01 X48.9889Y53.2373
G01 X48.9854Y53.2017
G01 X49.0037Y53.0154
G01 X49.0580Y52.8364
G01 X49.1463Y52.6713
G01 X49.2650Y52.5267
G01 X49.2927Y52.5039
G01 X49.3090Y52.4891
G01 X59.8641Y41.9341
G01 X59.8775Y41.9193
G01 X59.8921Y41.8999
G01 X59.9047Y41.8786
G01 X59.9119Y41.8634
G01 X59.9204Y41.8400
G01 X59.9252Y41.8210
G01 X59.9289Y41.7972
G01 X59.9300Y41.7750
G01 X59.9300Y36.6017
G01 X59.9289Y36.5795
G01 X59.9252Y36.5556
G01 X59.9188Y36.5317
G01 X59.9119Y36.5132
G01 X59.9047Y36.4980
G01 X59.8892Y36.4727
G01 X59.8775Y36.4573
G01 X59.8641Y36.4426
G01 X59.0591Y35.6376
G01 X59.0427Y35.6227
G01 X59.0150Y35.6000
G01 X58.8963Y35.4553
G01 X58.8078Y35.2899
G01 X58.8002Y35.2692
G01 X58.7930Y35.2540
G01 X58.7776Y35.2286
G01 X58.7673Y35.2149
G01 X58.5939Y35.0036
G01 X58.5825Y34.9908
G01 X58.5644Y34.9738
G01 X58.5449Y34.9592
G01 X58.5236Y34.9467
G01 X58.5085Y34.9395
G01 X58.4850Y34.9310
G01 X58.4661Y34.9262
G01 X58.4422Y34.9225
G01 X58.4200Y34.9214
G01 X58.3978Y34.9225
G01 X58.3809Y34.9249
G01 X58.3500Y34.9326
G01 X58.3316Y34.9395
G01 X58.3164Y34.9467
G01 X58.2951Y34.9592
G01 X58.2811Y34.9694
G01 X58.2609Y34.9873
G01 X58.2461Y35.0036
G01 X58.0737Y35.2137
G01 X57.8757Y35.3761
G01 X57.6499Y35.4969
G01 X57.4048Y35.5712
G01 X57.2478Y35.5867
G01 X57.2238Y35.5904
G01 X57.2093Y35.5940
G01 X57.1814Y35.6037
G01 X57.1662Y35.6109
G01 X57.1419Y35.6239
G01 X56.8968Y35.6982
G01 X56.7059Y35.7170
G01 X54.6849Y35.7170
G01 X54.6629Y35.7181
G01 X54.6100Y35.7233
G01 X54.3552Y35.6982
G01 X54.1101Y35.6239
G01 X53.8843Y35.5031
G01 X53.7377Y35.3829
G01 X53.7240Y35.3726
G01 X53.6986Y35.3571
G01 X53.6835Y35.3500
G01 X53.6600Y35.3414
G01 X53.6411Y35.3366
G01 X53.6219Y35.3335
G01 X53.5950Y35.3318
G01 X53.5681Y35.3335
G01 X53.5489Y35.3366
G01 X53.5344Y35.3402
G01 X53.5066Y35.3499
G01 X53.4847Y35.3608
G01 X53.4701Y35.3697
G01 X53.4561Y35.3799
G01 X53.4359Y35.3977
G01 X53.4224Y35.4124
G01 X53.4079Y35.4319
G01 X53.3953Y35.4532
G01 X53.3881Y35.4684
G01 X53.3796Y35.4918
G01 X53.3748Y35.5107
G01 X53.3711Y35.5346
G01 X53.3700Y35.5568
G01 X53.3700Y39.2951
G01 X53.3711Y39.3171
G01 X53.3763Y39.3700
G01 X53.3512Y39.6248
G01 X53.2769Y39.8699
G01 X53.1561Y40.0957
G01 X52.9937Y40.2937
G01 X52.7957Y40.4561
G01 X52.5699Y40.5769
G01 X52.3248Y40.6512
G01 X52.0700Y40.6763
G01 X51.8152Y40.6512
G01 X51.5701Y40.5769
G01 X51.3443Y40.4561
G01 X51.1463Y40.2937
G01 X50.9839Y40.0957
G01 X50.8631Y39.8699
G01 X50.7888Y39.6248
G01 X50.7637Y39.3700
G01 X50.7689Y39.3171
G01 X50.7700Y39.2951
G01 X50.7700Y37.9698
G01 X50.7693Y37.9527
G01 X50.7652Y37.9237
G01 X50.7604Y37.9048
G01 X50.7519Y37.8814
G01 X50.7447Y37.8662
G01 X50.7321Y37.8449
G01 X50.7176Y37.8254
G01 X50.7041Y37.8107
G01 X50.6839Y37.7929
G01 X50.6699Y37.7827
G01 X50.6553Y37.7738
G01 X50.6335Y37.7630
G01 X50.6056Y37.7532
G01 X50.5911Y37.7496
G01 X50.5719Y37.7465
G01 X50.5450Y37.7448
G01 X50.5181Y37.7465
G01 X50.4989Y37.7496
G01 X50.4844Y37.7532
G01 X50.4635Y37.7602
G01 X50.4347Y37.7738
G01 X50.4201Y37.7827
G01 X50.4061Y37.7929
G01 X50.2557Y37.9161
G01 X50.0299Y38.0369
G01 X49.7848Y38.1112
G01 X49.7716Y38.1126
G01 X49.7498Y38.1163
G01 X49.7335Y38.1205
G01 X49.7100Y38.1291
G01 X49.6948Y38.1363
G01 X49.6776Y38.1462
G01 X49.6541Y38.1634
G01 X49.6394Y38.1768
G01 X49.6259Y38.1916
G01 X49.6088Y38.2151
G01 X49.5988Y38.2323
G01 X49.5926Y38.2453
G01 X49.5831Y38.2709
G01 X49.5770Y38.2969
G01 X49.5746Y38.3137
G01 X49.5736Y38.3310
G01 X49.5752Y38.3629
G01 X49.5783Y38.3820
G01 X49.5819Y38.3965
G01 X49.5916Y38.4244
G01 X49.6025Y38.4463
G01 X49.6113Y38.4609
G01 X49.6215Y38.4748
G01 X49.6394Y38.4950
G01 X49.7648Y38.6203
G01 X49.7776Y38.6317
G01 X49.8187Y38.6654
G01 X49.9811Y38.8634
G01 X50.1019Y39.0892
G01 X50.1762Y39.3343
G01 X50.2013Y39.5891
G01 X50.1961Y39.6420
G01 X50.1950Y39.6640
G01 X50.1950Y47.9429
G01 X50.1762Y48.1338
G01 X50.1019Y48.3789
G01 X49.9811Y48.6047
G01 X49.8973Y48.7069
G01 X49.8841Y48.7247
G01 X49.8715Y48.7460
G01 X49.8653Y48.7591
G01 X49.8558Y48.7846
G01 X49.8510Y48.8036
G01 X49.8473Y48.8274
G01 X49.8463Y48.8546
G01 X49.8496Y48.8950
G01 X49.8313Y49.0812
G01 X49.7769Y49.2603
G01 X49.6887Y49.4253
G01 X49.5700Y49.5700
G01 X49.5423Y49.5927
G01 X49.5259Y49.6076
G01 X44.3409Y54.7926
G01 X44.3275Y54.8073
G01 X44.3129Y54.8268
G01 X44.3003Y54.8480
G01 X44.2931Y54.8632
G01 X44.2846Y54.8867
G01 X44.2798Y54.9056
G01 X44.2761Y54.9295
G01 X44.2750Y54.9517
G01 X44.2750Y61.5333
G01 X44.2761Y61.5553
G01 X44.2796Y61.5910
G01 X44.2613Y61.7772
G01 X44.2069Y61.9563
G01 X44.1187Y62.1213
G01 X44.0000Y62.2660
G01 X43.9723Y62.2887
G01 X43.9559Y62.3036
G01 X42.4032Y63.8563
G01 X42.3315Y63.9215
G01 X42.2663Y63.9932
G01 X42.1470Y64.1126
G01 X42.1370Y64.1238
G01 X42.1253Y64.1392
G01 X42.1098Y64.1645
G01 X42.1027Y64.1797
G01 X42.0941Y64.2032
G01 X42.0893Y64.2221
G01 X42.0856Y64.2460
G01 X42.0843Y64.2831
G01 X42.0696Y64.3154
G01 X42.0316Y64.4220
G01 X42.0035Y64.5337
G01 X41.9858Y64.6522
G01 X41.9834Y64.6987
G01 X41.9653Y64.7326
G01 X41.9581Y64.7478
G01 X41.9496Y64.7712
G01 X41.9435Y64.7972
G01 X41.9411Y64.8140
G01 X41.9401Y64.8313
G01 X41.9400Y64.8980
G01 X41.8900Y65.1492
G01 X41.7920Y65.3858
G01 X41.6498Y65.5987
G01 X41.4687Y65.7798
G01 X41.2558Y65.9220
G01 X41.0192Y66.0200
G01 X40.7680Y66.0700
G01 X40.5120Y66.0700
G01 X40.2608Y66.0200
G01 X40.0242Y65.9220
G01 X39.8113Y65.7798
G01 X39.6441Y65.6126
G01 X39.6294Y65.5991
G01 X39.6099Y65.5845
G01 X39.5887Y65.5720
G01 X39.5735Y65.5648
G01 X39.5500Y65.5563
G01 X39.5311Y65.5515
G01 X39.5072Y65.5478
G01 X39.4850Y65.5467
G01 X39.4628Y65.5478
G01 X39.4389Y65.5515
G01 X39.4200Y65.5563
G01 X39.3966Y65.5648
G01 X39.3814Y65.5720
G01 X39.3601Y65.5845
G01 X39.3406Y65.5991
G01 X39.3259Y65.6126
G01 X39.3125Y65.6273
G01 X39.2979Y65.6468
G01 X39.2890Y65.6614
G01 X39.2781Y65.6832
G01 X39.2712Y65.7017
G01 X39.2635Y65.7326
G01 X39.2611Y65.7495
G01 X39.2600Y65.7717
G01 X39.2600Y78.0961
G01 X39.2617Y78.1230
G01 X39.2648Y78.1422
G01 X39.2696Y78.1611
G01 X39.2791Y78.1867
G01 X39.2866Y78.2022
G01 X39.3069Y78.2401
G01 X39.3812Y78.4852
G01 X39.4063Y78.7400
G01 X39.3812Y78.9948
G01 X39.3069Y79.2399
G01 X39.1861Y79.4657
G01 X39.0237Y79.6637
G01 X38.8257Y79.8261
G01 X38.5999Y79.9469
G01 X38.3548Y80.0212
G01 X38.1639Y80.0400
G01 X38.1114Y80.0400
G01 X38.0943Y80.0407
G01 X38.0365Y80.0463
G01 X37.7817Y80.0212
G01 X37.5366Y79.9469
G01 X37.3108Y79.8261
G01 X37.2277Y79.7580
G01 X37.2099Y79.7448
G01 X37.1953Y79.7359
G01 X37.1735Y79.7251
G01 X37.1500Y79.7165
G01 X37.1311Y79.7117
G01 X37.1022Y79.7077
G01 X37.0850Y79.7069
G01 X37.0678Y79.7077
G01 X37.0363Y79.7123
G01 X37.0200Y79.7165
G01 X36.9966Y79.7251
G01 X36.9814Y79.7322
G01 X36.9641Y79.7422
G01 X36.9406Y79.7594
G01 X36.9259Y79.7728
G01 X36.9125Y79.7876
G01 X36.8953Y79.8111
G01 X36.8853Y79.8283
G01 X36.8781Y79.8435
G01 X36.8696Y79.8669
G01 X36.8648Y79.8859
G01 X36.8611Y79.9097
G01 X36.8600Y79.9319
G01 X36.8600Y84.8350
G01 X36.8607Y84.8522
G01 X36.8654Y84.8837
G01 X36.8696Y84.9000
G01 X36.8791Y84.9256
G01 X36.8853Y84.9386
G01 X36.8979Y84.9599
G01 X36.9124Y84.9794
G01 X36.9259Y84.9941
G01 X36.9406Y85.0076
G01 X36.9560Y85.0193
G01 X36.9833Y85.0356
G01 X36.9966Y85.0419
G01 X37.0200Y85.0504
G01 X37.0389Y85.0552
G01 X37.0581Y85.0583
G01 X37.0850Y85.0600
G01 X39.4980Y85.0600
G01 X39.5550Y85.0712
G01 X39.5720Y85.0736
G01 X39.6248Y85.0788
G01 X39.6757Y85.0942
G01 X39.6923Y85.0985
G01 X39.7492Y85.1100
G01 X39.8029Y85.1321
G01 X39.8191Y85.1377
G01 X39.8699Y85.1531
G01 X39.9167Y85.1782
G01 X39.9322Y85.1856
G01 X39.9858Y85.2080
G01 X40.0341Y85.2401
G01 X40.0489Y85.2488
G01 X40.0957Y85.2739
G01 X40.1368Y85.3076
G01 X40.1505Y85.3179
G01 X40.1987Y85.3502
G01 X40.2398Y85.3912
G01 X40.2526Y85.4026
G01 X40.2937Y85.4363
G01 X40.3274Y85.4774
G01 X40.3388Y85.4902
G01 X40.3798Y85.5313
G01 X40.4121Y85.5795
G01 X40.4224Y85.5932
G01 X40.4561Y85.6343
G01 X40.4812Y85.6811
G01 X40.4899Y85.6959
G01 X40.5220Y85.7442
G01 X40.5444Y85.7978
G01 X40.5518Y85.8133
G01 X40.5769Y85.8601
G01 X40.5923Y85.9109
G01 X40.5979Y85.9271
G01 X40.6200Y85.9808
G01 X40.6315Y86.0377
G01 X40.6358Y86.0543
G01 X40.6512Y86.1052
G01 X40.6564Y86.1580
G01 X40.6588Y86.1750
G01 X40.6700Y86.2320
G01 X40.6701Y86.2900
G01 X40.6711Y86.3071
G01 X40.6763Y86.3600
G01 X40.6711Y86.4129
G01 X40.6701Y86.4300
G01 X40.6700Y86.4880
G01 X40.6588Y86.5450
G01 X40.6564Y86.5620
G01 X40.6512Y86.6148
G01 X40.6358Y86.6657
G01 X40.6315Y86.6823
G01 X40.6200Y86.7392
G01 X40.5979Y86.7929
G01 X40.5923Y86.8091
G01 X40.5769Y86.8599
G01 X40.5518Y86.9067
G01 X40.5444Y86.9222
G01 X40.5220Y86.9758
G01 X40.4899Y87.0241
G01 X40.4812Y87.0389
G01 X40.4561Y87.0857
G01 X40.4224Y87.1268
G01 X40.4121Y87.1405
G01 X40.3798Y87.1887
G01 X40.3388Y87.2298
G01 X40.3274Y87.2426
G01 X40.2937Y87.2837
G01 X40.2526Y87.3174
G01 X40.2398Y87.3288
G01 X40.1987Y87.3698
G01 X40.1505Y87.4021
G01 X40.1368Y87.4124
G01 X40.0957Y87.4461
G01 X40.0489Y87.4712
G01 X40.0341Y87.4799
G01 X39.9858Y87.5120
G01 X39.9322Y87.5344
G01 X39.9167Y87.5418
G01 X39.8699Y87.5669
G01 X39.8191Y87.5823
G01 X39.8029Y87.5879
G01 X39.7492Y87.6100
G01 X39.6923Y87.6215
G01 X39.6757Y87.6258
G01 X39.6248Y87.6412
G01 X39.5720Y87.6464
G01 X39.5550Y87.6488
G01 X39.4980Y87.6600
G01 X35.6349Y87.6600
G01 X35.6129Y87.6611
G01 X35.5600Y87.6663
G01 X35.3052Y87.6412
G01 X35.0601Y87.5669
G01 X34.8343Y87.4461
G01 X34.6363Y87.2837
G01 X34.4739Y87.0857
G01 X34.3531Y86.8599
G01 X34.2788Y86.6148
G01 X34.2537Y86.3600
G01 X34.2589Y86.3071
G01 X34.2600Y86.2851
G01 X34.2600Y82.7808
G01 X34.2593Y82.7636
G01 X34.2565Y82.7417
G01 X34.2516Y82.7202
G01 X34.2409Y82.6902
G01 X34.2347Y82.6771
G01 X34.2221Y82.6559
G01 X34.2076Y82.6364
G01 X34.1941Y82.6217
G01 X34.1794Y82.6082
G01 X34.1599Y82.5937
G01 X34.1386Y82.5811
G01 X34.1256Y82.5749
G01 X34.1000Y82.5654
G01 X34.0837Y82.5612
G01 X34.0522Y82.5565
G01 X34.0350Y82.5558
G01 X34.0178Y82.5565
G01 X33.9959Y82.5593
G01 X33.9700Y82.5654
G01 X33.9535Y82.5712
G01 X33.9314Y82.5811
G01 X33.9101Y82.5937
G01 X33.8906Y82.6082
G01 X33.8795Y82.6183
G01 X31.2065Y85.2911
G01 X31.1801Y85.3041
G01 X31.0793Y85.3651
G01 X30.9871Y85.4338
G01 X30.9015Y85.5115
G01 X30.8238Y85.5971
G01 X30.7551Y85.6893
G01 X30.6941Y85.7901
G01 X30.6811Y85.8165
G01 X29.2713Y87.2263
G01 X29.2565Y87.2426
G01 X29.2228Y87.2837
G01 X29.0249Y87.4461
G01 X28.7990Y87.5669
G01 X28.5540Y87.6412
G01 X28.2991Y87.6663
G01 X28.2463Y87.6611
G01 X28.2242Y87.6600
G01 X28.0149Y87.6600
G01 X27.9929Y87.6611
G01 X27.9400Y87.6663
G01 X27.8871Y87.6611
G01 X27.8700Y87.6601
G01 X27.8120Y87.6600
G01 X27.7550Y87.6488
G01 X27.7380Y87.6464
G01 X27.6852Y87.6412
G01 X27.6343Y87.6258
G01 X27.6177Y87.6215
G01 X27.5608Y87.6100
G01 X27.5071Y87.5879
G01 X27.4909Y87.5823
G01 X27.4401Y87.5669
G01 X27.3933Y87.5418
G01 X27.3778Y87.5344
G01 X27.3242Y87.5120
G01 X27.2759Y87.4799
G01 X27.2611Y87.4712
G01 X27.2143Y87.4461
G01 X27.1732Y87.4124
G01 X27.1595Y87.4021
G01 X27.1113Y87.3698
G01 X27.0702Y87.3288
G01 X27.0574Y87.3174
G01 X27.0163Y87.2837
G01 X26.9826Y87.2426
G01 X26.9712Y87.2298
G01 X26.9302Y87.1887
G01 X26.8979Y87.1405
G01 X26.8876Y87.1268
G01 X26.8539Y87.0857
G01 X26.8288Y87.0389
G01 X26.8201Y87.0241
G01 X26.7880Y86.9758
G01 X26.7656Y86.9222
G01 X26.7582Y86.9067
G01 X26.7331Y86.8599
G01 X26.7177Y86.8091
G01 X26.7121Y86.7929
G01 X26.6900Y86.7392
G01 X26.6785Y86.6823
G01 X26.6742Y86.6657
G01 X26.6588Y86.6148
G01 X26.6536Y86.5620
G01 X26.6512Y86.5450
G01 X26.6400Y86.4880
G01 X26.6399Y86.4300
G01 X26.6389Y86.4129
G01 X26.6337Y86.3600
G01 X26.6392Y86.3022
G00 Z3.0000
G00 X22.8404Y86.5401
G01 Z-0.2000
G01 X22.8300Y86.4880
G01 X22.8300Y78.8149
G01 X22.8289Y78.7929
G01 X22.8237Y78.7400
G01 X22.8488Y78.4852
G01 X22.9231Y78.2401
G01 X23.0439Y78.0143
G01 X23.2063Y77.8163
G01 X23.4043Y77.6539
G01 X23.6301Y77.5331
G01 X23.8752Y77.4588
G01 X24.1300Y77.4337
G01 X24.3848Y77.4588
G01 X24.6299Y77.5331
G01 X24.8557Y77.6539
G01 X25.0537Y77.8163
G01 X25.2161Y78.0143
G01 X25.3369Y78.2401
G01 X25.4112Y78.4852
G01 X25.4363Y78.7400
G01 X25.4311Y78.7929
G01 X25.4300Y78.8149
G01 X25.4300Y86.4880
G01 X25.4188Y86.5450
G01 X25.4164Y86.5620
G01 X25.4112Y86.6148
G01 X25.3958Y86.6657
G01 X25.3915Y86.6823
G01 X25.3800Y86.7392
G01 X25.3579Y86.7929
G01 X25.3523Y86.8091
G01 X25.3369Y86.8599
G01 X25.3118Y86.9067
G01 X25.3044Y86.9222
G01 X25.2820Y86.9758
G01 X25.2499Y87.0241
G01 X25.2412Y87.0389
G01 X25.2161Y87.0857
G01 X25.1824Y87.1268
G01 X25.1721Y87.1405
G01 X25.1398Y87.1887
G01 X25.0988Y87.2298
G01 X25.0874Y87.2426
G01 X25.0537Y87.2837
G01 X25.0126Y87.3174
G01 X24.9998Y87.3288
G01 X24.9587Y87.3698
G01 X24.9105Y87.4021
G01 X24.8968Y87.4124
G01 X24.8557Y87.4461
G01 X24.8089Y87.4712
G01 X24.7941Y87.4799
G01 X24.7458Y87.5120
G01 X24.6922Y87.5344
G01 X24.6767Y87.5418
G01 X24.6299Y87.5669
G01 X24.5791Y87.5823
G01 X24.5629Y87.5879
G01 X24.5092Y87.6100
G01 X24.4523Y87.6215
G01 X24.4357Y87.6258
G01 X24.3848Y87.6412
G01 X24.3320Y87.6464
G01 X24.3150Y87.6488
G01 X24.2580Y87.6600
G01 X24.2000Y87.6601
G01 X24.1829Y87.6611
G01 X24.1300Y87.6663
G01 X24.0771Y87.6611
G01 X24.0600Y87.6601
G01 X24.0020Y87.6600
G01 X23.9450Y87.6488
G01 X23.9280Y87.6464
G01 X23.8752Y87.6412
G01 X23.8243Y87.6258
G01 X23.8077Y87.6215
G01 X23.7508Y87.6100
G01 X23.6971Y87.5879
G01 X23.6809Y87.5823
G01 X23.6301Y87.5669
G01 X23.5833Y87.5418
G01 X23.5678Y87.5344
G01 X23.5142Y87.5120
G01 X23.4659Y87.4799
G01 X23.4511Y87.4712
G01 X23.4043Y87.4461
G01 X23.3632Y87.4124
G01 X23.3495Y87.4021
G01 X23.3013Y87.3698
G01 X23.2602Y87.3288
G01 X23.2474Y87.3174
G01 X23.2063Y87.2837
G01 X23.1726Y87.2426
G01 X23.1612Y87.2298
G01 X23.1202Y87.1887
G01 X23.0879Y87.1405
G01 X23.0776Y87.1268
G01 X23.0439Y87.0857
G01 X23.0188Y87.0389
G01 X23.0101Y87.0241
G01 X22.9780Y86.9758
G01 X22.9556Y86.9222
G01 X22.9482Y86.9067
G01 X22.9231Y86.8599
G01 X22.9077Y86.8091
G01 X22.9021Y86.7929
G01 X22.8800Y86.7392
G01 X22.8685Y86.6823
G01 X22.8642Y86.6657
G01 X22.8488Y86.6148
G01 X22.8436Y86.5620
G01 X22.8404Y86.5401
G00 Z3.0000
G00 X11.6940Y80.8892
G01 Z-0.2000
G01 X11.6629Y80.8898
G01 X11.6313Y80.8935
G01 X11.6001Y80.9003
G01 X11.5698Y80.9101
G01 X11.5559Y80.9157
G01 X11.5366Y80.9248
G01 X11.5127Y80.9385
G01 X11.4866Y80.9567
G01 X11.4755Y80.9655
G01 X11.4600Y80.9795
G01 X11.4600Y80.5125
G01 X11.5030Y80.6033
G01 X11.5104Y80.6167
G01 X11.5861Y80.7430
G01 X11.5970Y80.7593
G01 X11.6846Y80.8775
G01 X11.6940Y80.8892
G00 Z3.0000
G00 X5.6100Y80.1873
G01 Z-0.2000
G01 X5.5408Y80.5350
G01 X5.4051Y80.8626
G01 X5.2082Y81.1574
G01 X4.9574Y81.4082
G01 X4.6626Y81.6051
G01 X4.3350Y81.7408
G01 X3.9873Y81.8100
G01 X3.6327Y81.8100
G01 X3.2850Y81.7408
G01 X2.9574Y81.6051
G01 X2.6626Y81.4082
G01 X2.4118Y81.1574
G01 X2.2149Y80.8626
G01 X2.0792Y80.5350
G01 X2.0100Y80.1873
G01 X2.0100Y79.8327
G01 X2.0792Y79.4850
G01 X2.2149Y79.1574
G01 X2.4118Y78.8626
G01 X2.6626Y78.6118
G01 X2.9574Y78.4149
G01 X3.2850Y78.2792
G01 X3.6327Y78.2100
G01 X3.9873Y78.2100
G01 X4.3350Y78.2792
G01 X4.6626Y78.4149
G01 X4.9574Y78.6118
G01 X5.2082Y78.8626
G01 X5.4051Y79.1574
G01 X5.5408Y79.4850
G01 X5.6100Y79.8327
G01 X5.6100Y80.1873
G00 Z3.0000
G00 X5.5100Y80.1774
G01 Z-0.2000
G01 X5.4447Y80.5059
G01 X5.3165Y80.8153
G01 X5.1305Y81.0937
G01 X4.8937Y81.3305
G01 X4.6153Y81.5165
G01 X4.3059Y81.6447
G01 X3.9774Y81.7100
G01 X3.6426Y81.7100
G01 X3.3141Y81.6447
G01 X3.0047Y81.5165
G01 X2.7263Y81.3305
G01 X2.4895Y81.0937
G01 X2.3035Y80.8153
G01 X2.1753Y80.5059
G01 X2.1100Y80.1774
G01 X2.1100Y79.8426
G01 X2.1753Y79.5141
G01 X2.3035Y79.2047
G01 X2.4895Y78.9263
G01 X2.7263Y78.6895
G01 X3.0047Y78.5035
G01 X3.3141Y78.3753
G01 X3.6426Y78.3100
G01 X3.9774Y78.3100
G01 X4.3059Y78.3753
G01 X4.6153Y78.5035
G01 X4.8937Y78.6895
G01 X5.1305Y78.9263
G01 X5.3165Y79.2047
G01 X5.4447Y79.5141
G01 X5.5100Y79.8426
G01 X5.5100Y80.1774
G00 Z3.0000
G00 X5.4100Y80.1676
G01 Z-0.2000
G01 X5.3485Y80.4767
G01 X5.2279Y80.7679
G01 X5.0528Y81.0299
G01 X4.8299Y81.2528
G01 X4.5679Y81.4279
G01 X4.2767Y81.5485
G01 X3.9676Y81.6100
G01 X3.6524Y81.6100
G01 X3.3433Y81.5485
G01 X3.0521Y81.4279
G01 X2.7901Y81.2528
G01 X2.5672Y81.0299
G01 X2.3921Y80.7679
G01 X2.2715Y80.4767
G01 X2.2100Y80.1676
G01 X2.2100Y79.8524
G01 X2.2715Y79.5433
G01 X2.3921Y79.2521
G01 X2.5672Y78.9901
G01 X2.7901Y78.7672
G01 X3.0521Y78.5921
G01 X3.3433Y78.4715
G01 X3.6524Y78.4100
G01 X3.9676Y78.4100
G01 X4.2767Y78.4715
G01 X4.5679Y78.5921
G01 X4.8299Y78.7672
G01 X5.0528Y78.9901
G01 X5.2279Y79.2521
G01 X5.3485Y79.5433
G01 X5.4100Y79.8524
G01 X5.4100Y80.1676
G00 Z3.0000
G00 X8.8704Y86.5401
G01 Z-0.2000
G01 X8.8600Y86.4880
G01 X8.8600Y22.7320
G01 X8.8712Y22.6750
G01 X8.8736Y22.6580
G01 X8.8788Y22.6052
G01 X8.8942Y22.5543
G01 X8.8985Y22.5377
G01 X8.9100Y22.4808
G01 X8.9321Y22.4271
G01 X8.9377Y22.4109
G01 X8.9531Y22.3601
G01 X8.9782Y22.3133
G01 X8.9856Y22.2978
G01 X9.0080Y22.2442
G01 X9.0401Y22.1959
G01 X9.0488Y22.1811
G01 X9.0739Y22.1343
G01 X9.1076Y22.0932
G01 X9.1179Y22.0795
G01 X9.1502Y22.0313
G01 X9.1912Y21.9902
G01 X9.2026Y21.9774
G01 X9.2363Y21.9363
G01 X9.2774Y21.9026
G01 X9.2902Y21.8912
G01 X9.3313Y21.8502
G01 X9.3795Y21.8179
G01 X9.3932Y21.8076
G01 X9.4343Y21.7739
G01 X9.4811Y21.7488
G01 X9.4959Y21.7401
G01 X9.5442Y21.7080
G01 X9.5978Y21.6856
G01 X9.6133Y21.6782
G01 X9.6601Y21.6531
G01 X9.7109Y21.6377
G01 X9.7271Y21.6321
G01 X9.7808Y21.6100
G01 X9.8377Y21.5985
G01 X9.8543Y21.5942
G01 X9.9052Y21.5788
G01 X9.9580Y21.5736
G01 X9.9750Y21.5712
G01 X10.0320Y21.5600
G01 X10.0900Y21.5599
G01 X10.1071Y21.5589
G01 X10.1600Y21.5537
G01 X10.2129Y21.5589
G01 X10.2300Y21.5599
G01 X10.2880Y21.5600
G01 X10.3450Y21.5712
G01 X10.3620Y21.5736
G01 X10.4148Y21.5788
G01 X10.4657Y21.5942
G01 X10.4823Y21.5985
G01 X10.5392Y21.6100
G01 X10.5929Y21.6321
G01 X10.6091Y21.6377
G01 X10.6599Y21.6531
G01 X10.7067Y21.6782
G01 X10.7222Y21.6856
G01 X10.7758Y21.7080
G01 X10.8241Y21.7401
G01 X10.8389Y21.7488
G01 X10.8857Y21.7739
G01 X10.9268Y21.8076
G01 X10.9405Y21.8179
G01 X10.9589Y21.8302
G01 X10.9762Y21.8402
G01 X10.9983Y21.8501
G01 X11.0148Y21.8559
G01 X11.0311Y21.8601
G01 X11.0576Y21.8644
G01 X11.0798Y21.8655
G01 X11.1020Y21.8644
G01 X11.1259Y21.8607
G01 X11.1448Y21.8559
G01 X11.1613Y21.8501
G01 X11.1901Y21.8365
G01 X11.2047Y21.8276
G01 X11.2242Y21.8130
G01 X11.2389Y21.7996
G01 X11.2524Y21.7849
G01 X11.2695Y21.7613
G01 X11.2795Y21.7441
G01 X11.2867Y21.7289
G01 X11.2952Y21.7055
G01 X11.2994Y21.6892
G01 X11.3037Y21.6627
G01 X11.3048Y21.6405
G01 X11.3048Y12.6495
G01 X11.3037Y12.6273
G01 X11.3000Y12.6034
G01 X11.2952Y12.5845
G01 X11.2867Y12.5611
G01 X11.2795Y12.5459
G01 X11.2669Y12.5246
G01 X11.2524Y12.5051
G01 X11.2353Y12.4870
G01 X11.2242Y12.4770
G01 X11.2047Y12.4624
G01 X11.1834Y12.4498
G01 X11.1613Y12.4399
G01 X11.1448Y12.4341
G01 X11.1285Y12.4299
G01 X11.1067Y12.4262
G01 X11.0798Y12.4245
G01 X11.0626Y12.4252
G01 X11.0337Y12.4293
G01 X11.0148Y12.4341
G01 X10.9913Y12.4426
G01 X10.9761Y12.4498
G01 X10.9589Y12.4598
G01 X10.9405Y12.4721
G01 X10.9268Y12.4824
G01 X10.8857Y12.5161
G01 X10.8389Y12.5412
G01 X10.8241Y12.5499
G01 X10.7758Y12.5820
G01 X10.7222Y12.6044
G01 X10.7067Y12.6118
G01 X10.6599Y12.6369
G01 X10.6091Y12.6523
G01 X10.5929Y12.6579
G01 X10.5392Y12.6800
G01 X10.4823Y12.6915
G01 X10.4657Y12.6958
G01 X10.4148Y12.7112
G01 X10.3620Y12.7164
G01 X10.3450Y12.7188
G01 X10.2880Y12.7300
G01 X10.2300Y12.7301
G01 X10.2129Y12.7311
G01 X10.1600Y12.7363
G01 X10.1071Y12.7311
G01 X10.0900Y12.7301
G01 X10.0320Y12.7300
G01 X9.9750Y12.7188
G01 X9.9580Y12.7164
G01 X9.9052Y12.7112
G01 X9.8543Y12.6958
G01 X9.8377Y12.6915
G01 X9.7808Y12.6800
G01 X9.7271Y12.6579
G01 X9.7109Y12.6523
G01 X9.6601Y12.6369
G01 X9.6133Y12.6118
G01 X9.5978Y12.6044
G01 X9.5442Y12.5820
G01 X9.4959Y12.5499
G01 X9.4811Y12.5412
G01 X9.4343Y12.5161
G01 X9.3932Y12.4824
G01 X9.3795Y12.4721
G01 X9.3313Y12.4398
G01 X9.2902Y12.3988
G01 X9.2774Y12.3874
G01 X9.2363Y12.3537
G01 X9.2026Y12.3126
G01 X9.1912Y12.2998
G01 X9.1502Y12.2587
G01 X9.1179Y12.2105
G01 X9.1076Y12.1968
G01 X9.0739Y12.1557
G01 X9.0488Y12.1089
G01 X9.0401Y12.0941
G01 X9.0080Y12.0458
G01 X8.9856Y11.9922
G01 X8.9782Y11.9767
G01 X8.9531Y11.9299
G01 X8.9377Y11.8791
G01 X8.9321Y11.8629
G01 X8.9100Y11.8092
G01 X8.8985Y11.7523
G01 X8.8942Y11.7357
G01 X8.8788Y11.6848
G01 X8.8736Y11.6320
G01 X8.8712Y11.6150
G01 X8.8600Y11.5580
G01 X8.8600Y10.3645
G01 X8.8589Y10.3424
G01 X8.8537Y10.2896
G01 X8.8788Y10.0347
G01 X8.9531Y9.7897
G01 X9.0739Y9.5639
G01 X9.2363Y9.3659
G01 X9.2774Y9.3322
G01 X9.2937Y9.3174
G01 X10.8728Y7.7383
G01 X10.8876Y7.7220
G01 X10.9213Y7.6809
G01 X11.1193Y7.5184
G01 X11.3451Y7.3977
G01 X11.5902Y7.3234
G01 X11.8450Y7.2983
G01 X11.8979Y7.3035
G01 X11.9199Y7.3046
G01 X14.0897Y7.3046
G01 X14.1117Y7.3035
G01 X14.1646Y7.2983
G01 X14.4194Y7.3234
G01 X14.6645Y7.3977
G01 X14.8903Y7.5184
G01 X15.0883Y7.6809
G01 X15.1220Y7.7220
G01 X15.1368Y7.7383
G01 X17.7814Y10.3829
G01 X18.4177Y11.0192
G01 X18.4340Y11.0340
G01 X18.4751Y11.0677
G01 X18.6375Y11.2657
G01 X18.7583Y11.4915
G01 X18.8326Y11.7365
G01 X18.8577Y11.9914
G01 X18.8525Y12.0443
G01 X18.8514Y12.0663
G01 X18.8514Y21.9215
G01 X18.8525Y21.9435
G01 X18.8577Y21.9964
G01 X18.8326Y22.2512
G01 X18.7583Y22.4963
G01 X18.6375Y22.7221
G01 X18.4751Y22.9201
G01 X18.2771Y23.0825
G01 X18.0513Y23.2033
G01 X17.8062Y23.2776
G01 X17.5514Y23.3027
G01 X17.2966Y23.2776
G01 X17.0515Y23.2033
G01 X16.8257Y23.0825
G01 X16.6277Y22.9201
G01 X16.4653Y22.7221
G01 X16.3445Y22.4963
G01 X16.2702Y22.2512
G01 X16.2451Y21.9964
G01 X16.2503Y21.9435
G01 X16.2514Y21.9215
G01 X16.2514Y12.6231
G01 X16.2503Y12.6009
G01 X16.2466Y12.5770
G01 X16.2402Y12.5531
G01 X16.2333Y12.5346
G01 X16.2261Y12.5194
G01 X16.2107Y12.4940
G01 X16.1990Y12.4787
G01 X16.1855Y12.4640
G01 X15.0889Y11.3674
G01 X15.0742Y11.3539
G01 X15.0547Y11.3393
G01 X15.0334Y11.3268
G01 X15.0113Y11.3168
G01 X14.9948Y11.3111
G01 X14.9785Y11.3069
G01 X14.9520Y11.3026
G01 X14.9249Y11.3016
G01 X14.9076Y11.3026
G01 X14.8907Y11.3049
G01 X14.8648Y11.3111
G01 X14.8392Y11.3206
G01 X14.8262Y11.3268
G01 X14.8089Y11.3368
G01 X14.7854Y11.3539
G01 X14.7673Y11.3709
G01 X14.7572Y11.3821
G01 X14.7455Y11.3974
G01 X14.7301Y11.4228
G01 X14.7202Y11.4449
G01 X14.7144Y11.4614
G01 X14.7102Y11.4778
G01 X14.7059Y11.5043
G01 X14.7048Y11.5265
G01 X14.7048Y48.8810
G01 X14.7059Y48.9032
G01 X14.7083Y48.9201
G01 X14.7160Y48.9510
G01 X14.7229Y48.9695
G01 X14.7301Y48.9847
G01 X14.7427Y49.0059
G01 X14.7529Y49.0199
G01 X14.7707Y49.0401
G01 X14.7854Y49.0536
G01 X14.8049Y49.0681
G01 X14.8262Y49.0807
G01 X14.8483Y49.0906
G01 X14.8648Y49.0964
G01 X14.8811Y49.1006
G01 X14.9076Y49.1049
G01 X14.9298Y49.1060
G01 X16.2762Y49.1059
G01 X16.2935Y49.1049
G01 X16.3174Y49.1012
G01 X16.3363Y49.0964
G01 X16.3597Y49.0879
G01 X16.3749Y49.0807
G01 X16.3962Y49.0681
G01 X16.4157Y49.0536
G01 X16.4268Y49.0435
G01 X16.4438Y49.0254
G01 X16.4610Y49.0019
G01 X16.4710Y48.9847
G01 X16.4772Y48.9716
G01 X16.4867Y48.9460
G01 X16.4928Y48.9201
G01 X16.4952Y48.9032
G01 X16.4962Y48.8859
G01 X16.4952Y48.8588
G01 X16.4915Y48.8349
G01 X16.4851Y48.8110
G01 X16.4782Y48.7926
G01 X16.4710Y48.7774
G01 X16.4584Y48.7561
G01 X16.4399Y48.7317
G01 X16.3191Y48.5059
G01 X16.2448Y48.2608
G01 X16.2197Y48.0060
G01 X16.2448Y47.7512
G01 X16.3191Y47.5061
G01 X16.4399Y47.2803
G01 X16.6023Y47.0823
G01 X16.8003Y46.9199
G01 X17.0261Y46.7991
G01 X17.2712Y46.7248
G01 X17.4621Y46.7060
G01 X22.6050Y46.7060
G01 X22.6272Y46.7049
G01 X22.6511Y46.7012
G01 X22.6700Y46.6964
G01 X22.6935Y46.6879
G01 X22.7086Y46.6807
G01 X22.7299Y46.6681
G01 X22.7494Y46.6536
G01 X22.7605Y46.6435
G01 X22.7776Y46.6254
G01 X22.7921Y46.6059
G01 X22.8047Y46.5846
G01 X22.8119Y46.5694
G01 X22.8204Y46.5460
G01 X22.8252Y46.5271
G01 X22.8289Y46.5032
G01 X22.8299Y46.4859
G01 X22.8300Y44.8277
G01 X22.8283Y44.8007
G01 X22.8252Y44.7816
G01 X22.8204Y44.7627
G01 X22.8119Y44.7392
G01 X22.8010Y44.7173
G01 X22.7921Y44.7028
G01 X22.7819Y44.6888
G01 X22.7675Y44.6721
G01 X21.8502Y43.7547
G01 X21.8179Y43.7065
G01 X21.8076Y43.6928
G01 X21.7739Y43.6517
G01 X21.7488Y43.6049
G01 X21.7401Y43.5901
G01 X21.7080Y43.5418
G01 X21.6856Y43.4882
G01 X21.6782Y43.4727
G01 X21.6531Y43.4259
G01 X21.6377Y43.3751
G01 X21.6321Y43.3589
G01 X21.6100Y43.3052
G01 X21.5985Y43.2483
G01 X21.5942Y43.2317
G01 X21.5788Y43.1808
G01 X21.5736Y43.1280
G01 X21.5712Y43.1110
G01 X21.5600Y43.0540
G01 X21.5599Y42.9960
G01 X21.5589Y42.9789
G01 X21.5537Y42.9260
G01 X21.5589Y42.8731
G01 X21.5599Y42.8560
G01 X21.5600Y42.7980
G01 X21.5712Y42.7410
G01 X21.5736Y42.7240
G01 X21.5788Y42.6712
G01 X21.5942Y42.6203
G01 X21.5985Y42.6037
G01 X21.6100Y42.5468
G01 X21.6321Y42.4931
G01 X21.6377Y42.4769
G01 X21.6531Y42.4261
G01 X21.6782Y42.3793
G01 X21.6856Y42.3638
G01 X21.7080Y42.3102
G01 X21.7401Y42.2619
G01 X21.7488Y42.2471
G01 X21.7739Y42.2003
G01 X21.8075Y42.1592
G01 X21.8179Y42.1455
G01 X21.8502Y42.0973
G01 X21.8912Y42.0562
G01 X21.9026Y42.0434
G01 X21.9363Y42.0023
G01 X21.9774Y41.9686
G01 X21.9902Y41.9572
G01 X22.0313Y41.9162
G01 X22.0795Y41.8839
G01 X22.0932Y41.8735
G01 X22.1343Y41.8399
G01 X22.1811Y41.8148
G01 X22.1959Y41.8061
G01 X22.2442Y41.7740
G01 X22.2978Y41.7516
G01 X22.3133Y41.7442
G01 X22.3601Y41.7191
G01 X22.4109Y41.7037
G01 X22.4271Y41.6981
G01 X22.4808Y41.6760
G01 X22.5377Y41.6645
G01 X22.5543Y41.6602
G01 X22.6052Y41.6448
G01 X22.6580Y41.6396
G01 X22.6750Y41.6372
G01 X22.7320Y41.6260
G01 X22.7900Y41.6259
G01 X22.8071Y41.6249
G01 X22.8600Y41.6197
G01 X22.9129Y41.6249
G01 X22.9300Y41.6259
G01 X22.9880Y41.6260
G01 X23.0450Y41.6372
G01 X23.0620Y41.6396
G01 X23.1148Y41.6448
G01 X23.1657Y41.6602
G01 X23.1823Y41.6645
G01 X23.2392Y41.6760
G01 X23.2929Y41.6981
G01 X23.3091Y41.7037
G01 X23.3599Y41.7191
G01 X23.4067Y41.7442
G01 X23.4222Y41.7516
G01 X23.4758Y41.7740
G01 X23.5241Y41.8061
G01 X23.5389Y41.8148
G01 X23.5857Y41.8399
G01 X23.6268Y41.8736
G01 X23.6405Y41.8839
G01 X23.6887Y41.9162
G01 X24.9895Y43.2168
G01 X25.0006Y43.2269
G01 X25.0201Y43.2415
G01 X25.0414Y43.2540
G01 X25.0566Y43.2612
G01 X25.0800Y43.2697
G01 X25.0989Y43.2745
G01 X25.1228Y43.2782
G01 X25.1401Y43.2792
G01 X25.1719Y43.2776
G01 X25.1911Y43.2745
G01 X25.2100Y43.2697
G01 X25.2356Y43.2602
G01 X25.2486Y43.2540
G01 X25.2699Y43.2415
G01 X25.2915Y43.2250
G01 X25.3041Y43.2134
G01 X25.3176Y43.1987
G01 X25.3347Y43.1752
G01 X25.3447Y43.1580
G01 X25.3519Y43.1428
G01 X25.3616Y43.1149
G01 X25.3652Y43.1004
G01 X25.3689Y43.0765
G01 X25.3700Y43.0543
G01 X25.3700Y42.7980
G01 X25.3812Y42.7410
G01 X25.3836Y42.7240
G01 X25.3888Y42.6712
G01 X25.4042Y42.6203
G01 X25.4085Y42.6037
G01 X25.4200Y42.5468
G01 X25.4421Y42.4931
G01 X25.4477Y42.4769
G01 X25.4631Y42.4261
G01 X25.4882Y42.3793
G01 X25.4956Y42.3638
G01 X25.5180Y42.3102
G01 X25.5501Y42.2619
G01 X25.5588Y42.2471
G01 X25.5839Y42.2003
G01 X25.6176Y42.1592
G01 X25.6279Y42.1455
G01 X25.6602Y42.0973
G01 X25.7012Y42.0562
G01 X25.7126Y42.0434
G01 X25.7463Y42.0023
G01 X25.7874Y41.9686
G01 X25.8002Y41.9572
G01 X25.8413Y41.9162
G01 X25.8895Y41.8839
G01 X25.9032Y41.8736
G01 X25.9443Y41.8399
G01 X25.9911Y41.8148
G01 X26.0059Y41.8061
G01 X26.0542Y41.7740
G01 X26.1078Y41.7516
G01 X26.1233Y41.7442
G01 X26.1701Y41.7191
G01 X26.2209Y41.7037
G01 X26.2371Y41.6981
G01 X26.2908Y41.6760
G01 X26.3477Y41.6645
G01 X26.3643Y41.6602
G01 X26.4152Y41.6448
G01 X26.4680Y41.6396
G01 X26.4850Y41.6372
G01 X26.5420Y41.6260
G01 X26.6000Y41.6259
G01 X26.6171Y41.6249
G01 X26.6700Y41.6197
G01 X26.7229Y41.6249
G01 X26.7400Y41.6259
G01 X26.7980Y41.6260
G01 X26.8550Y41.6372
G01 X26.8720Y41.6396
G01 X26.9248Y41.6448
G01 X26.9757Y41.6602
G01 X26.9923Y41.6645
G01 X27.0492Y41.6760
G01 X27.1029Y41.6981
G01 X27.1191Y41.7037
G01 X27.1699Y41.7191
G01 X27.2167Y41.7442
G01 X27.2322Y41.7516
G01 X27.2858Y41.7740
G01 X27.3341Y41.8061
G01 X27.3489Y41.8148
G01 X27.3957Y41.8399
G01 X27.4368Y41.8736
G01 X27.4505Y41.8839
G01 X27.4987Y41.9162
G01 X27.5398Y41.9572
G01 X27.5526Y41.9686
G01 X27.5937Y42.0023
G01 X27.6274Y42.0434
G01 X27.6388Y42.0562
G01 X27.6798Y42.0973
G01 X27.7093Y42.1415
G01 X27.7224Y42.1592
G01 X27.7693Y42.2161
G01 X27.7809Y42.2287
G01 X27.7935Y42.2404
G01 X27.8191Y42.2593
G01 X27.8364Y42.2693
G01 X27.8516Y42.2765
G01 X27.8750Y42.2850
G01 X27.8913Y42.2892
G01 X27.9228Y42.2939
G01 X27.9400Y42.2946
G01 X27.9622Y42.2935
G01 X27.9861Y42.2898
G01 X28.0050Y42.2850
G01 X28.0285Y42.2765
G01 X28.0436Y42.2693
G01 X28.0649Y42.2568
G01 X28.0844Y42.2422
G01 X28.0991Y42.2287
G01 X28.1107Y42.2161
G01 X28.1576Y42.1592
G01 X28.1707Y42.1415
G01 X28.2002Y42.0973
G01 X28.2412Y42.0562
G01 X28.2526Y42.0434
G01 X28.2863Y42.0023
G01 X28.3274Y41.9686
G01 X28.3402Y41.9572
G01 X28.3813Y41.9162
G01 X28.4295Y41.8839
G01 X28.4432Y41.8736
G01 X28.4843Y41.8399
G01 X28.5311Y41.8148
G01 X28.5459Y41.8061
G01 X28.5942Y41.7740
G01 X28.6478Y41.7516
G01 X28.6633Y41.7442
G01 X28.7101Y41.7191
G01 X28.7609Y41.7037
G01 X28.7771Y41.6981
G01 X28.8308Y41.6760
G01 X28.8877Y41.6645
G01 X28.9043Y41.6602
G01 X28.9552Y41.6448
G01 X29.0080Y41.6396
G01 X29.0250Y41.6372
G01 X29.0820Y41.6260
G01 X29.1400Y41.6259
G01 X29.1571Y41.6249
G01 X29.2100Y41.6197
G01 X29.2629Y41.6249
G01 X29.2800Y41.6259
G01 X29.3380Y41.6260
G01 X29.3950Y41.6372
G01 X29.4120Y41.6396
G01 X29.4648Y41.6448
G01 X29.5157Y41.6602
G01 X29.5323Y41.6645
G01 X29.5892Y41.6760
G01 X29.6429Y41.6981
G01 X29.6591Y41.7037
G01 X29.7099Y41.7191
G01 X29.7567Y41.7442
G01 X29.7722Y41.7516
G01 X29.8258Y41.7740
G01 X29.8741Y41.8061
G01 X29.8889Y41.8148
G01 X29.9357Y41.8399
G01 X29.9768Y41.8736
G01 X29.9905Y41.8839
G01 X30.0387Y41.9162
G01 X30.0798Y41.9572
G01 X30.0926Y41.9686
G01 X30.1337Y42.0023
G01 X30.1674Y42.0434
G01 X30.1788Y42.0562
G01 X30.2198Y42.0973
G01 X30.2521Y42.1455
G01 X30.2624Y42.1592
G01 X30.2961Y42.2003
G01 X30.3212Y42.2471
G01 X30.3299Y42.2619
G01 X30.3620Y42.3102
G01 X30.3844Y42.3638
G01 X30.3918Y42.3793
G01 X30.4169Y42.4261
G01 X30.4323Y42.4769
G01 X30.4379Y42.4931
G01 X30.4600Y42.5468
G01 X30.4715Y42.6037
G01 X30.4758Y42.6203
G01 X30.4912Y42.6712
G01 X30.4964Y42.7240
G01 X30.4988Y42.7410
G01 X30.5100Y42.7980
G01 X30.5101Y47.7234
G01 X30.5111Y47.7407
G01 X30.5148Y47.7645
G01 X30.5196Y47.7835
G01 X30.5281Y47.8069
G01 X30.5353Y47.8221
G01 X30.5479Y47.8434
G01 X30.5624Y47.8628
G01 X30.5725Y47.8740
G01 X30.5961Y47.8954
G01 X30.6101Y47.9056
G01 X30.6314Y47.9181
G01 X30.6466Y47.9253
G01 X30.6700Y47.9339
G01 X30.6889Y47.9387
G01 X30.7128Y47.9424
G01 X30.7350Y47.9435
G01 X30.7572Y47.9424
G01 X30.7811Y47.9387
G01 X30.8000Y47.9339
G01 X30.8234Y47.9253
G01 X30.8386Y47.9181
G01 X30.8599Y47.9056
G01 X30.8794Y47.8910
G01 X30.8941Y47.8776
G01 X31.6319Y47.1397
G01 X31.6467Y47.1234
G01 X31.6804Y47.0823
G01 X31.8784Y46.9199
G01 X32.1042Y46.7991
G01 X32.3493Y46.7248
G01 X32.6041Y46.6997
G01 X32.6570Y46.7049
G01 X32.6790Y46.7060
G01 X34.0350Y46.7060
G01 X34.0572Y46.7049
G01 X34.0811Y46.7012
G01 X34.1000Y46.6964
G01 X34.1235Y46.6879
G01 X34.1453Y46.6770
G01 X34.1599Y46.6681
G01 X34.1815Y46.6517
G01 X34.1941Y46.6401
G01 X34.2057Y46.6275
G01 X34.2193Y46.6100
G01 X34.2347Y46.5846
G01 X34.2419Y46.5694
G01 X34.2504Y46.5460
G01 X34.2552Y46.5271
G01 X34.2583Y46.5079
G01 X34.2600Y46.4810
G01 X34.2600Y42.7980
G01 X34.2712Y42.7410
G01 X34.2736Y42.7240
G01 X34.2788Y42.6712
G01 X34.2942Y42.6203
G01 X34.2985Y42.6037
G01 X34.3100Y42.5468
G01 X34.3321Y42.4931
G01 X34.3377Y42.4769
G01 X34.3531Y42.4261
G01 X34.3782Y42.3793
G01 X34.3856Y42.3638
G01 X34.4080Y42.3102
G01 X34.4401Y42.2619
G01 X34.4488Y42.2471
G01 X34.4739Y42.2003
G01 X34.5076Y42.1592
G01 X34.5179Y42.1455
G01 X34.5502Y42.0973
G01 X34.5912Y42.0562
G01 X34.6026Y42.0434
G01 X34.6363Y42.0023
G01 X34.6774Y41.9686
G01 X34.6902Y41.9572
G01 X34.7313Y41.9162
G01 X34.7795Y41.8839
G01 X34.7932Y41.8736
G01 X34.8343Y41.8399
G01 X34.8811Y41.8148
G01 X34.8959Y41.8061
G01 X34.9442Y41.7740
G01 X34.9978Y41.7516
G01 X35.0133Y41.7442
G01 X35.0601Y41.7191
G01 X35.1109Y41.7037
G01 X35.1271Y41.6981
G01 X35.1808Y41.6760
G01 X35.2377Y41.6645
G01 X35.2543Y41.6602
G01 X35.3052Y41.6448
G01 X35.3580Y41.6396
G01 X35.3750Y41.6372
G01 X35.4320Y41.6260
G01 X35.4900Y41.6259
G01 X35.5071Y41.6249
G01 X35.5600Y41.6197
G01 X35.6129Y41.6249
G01 X35.6300Y41.6259
G01 X35.6880Y41.6260
G01 X35.7450Y41.6372
G01 X35.7620Y41.6396
G01 X35.8148Y41.6448
G01 X35.8657Y41.6602
G01 X35.8823Y41.6645
G01 X35.9392Y41.6760
G01 X35.9929Y41.6981
G01 X36.0091Y41.7037
G01 X36.0599Y41.7191
G01 X36.1067Y41.7442
G01 X36.1222Y41.7516
G01 X36.1758Y41.7740
G01 X36.2241Y41.8061
G01 X36.2389Y41.8148
G01 X36.2857Y41.8399
G01 X36.3268Y41.8736
G01 X36.3405Y41.8839
G01 X36.3887Y41.9162
G01 X36.4298Y41.9572
G01 X36.4426Y41.9686
G01 X36.4837Y42.0023
G01 X36.5174Y42.0434
G01 X36.5288Y42.0562
G01 X36.5698Y42.0973
G01 X36.6021Y42.1455
G01 X36.6124Y42.1592
G01 X36.6461Y42.2003
G01 X36.6712Y42.2471
G01 X36.6799Y42.2619
G01 X36.7120Y42.3102
G01 X36.7344Y42.3638
G01 X36.7418Y42.3793
G01 X36.7669Y42.4261
G01 X36.7823Y42.4769
G01 X36.7879Y42.4931
G01 X36.8100Y42.5468
G01 X36.8215Y42.6037
G01 X36.8258Y42.6203
G01 X36.8412Y42.6712
G01 X36.8464Y42.7240
G01 X36.8488Y42.7410
G01 X36.8600Y42.7980
G01 X36.8600Y43.0543
G01 X36.8611Y43.0765
G01 X36.8648Y43.1004
G01 X36.8696Y43.1193
G01 X36.8781Y43.1428
G01 X36.8853Y43.1580
G01 X36.9007Y43.1833
G01 X36.9124Y43.1987
G01 X36.9225Y43.2099
G01 X36.9406Y43.2269
G01 X36.9641Y43.2440
G01 X36.9814Y43.2540
G01 X36.9944Y43.2602
G01 X37.0200Y43.2697
G01 X37.0389Y43.2745
G01 X37.0581Y43.2776
G01 X37.0850Y43.2793
G01 X37.1072Y43.2782
G01 X37.1311Y43.2745
G01 X37.1500Y43.2697
G01 X37.1735Y43.2612
G01 X37.1886Y43.2540
G01 X37.2099Y43.2415
G01 X37.2294Y43.2269
G01 X37.2405Y43.2168
G01 X38.5413Y41.9162
G01 X38.5895Y41.8839
G01 X38.6032Y41.8735
G01 X38.6443Y41.8399
G01 X38.6911Y41.8148
G01 X38.7059Y41.8061
G01 X38.7542Y41.7740
G01 X38.8078Y41.7516
G01 X38.8233Y41.7442
G01 X38.8701Y41.7191
G01 X38.9209Y41.7037
G01 X38.9371Y41.6981
G01 X38.9908Y41.6760
G01 X39.0477Y41.6645
G01 X39.0643Y41.6602
G01 X39.1152Y41.6448
G01 X39.1680Y41.6396
G01 X39.1850Y41.6372
G01 X39.2420Y41.6260
G01 X39.3000Y41.6259
G01 X39.3171Y41.6249
G01 X39.3700Y41.6197
G01 X39.4229Y41.6249
G01 X39.4400Y41.6259
G01 X39.4980Y41.6260
G01 X39.5550Y41.6372
G01 X39.5720Y41.6396
G01 X39.6248Y41.6448
G01 X39.6757Y41.6602
G01 X39.6923Y41.6645
G01 X39.7492Y41.6760
G01 X39.8029Y41.6981
G01 X39.8191Y41.7037
G01 X39.8699Y41.7191
G01 X39.9167Y41.7442
G01 X39.9322Y41.7516
G01 X39.9858Y41.7740
G01 X40.0341Y41.8061
G01 X40.0489Y41.8148
G01 X40.0957Y41.8399
G01 X40.1368Y41.8735
G01 X40.1505Y41.8839
G01 X40.1987Y41.9162
G01 X40.2398Y41.9572
G01 X40.2526Y41.9686
G01 X40.2937Y42.0023
G01 X40.3274Y42.0434
G01 X40.3388Y42.0562
G01 X40.3798Y42.0973
G01 X40.4093Y42.1415
G01 X40.4194Y42.1553
G01 X40.4661Y42.2124
G01 X40.4809Y42.2287
G01 X40.5011Y42.2466
G01 X40.5151Y42.2568
G01 X40.5364Y42.2693
G01 X40.5515Y42.2765
G01 X40.5700Y42.2834
G01 X40.6009Y42.2911
G01 X40.6178Y42.2935
G01 X40.6400Y42.2946
G01 X40.6622Y42.2935
G01 X40.6791Y42.2911
G01 X40.7100Y42.2834
G01 X40.7285Y42.2765
G01 X40.7436Y42.2693
G01 X40.7649Y42.2568
G01 X40.7789Y42.2466
G01 X40.7991Y42.2287
G01 X40.8139Y42.2124
G01 X40.8606Y42.1553
G01 X40.8707Y42.1415
G01 X40.9002Y42.0973
G01 X40.9412Y42.0562
G01 X40.9526Y42.0434
G01 X40.9863Y42.0023
G01 X41.0274Y41.9686
G01 X41.0402Y41.9572
G01 X41.0813Y41.9162
G01 X41.1295Y41.8839
G01 X41.1432Y41.8736
G01 X41.1843Y41.8399
G01 X41.2311Y41.8148
G01 X41.2459Y41.8061
G01 X41.2942Y41.7740
G01 X41.3478Y41.7516
G01 X41.3633Y41.7442
G01 X41.4101Y41.7191
G01 X41.4609Y41.7037
G01 X41.4771Y41.6981
G01 X41.5308Y41.6760
G01 X41.5877Y41.6645
G01 X41.6043Y41.6602
G01 X41.6552Y41.6448
G01 X41.7080Y41.6396
G01 X41.7250Y41.6372
G01 X41.7820Y41.6260
G01 X41.8400Y41.6259
G01 X41.8571Y41.6249
G01 X41.9100Y41.6197
G01 X41.9629Y41.6249
G01 X41.9800Y41.6259
G01 X42.0380Y41.6260
G01 X42.0950Y41.6372
G01 X42.1120Y41.6396
G01 X42.1648Y41.6448
G01 X42.2157Y41.6602
G01 X42.2323Y41.6645
G01 X42.2892Y41.6760
G01 X42.3429Y41.6981
G01 X42.3591Y41.7037
G01 X42.4099Y41.7191
G01 X42.4567Y41.7442
G01 X42.4722Y41.7516
G01 X42.5258Y41.7740
G01 X42.5741Y41.8061
G01 X42.5889Y41.8148
G01 X42.6357Y41.8399
G01 X42.6768Y41.8736
G01 X42.6905Y41.8839
G01 X42.7387Y41.9162
G01 X42.7798Y41.9572
G01 X42.7926Y41.9686
G01 X42.8337Y42.0023
G01 X42.8674Y42.0434
G01 X42.8788Y42.0562
G01 X42.9198Y42.0973
G01 X42.9521Y42.1455
G01 X42.9624Y42.1592
G01 X42.9961Y42.2003
G01 X43.0212Y42.2471
G01 X43.0299Y42.2619
G01 X43.0620Y42.3102
G01 X43.0844Y42.3638
G01 X43.0918Y42.3793
G01 X43.1169Y42.4261
G01 X43.1323Y42.4769
G01 X43.1379Y42.4931
G01 X43.1600Y42.5468
G01 X43.1715Y42.6037
G01 X43.1758Y42.6203
G01 X43.1912Y42.6712
G01 X43.1964Y42.7240
G01 X43.1988Y42.7410
G01 X43.2100Y42.7980
G01 X43.2100Y43.8631
G01 X43.2111Y43.8851
G01 X43.2163Y43.9380
G01 X43.1912Y44.1928
G01 X43.1169Y44.4379
G01 X42.9961Y44.6637
G01 X42.8337Y44.8617
G01 X42.7926Y44.8954
G01 X42.7763Y44.9102
G01 X42.0059Y45.6806
G01 X41.9924Y45.6953
G01 X41.9779Y45.7148
G01 X41.9653Y45.7360
G01 X41.9554Y45.7582
G01 X41.9496Y45.7747
G01 X41.9448Y45.7936
G01 X41.9411Y45.8175
G01 X41.9400Y45.8397
G01 X41.9400Y48.1340
G01 X41.9288Y48.1910
G01 X41.9264Y48.2080
G01 X41.9212Y48.2608
G01 X41.9058Y48.3117
G01 X41.9015Y48.3283
G01 X41.8900Y48.3852
G01 X41.8679Y48.4389
G01 X41.8623Y48.4551
G01 X41.8469Y48.5059
G01 X41.8218Y48.5527
G01 X41.8144Y48.5682
G01 X41.7920Y48.6218
G01 X41.7599Y48.6701
G01 X41.7512Y48.6849
G01 X41.7261Y48.7317
G01 X41.6924Y48.7728
G01 X41.6821Y48.7865
G01 X41.6498Y48.8347
G01 X41.6088Y48.8758
G01 X41.5974Y48.8886
G01 X41.5637Y48.9297
G01 X41.5226Y48.9634
G01 X41.5098Y48.9748
G01 X41.4687Y49.0158
G01 X41.4205Y49.0481
G01 X41.4068Y49.0584
G01 X41.3657Y49.0921
G01 X41.3189Y49.1172
G01 X41.3041Y49.1259
G01 X41.2558Y49.1580
G01 X41.2022Y49.1804
G01 X41.1867Y49.1878
G01 X41.1399Y49.2129
G01 X41.0891Y49.2283
G01 X41.0729Y49.2339
G01 X41.0192Y49.2560
G01 X40.9623Y49.2675
G01 X40.9457Y49.2718
G01 X40.8948Y49.2872
G01 X40.8420Y49.2924
G01 X40.8250Y49.2948
G01 X40.7680Y49.3060
G01 X40.7100Y49.3061
G01 X40.6929Y49.3071
G01 X40.6400Y49.3123
G01 X40.5871Y49.3071
G01 X40.5700Y49.3061
G01 X40.5120Y49.3060
G01 X40.4550Y49.2948
G01 X40.4380Y49.2924
G01 X40.3852Y49.2872
G01 X40.3343Y49.2718
G01 X40.3177Y49.2675
G01 X40.2608Y49.2560
G01 X40.2071Y49.2339
G01 X40.1909Y49.2283
G01 X40.1401Y49.2129
G01 X40.0933Y49.1878
G01 X40.0778Y49.1804
G01 X40.0242Y49.1580
G01 X39.9759Y49.1259
G01 X39.9611Y49.1172
G01 X39.9143Y49.0921
G01 X39.8732Y49.0584
G01 X39.8595Y49.0481
G01 X39.8113Y49.0158
G01 X39.7702Y48.9748
G01 X39.7574Y48.9634
G01 X39.7163Y48.9297
G01 X39.6826Y48.8886
G01 X39.6712Y48.8758
G01 X39.6302Y48.8347
G01 X39.5979Y48.7865
G01 X39.5876Y48.7728
G01 X39.5539Y48.7317
G01 X39.5288Y48.6849
G01 X39.5201Y48.6701
G01 X39.4880Y48.6218
G01 X39.4656Y48.5682
G01 X39.4582Y48.5527
G01 X39.4331Y48.5059
G01 X39.4177Y48.4551
G01 X39.4121Y48.4389
G01 X39.3900Y48.3852
G01 X39.3785Y48.3283
G01 X39.3742Y48.3117
G01 X39.3588Y48.2608
G01 X39.3536Y48.2080
G01 X39.3512Y48.1910
G01 X39.3400Y48.1340
G01 X39.3400Y46.6058
G01 X39.3393Y46.5887
G01 X39.3352Y46.5597
G01 X39.3304Y46.5408
G01 X39.3219Y46.5174
G01 X39.3110Y46.4955
G01 X39.2993Y46.4768
G01 X39.2876Y46.4614
G01 X39.2775Y46.4503
G01 X39.2594Y46.4333
G01 X39.2399Y46.4187
G01 X39.2186Y46.4061
G01 X39.1965Y46.3962
G01 X39.1800Y46.3904
G01 X39.1541Y46.3843
G01 X39.1322Y46.3815
G01 X39.1150Y46.3808
G01 X39.0978Y46.3815
G01 X39.0689Y46.3856
G01 X39.0500Y46.3904
G01 X39.0266Y46.3990
G01 X39.0114Y46.4061
G01 X38.9860Y46.4216
G01 X38.9723Y46.4319
G01 X38.8257Y46.5521
G01 X38.5999Y46.6729
G01 X38.3548Y46.7472
G01 X38.1000Y46.7723
G01 X37.8452Y46.7472
G01 X37.6001Y46.6729
G01 X37.3743Y46.5521
G01 X37.2277Y46.4319
G01 X37.2099Y46.4187
G01 X37.1886Y46.4061
G01 X37.1734Y46.3989
G01 X37.1500Y46.3904
G01 X37.1311Y46.3856
G01 X37.1072Y46.3819
G01 X37.0850Y46.3808
G01 X37.0628Y46.3819
G01 X37.0389Y46.3856
G01 X37.0200Y46.3904
G01 X36.9944Y46.3999
G01 X36.9814Y46.4061
G01 X36.9601Y46.4187
G01 X36.9385Y46.4351
G01 X36.9259Y46.4467
G01 X36.9124Y46.4614
G01 X36.8953Y46.4850
G01 X36.8853Y46.5022
G01 X36.8781Y46.5174
G01 X36.8684Y46.5452
G01 X36.8648Y46.5597
G01 X36.8611Y46.5836
G01 X36.8600Y46.6058
G01 X36.8600Y47.9311
G01 X36.8611Y47.9531
G01 X36.8663Y48.0060
G01 X36.8412Y48.2608
G01 X36.7669Y48.5059
G01 X36.6461Y48.7317
G01 X36.4837Y48.9297
G01 X36.2857Y49.0921
G01 X36.0599Y49.2129
G01 X35.8148Y49.2872
G01 X35.5600Y49.3123
G01 X35.5071Y49.3071
G01 X35.4851Y49.3060
G01 X33.2358Y49.3060
G01 X33.2136Y49.3071
G01 X33.1897Y49.3108
G01 X33.1708Y49.3156
G01 X33.1474Y49.3241
G01 X33.1322Y49.3313
G01 X33.1109Y49.3439
G01 X33.0914Y49.3584
G01 X33.0767Y49.3719
G01 X31.1763Y51.2723
G01 X31.1615Y51.2886
G01 X31.1278Y51.3297
G01 X30.9299Y51.4922
G01 X30.7040Y51.6129
G01 X30.4590Y51.6872
G01 X30.2041Y51.7123
G01 X30.1513Y51.7071
G01 X30.1292Y51.7060
G01 X29.1450Y51.7061
G01 X29.1277Y51.7071
G01 X29.1109Y51.7095
G01 X29.0849Y51.7156
G01 X29.0615Y51.7241
G01 X29.0463Y51.7313
G01 X29.0209Y51.7468
G01 X29.0055Y51.7585
G01 X28.9908Y51.7719
G01 X27.0904Y53.6723
G01 X27.0756Y53.6886
G01 X27.0419Y53.7297
G01 X26.8440Y53.8922
G01 X26.6181Y54.0129
G01 X26.3731Y54.0872
G01 X26.1182Y54.1123
G01 X26.0654Y54.1071
G01 X26.0433Y54.1060
G01 X24.3318Y54.1061
G01 X24.3145Y54.1071
G01 X24.2906Y54.1108
G01 X24.2717Y54.1156
G01 X24.2552Y54.1214
G01 X24.2264Y54.1350
G01 X24.2118Y54.1439
G01 X24.1979Y54.1541
G01 X24.1776Y54.1719
G01 X24.1598Y54.1922
G01 X24.1496Y54.2061
G01 X24.1407Y54.2207
G01 X24.1299Y54.2426
G01 X24.1201Y54.2704
G01 X24.1165Y54.2849
G01 X24.1134Y54.3041
G01 X24.1117Y54.3310
G01 X24.1134Y54.3579
G01 X24.1165Y54.3771
G01 X24.1213Y54.3960
G01 X24.1299Y54.4195
G01 X24.1370Y54.4347
G01 X24.1496Y54.4559
G01 X24.1598Y54.4699
G01 X24.2001Y54.5193
G01 X24.3209Y54.7451
G01 X24.3952Y54.9902
G01 X24.4203Y55.2450
G01 X24.3952Y55.4998
G01 X24.3209Y55.7449
G01 X24.2001Y55.9707
G01 X24.0377Y56.1687
G01 X23.8276Y56.3411
G01 X23.8113Y56.3559
G01 X23.7978Y56.3706
G01 X23.7832Y56.3901
G01 X23.7707Y56.4114
G01 X23.7635Y56.4266
G01 X23.7550Y56.4500
G01 X23.7502Y56.4689
G01 X23.7465Y56.4928
G01 X23.7454Y56.5150
G01 X23.7461Y56.5322
G01 X23.7508Y56.5637
G01 X23.7550Y56.5800
G01 X23.7635Y56.6034
G01 X23.7707Y56.6186
G01 X23.7807Y56.6359
G01 X23.7978Y56.6594
G01 X23.8113Y56.6741
G01 X23.8276Y56.6889
G01 X24.0377Y56.8613
G01 X24.2001Y57.0593
G01 X24.3209Y57.2851
G01 X24.3952Y57.5302
G01 X24.4203Y57.7850
G01 X24.3952Y58.0398
G01 X24.3209Y58.2849
G01 X24.2001Y58.5107
G01 X24.0377Y58.7087
G01 X23.8397Y58.8711
G01 X23.6139Y58.9919
G01 X23.3688Y59.0662
G01 X23.1779Y59.0850
G01 X18.6388Y59.0850
G01 X18.6167Y59.0861
G01 X18.5639Y59.0913
G01 X18.3090Y59.0662
G01 X18.0640Y58.9919
G01 X17.8381Y58.8711
G01 X17.6402Y58.7087
G01 X17.6065Y58.6676
G01 X17.5917Y58.6513
G01 X16.2917Y57.3513
G01 X16.2754Y57.3365
G01 X16.2343Y57.3028
G01 X16.0719Y57.1048
G01 X15.9511Y56.8790
G01 X15.8768Y56.6340
G01 X15.8517Y56.3791
G01 X15.8569Y56.3263
G01 X15.8580Y56.3042
G01 X15.8580Y54.4658
G01 X15.8569Y54.4437
G01 X15.8517Y54.3909
G01 X15.8768Y54.1360
G01 X15.9173Y54.0026
G01 X15.9511Y53.8910
G01 X16.0719Y53.6651
G01 X16.2343Y53.4672
G01 X16.2754Y53.4335
G01 X16.2917Y53.4187
G01 X17.6203Y52.0901
G01 X17.6337Y52.0754
G01 X17.6509Y52.0519
G01 X17.6609Y52.0347
G01 X17.6680Y52.0195
G01 X17.6778Y51.9916
G01 X17.6814Y51.9771
G01 X17.6845Y51.9579
G01 X17.6862Y51.9310
G01 X17.6845Y51.9041
G01 X17.6814Y51.8849
G01 X17.6778Y51.8704
G01 X17.6680Y51.8426
G01 X17.6609Y51.8274
G01 X17.6509Y51.8102
G01 X17.6337Y51.7866
G01 X17.6203Y51.7719
G01 X17.6076Y51.7603
G01 X17.5861Y51.7439
G01 X17.5648Y51.7313
G01 X17.5518Y51.7251
G01 X17.5262Y51.7156
G01 X17.5073Y51.7108
G01 X17.4881Y51.7077
G01 X17.4612Y51.7060
G01 X14.9249Y51.7061
G01 X14.9076Y51.7071
G01 X14.8907Y51.7095
G01 X14.8692Y51.7144
G01 X14.8483Y51.7214
G01 X14.8281Y51.7304
G01 X14.8049Y51.7439
G01 X14.7909Y51.7541
G01 X14.7707Y51.7719
G01 X14.7572Y51.7866
G01 X14.7427Y51.8061
G01 X14.7338Y51.8207
G01 X14.7202Y51.8495
G01 X14.7144Y51.8660
G01 X14.7096Y51.8849
G01 X14.7059Y51.9088
G01 X14.7048Y51.9310
G01 X14.7049Y79.0143
G01 X14.7059Y79.0316
G01 X14.7096Y79.0555
G01 X14.7144Y79.0745
G01 X14.7202Y79.0910
G01 X14.7338Y79.1198
G01 X14.7427Y79.1344
G01 X14.7572Y79.1538
G01 X14.7707Y79.1685
G01 X15.1052Y79.5030
G01 X15.1216Y79.5179
G01 X15.1779Y79.5641
G01 X15.3903Y79.8230
G01 X15.5482Y80.1183
G01 X15.6454Y80.4387
G01 X15.6782Y80.7720
G01 X15.6711Y80.8445
G01 X15.6700Y80.8666
G01 X15.6700Y82.4554
G01 X15.6711Y82.4775
G01 X15.6782Y82.5500
G01 X15.6711Y82.6225
G01 X15.6700Y82.6446
G01 X15.6700Y86.4435
G01 X15.6454Y86.6933
G01 X15.5482Y87.0137
G01 X15.3903Y87.3090
G01 X15.1779Y87.5679
G01 X14.9190Y87.7803
G01 X14.6237Y87.9382
G01 X14.3033Y88.0354
G01 X13.9700Y88.0682
G01 X13.6367Y88.0354
G01 X13.3163Y87.9382
G01 X13.0210Y87.7803
G01 X12.7621Y87.5679
G01 X12.5497Y87.3090
G01 X12.3918Y87.0137
G01 X12.2946Y86.6933
G01 X12.2700Y86.4435
G01 X12.2700Y82.6446
G01 X12.2689Y82.6225
G01 X12.2618Y82.5500
G01 X12.2689Y82.4775
G01 X12.2700Y82.4554
G01 X12.2700Y81.5694
G01 X12.2683Y81.5424
G01 X12.2652Y81.5233
G01 X12.2616Y81.5088
G01 X12.2519Y81.4809
G01 X12.2447Y81.4657
G01 X12.2347Y81.4485
G01 X12.2176Y81.4250
G01 X12.2041Y81.4103
G01 X11.8660Y81.0724
G01 X11.8277Y81.0400
G01 X11.8140Y81.0297
G01 X11.7953Y81.0179
G01 X11.7756Y81.0080
G01 X11.7500Y80.9985
G01 X11.7311Y80.9937
G01 X11.7072Y80.9900
G01 X11.6850Y80.9889
G01 X11.6628Y80.9900
G01 X11.6389Y80.9937
G01 X11.6200Y80.9985
G01 X11.5966Y81.0071
G01 X11.5814Y81.0142
G01 X11.5601Y81.0268
G01 X11.5406Y81.0414
G01 X11.5295Y81.0514
G01 X11.5081Y81.0751
G01 X11.4979Y81.0890
G01 X11.4844Y81.1123
G01 X11.4781Y81.1255
G01 X11.4696Y81.1489
G01 X11.4648Y81.1679
G01 X11.4607Y81.1968
G01 X11.4600Y81.2139
G01 X11.4600Y86.4880
G01 X11.4488Y86.5450
G01 X11.4464Y86.5620
G01 X11.4412Y86.6148
G01 X11.4258Y86.6657
G01 X11.4215Y86.6823
G01 X11.4100Y86.7392
G01 X11.3879Y86.7929
G01 X11.3823Y86.8091
G01 X11.3669Y86.8599
G01 X11.3418Y86.9067
G01 X11.3344Y86.9222
G01 X11.3120Y86.9758
G01 X11.2799Y87.0241
G01 X11.2712Y87.0389
G01 X11.2461Y87.0857
G01 X11.2124Y87.1268
G01 X11.2021Y87.1405
G01 X11.1698Y87.1887
G01 X11.1288Y87.2298
G01 X11.1174Y87.2426
G01 X11.0837Y87.2837
G01 X11.0426Y87.3174
G01 X11.0298Y87.3288
G01 X10.9887Y87.3698
G01 X10.9405Y87.4021
G01 X10.9268Y87.4124
G01 X10.8857Y87.4461
G01 X10.8389Y87.4712
G01 X10.8241Y87.4799
G01 X10.7758Y87.5120
G01 X10.7222Y87.5344
G01 X10.7067Y87.5418
G01 X10.6599Y87.5669
G01 X10.6091Y87.5823
G01 X10.5929Y87.5879
G01 X10.5392Y87.6100
G01 X10.4823Y87.6215
G01 X10.4657Y87.6258
G01 X10.4148Y87.6412
G01 X10.3620Y87.6464
G01 X10.3450Y87.6488
G01 X10.2880Y87.6600
G01 X10.2300Y87.6601
G01 X10.2129Y87.6611
G01 X10.1600Y87.6663
G01 X10.1071Y87.6611
G01 X10.0900Y87.6601
G01 X10.0320Y87.6600
G01 X9.9750Y87.6488
G01 X9.9580Y87.6464
G01 X9.9052Y87.6412
G01 X9.8543Y87.6258
G01 X9.8377Y87.6215
G01 X9.7808Y87.6100
G01 X9.7271Y87.5879
G01 X9.7109Y87.5823
G01 X9.6601Y87.5669
G01 X9.6133Y87.5418
G01 X9.5978Y87.5344
G01 X9.5442Y87.5120
G01 X9.4959Y87.4799
G01 X9.4811Y87.4712
G01 X9.4343Y87.4461
G01 X9.3932Y87.4124
G01 X9.3795Y87.4021
G01 X9.3313Y87.3698
G01 X9.2902Y87.3288
G01 X9.2774Y87.3174
G01 X9.2363Y87.2837
G01 X9.2026Y87.2426
G01 X9.1912Y87.2298
G01 X9.1502Y87.1887
G01 X9.1179Y87.1405
G01 X9.1076Y87.1268
G01 X9.0739Y87.0857
G01 X9.0488Y87.0389
G01 X9.0401Y87.0241
G01 X9.0080Y86.9758
G01 X8.9856Y86.9222
G01 X8.9782Y86.9067
G01 X8.9531Y86.8599
G01 X8.9377Y86.8091
G01 X8.9321Y86.7929
G01 X8.9100Y86.7392
G01 X8.8985Y86.6823
G01 X8.8942Y86.6657
G01 X8.8788Y86.6148
G01 X8.8736Y86.5620
G01 X8.8704Y86.5401
G00 Z3.0000
G00 Z3.0000
G00 X0Y0
M05
G0 Z20
G0 X0 Y100