G0 Z20
G21
G90
G94
F400.00
G00 Z20.0000
M04 S35
G4 P1
G00 X0.0829Y-0.3400
G01 Z20.0000
G01 X-0.3400Y0.2302
G01 X-0.3400Y-0.3400
G01 X-0.3400Y91.7800
G01 X100.6700Y91.7800
G01 X100.6700Y-0.3400
G01 X-0.3400Y-0.3400
G01 X0.5492Y-0.3400
G01 X-0.3400Y0.8589
G01 X-0.3400Y1.4877
G01 X1.0155Y-0.3400
G01 X1.4818Y-0.3400
G01 X-0.3400Y2.1164
G01 X-0.3400Y2.7452
G01 X1.9476Y-0.3393
G01 X1.9483Y-0.3400
G01 X2.4537Y-0.3400
G01 X2.2375Y-0.1014
G01 X-0.3400Y3.3739
G01 X-0.3400Y4.0027
G01 X2.5273Y0.1365
G01 X2.9592Y-0.3400
G01 X3.4647Y-0.3400
G01 X2.8172Y0.3744
G01 X-0.3400Y4.6314
G01 X-0.3400Y5.2602
G01 X3.1071Y0.6123
G01 X3.9702Y-0.3400
G01 X4.4757Y-0.3400
G01 X3.3970Y0.8502
G01 X-0.3400Y5.8890
G01 X-0.3400Y6.5177
G01 X1.7659Y3.6782
G00 Z20.0000
G00 X1.7601Y3.8210
G01 Z20.0000
G01 X1.7605Y3.7879
G01 X1.7693Y3.6152
G01 X1.7726Y3.5871
G01 X1.7983Y3.4161
G01 X1.8042Y3.3885
G01 X1.8466Y3.2208
G01 X1.8552Y3.1939
G01 X1.9138Y3.0312
G01 X1.9250Y3.0053
G01 X1.9992Y2.8491
G01 X2.0129Y2.8244
G01 X2.1021Y2.6762
G01 X2.1182Y2.6530
G01 X2.2215Y2.5143
G01 X2.2398Y2.4928
G01 X2.3561Y2.3648
G01 X2.3764Y2.3452
G01 X2.5048Y2.2293
G01 X2.5269Y2.2117
G01 X2.6660Y2.1090
G01 X2.6897Y2.0937
G01 X2.8383Y2.0050
G01 X2.8634Y1.9921
G01 X3.0199Y1.9185
G01 X3.0461Y1.9081
G01 X3.2091Y1.8501
G01 X3.2362Y1.8424
G01 X3.4041Y1.8007
G01 X3.4318Y1.7956
G01 X3.6030Y1.7705
G01 X3.6311Y1.7682
G01 X3.8039Y1.7601
G01 X3.8321Y1.7605
G01 X4.0048Y1.7693
G01 X4.0329Y1.7726
G01 X4.2039Y1.7983
G01 X4.2315Y1.8042
G01 X4.3992Y1.8466
G01 X4.4261Y1.8552
G01 X4.5888Y1.9138
G01 X4.6147Y1.9250
G01 X4.7709Y1.9992
G01 X4.7956Y2.0129
G01 X4.9438Y2.1021
G01 X4.9670Y2.1182
G01 X5.1057Y2.2215
G01 X5.1272Y2.2398
G01 X5.2552Y2.3561
G01 X5.2748Y2.3764
G01 X5.3907Y2.5048
G01 X5.4083Y2.5269
G01 X5.5110Y2.6660
G01 X5.5263Y2.6897
G01 X5.6150Y2.8383
G01 X5.6279Y2.8634
G01 X5.7015Y3.0199
G01 X5.7119Y3.0461
G01 X5.7699Y3.2091
G01 X5.7776Y3.2362
G01 X5.8193Y3.4041
G01 X5.8244Y3.4318
G01 X5.8495Y3.6030
G01 X5.8518Y3.6311
G01 X5.8599Y3.8039
G01 X5.8595Y3.8321
G01 X5.8507Y4.0048
G01 X5.8474Y4.0329
G01 X5.8217Y4.2039
G01 X5.8158Y4.2315
G01 X5.7734Y4.3992
G01 X5.7648Y4.4261
G01 X5.7062Y4.5888
G01 X5.6950Y4.6147
G01 X5.6208Y4.7709
G01 X5.6071Y4.7956
G01 X5.5179Y4.9438
G01 X5.5018Y4.9670
G01 X5.3985Y5.1057
G01 X5.3802Y5.1272
G01 X5.2639Y5.2552
G01 X5.2436Y5.2748
G01 X5.1152Y5.3907
G01 X5.0931Y5.4083
G01 X4.9540Y5.5110
G01 X4.9303Y5.5263
G01 X4.7817Y5.6150
G01 X4.7566Y5.6279
G01 X4.6001Y5.7015
G01 X4.5739Y5.7119
G01 X4.4109Y5.7699
G01 X4.3838Y5.7776
G01 X4.2159Y5.8193
G01 X4.1882Y5.8244
G01 X4.0170Y5.8495
G01 X3.9889Y5.8518
G01 X3.8161Y5.8599
G01 X3.7879Y5.8595
G01 X3.6152Y5.8507
G01 X3.5871Y5.8474
G01 X3.4161Y5.8217
G01 X3.3885Y5.8158
G01 X3.2208Y5.7734
G01 X3.1939Y5.7648
G01 X3.0312Y5.7062
G01 X3.0053Y5.6950
G01 X2.8491Y5.6208
G01 X2.8244Y5.6071
G01 X2.6762Y5.5179
G01 X2.6530Y5.5018
G01 X2.5143Y5.3985
G01 X2.4928Y5.3802
G01 X2.3648Y5.2639
G01 X2.3452Y5.2436
G01 X2.2293Y5.1152
G01 X2.2117Y5.0931
G01 X2.1090Y4.9540
G01 X2.0937Y4.9303
G01 X2.0050Y4.7817
G01 X1.9921Y4.7566
G01 X1.9185Y4.6001
G01 X1.9081Y4.5739
G01 X1.8501Y4.4109
G01 X1.8424Y4.3838
G01 X1.8007Y4.2159
G01 X1.7956Y4.1882
G01 X1.7705Y4.0170
G01 X1.7682Y3.9889
G01 X1.7601Y3.8210
G00 Z20.0000
G00 X1.8087Y4.2493
G01 Z20.0000
G01 X-0.1118Y6.8387
G01 X-0.3400Y7.2195
G01 X-0.3400Y7.9481
G01 X0.2000Y7.0471
G01 X1.9558Y4.6797
G00 Z20.0000
G00 X2.1636Y5.0282
G01 Z20.0000
G01 X0.5118Y7.2554
G01 X-0.3400Y8.6766
G01 X-0.3400Y9.4052
G01 X0.8236Y7.4637
G01 X2.4187Y5.3131
G00 Z20.0000
G00 X2.7154Y5.5417
G01 Z20.0000
G01 X1.1354Y7.6721
G01 X-0.3400Y10.1337
G01 X-0.3400Y10.8623
G01 X1.4472Y7.8804
G01 X3.0535Y5.7146
G00 Z20.0000
G00 X3.4378Y5.8253
G01 Z20.0000
G01 X1.7590Y8.0887
G01 X-0.3400Y11.5908
G01 X-0.3400Y12.3193
G01 X2.0709Y8.2971
G01 X3.8805Y5.8571
G00 Z20.0000
G00 X4.4116Y5.7696
G01 Z20.0000
G01 X2.3827Y8.5054
G01 X-0.3400Y13.0479
G01 X-0.3400Y13.7764
G01 X2.6945Y8.7138
G01 X5.2480Y5.2706
G00 Z20.0000
G00 X5.6252Y4.7621
G01 Z20.0000
G01 X6.5856Y3.4671
G01 X10.0362Y-0.3400
G01 X10.5417Y-0.3400
G01 X6.8755Y3.7050
G01 X3.0063Y8.9221
G01 X-0.3330Y14.4933
G01 X-0.3400Y14.5081
G01 X-0.3400Y15.3841
G01 X-0.0023Y14.6701
G01 X3.3181Y9.1304
G01 X7.1654Y3.9429
G01 X11.0472Y-0.3400
G01 X11.5527Y-0.3400
G01 X7.4553Y4.1808
G01 X3.6299Y9.3388
G01 X0.3284Y14.8469
G01 X-0.3400Y16.2602
G01 X-0.3400Y17.1362
G01 X0.6591Y15.0237
G01 X3.9417Y9.5471
G01 X7.7452Y4.4187
G01 X12.0330Y-0.3122
G01 X12.0637Y-0.3400
G01 X12.6214Y-0.3400
G01 X12.2982Y-0.0471
G01 X8.0350Y4.6566
G01 X4.2535Y9.7555
G01 X0.9899Y15.2004
G01 X-0.3400Y18.0122
G01 X-0.3400Y18.8882
G01 X1.3206Y15.3772
G01 X4.5653Y9.9638
G01 X8.3249Y4.8945
G01 X12.5633Y0.2181
G01 X13.1791Y-0.3400
G01 X13.7368Y-0.3400
G01 X12.8285Y0.4833
G01 X8.6148Y5.1324
G01 X4.8771Y10.1721
G01 X1.6513Y15.5540
G01 X-0.3400Y19.7642
G01 X-0.3400Y20.6403
G01 X1.9820Y15.7308
G01 X5.1889Y10.3805
G01 X8.9047Y5.3703
G01 X13.0937Y0.7484
G01 X14.2946Y-0.3400
G01 X14.8523Y-0.3400
G01 X13.3588Y1.0136
G01 X9.1946Y5.6082
G01 X5.5007Y10.5888
G01 X2.3127Y15.9075
G01 X-0.3385Y21.5131
G01 X-0.3400Y21.5173
G01 X-0.3400Y22.6291
G01 X0.0080Y21.6566
G01 X2.6435Y16.0843
G01 X5.8125Y10.7972
G01 X9.4844Y5.8461
G01 X13.6240Y1.2788
G01 X15.4100Y-0.3400
G01 X15.9678Y-0.3400
G01 X13.8892Y1.5439
G01 X9.7743Y6.0840
G01 X6.7710Y10.1334
G00 Z20.0000
G00 X7.4143Y9.8949
G01 Z20.0000
G01 X10.0642Y6.3219
G01 X14.1543Y1.8091
G01 X16.5255Y-0.3400
G01 X17.0832Y-0.3400
G01 X14.4195Y2.0743
G01 X10.3541Y6.5598
G01 X7.8751Y9.9022
G00 Z20.0000
G00 X8.2559Y10.0176
G01 Z20.0000
G01 X10.6439Y6.7977
G01 X14.6847Y2.3394
G01 X17.6410Y-0.3400
G01 X18.1987Y-0.3400
G01 X14.9498Y2.6046
G01 X10.9338Y7.0356
G01 X8.5778Y10.2123
G00 Z20.0000
G00 X8.8446Y10.4814
G01 Z20.0000
G01 X11.2237Y7.2735
G01 X15.2150Y2.8698
G01 X18.7564Y-0.3400
G01 X19.3141Y-0.3400
G01 X15.4802Y3.1349
G01 X11.5136Y7.5114
G01 X9.7065Y9.9479
G00 Z20.0000
G00 X10.2214Y9.8825
G01 Z20.0000
G01 X11.8035Y7.7493
G01 X15.7453Y3.4001
G01 X19.8719Y-0.3400
G01 X20.4512Y-0.3400
G01 X20.3324Y-0.2519
G01 X16.0105Y3.6652
G01 X12.0933Y7.9872
G01 X10.6340Y9.9548
G00 Z20.0000
G00 X10.9806Y10.1163
G01 Z20.0000
G01 X12.3832Y8.2251
G01 X16.2757Y3.9304
G01 X20.5703Y0.0380
G01 X21.0799Y-0.3400
G01 X21.7087Y-0.3400
G01 X20.8082Y0.3279
G01 X16.5408Y4.1956
G01 X12.6731Y8.4630
G01 X11.2725Y10.3514
G01 X11.9403Y10.0798
G01 X12.9630Y8.7008
G01 X16.8060Y4.4607
G01 X21.0461Y0.6177
G01 X22.3374Y-0.3400
G01 X22.9662Y-0.3400
G01 X21.2840Y0.9076
G01 X17.0712Y4.7259
G01 X13.2529Y8.9387
G01 X12.5493Y9.8874
G00 Z20.0000
G00 X12.9994Y9.9093
G01 Z20.0000
G01 X13.5427Y9.1766
G01 X17.3363Y4.9911
G01 X21.5219Y1.1975
G01 X23.5950Y-0.3400
G01 X24.2237Y-0.3400
G01 X21.7598Y1.4874
G01 X17.6015Y5.2562
G01 X13.8326Y9.4145
G01 X13.3725Y10.0349
G00 Z20.0000
G00 X13.6891Y10.2368
G01 Z20.0000
G01 X14.1225Y9.6524
G01 X17.8666Y5.5214
G01 X21.9977Y1.7773
G01 X24.8525Y-0.3400
G01 X25.4812Y-0.3400
G01 X22.2356Y2.0671
G01 X18.1318Y5.7866
G01 X14.4124Y9.8903
G01 X13.9493Y10.5147
G00 Z20.0000
G00 X14.1469Y10.8770
G01 Z20.0000
G01 X14.7023Y10.1282
G01 X18.3970Y6.0517
G01 X22.4735Y2.3570
G01 X26.1100Y-0.3400
G01 X26.7387Y-0.3400
G01 X22.7114Y2.6469
G01 X18.6621Y6.3169
G01 X14.9921Y10.3661
G01 X14.2476Y11.3700
G00 Z20.0000
G00 X13.0918Y12.9284
G01 Z20.0000
G01 X11.7367Y14.7556
G01 X8.9272Y19.4430
G01 X8.0189Y21.3634
G00 Z20.0000
G00 X8.3674Y21.5025
G01 Z20.0000
G01 X9.2579Y19.6198
G01 X12.0485Y14.9639
G01 X15.2820Y10.6040
G01 X18.9273Y6.5821
G01 X22.9493Y2.9368
G01 X27.3092Y-0.2968
G01 X27.3813Y-0.3400
G01 X28.1099Y-0.3400
G01 X27.5175Y0.0150
G01 X23.1872Y3.2266
G01 X19.1925Y6.8472
G01 X15.5719Y10.8419
G01 X12.3603Y15.1723
G01 X9.5886Y19.7965
G01 X8.6757Y21.7267
G01 X9.0793Y21.7494
G01 X9.9193Y19.9733
G01 X12.6721Y15.3806
G01 X15.8618Y11.0798
G01 X19.4576Y7.1124
G01 X23.4251Y3.5165
G01 X27.7258Y0.3268
G01 X28.8384Y-0.3400
G01 X29.5670Y-0.3400
G01 X27.9342Y0.6386
G01 X23.6630Y3.8064
G01 X19.7228Y7.3776
G01 X16.1516Y11.3177
G01 X12.9839Y15.5889
G01 X10.2500Y20.1501
G01 X9.6620Y21.3934
G00 Z20.0000
G00 X10.1150Y21.3117
G01 Z20.0000
G01 X10.5808Y20.3269
G01 X13.2957Y15.7973
G01 X16.4415Y11.5556
G01 X19.9880Y7.6427
G01 X23.9009Y4.0963
G01 X28.1425Y0.9504
G01 X30.2955Y-0.3400
G01 X31.0241Y-0.3400
G01 X28.3509Y1.2623
G01 X24.1388Y4.3862
G01 X20.2531Y7.9079
G01 X16.7314Y11.7935
G01 X13.6075Y16.0056
G01 X10.9115Y20.5036
G01 X10.5106Y21.3513
G00 Z20.0000
G00 X10.8641Y21.4799
G01 Z20.0000
G01 X11.2422Y20.6804
G01 X13.9193Y16.2140
G01 X17.0213Y12.0314
G01 X20.5183Y8.1731
G01 X24.3767Y4.6760
G01 X28.5592Y1.5741
G01 X31.7526Y-0.3400
G01 X32.4812Y-0.3400
G01 X28.7675Y1.8859
G01 X24.6146Y4.9659
G01 X20.7835Y8.4382
G01 X17.3112Y12.2693
G01 X14.2311Y16.4223
G01 X11.5729Y20.8572
G01 X11.1779Y21.6924
G01 X11.5091Y21.8681
G01 X11.9036Y21.0340
G01 X14.5429Y16.6306
G01 X17.6010Y12.5072
G01 X21.0486Y8.7034
G01 X24.8525Y5.2558
G01 X28.9759Y2.1977
G01 X33.2097Y-0.3400
G01 X34.0404Y-0.3400
G01 X33.5560Y-0.1109
G01 X29.1842Y2.5095
G01 X25.0903Y5.5457
G01 X21.3138Y8.9685
G01 X17.8909Y12.7451
G01 X14.8547Y16.8390
G01 X12.2344Y21.2107
G01 X12.1370Y21.4166
G00 Z20.0000
G00 X12.6092Y21.3139
G01 Z20.0000
G01 X15.1665Y17.0473
G01 X18.1808Y12.9830
G01 X21.5790Y9.2337
G01 X25.3282Y5.8356
G01 X29.3926Y2.8213
G01 X33.7328Y0.2198
G01 X34.9164Y-0.3400
G01 X35.7925Y-0.3400
G01 X33.9095Y0.5506
G01 X29.6009Y3.1331
G01 X25.5661Y6.1254
G01 X21.8441Y9.4989
G01 X18.4707Y13.2209
G01 X15.4783Y17.2557
G01 X13.0270Y21.3454
G00 Z20.0000
G00 X13.3877Y21.4721
G01 Z20.0000
G01 X15.7901Y17.4640
G01 X18.7606Y13.4588
G01 X22.1093Y9.7640
G01 X25.8040Y6.4153
G01 X29.8092Y3.4449
G01 X34.0863Y0.8813
G01 X36.6685Y-0.3400
G01 X37.5445Y-0.3400
G01 X34.2631Y1.2120
G01 X30.0176Y3.7567
G01 X26.0419Y6.7052
G01 X22.3745Y10.0292
G01 X19.0504Y13.6967
G01 X16.1019Y17.6723
G01 X13.7013Y21.6774
G00 Z20.0000
G00 X13.9651Y21.9660
G01 Z20.0000
G01 X16.4137Y17.8807
G01 X19.3403Y13.9346
G01 X22.6396Y10.2944
G01 X26.2798Y6.9951
G01 X30.2259Y4.0685
G01 X34.4399Y1.5427
G01 X38.4205Y-0.3400
G01 X39.3841Y-0.3400
G01 X39.0246Y-0.2114
G01 X34.6166Y1.8734
G01 X30.4343Y4.3803
G01 X26.5177Y7.2850
G01 X22.9048Y10.5595
G01 X19.6302Y14.1725
G01 X16.7255Y18.0890
G01 X14.2187Y22.2714
G01 X14.1706Y22.3731
G00 Z20.0000
G00 X14.2250Y23.1342
G01 Z20.0000
G01 X14.5494Y22.4482
G01 X17.0373Y18.2974
G01 X19.9201Y14.4104
G01 X23.1699Y10.8247
G01 X26.7556Y7.5748
G01 X30.6426Y4.6921
G01 X34.7934Y2.2042
G01 X39.1681Y0.1351
G01 X40.4959Y-0.3400
G01 X41.6077Y-0.3400
G01 X39.3116Y0.4816
G01 X34.9702Y2.5349
G01 X30.8509Y5.0039
G01 X26.9935Y7.8647
G01 X23.4351Y11.0899
G01 X20.2100Y14.6483
G01 X17.3491Y18.5057
G01 X14.8801Y22.6249
G01 X12.8268Y26.9663
G01 X11.2089Y31.4881
G01 X11.1282Y31.8100
G00 Z20.0000
G00 X10.7932Y31.6063
G01 Z20.0000
G01 X10.8500Y31.3792
G01 X12.4803Y26.8228
G01 X13.8793Y23.8649
G00 Z20.0000
G00 X13.2565Y24.3057
G01 Z20.0000
G01 X12.1339Y26.6793
G01 X10.4912Y31.2704
G01 X10.4349Y31.4952
G00 Z20.0000
G00 X10.0539Y31.4747
G01 Z20.0000
G01 X10.1323Y31.1615
G01 X11.7874Y26.5358
G01 X12.7948Y24.4059
G00 Z20.0000
G00 X12.3931Y24.3792
G01 Z20.0000
G01 X11.4410Y26.3923
G01 X9.7735Y31.0527
G01 X9.6467Y31.5588
G00 Z20.0000
G00 X9.1990Y31.8046
G01 Z20.0000
G01 X9.4146Y30.9438
G01 X11.0945Y26.2488
G01 X12.0357Y24.2589
G00 Z20.0000
G00 X11.7164Y24.0579
G01 Z20.0000
G01 X10.7481Y26.1053
G01 X9.0558Y30.8350
G01 X8.7686Y31.9812
G00 Z20.0000
G00 X8.4500Y31.7119
G01 Z20.0000
G01 X8.6969Y30.7261
G01 X10.4016Y25.9618
G01 X11.4416Y23.7630
G00 Z20.0000
G00 X10.7835Y24.2782
G01 Z20.0000
G01 X10.0552Y25.8183
G01 X8.3381Y30.6172
G01 X8.1048Y31.5486
G00 Z20.0000
G00 X7.7370Y31.4752
G01 Z20.0000
G01 X7.9792Y30.5084
G01 X9.7087Y25.6748
G01 X10.3104Y24.4026
G00 Z20.0000
G00 X9.9032Y24.3875
G01 Z20.0000
G01 X9.3622Y25.5313
G01 X7.6204Y30.3995
G01 X7.3459Y31.4950
G00 Z20.0000
G00 X6.9246Y31.6358
G01 Z20.0000
G01 X7.2615Y30.2907
G01 X9.0158Y25.3878
G01 X9.5398Y24.2798
G00 Z20.0000
G00 X9.2162Y24.0881
G01 Z20.0000
G01 X8.6693Y25.2443
G01 X6.9027Y30.1818
G01 X6.4445Y32.0109
G00 Z20.0000
G00 X6.0701Y33.0310
G01 Z20.0000
G01 X6.0705Y32.9979
G01 X6.0769Y32.8742
G01 X6.0802Y32.8462
G01 X6.0987Y32.7236
G01 X6.1046Y32.6961
G01 X6.1350Y32.5759
G01 X6.1437Y32.5491
G01 X6.1857Y32.4325
G01 X6.1969Y32.4066
G01 X6.2502Y32.2948
G01 X6.2639Y32.2701
G01 X6.3279Y32.1640
G01 X6.3439Y32.1408
G01 X6.4180Y32.0415
G01 X6.4363Y32.0200
G01 X6.5197Y31.9284
G01 X6.5400Y31.9088
G01 X6.6320Y31.8258
G01 X6.6541Y31.8082
G01 X6.7538Y31.7347
G01 X6.7775Y31.7194
G01 X6.8840Y31.6560
G01 X6.9091Y31.6431
G01 X7.0212Y31.5904
G01 X7.0474Y31.5800
G01 X7.1642Y31.5386
G01 X7.1913Y31.5309
G01 X7.3116Y31.5011
G01 X7.3394Y31.4960
G01 X7.4620Y31.4781
G01 X7.4901Y31.4758
G01 X7.6139Y31.4701
G01 X7.6421Y31.4705
G01 X7.7499Y31.4758
G01 X7.7780Y31.4781
G01 X7.9006Y31.4960
G01 X7.9439Y31.5046
G01 X8.0487Y31.5309
G01 X8.0758Y31.5386
G01 X8.1926Y31.5800
G01 X8.2334Y31.5969
G01 X8.3452Y31.6502
G01 X8.3699Y31.6639
G01 X8.4625Y31.7194
G01 X8.4862Y31.7347
G01 X8.5859Y31.8082
G01 X8.6200Y31.8363
G01 X8.7045Y31.9129
G01 X8.7312Y31.9400
G01 X8.8142Y32.0320
G01 X8.8318Y32.0541
G01 X8.8900Y32.1326
G01 X8.9482Y32.0541
G01 X8.9658Y32.0320
G01 X9.0488Y31.9400
G01 X9.0684Y31.9197
G01 X9.1600Y31.8363
G01 X9.1815Y31.8180
G01 X9.2808Y31.7439
G01 X9.3040Y31.7279
G01 X9.4101Y31.6639
G01 X9.4348Y31.6502
G01 X9.5466Y31.5969
G01 X9.5725Y31.5857
G01 X9.6891Y31.5437
G01 X9.7160Y31.5350
G01 X9.8361Y31.5046
G01 X9.8794Y31.4960
G01 X9.9862Y31.4802
G01 X10.0142Y31.4769
G01 X10.1379Y31.4705
G01 X10.1821Y31.4705
G01 X10.2899Y31.4758
G01 X10.3180Y31.4781
G01 X10.4406Y31.4960
G01 X10.4839Y31.5046
G01 X10.5887Y31.5309
G01 X10.6158Y31.5386
G01 X10.7475Y31.5857
G01 X10.7734Y31.5969
G01 X10.8709Y31.6431
G01 X10.9099Y31.6639
G01 X11.0025Y31.7194
G01 X11.0262Y31.7347
G01 X11.1385Y31.8180
G01 X11.1600Y31.8363
G01 X11.2400Y31.9088
G01 X11.2712Y31.9400
G01 X11.3542Y32.0320
G01 X11.3718Y32.0541
G01 X11.4300Y32.1326
G01 X11.4882Y32.0541
G01 X11.5058Y32.0320
G01 X11.5888Y31.9400
G01 X11.6200Y31.9088
G01 X11.7000Y31.8363
G01 X11.7215Y31.8180
G01 X11.8338Y31.7347
G01 X11.8575Y31.7194
G01 X11.9501Y31.6639
G01 X11.9891Y31.6431
G01 X12.0866Y31.5969
G01 X12.1125Y31.5857
G01 X12.2442Y31.5386
G01 X12.2713Y31.5309
G01 X12.3761Y31.5046
G01 X12.4194Y31.4960
G01 X12.5262Y31.4802
G01 X12.5542Y31.4769
G01 X12.6939Y31.4701
G01 X12.7221Y31.4705
G01 X12.8299Y31.4758
G01 X12.8738Y31.4802
G01 X12.9806Y31.4960
G01 X13.0180Y31.5032
G01 X13.1287Y31.5309
G01 X13.1558Y31.5386
G01 X13.2875Y31.5857
G01 X13.3134Y31.5969
G01 X13.4252Y31.6502
G01 X13.4499Y31.6639
G01 X13.5425Y31.7194
G01 X13.5742Y31.7403
G01 X13.6659Y31.8082
G01 X13.7000Y31.8363
G01 X13.7800Y31.9088
G01 X13.8003Y31.9284
G01 X13.8837Y32.0200
G01 X13.9020Y32.0415
G01 X13.9853Y32.1538
G01 X14.0006Y32.1775
G01 X14.0561Y32.2701
G01 X14.0742Y32.3036
G01 X14.1231Y32.4066
G01 X14.1400Y32.4474
G01 X14.1763Y32.5491
G01 X14.1850Y32.5759
G01 X14.2154Y32.6961
G01 X14.2213Y32.7236
G01 X14.2419Y32.8620
G01 X14.2442Y32.8901
G01 X14.2499Y33.0139
G01 X14.2495Y33.0421
G01 X14.2431Y33.1658
G01 X14.2398Y33.1938
G01 X14.2213Y33.3164
G01 X14.2154Y33.3439
G01 X14.1850Y33.4641
G01 X14.1763Y33.4909
G01 X14.1343Y33.6075
G01 X14.1231Y33.6334
G01 X14.0698Y33.7452
G01 X14.0561Y33.7699
G01 X13.9921Y33.8760
G01 X13.9761Y33.8992
G01 X13.9020Y33.9985
G01 X13.8837Y34.0200
G01 X13.8003Y34.1116
G01 X13.7800Y34.1312
G01 X13.6880Y34.2142
G01 X13.6659Y34.2318
G01 X13.5662Y34.3053
G01 X13.5425Y34.3206
G01 X13.4360Y34.3840
G01 X13.4109Y34.3969
G01 X13.2988Y34.4496
G01 X13.2726Y34.4600
G01 X13.1558Y34.5014
G01 X13.1287Y34.5091
G01 X13.0084Y34.5389
G01 X12.9806Y34.5440
G01 X12.8580Y34.5619
G01 X12.8299Y34.5642
G01 X12.7061Y34.5699
G01 X12.6779Y34.5695
G01 X12.5701Y34.5642
G01 X12.5420Y34.5619
G01 X12.4194Y34.5440
G01 X12.3761Y34.5354
G01 X12.2713Y34.5091
G01 X12.2442Y34.5014
G01 X12.1274Y34.4600
G01 X12.0866Y34.4431
G01 X11.9748Y34.3898
G01 X11.9501Y34.3761
G01 X11.8575Y34.3206
G01 X11.8338Y34.3053
G01 X11.7341Y34.2318
G01 X11.7000Y34.2037
G01 X11.6155Y34.1271
G01 X11.5888Y34.1000
G01 X11.5058Y34.0080
G01 X11.4882Y33.9859
G01 X11.4300Y33.9074
G01 X11.3718Y33.9859
G01 X11.3542Y34.0080
G01 X11.2712Y34.1000
G01 X11.2516Y34.1203
G01 X11.1600Y34.2037
G01 X11.1385Y34.2220
G01 X11.0392Y34.2961
G01 X11.0160Y34.3121
G01 X10.9099Y34.3761
G01 X10.8852Y34.3898
G01 X10.7734Y34.4431
G01 X10.7475Y34.4543
G01 X10.6309Y34.4963
G01 X10.6040Y34.5050
G01 X10.4839Y34.5354
G01 X10.4406Y34.5440
G01 X10.3338Y34.5598
G01 X10.3058Y34.5631
G01 X10.1821Y34.5695
G01 X10.1379Y34.5695
G01 X10.0301Y34.5642
G01 X10.0020Y34.5619
G01 X9.8636Y34.5413
G01 X9.8361Y34.5354
G01 X9.7313Y34.5091
G01 X9.6891Y34.4963
G01 X9.5725Y34.4543
G01 X9.5466Y34.4431
G01 X9.4491Y34.3969
G01 X9.4101Y34.3761
G01 X9.3175Y34.3206
G01 X9.2938Y34.3053
G01 X9.1815Y34.2220
G01 X9.1600Y34.2037
G01 X9.0800Y34.1312
G01 X9.0488Y34.1000
G01 X8.9658Y34.0080
G01 X8.9482Y33.9859
G01 X8.8900Y33.9074
G01 X8.8318Y33.9859
G01 X8.8142Y34.0080
G01 X8.7312Y34.1000
G01 X8.7000Y34.1312
G01 X8.6200Y34.2037
G01 X8.5985Y34.2220
G01 X8.4862Y34.3053
G01 X8.4625Y34.3206
G01 X8.3699Y34.3761
G01 X8.3309Y34.3969
G01 X8.2334Y34.4431
G01 X8.2075Y34.4543
G01 X8.0758Y34.5014
G01 X8.0487Y34.5091
G01 X7.9439Y34.5354
G01 X7.9006Y34.5440
G01 X7.7938Y34.5598
G01 X7.7658Y34.5631
G01 X7.6261Y34.5699
G01 X7.5979Y34.5695
G01 X7.4901Y34.5642
G01 X7.4462Y34.5598
G01 X7.3394Y34.5440
G01 X7.3020Y34.5368
G01 X7.1913Y34.5091
G01 X7.1642Y34.5014
G01 X7.0325Y34.4543
G01 X7.0066Y34.4431
G01 X6.8948Y34.3898
G01 X6.8701Y34.3761
G01 X6.7775Y34.3206
G01 X6.7458Y34.2997
G01 X6.6541Y34.2318
G01 X6.6200Y34.2037
G01 X6.5400Y34.1312
G01 X6.5197Y34.1116
G01 X6.4363Y34.0200
G01 X6.4180Y33.9985
G01 X6.3347Y33.8862
G01 X6.3194Y33.8625
G01 X6.2639Y33.7699
G01 X6.2458Y33.7364
G01 X6.1969Y33.6334
G01 X6.1800Y33.5926
G01 X6.1437Y33.4909
G01 X6.1350Y33.4641
G01 X6.1046Y33.3439
G01 X6.0987Y33.3164
G01 X6.0781Y33.1780
G01 X6.0758Y33.1499
G01 X6.0701Y33.0310
G00 Z20.0000
G00 X6.1076Y33.3558
G01 Z20.0000
G01 X5.6284Y35.2688
G01 X4.8590Y40.4561
G01 X4.6016Y45.6939
G01 X4.8590Y50.9317
G01 X5.6284Y56.1190
G01 X6.9027Y61.2060
G01 X7.1907Y62.0110
G00 Z20.0000
G00 X6.8457Y62.1586
G01 Z20.0000
G01 X6.5438Y61.3149
G01 X5.2606Y56.1922
G01 X4.4858Y50.9685
G01 X4.2266Y45.6939
G01 X4.4858Y40.4194
G01 X5.2606Y35.1956
G01 X6.5438Y30.0730
G01 X8.3229Y25.1008
G01 X8.9346Y23.8075
G00 Z20.0000
G00 X8.3131Y24.2453
G01 Z20.0000
G01 X7.9764Y24.9572
G01 X6.1849Y29.9641
G01 X4.8928Y35.1225
G01 X4.1126Y40.3826
G01 X3.8516Y45.6939
G01 X4.1126Y51.0052
G01 X4.8928Y56.2654
G01 X6.1849Y61.4237
G01 X6.5327Y62.3956
G00 Z20.0000
G00 X6.2626Y62.7524
G01 Z20.0000
G01 X5.8261Y61.5326
G01 X4.5251Y56.3385
G01 X3.7394Y51.0420
G01 X3.4766Y45.6939
G01 X3.7394Y40.3458
G01 X4.5251Y35.0493
G01 X5.8261Y29.8552
G01 X7.6300Y24.8137
G01 X7.8281Y24.3947
G00 Z20.0000
G00 X7.4137Y24.3950
G01 Z20.0000
G01 X7.2835Y24.6702
G01 X5.4672Y29.7464
G01 X4.1573Y34.9761
G01 X3.3662Y40.3091
G01 X3.1016Y45.6939
G01 X3.3662Y51.0787
G01 X4.1573Y56.4117
G01 X5.4672Y61.6414
G01 X6.0776Y63.3473
G00 Z20.0000
G00 X6.0701Y63.5110
G01 Z20.0000
G01 X6.0705Y63.4779
G01 X6.0769Y63.3542
G01 X6.0802Y63.3262
G01 X6.0987Y63.2036
G01 X6.1046Y63.1761
G01 X6.1350Y63.0559
G01 X6.1437Y63.0291
G01 X6.1857Y62.9125
G01 X6.1969Y62.8866
G01 X6.2502Y62.7748
G01 X6.2639Y62.7501
G01 X6.3279Y62.6440
G01 X6.3439Y62.6208
G01 X6.4180Y62.5215
G01 X6.4363Y62.5000
G01 X6.5197Y62.4084
G01 X6.5400Y62.3888
G01 X6.6320Y62.3058
G01 X6.6541Y62.2882
G01 X6.7538Y62.2147
G01 X6.7775Y62.1994
G01 X6.8840Y62.1360
G01 X6.9091Y62.1231
G01 X7.0212Y62.0704
G01 X7.0474Y62.0600
G01 X7.1642Y62.0186
G01 X7.1913Y62.0109
G01 X7.3116Y61.9811
G01 X7.3394Y61.9760
G01 X7.4620Y61.9581
G01 X7.4901Y61.9558
G01 X7.6139Y61.9501
G01 X7.6421Y61.9505
G01 X7.7499Y61.9558
G01 X7.7780Y61.9581
G01 X7.9006Y61.9760
G01 X7.9439Y61.9846
G01 X8.0487Y62.0109
G01 X8.0758Y62.0186
G01 X8.1926Y62.0600
G01 X8.2334Y62.0769
G01 X8.3452Y62.1302
G01 X8.3699Y62.1439
G01 X8.4625Y62.1994
G01 X8.4862Y62.2147
G01 X8.5859Y62.2882
G01 X8.6200Y62.3163
G01 X8.7045Y62.3929
G01 X8.7312Y62.4200
G01 X8.8142Y62.5120
G01 X8.8318Y62.5341
G01 X8.8900Y62.6126
G01 X8.9482Y62.5341
G01 X8.9658Y62.5120
G01 X9.0488Y62.4200
G01 X9.0684Y62.3997
G01 X9.1600Y62.3163
G01 X9.1815Y62.2980
G01 X9.2808Y62.2239
G01 X9.3040Y62.2079
G01 X9.4101Y62.1439
G01 X9.4348Y62.1302
G01 X9.5466Y62.0769
G01 X9.5725Y62.0657
G01 X9.6891Y62.0237
G01 X9.7160Y62.0150
G01 X9.8361Y61.9846
G01 X9.8794Y61.9760
G01 X9.9862Y61.9602
G01 X10.0142Y61.9569
G01 X10.1379Y61.9505
G01 X10.1821Y61.9505
G01 X10.2899Y61.9558
G01 X10.3180Y61.9581
G01 X10.4564Y61.9787
G01 X10.4839Y61.9846
G01 X10.5887Y62.0109
G01 X10.6309Y62.0237
G01 X10.7475Y62.0657
G01 X10.7734Y62.0769
G01 X10.8709Y62.1231
G01 X10.9099Y62.1439
G01 X11.0025Y62.1994
G01 X11.0262Y62.2147
G01 X11.1385Y62.2980
G01 X11.1600Y62.3163
G01 X11.2400Y62.3888
G01 X11.2712Y62.4200
G01 X11.3542Y62.5120
G01 X11.3718Y62.5341
G01 X11.4300Y62.6126
G01 X11.4882Y62.5341
G01 X11.5058Y62.5120
G01 X11.5888Y62.4200
G01 X11.6200Y62.3888
G01 X11.7000Y62.3163
G01 X11.7215Y62.2980
G01 X11.8338Y62.2147
G01 X11.8575Y62.1994
G01 X11.9501Y62.1439
G01 X11.9891Y62.1231
G01 X12.0866Y62.0769
G01 X12.1125Y62.0657
G01 X12.2442Y62.0186
G01 X12.2713Y62.0109
G01 X12.3761Y61.9846
G01 X12.4194Y61.9760
G01 X12.5262Y61.9602
G01 X12.5542Y61.9569
G01 X12.6939Y61.9501
G01 X12.7221Y61.9505
G01 X12.8299Y61.9558
G01 X12.8738Y61.9602
G01 X12.9806Y61.9760
G01 X13.0180Y61.9832
G01 X13.1287Y62.0109
G01 X13.1558Y62.0186
G01 X13.2875Y62.0657
G01 X13.3134Y62.0769
G01 X13.4252Y62.1302
G01 X13.4499Y62.1439
G01 X13.5425Y62.1994
G01 X13.5742Y62.2203
G01 X13.6659Y62.2882
G01 X13.7000Y62.3163
G01 X13.7800Y62.3888
G01 X13.8003Y62.4084
G01 X13.8837Y62.5000
G01 X13.9020Y62.5215
G01 X13.9853Y62.6338
G01 X14.0006Y62.6575
G01 X14.0561Y62.7501
G01 X14.0742Y62.7836
G01 X14.1231Y62.8866
G01 X14.1400Y62.9274
G01 X14.1763Y63.0291
G01 X14.1850Y63.0559
G01 X14.2154Y63.1761
G01 X14.2213Y63.2036
G01 X14.2419Y63.3420
G01 X14.2442Y63.3701
G01 X14.2499Y63.4939
G01 X14.2495Y63.5221
G01 X14.2431Y63.6458
G01 X14.2398Y63.6738
G01 X14.2213Y63.7964
G01 X14.2154Y63.8239
G01 X14.1850Y63.9441
G01 X14.1763Y63.9709
G01 X14.1343Y64.0875
G01 X14.1231Y64.1134
G01 X14.0698Y64.2252
G01 X14.0561Y64.2499
G01 X13.9921Y64.3560
G01 X13.9761Y64.3792
G01 X13.9020Y64.4785
G01 X13.8837Y64.5000
G01 X13.8003Y64.5916
G01 X13.7800Y64.6112
G01 X13.6880Y64.6942
G01 X13.6659Y64.7118
G01 X13.5662Y64.7853
G01 X13.5425Y64.8006
G01 X13.4360Y64.8640
G01 X13.4109Y64.8769
G01 X13.2988Y64.9296
G01 X13.2726Y64.9400
G01 X13.1558Y64.9814
G01 X13.1287Y64.9891
G01 X13.0084Y65.0189
G01 X12.9806Y65.0240
G01 X12.8580Y65.0419
G01 X12.8299Y65.0442
G01 X12.7061Y65.0499
G01 X12.6779Y65.0495
G01 X12.5701Y65.0442
G01 X12.5420Y65.0419
G01 X12.4194Y65.0240
G01 X12.3761Y65.0154
G01 X12.2560Y64.9850
G01 X12.2291Y64.9763
G01 X12.1274Y64.9400
G01 X12.0866Y64.9231
G01 X11.9748Y64.8698
G01 X11.9501Y64.8561
G01 X11.8575Y64.8006
G01 X11.8338Y64.7853
G01 X11.7341Y64.7118
G01 X11.7000Y64.6837
G01 X11.6155Y64.6071
G01 X11.5888Y64.5800
G01 X11.5058Y64.4880
G01 X11.4882Y64.4659
G01 X11.4300Y64.3874
G01 X11.3718Y64.4659
G01 X11.3542Y64.4880
G01 X11.2712Y64.5800
G01 X11.2516Y64.6003
G01 X11.1600Y64.6837
G01 X11.1385Y64.7020
G01 X11.0392Y64.7761
G01 X11.0160Y64.7921
G01 X10.9099Y64.8561
G01 X10.8852Y64.8698
G01 X10.7734Y64.9231
G01 X10.7475Y64.9343
G01 X10.6309Y64.9763
G01 X10.6041Y64.9850
G01 X10.4839Y65.0154
G01 X10.4406Y65.0240
G01 X10.3338Y65.0398
G01 X10.3058Y65.0431
G01 X10.1821Y65.0495
G01 X10.1379Y65.0495
G01 X10.0301Y65.0442
G01 X10.0020Y65.0419
G01 X9.8636Y65.0213
G01 X9.8361Y65.0154
G01 X9.7313Y64.9891
G01 X9.6891Y64.9763
G01 X9.5725Y64.9343
G01 X9.5466Y64.9231
G01 X9.4491Y64.8769
G01 X9.4101Y64.8561
G01 X9.3175Y64.8006
G01 X9.2938Y64.7853
G01 X9.1815Y64.7020
G01 X9.1600Y64.6837
G01 X9.0800Y64.6112
G01 X9.0488Y64.5800
G01 X8.9658Y64.4880
G01 X8.9482Y64.4659
G01 X8.8900Y64.3874
G01 X8.8318Y64.4659
G01 X8.8142Y64.4880
G01 X8.7312Y64.5800
G01 X8.7000Y64.6112
G01 X8.6200Y64.6837
G01 X8.5985Y64.7020
G01 X8.4862Y64.7853
G01 X8.4625Y64.8006
G01 X8.3699Y64.8561
G01 X8.3309Y64.8769
G01 X8.2334Y64.9231
G01 X8.2075Y64.9343
G01 X8.0758Y64.9814
G01 X8.0487Y64.9891
G01 X7.9439Y65.0154
G01 X7.9006Y65.0240
G01 X7.7938Y65.0398
G01 X7.7658Y65.0431
G01 X7.6261Y65.0499
G01 X7.5979Y65.0495
G01 X7.4901Y65.0442
G01 X7.4462Y65.0398
G01 X7.3394Y65.0240
G01 X7.3020Y65.0168
G01 X7.1913Y64.9891
G01 X7.1642Y64.9814
G01 X7.0325Y64.9343
G01 X7.0066Y64.9231
G01 X6.8948Y64.8698
G01 X6.8701Y64.8561
G01 X6.7775Y64.8006
G01 X6.7458Y64.7797
G01 X6.6541Y64.7118
G01 X6.6200Y64.6837
G01 X6.5400Y64.6112
G01 X6.5197Y64.5916
G01 X6.4363Y64.5000
G01 X6.4180Y64.4785
G01 X6.3347Y64.3662
G01 X6.3194Y64.3425
G01 X6.2639Y64.2499
G01 X6.2458Y64.2165
G01 X6.1969Y64.1134
G01 X6.1800Y64.0726
G01 X6.1437Y63.9709
G01 X6.1350Y63.9441
G01 X6.1046Y63.8239
G01 X6.0987Y63.7964
G01 X6.0781Y63.6580
G01 X6.0758Y63.6299
G01 X6.0701Y63.5110
G00 Z20.0000
G00 X6.5246Y64.5965
G01 Z20.0000
G01 X7.2835Y66.7176
G01 X9.5886Y71.5913
G01 X9.9122Y72.1311
G00 Z20.0000
G00 X9.5406Y72.2398
G01 Z20.0000
G01 X9.2579Y71.7680
G01 X6.9371Y66.8611
G01 X5.1084Y61.7503
G01 X3.7895Y56.4848
G01 X2.9930Y51.1155
G01 X2.7266Y45.6939
G01 X2.9930Y40.2723
G01 X3.7895Y34.9030
G01 X5.1084Y29.6375
G01 X6.9371Y24.5267
G01 X7.0448Y24.2990
G00 Z20.0000
G00 X6.7162Y24.1178
G01 Z20.0000
G01 X6.5906Y24.3832
G01 X4.7495Y29.5287
G01 X3.4217Y34.8298
G01 X2.6198Y40.2356
G01 X2.3516Y45.6939
G01 X2.6198Y51.1522
G01 X3.4217Y56.5580
G01 X4.7495Y61.8591
G01 X6.5906Y67.0046
G01 X8.9272Y71.9448
G01 X9.2182Y72.4304
G00 Z20.0000
G00 X8.9435Y72.7006
G01 Z20.0000
G01 X8.5964Y72.1216
G01 X6.2442Y67.1481
G01 X4.3907Y61.9680
G01 X3.0539Y56.6312
G01 X2.2466Y51.1890
G01 X1.9766Y45.6939
G01 X2.2466Y40.1988
G01 X3.0539Y34.7567
G01 X4.3907Y29.4198
G01 X6.2442Y24.2397
G01 X6.4281Y23.8507
G00 Z20.0000
G00 X6.1947Y23.4684
G01 Z20.0000
G01 X5.8977Y24.0962
G01 X4.0318Y29.3110
G01 X2.6861Y34.6835
G01 X1.8734Y40.1621
G01 X1.6016Y45.6939
G01 X1.8734Y51.2257
G01 X2.6861Y56.7043
G01 X4.0318Y62.0768
G01 X5.8977Y67.2916
G01 X8.2376Y72.2390
G00 Z20.0000
G00 X7.7656Y72.1169
G01 Z20.0000
G01 X5.5512Y67.4351
G01 X3.6730Y62.1857
G01 X2.3183Y56.7775
G01 X1.5002Y51.2625
G01 X1.2266Y45.6939
G01 X1.5002Y40.1253
G01 X2.3183Y34.6103
G01 X3.6730Y29.2021
G01 X5.5512Y23.9527
G01 X6.0701Y22.8558
G00 Z20.0000
G00 X6.0701Y22.8710
G01 Z20.0000
G01 X6.0705Y22.8379
G01 X6.0769Y22.7142
G01 X6.0802Y22.6862
G01 X6.0987Y22.5636
G01 X6.1046Y22.5361
G01 X6.1350Y22.4160
G01 X6.1437Y22.3891
G01 X6.1857Y22.2725
G01 X6.1969Y22.2466
G01 X6.2502Y22.1348
G01 X6.2639Y22.1101
G01 X6.3279Y22.0040
G01 X6.3439Y21.9808
G01 X6.4180Y21.8815
G01 X6.4363Y21.8600
G01 X6.5197Y21.7684
G01 X6.5400Y21.7488
G01 X6.6320Y21.6658
G01 X6.6541Y21.6482
G01 X6.7538Y21.5747
G01 X6.7775Y21.5594
G01 X6.8840Y21.4960
G01 X6.9091Y21.4831
G01 X7.0212Y21.4304
G01 X7.0474Y21.4200
G01 X7.1642Y21.3786
G01 X7.1913Y21.3709
G01 X7.3116Y21.3411
G01 X7.3394Y21.3360
G01 X7.4620Y21.3181
G01 X7.4901Y21.3158
G01 X7.6139Y21.3101
G01 X7.6421Y21.3105
G01 X7.7499Y21.3158
G01 X7.7780Y21.3181
G01 X7.9006Y21.3360
G01 X7.9439Y21.3446
G01 X8.0487Y21.3709
G01 X8.0758Y21.3786
G01 X8.1926Y21.4200
G01 X8.2334Y21.4369
G01 X8.3452Y21.4902
G01 X8.3699Y21.5039
G01 X8.4625Y21.5594
G01 X8.4862Y21.5747
G01 X8.5859Y21.6482
G01 X8.6200Y21.6763
G01 X8.7045Y21.7529
G01 X8.7312Y21.7800
G01 X8.8142Y21.8720
G01 X8.8318Y21.8941
G01 X8.8900Y21.9726
G01 X8.9482Y21.8941
G01 X8.9658Y21.8720
G01 X9.0488Y21.7800
G01 X9.0684Y21.7597
G01 X9.1600Y21.6763
G01 X9.1815Y21.6580
G01 X9.2808Y21.5839
G01 X9.3040Y21.5679
G01 X9.4101Y21.5039
G01 X9.4348Y21.4902
G01 X9.5466Y21.4369
G01 X9.5725Y21.4257
G01 X9.6891Y21.3837
G01 X9.7160Y21.3750
G01 X9.8361Y21.3446
G01 X9.8794Y21.3360
G01 X9.9862Y21.3202
G01 X10.0142Y21.3169
G01 X10.1379Y21.3105
G01 X10.1821Y21.3105
G01 X10.2899Y21.3158
G01 X10.3180Y21.3181
G01 X10.4564Y21.3387
G01 X10.4839Y21.3446
G01 X10.5887Y21.3709
G01 X10.6309Y21.3837
G01 X10.7475Y21.4257
G01 X10.7734Y21.4369
G01 X10.8709Y21.4831
G01 X10.9099Y21.5039
G01 X11.0025Y21.5594
G01 X11.0262Y21.5747
G01 X11.1385Y21.6580
G01 X11.1600Y21.6763
G01 X11.2400Y21.7488
G01 X11.2712Y21.7800
G01 X11.3542Y21.8720
G01 X11.3718Y21.8941
G01 X11.4300Y21.9726
G01 X11.4882Y21.8941
G01 X11.5058Y21.8720
G01 X11.5888Y21.7800
G01 X11.6200Y21.7488
G01 X11.7000Y21.6763
G01 X11.7215Y21.6580
G01 X11.8338Y21.5747
G01 X11.8575Y21.5594
G01 X11.9501Y21.5039
G01 X11.9891Y21.4831
G01 X12.0866Y21.4369
G01 X12.1125Y21.4257
G01 X12.2442Y21.3786
G01 X12.2713Y21.3709
G01 X12.3761Y21.3446
G01 X12.4194Y21.3360
G01 X12.5262Y21.3202
G01 X12.5542Y21.3169
G01 X12.6939Y21.3101
G01 X12.7221Y21.3105
G01 X12.8299Y21.3158
G01 X12.8738Y21.3202
G01 X12.9806Y21.3360
G01 X13.0180Y21.3432
G01 X13.1287Y21.3709
G01 X13.1558Y21.3786
G01 X13.2875Y21.4257
G01 X13.3134Y21.4369
G01 X13.4252Y21.4902
G01 X13.4499Y21.5039
G01 X13.5425Y21.5594
G01 X13.5742Y21.5803
G01 X13.6659Y21.6482
G01 X13.7000Y21.6763
G01 X13.7800Y21.7488
G01 X13.8003Y21.7684
G01 X13.8837Y21.8600
G01 X13.9020Y21.8815
G01 X13.9761Y21.9808
G01 X13.9921Y22.0040
G01 X14.0640Y22.1240
G01 X14.0769Y22.1491
G01 X14.1296Y22.2612
G01 X14.1400Y22.2874
G01 X14.1763Y22.3891
G01 X14.1876Y22.4254
G01 X14.2154Y22.5361
G01 X14.2240Y22.5794
G01 X14.2398Y22.6862
G01 X14.2431Y22.7142
G01 X14.2499Y22.8539
G01 X14.2495Y22.8821
G01 X14.2431Y23.0058
G01 X14.2398Y23.0338
G01 X14.2213Y23.1564
G01 X14.2154Y23.1839
G01 X14.1850Y23.3040
G01 X14.1763Y23.3309
G01 X14.1343Y23.4475
G01 X14.1231Y23.4734
G01 X14.0698Y23.5852
G01 X14.0561Y23.6099
G01 X13.9921Y23.7160
G01 X13.9761Y23.7392
G01 X13.9020Y23.8385
G01 X13.8837Y23.8600
G01 X13.8003Y23.9516
G01 X13.7800Y23.9712
G01 X13.6880Y24.0542
G01 X13.6659Y24.0718
G01 X13.5662Y24.1453
G01 X13.5425Y24.1606
G01 X13.4360Y24.2240
G01 X13.4109Y24.2369
G01 X13.2988Y24.2896
G01 X13.2726Y24.3000
G01 X13.1558Y24.3414
G01 X13.1287Y24.3491
G01 X13.0084Y24.3789
G01 X12.9806Y24.3840
G01 X12.8580Y24.4019
G01 X12.8299Y24.4042
G01 X12.7061Y24.4099
G01 X12.6779Y24.4095
G01 X12.5701Y24.4042
G01 X12.5420Y24.4019
G01 X12.4194Y24.3840
G01 X12.3761Y24.3754
G01 X12.2713Y24.3491
G01 X12.2442Y24.3414
G01 X12.1274Y24.3000
G01 X12.0866Y24.2831
G01 X11.9748Y24.2298
G01 X11.9501Y24.2161
G01 X11.8575Y24.1606
G01 X11.8338Y24.1453
G01 X11.7341Y24.0718
G01 X11.7000Y24.0437
G01 X11.6155Y23.9671
G01 X11.5888Y23.9400
G01 X11.5058Y23.8480
G01 X11.4882Y23.8259
G01 X11.4300Y23.7474
G01 X11.3718Y23.8259
G01 X11.3542Y23.8480
G01 X11.2712Y23.9400
G01 X11.2516Y23.9603
G01 X11.1600Y24.0437
G01 X11.1385Y24.0620
G01 X11.0392Y24.1361
G01 X11.0160Y24.1521
G01 X10.9099Y24.2161
G01 X10.8852Y24.2298
G01 X10.7734Y24.2831
G01 X10.7475Y24.2943
G01 X10.6309Y24.3363
G01 X10.6040Y24.3450
G01 X10.4839Y24.3754
G01 X10.4406Y24.3840
G01 X10.3338Y24.3998
G01 X10.3058Y24.4031
G01 X10.1821Y24.4095
G01 X10.1379Y24.4095
G01 X10.0301Y24.4042
G01 X10.0020Y24.4019
G01 X9.8636Y24.3813
G01 X9.8361Y24.3754
G01 X9.7313Y24.3491
G01 X9.6891Y24.3363
G01 X9.5725Y24.2943
G01 X9.5466Y24.2831
G01 X9.4491Y24.2369
G01 X9.4101Y24.2161
G01 X9.3175Y24.1606
G01 X9.2938Y24.1453
G01 X9.1815Y24.0620
G01 X9.1600Y24.0437
G01 X9.0800Y23.9712
G01 X9.0488Y23.9400
G01 X8.9658Y23.8480
G01 X8.9482Y23.8259
G01 X8.8900Y23.7474
G01 X8.8318Y23.8259
G01 X8.8142Y23.8480
G01 X8.7312Y23.9400
G01 X8.7000Y23.9712
G01 X8.6200Y24.0437
G01 X8.5985Y24.0620
G01 X8.4862Y24.1453
G01 X8.4625Y24.1606
G01 X8.3699Y24.2161
G01 X8.3309Y24.2369
G01 X8.2334Y24.2831
G01 X8.2075Y24.2943
G01 X8.0758Y24.3414
G01 X8.0487Y24.3491
G01 X7.9439Y24.3754
G01 X7.9006Y24.3840
G01 X7.7938Y24.3998
G01 X7.7658Y24.4031
G01 X7.6261Y24.4099
G01 X7.5979Y24.4095
G01 X7.4901Y24.4042
G01 X7.4462Y24.3998
G01 X7.3394Y24.3840
G01 X7.3020Y24.3768
G01 X7.1913Y24.3491
G01 X7.1642Y24.3414
G01 X7.0325Y24.2943
G01 X7.0066Y24.2831
G01 X6.8948Y24.2298
G01 X6.8701Y24.2161
G01 X6.7775Y24.1606
G01 X6.7458Y24.1397
G01 X6.6541Y24.0718
G01 X6.6200Y24.0437
G01 X6.5400Y23.9712
G01 X6.5197Y23.9516
G01 X6.4363Y23.8600
G01 X6.4180Y23.8385
G01 X6.3347Y23.7262
G01 X6.3194Y23.7025
G01 X6.2639Y23.6099
G01 X6.2458Y23.5765
G01 X6.1969Y23.4734
G01 X6.1800Y23.4326
G01 X6.1437Y23.3309
G01 X6.1350Y23.3040
G01 X6.1046Y23.1839
G01 X6.0987Y23.1564
G01 X6.0781Y23.0180
G01 X6.0758Y22.9899
G01 X6.0701Y22.8710
G00 Z20.0000
G00 X6.6334Y21.6646
G01 Z20.0000
G01 X7.9350Y18.9127
G01 X10.8013Y14.1306
G01 X11.8453Y12.7229
G00 Z20.0000
G00 X11.5602Y12.4785
G01 Z20.0000
G01 X10.4895Y13.9222
G01 X7.6043Y18.7359
G01 X5.2048Y23.8092
G01 X3.3141Y29.0933
G01 X1.9505Y34.5372
G01 X1.1270Y40.0886
G01 X0.8516Y45.6939
G01 X1.1270Y51.2993
G01 X1.9505Y56.8506
G01 X3.3141Y62.2946
G01 X5.2048Y67.5786
G01 X7.3589Y72.1331
G00 Z20.0000
G00 X6.9961Y72.2419
G01 Z20.0000
G01 X4.8583Y67.7221
G01 X2.9553Y62.4034
G01 X1.5827Y56.9238
G01 X0.7538Y51.3360
G01 X0.4766Y45.6939
G01 X0.7538Y40.0518
G01 X1.5827Y34.4640
G01 X2.9553Y28.9844
G01 X4.8583Y23.6657
G01 X7.2736Y18.5591
G01 X10.1777Y13.7139
G01 X10.8392Y12.8219
G00 Z20.0000
G00 X10.2589Y12.9757
G01 Z20.0000
G01 X9.8659Y13.5056
G01 X6.9428Y18.3824
G01 X4.5119Y23.5222
G01 X2.5964Y28.8755
G01 X1.2149Y34.3909
G01 X0.3806Y40.0150
G01 X0.1016Y45.6939
G01 X0.3806Y51.3728
G01 X1.2149Y56.9970
G01 X2.5964Y62.5123
G01 X4.5119Y67.8656
G01 X6.6728Y72.4344
G00 Z20.0000
G00 X6.3918Y72.7163
G01 Z20.0000
G01 X4.1654Y68.0091
G01 X2.2376Y62.6211
G01 X0.8471Y57.0701
G01 X0.0074Y51.4095
G01 X-0.2734Y45.6939
G01 X0.0074Y39.9783
G01 X0.8471Y34.3177
G01 X2.2376Y28.7667
G01 X4.1654Y23.3787
G01 X6.6121Y18.2056
G01 X9.5541Y13.2972
G01 X9.8183Y12.9409
G00 Z20.0000
G00 X9.4508Y12.8077
G01 Z20.0000
G01 X9.2423Y13.0889
G01 X6.2814Y18.0288
G01 X3.8190Y23.2352
G01 X1.8787Y28.6578
G01 X0.4793Y34.2445
G01 X-0.3400Y39.7679
G01 X-0.3400Y37.2153
G01 X0.1115Y34.1714
G01 X1.5199Y28.5490
G01 X3.4725Y23.0917
G01 X5.9507Y17.8520
G01 X8.9305Y12.8805
G01 X9.1411Y12.5966
G01 X8.7737Y12.4632
G01 X8.6187Y12.6722
G01 X5.6200Y17.6753
G01 X3.1261Y22.9482
G01 X1.1610Y28.4401
G01 X-0.2563Y34.0982
G01 X-0.3400Y34.6626
G01 X-0.3400Y32.8910
G01 X0.8022Y28.3313
G01 X2.7796Y22.8047
G01 X5.2892Y17.4985
G01 X8.0314Y12.9235
G00 Z20.0000
G00 X7.5622Y12.9777
G01 Z20.0000
G01 X4.9585Y17.3217
G01 X2.4331Y22.6611
G01 X0.4433Y28.2224
G01 X-0.3400Y31.3495
G01 X-0.3400Y29.8080
G01 X0.0845Y28.1135
G01 X2.0867Y22.5176
G01 X4.6278Y17.1449
G01 X7.1651Y12.9117
G00 Z20.0000
G00 X6.8213Y12.7568
G01 Z20.0000
G01 X4.2971Y16.9682
G01 X1.7402Y22.3741
G01 X-0.2744Y28.0047
G01 X-0.3400Y28.2666
G01 X-0.3400Y27.0762
G01 X1.3938Y22.2306
G01 X3.9664Y16.7914
G01 X6.5234Y12.5253
G00 Z20.0000
G00 X6.2788Y12.2047
G01 Z20.0000
G01 X3.6356Y16.6146
G01 X1.0473Y22.0871
G01 X-0.3400Y25.9644
G01 X-0.3400Y24.8527
G01 X0.7009Y21.9436
G01 X3.3049Y16.4378
G01 X6.1069Y11.7630
G00 Z20.0000
G00 X6.0701Y11.4410
G01 Z20.0000
G01 X6.0705Y11.4079
G01 X6.0769Y11.2842
G01 X6.0802Y11.2562
G01 X6.0987Y11.1336
G01 X6.1046Y11.1061
G01 X6.1350Y10.9859
G01 X6.1437Y10.9591
G01 X6.1857Y10.8425
G01 X6.1969Y10.8166
G01 X6.2502Y10.7048
G01 X6.2639Y10.6801
G01 X6.3279Y10.5740
G01 X6.3439Y10.5508
G01 X6.4180Y10.4515
G01 X6.4363Y10.4300
G01 X6.5197Y10.3384
G01 X6.5400Y10.3188
G01 X6.6320Y10.2358
G01 X6.6541Y10.2182
G01 X6.7538Y10.1447
G01 X6.7775Y10.1294
G01 X6.8840Y10.0660
G01 X6.9091Y10.0531
G01 X7.0212Y10.0004
G01 X7.0474Y9.9900
G01 X7.1642Y9.9486
G01 X7.1913Y9.9409
G01 X7.3116Y9.9111
G01 X7.3394Y9.9060
G01 X7.4620Y9.8881
G01 X7.4901Y9.8858
G01 X7.6139Y9.8801
G01 X7.6421Y9.8805
G01 X7.7499Y9.8858
G01 X7.7780Y9.8881
G01 X7.9006Y9.9060
G01 X7.9439Y9.9146
G01 X8.0487Y9.9409
G01 X8.0758Y9.9486
G01 X8.1926Y9.9900
G01 X8.2334Y10.0069
G01 X8.3452Y10.0602
G01 X8.3699Y10.0739
G01 X8.4625Y10.1294
G01 X8.4862Y10.1447
G01 X8.5859Y10.2182
G01 X8.6200Y10.2463
G01 X8.7045Y10.3229
G01 X8.7312Y10.3500
G01 X8.8142Y10.4420
G01 X8.8318Y10.4641
G01 X8.8900Y10.5426
G01 X8.9482Y10.4641
G01 X8.9658Y10.4420
G01 X9.0488Y10.3500
G01 X9.0684Y10.3297
G01 X9.1600Y10.2463
G01 X9.1815Y10.2280
G01 X9.2808Y10.1539
G01 X9.3040Y10.1379
G01 X9.4101Y10.0739
G01 X9.4348Y10.0602
G01 X9.5466Y10.0069
G01 X9.5725Y9.9957
G01 X9.6891Y9.9537
G01 X9.7160Y9.9450
G01 X9.8361Y9.9146
G01 X9.8794Y9.9060
G01 X10.0020Y9.8881
G01 X10.0301Y9.8858
G01 X10.1379Y9.8805
G01 X10.1821Y9.8805
G01 X10.2899Y9.8858
G01 X10.3180Y9.8881
G01 X10.4406Y9.9060
G01 X10.4839Y9.9146
G01 X10.5887Y9.9409
G01 X10.6158Y9.9486
G01 X10.7475Y9.9957
G01 X10.7734Y10.0069
G01 X10.8709Y10.0531
G01 X10.9099Y10.0739
G01 X11.0025Y10.1294
G01 X11.0262Y10.1447
G01 X11.1385Y10.2280
G01 X11.1600Y10.2463
G01 X11.2400Y10.3188
G01 X11.2712Y10.3500
G01 X11.3542Y10.4420
G01 X11.3718Y10.4641
G01 X11.4300Y10.5426
G01 X11.4882Y10.4641
G01 X11.5058Y10.4420
G01 X11.5888Y10.3500
G01 X11.6200Y10.3188
G01 X11.7000Y10.2463
G01 X11.7215Y10.2280
G01 X11.8338Y10.1447
G01 X11.8575Y10.1294
G01 X11.9501Y10.0739
G01 X11.9891Y10.0531
G01 X12.0866Y10.0069
G01 X12.1125Y9.9957
G01 X12.2442Y9.9486
G01 X12.2713Y9.9409
G01 X12.3761Y9.9146
G01 X12.4194Y9.9060
G01 X12.5262Y9.8902
G01 X12.5542Y9.8869
G01 X12.6939Y9.8801
G01 X12.7221Y9.8805
G01 X12.8299Y9.8858
G01 X12.8738Y9.8902
G01 X12.9806Y9.9060
G01 X13.0180Y9.9132
G01 X13.1287Y9.9409
G01 X13.1558Y9.9486
G01 X13.2875Y9.9957
G01 X13.3134Y10.0069
G01 X13.4252Y10.0602
G01 X13.4499Y10.0739
G01 X13.5425Y10.1294
G01 X13.5742Y10.1503
G01 X13.6659Y10.2182
G01 X13.7000Y10.2463
G01 X13.7800Y10.3188
G01 X13.8003Y10.3384
G01 X13.8837Y10.4300
G01 X13.9020Y10.4515
G01 X13.9853Y10.5638
G01 X14.0006Y10.5875
G01 X14.0561Y10.6801
G01 X14.0742Y10.7136
G01 X14.1231Y10.8166
G01 X14.1400Y10.8574
G01 X14.1763Y10.9591
G01 X14.1850Y10.9859
G01 X14.2154Y11.1061
G01 X14.2213Y11.1336
G01 X14.2398Y11.2562
G01 X14.2431Y11.2842
G01 X14.2499Y11.4239
G01 X14.2495Y11.4521
G01 X14.2431Y11.5758
G01 X14.2398Y11.6038
G01 X14.2213Y11.7264
G01 X14.2154Y11.7539
G01 X14.1850Y11.8741
G01 X14.1763Y11.9009
G01 X14.1343Y12.0175
G01 X14.1231Y12.0434
G01 X14.0698Y12.1552
G01 X14.0561Y12.1799
G01 X13.9921Y12.2860
G01 X13.9761Y12.3092
G01 X13.9020Y12.4085
G01 X13.8837Y12.4300
G01 X13.8003Y12.5216
G01 X13.7800Y12.5412
G01 X13.6880Y12.6242
G01 X13.6659Y12.6418
G01 X13.5662Y12.7153
G01 X13.5425Y12.7306
G01 X13.4360Y12.7940
G01 X13.4109Y12.8069
G01 X13.2988Y12.8596
G01 X13.2726Y12.8700
G01 X13.1558Y12.9114
G01 X13.1287Y12.9191
G01 X13.0084Y12.9489
G01 X12.9806Y12.9540
G01 X12.8580Y12.9719
G01 X12.8299Y12.9742
G01 X12.7061Y12.9799
G01 X12.6779Y12.9795
G01 X12.5701Y12.9742
G01 X12.5420Y12.9719
G01 X12.4194Y12.9540
G01 X12.3761Y12.9454
G01 X12.2713Y12.9191
G01 X12.2442Y12.9114
G01 X12.1274Y12.8700
G01 X12.0866Y12.8531
G01 X11.9748Y12.7998
G01 X11.9501Y12.7861
G01 X11.8575Y12.7306
G01 X11.8338Y12.7153
G01 X11.7341Y12.6418
G01 X11.7000Y12.6137
G01 X11.6155Y12.5371
G01 X11.5888Y12.5100
G01 X11.5058Y12.4180
G01 X11.4882Y12.3959
G01 X11.4300Y12.3174
G01 X11.3718Y12.3959
G01 X11.3542Y12.4180
G01 X11.2712Y12.5100
G01 X11.2516Y12.5303
G01 X11.1600Y12.6137
G01 X11.1385Y12.6320
G01 X11.0392Y12.7061
G01 X11.0160Y12.7221
G01 X10.9099Y12.7861
G01 X10.8852Y12.7998
G01 X10.7734Y12.8531
G01 X10.7475Y12.8643
G01 X10.6309Y12.9063
G01 X10.6040Y12.9150
G01 X10.4839Y12.9454
G01 X10.4406Y12.9540
G01 X10.3180Y12.9719
G01 X10.2899Y12.9742
G01 X10.1821Y12.9795
G01 X10.1379Y12.9795
G01 X10.0301Y12.9742
G01 X10.0020Y12.9719
G01 X9.8794Y12.9540
G01 X9.8361Y12.9454
G01 X9.7313Y12.9191
G01 X9.7042Y12.9114
G01 X9.5725Y12.8643
G01 X9.5466Y12.8531
G01 X9.4491Y12.8069
G01 X9.4101Y12.7861
G01 X9.3175Y12.7306
G01 X9.2938Y12.7153
G01 X9.1815Y12.6320
G01 X9.1600Y12.6137
G01 X9.0800Y12.5412
G01 X9.0488Y12.5100
G01 X8.9658Y12.4180
G01 X8.9482Y12.3959
G01 X8.8900Y12.3174
G01 X8.8318Y12.3959
G01 X8.8142Y12.4180
G01 X8.7312Y12.5100
G01 X8.7000Y12.5412
G01 X8.6200Y12.6137
G01 X8.5985Y12.6320
G01 X8.4862Y12.7153
G01 X8.4625Y12.7306
G01 X8.3699Y12.7861
G01 X8.3309Y12.8069
G01 X8.2334Y12.8531
G01 X8.2075Y12.8643
G01 X8.0758Y12.9114
G01 X8.0487Y12.9191
G01 X7.9439Y12.9454
G01 X7.9006Y12.9540
G01 X7.7938Y12.9698
G01 X7.7658Y12.9731
G01 X7.6261Y12.9799
G01 X7.5979Y12.9795
G01 X7.4901Y12.9742
G01 X7.4462Y12.9698
G01 X7.3394Y12.9540
G01 X7.3020Y12.9468
G01 X7.1913Y12.9191
G01 X7.1642Y12.9114
G01 X7.0325Y12.8643
G01 X7.0066Y12.8531
G01 X6.8948Y12.7998
G01 X6.8701Y12.7861
G01 X6.7775Y12.7306
G01 X6.7458Y12.7097
G01 X6.6541Y12.6418
G01 X6.6200Y12.6137
G01 X6.5400Y12.5412
G01 X6.5197Y12.5216
G01 X6.4363Y12.4300
G01 X6.4180Y12.4085
G01 X6.3347Y12.2962
G01 X6.3194Y12.2725
G01 X6.2639Y12.1799
G01 X6.2458Y12.1464
G01 X6.1969Y12.0434
G01 X6.1800Y12.0026
G01 X6.1437Y11.9009
G01 X6.1350Y11.8741
G01 X6.1046Y11.7539
G01 X6.0987Y11.7264
G01 X6.0781Y11.5880
G01 X6.0758Y11.5599
G01 X6.0701Y11.4410
G00 Z20.0000
G00 X6.1328Y10.9940
G01 Z20.0000
G01 X6.1243Y11.0055
G01 X2.9742Y16.2611
G01 X0.3544Y21.8001
G01 X-0.3400Y23.7409
G00 Z20.0000
G00 X7.1860Y21.3723
G01 Z20.0000
G01 X8.2657Y19.0895
G01 X11.1131Y14.3389
G01 X12.1868Y12.8912
G00 Z20.0000
G00 X12.5908Y12.9752
G01 Z20.0000
G01 X11.4249Y14.5473
G01 X8.5964Y19.2662
G01 X7.6297Y21.3102
G00 Z20.0000
G00 X16.1015Y22.0074
G01 Z20.0000
G01 X16.1018Y21.9774
G01 X16.1079Y21.8604
G01 X16.1111Y21.8324
G01 X16.1281Y21.7196
G01 X16.1341Y21.6920
G01 X16.1621Y21.5814
G01 X16.1708Y21.5545
G01 X16.2095Y21.4472
G01 X16.2207Y21.4213
G01 X16.2698Y21.3183
G01 X16.2835Y21.2937
G01 X16.3424Y21.1960
G01 X16.3585Y21.1728
G01 X16.4267Y21.0813
G01 X16.4450Y21.0598
G01 X16.5218Y20.9755
G01 X16.5421Y20.9559
G01 X16.6268Y20.8795
G01 X16.6489Y20.8619
G01 X16.7408Y20.7942
G01 X16.7645Y20.7790
G01 X16.8625Y20.7206
G01 X16.8876Y20.7077
G01 X16.9909Y20.6592
G01 X17.0171Y20.6488
G01 X17.1246Y20.6107
G01 X17.1518Y20.6029
G01 X17.2625Y20.5755
G01 X17.2903Y20.5705
G01 X17.4032Y20.5541
G01 X17.4313Y20.5518
G01 X17.5453Y20.5465
G01 X17.5735Y20.5469
G01 X17.6874Y20.5529
G01 X17.7154Y20.5561
G01 X17.8282Y20.5731
G01 X17.8558Y20.5791
G01 X17.9664Y20.6071
G01 X17.9933Y20.6158
G01 X18.1006Y20.6545
G01 X18.1265Y20.6657
G01 X18.2295Y20.7148
G01 X18.2541Y20.7285
G01 X18.3518Y20.7874
G01 X18.3750Y20.8035
G01 X18.4665Y20.8717
G01 X18.4880Y20.8900
G01 X18.5723Y20.9668
G01 X18.5919Y20.9871
G01 X18.6683Y21.0718
G01 X18.6859Y21.0939
G01 X18.7536Y21.1858
G01 X18.7688Y21.2095
G01 X18.8272Y21.3075
G01 X18.8401Y21.3326
G01 X18.8886Y21.4359
G01 X18.8990Y21.4621
G01 X18.9371Y21.5696
G01 X18.9449Y21.5968
G01 X18.9723Y21.7075
G01 X18.9773Y21.7353
G01 X18.9937Y21.8482
G01 X18.9960Y21.8763
G01 X19.0013Y21.9903
G01 X19.0009Y22.0185
G01 X18.9949Y22.1324
G01 X18.9917Y22.1604
G01 X18.9747Y22.2732
G01 X18.9687Y22.3008
G01 X18.9407Y22.4114
G01 X18.9320Y22.4383
G01 X18.8933Y22.5456
G01 X18.8821Y22.5715
G01 X18.8330Y22.6745
G01 X18.8193Y22.6991
G01 X18.7604Y22.7968
G01 X18.7443Y22.8200
G01 X18.6761Y22.9115
G01 X18.6578Y22.9330
G01 X18.5810Y23.0173
G01 X18.5607Y23.0369
G01 X18.4760Y23.1133
G01 X18.4539Y23.1309
G01 X18.3620Y23.1986
G01 X18.3383Y23.2138
G01 X18.2403Y23.2722
G01 X18.2152Y23.2851
G01 X18.1119Y23.3336
G01 X18.0857Y23.3440
G01 X17.9782Y23.3821
G01 X17.9510Y23.3899
G01 X17.8403Y23.4173
G01 X17.8125Y23.4223
G01 X17.6996Y23.4387
G01 X17.6715Y23.4410
G01 X17.5575Y23.4463
G01 X17.5293Y23.4459
G01 X17.4154Y23.4399
G01 X17.3874Y23.4367
G01 X17.2746Y23.4197
G01 X17.2470Y23.4137
G01 X17.1364Y23.3857
G01 X17.1095Y23.3770
G01 X17.0022Y23.3383
G01 X16.9763Y23.3271
G01 X16.8733Y23.2780
G01 X16.8487Y23.2643
G01 X16.7510Y23.2054
G01 X16.7278Y23.1893
G01 X16.6363Y23.1211
G01 X16.6148Y23.1028
G01 X16.5305Y23.0260
G01 X16.5109Y23.0057
G01 X16.4345Y22.9210
G01 X16.4169Y22.8989
G01 X16.3492Y22.8070
G01 X16.3340Y22.7833
G01 X16.2756Y22.6853
G01 X16.2627Y22.6602
G01 X16.2142Y22.5569
G01 X16.2038Y22.5307
G01 X16.1657Y22.4232
G01 X16.1579Y22.3960
G01 X16.1305Y22.2853
G01 X16.1255Y22.2575
G01 X16.1091Y22.1446
G01 X16.1068Y22.1165
G01 X16.1015Y22.0074
G00 Z20.0000
G00 X16.1031Y22.0416
G01 Z20.0000
G01 X15.5416Y22.9785
G01 X13.5197Y27.2533
G01 X11.9393Y31.6704
G00 Z20.0000
G00 X12.3981Y31.4998
G01 Z20.0000
G01 X13.8662Y27.3969
G01 X15.8723Y23.1553
G01 X16.2214Y22.5728
G00 Z20.0000
G00 X16.4433Y22.9311
G01 Z20.0000
G01 X16.2030Y23.3320
G01 X14.2126Y27.5404
G01 X12.8049Y31.4746
G00 Z20.0000
G00 X13.1772Y31.5459
G01 Z20.0000
G01 X14.5591Y27.6839
G01 X16.5337Y23.5088
G01 X16.7260Y23.1880
G00 Z20.0000
G00 X17.0600Y23.3593
G01 Z20.0000
G01 X16.8645Y23.6856
G01 X14.9055Y27.8274
G01 X13.5181Y31.7048
G00 Z20.0000
G00 X13.8260Y31.9562
G01 Z20.0000
G01 X15.2520Y27.9709
G01 X17.1952Y23.8623
G01 X17.4472Y23.4418
G00 Z20.0000
G00 X17.9087Y23.4005
G01 Z20.0000
G01 X17.5259Y24.0391
G01 X15.5984Y28.1144
G01 X14.0887Y32.3339
G00 Z20.0000
G00 X13.5980Y34.2821
G01 Z20.0000
G01 X12.9843Y36.7319
G01 X12.3229Y41.1912
G01 X12.2986Y41.6840
G00 Z20.0000
G00 X12.6763Y41.6306
G01 Z20.0000
G01 X12.6960Y41.2280
G01 X13.3521Y36.8051
G01 X14.4386Y32.4678
G01 X15.9449Y28.2579
G01 X17.8566Y24.2159
G01 X18.5665Y23.0315
G00 Z20.0000
G00 X18.9428Y22.4037
G01 Z20.0000
G01 X20.1553Y20.3807
G01 X22.8189Y16.7894
G01 X25.8216Y13.4764
G01 X29.1346Y10.4736
G01 X32.7260Y7.8101
G01 X36.5611Y5.5114
G01 X40.6031Y3.5996
G01 X44.8131Y2.0933
G01 X49.1503Y1.0069
G01 X53.5732Y0.3508
G01 X58.0391Y0.1314
G01 X62.5051Y0.3508
G01 X66.9280Y1.0069
G01 X71.2652Y2.0933
G01 X75.4752Y3.5996
G01 X78.9337Y5.2354
G00 Z20.0000
G00 X79.2779Y4.9839
G01 Z20.0000
G01 X75.6187Y3.2532
G01 X71.3741Y1.7345
G01 X67.0011Y0.6391
G01 X62.5418Y-0.0224
G01 X58.0391Y-0.2436
G01 X53.5365Y-0.0224
G01 X49.0772Y0.6391
G01 X44.7042Y1.7345
G01 X40.4596Y3.2532
G01 X36.3844Y5.1806
G01 X32.5176Y7.4983
G01 X28.8967Y10.1837
G01 X25.6088Y13.1637
G00 Z20.0000
G00 X25.6755Y12.5978
G01 Z20.0000
G01 X28.6588Y9.8939
G01 X32.3093Y7.1865
G01 X36.2076Y4.8499
G01 X40.3161Y2.9067
G01 X44.5953Y1.3756
G01 X49.0040Y0.2713
G01 X53.1250Y-0.3400
G01 X50.5724Y-0.3400
G01 X48.9309Y-0.0965
G01 X44.4865Y1.0168
G01 X40.1726Y2.5603
G01 X36.0308Y4.5192
G01 X32.1010Y6.8747
G01 X28.4209Y9.6040
G01 X25.5863Y12.1731
G00 Z20.0000
G00 X25.4105Y11.8270
G01 Z20.0000
G01 X28.1830Y9.3141
G01 X31.8926Y6.5629
G01 X35.8540Y4.1885
G01 X40.0291Y2.2138
G01 X44.3776Y0.6579
G01 X48.3615Y-0.3400
G01 X46.8200Y-0.3400
G01 X44.2688Y0.2991
G01 X39.8856Y1.8674
G01 X35.6773Y3.8578
G01 X31.6843Y6.2511
G01 X27.9451Y9.0242
G01 X25.1628Y11.5460
G00 Z20.0000
G00 X24.8475Y11.3263
G01 Z20.0000
G01 X27.7072Y8.7343
G01 X31.4759Y5.9393
G01 X35.5005Y3.5270
G01 X39.7421Y1.5209
G01 X44.1599Y-0.0598
G01 X45.2785Y-0.3400
G01 X43.8312Y-0.3400
G01 X39.5986Y1.1745
G01 X35.3237Y3.1963
G01 X31.2676Y5.6275
G01 X27.4693Y8.4445
G01 X24.4477Y11.1831
G00 Z20.0000
G00 X23.9073Y11.1674
G01 Z20.0000
G01 X27.2314Y8.1546
G01 X31.0593Y5.3157
G01 X35.1469Y2.8656
G01 X39.4551Y0.8280
G01 X42.7194Y-0.3400
G00 Z20.0000
G00 X41.9457Y11.2512
G01 Z20.0000
G01 X43.4733Y10.5287
G01 X46.9902Y9.2704
G01 X50.6135Y8.3628
G01 X54.3084Y7.8147
G01 X58.0391Y7.6314
G01 X61.7699Y7.8147
G01 X65.4648Y8.3628
G01 X69.0881Y9.2704
G01 X72.6050Y10.5287
G01 X75.9817Y12.1258
G01 X79.1855Y14.0461
G01 X80.5509Y15.0587
G00 Z20.0000
G00 X79.8083Y14.9743
G01 Z20.0000
G01 X78.9772Y14.3579
G01 X75.8049Y12.4565
G01 X72.4615Y10.8752
G01 X68.9793Y9.6292
G01 X65.3916Y8.7306
G01 X61.7332Y8.1879
G01 X58.0391Y8.0064
G01 X54.3451Y8.1879
G01 X50.6867Y8.7306
G01 X47.0990Y9.6292
G01 X43.6168Y10.8752
G01 X42.5286Y11.3899
G00 Z20.0000
G00 X42.8903Y11.6331
G01 Z20.0000
G01 X43.7603Y11.2217
G01 X47.2079Y9.9881
G01 X50.7598Y9.0984
G01 X54.3819Y8.5611
G01 X58.0391Y8.3814
G01 X61.6964Y8.5611
G01 X65.3185Y9.0984
G01 X68.8704Y9.9881
G01 X72.3180Y11.2217
G01 X75.6281Y12.7872
G01 X78.7689Y14.6697
G01 X79.3568Y15.1058
G00 Z20.0000
G00 X79.0170Y15.3201
G01 Z20.0000
G01 X78.5605Y14.9815
G01 X75.4514Y13.1179
G01 X72.1745Y11.5681
G01 X68.7615Y10.3469
G01 X65.2453Y9.4662
G01 X61.6597Y8.9343
G01 X58.0391Y8.7564
G01 X54.4186Y8.9343
G01 X50.8330Y9.4662
G01 X47.3168Y10.3469
G01 X43.9038Y11.5681
G01 X43.1378Y11.9304
G00 Z20.0000
G00 X43.2948Y12.2705
G01 Z20.0000
G01 X44.0473Y11.9146
G01 X47.4256Y10.7058
G01 X50.9062Y9.8339
G01 X54.4554Y9.3075
G01 X58.0391Y9.1314
G01 X61.6229Y9.3075
G01 X65.1721Y9.8339
G01 X68.6527Y10.7058
G01 X72.0310Y11.9146
G01 X75.2746Y13.4487
G01 X77.8969Y15.0204
G00 Z20.0000
G00 X77.1314Y14.9983
G01 Z20.0000
G01 X75.0978Y13.7794
G01 X71.8875Y12.2610
G01 X68.5438Y11.0646
G01 X65.0990Y10.2017
G01 X61.5861Y9.6807
G01 X58.0391Y9.5064
G01 X54.4922Y9.6807
G01 X50.9793Y10.2017
G01 X47.5345Y11.0646
G01 X44.1908Y12.2610
G01 X43.3583Y12.6547
G00 Z20.0000
G00 X43.3048Y13.0944
G01 Z20.0000
G01 X44.3343Y12.6075
G01 X47.6433Y11.4235
G01 X51.0525Y10.5695
G01 X54.5289Y10.0539
G01 X58.0391Y9.8814
G01 X61.5494Y10.0539
G01 X65.0258Y10.5695
G01 X68.4350Y11.4235
G01 X71.7440Y12.6075
G01 X74.9210Y14.1101
G01 X76.6913Y15.1712
G00 Z20.0000
G00 X76.3718Y15.4163
G01 Z20.0000
G01 X74.7443Y14.4408
G01 X71.6005Y12.9539
G01 X68.3261Y11.7823
G01 X64.9527Y10.9373
G01 X61.5126Y10.4270
G01 X58.0391Y10.2564
G01 X54.5657Y10.4270
G01 X51.1256Y10.9373
G01 X47.7522Y11.7823
G01 X44.4778Y12.9539
G01 X43.0029Y13.6515
G00 Z20.0000
G00 X41.9522Y14.1485
G01 Z20.0000
G01 X41.3340Y14.4408
G01 X38.3511Y16.2287
G01 X35.5578Y18.3003
G01 X32.9811Y20.6358
G01 X30.6456Y23.2126
G01 X28.5739Y26.0059
G01 X26.7861Y28.9888
G01 X26.3130Y29.9889
G00 Z20.0000
G00 X26.7462Y29.9492
G01 Z20.0000
G01 X27.1168Y29.1656
G01 X28.8857Y26.2142
G01 X30.9355Y23.4505
G01 X33.2462Y20.9010
G01 X35.7957Y18.5902
G01 X38.5595Y16.5405
G01 X41.5108Y14.7715
G01 X44.6213Y13.3004
G01 X47.8610Y12.1412
G01 X51.1988Y11.3051
G01 X54.6024Y10.8002
G01 X58.0391Y10.6314
G01 X61.4759Y10.8002
G01 X64.8795Y11.3051
G01 X68.2173Y12.1412
G01 X71.4570Y13.3004
G01 X74.5675Y14.7715
G01 X74.8847Y14.9617
G00 Z20.0000
G00 X74.3383Y15.0775
G01 Z20.0000
G01 X71.3135Y13.6468
G01 X68.1084Y12.5000
G01 X64.8063Y11.6729
G01 X61.4391Y11.1734
G01 X58.0391Y11.0064
G01 X54.6392Y11.1734
G01 X51.2720Y11.6729
G01 X47.9699Y12.5000
G01 X44.7648Y13.6468
G01 X41.6876Y15.1023
G01 X38.7678Y16.8523
G01 X36.0336Y18.8801
G01 X33.5114Y21.1661
G01 X31.2253Y23.6884
G01 X29.1975Y26.4226
G01 X27.4475Y29.3423
G01 X27.1290Y30.0157
G00 Z20.0000
G00 X27.4703Y30.1701
G01 Z20.0000
G01 X27.7782Y29.5191
G01 X29.5093Y26.6309
G01 X31.5152Y23.9263
G01 X33.7765Y21.4313
G01 X36.2715Y19.1700
G01 X38.9761Y17.1641
G01 X41.8643Y15.4330
G01 X44.9083Y13.9933
G01 X48.0788Y12.8589
G01 X51.3451Y12.0407
G01 X54.6759Y11.5466
G01 X58.0391Y11.3814
G01 X61.4024Y11.5466
G01 X64.7332Y12.0407
G01 X67.9995Y12.8589
G01 X71.1700Y13.9933
G01 X73.9508Y15.3085
G00 Z20.0000
G00 X73.6805Y15.5950
G01 Z20.0000
G01 X73.6174Y15.5651
G00 Z20.0000
G00 X72.3418Y14.9618
G01 Z20.0000
G01 X71.0265Y14.3397
G01 X67.8907Y13.2177
G01 X64.6600Y12.4085
G01 X61.3656Y11.9198
G01 X58.0391Y11.7564
G01 X54.7127Y11.9198
G01 X51.4183Y12.4085
G01 X48.1876Y13.2177
G01 X45.0518Y14.3397
G01 X42.0411Y15.7637
G01 X39.1845Y17.4759
G01 X36.5094Y19.4599
G01 X34.0417Y21.6965
G01 X31.8051Y24.1642
G01 X29.8211Y26.8392
G01 X28.1089Y29.6959
G01 X27.7727Y30.4069
G00 Z20.0000
G00 X28.0263Y30.7466
G01 Z20.0000
G01 X28.4397Y29.8727
G01 X30.1330Y27.0476
G01 X32.0950Y24.4021
G01 X34.3069Y21.9616
G01 X36.7473Y19.7497
G01 X39.3928Y17.7877
G01 X42.2179Y16.0944
G01 X45.1953Y14.6862
G01 X48.2965Y13.5766
G01 X51.4914Y12.7763
G01 X54.7494Y12.2930
G01 X58.0391Y12.1314
G01 X61.3288Y12.2930
G01 X64.5869Y12.7763
G01 X67.7818Y13.5766
G01 X70.8830Y14.6862
G01 X71.7534Y15.0979
G00 Z20.0000
G00 X71.3798Y15.3355
G01 Z20.0000
G01 X70.7395Y15.0327
G01 X67.6730Y13.9355
G01 X64.5137Y13.1441
G01 X61.2921Y12.6662
G01 X58.0391Y12.5064
G01 X54.7862Y12.6662
G01 X51.5646Y13.1441
G01 X48.4053Y13.9355
G01 X45.3388Y15.0327
G01 X42.3947Y16.4251
G01 X39.6012Y18.0995
G01 X36.9852Y20.0396
G01 X34.5720Y22.2268
G01 X32.3849Y24.6400
G01 X30.4448Y27.2559
G01 X28.7704Y30.0494
G01 X28.1999Y31.2555
G00 Z20.0000
G00 X27.4547Y32.8312
G01 Z20.0000
G01 X27.3779Y32.9936
G01 X27.0846Y33.8133
G00 Z20.0000
G00 X27.4311Y33.9566
G01 Z20.0000
G01 X27.7244Y33.1371
G01 X29.1011Y30.2262
G01 X30.7566Y27.4643
G01 X32.6747Y24.8779
G01 X34.8372Y22.4920
G01 X37.2231Y20.3295
G01 X39.8095Y18.4113
G01 X42.5714Y16.7559
G01 X45.4823Y15.3791
G01 X48.5142Y14.2943
G01 X51.6377Y13.5119
G01 X54.8230Y13.0394
G01 X58.0391Y12.8814
G01 X61.2553Y13.0394
G01 X64.4406Y13.5119
G01 X67.5641Y14.2943
G01 X69.5233Y14.9953
G00 Z20.0000
G00 X69.0084Y15.2089
G01 Z20.0000
G01 X67.4553Y14.6532
G01 X64.3674Y13.8797
G01 X61.2186Y13.4126
G01 X58.0391Y13.2564
G01 X54.8597Y13.4126
G01 X51.7109Y13.8797
G01 X48.6230Y14.6532
G01 X45.6259Y15.7256
G01 X42.7482Y17.0866
G01 X40.0178Y18.7231
G01 X37.4610Y20.6194
G01 X35.1024Y22.7571
G01 X32.9646Y25.1158
G01 X31.0684Y27.6726
G01 X29.4318Y30.4030
G01 X28.0708Y33.2806
G01 X27.7453Y34.1904
G01 X28.1471Y34.1793
G01 X28.4173Y33.4241
G01 X29.7625Y30.5797
G01 X31.3802Y27.8809
G01 X33.2545Y25.3537
G01 X35.3675Y23.0223
G01 X37.6989Y20.9093
G01 X40.2262Y19.0349
G01 X42.9250Y17.4173
G01 X45.7694Y16.0720
G01 X48.7319Y15.0120
G01 X51.7841Y14.2475
G01 X54.8965Y13.7858
G01 X58.0391Y13.6314
G01 X61.1818Y13.7858
G01 X64.2942Y14.2475
G01 X67.1660Y14.9668
G00 Z20.0000
G00 X66.5045Y15.1872
G01 Z20.0000
G01 X64.2211Y14.6153
G01 X61.1451Y14.1590
G01 X58.0391Y14.0064
G01 X54.9332Y14.1590
G01 X51.8572Y14.6153
G01 X48.8408Y15.3709
G01 X45.9129Y16.4185
G01 X43.1018Y17.7480
G01 X40.4345Y19.3467
G01 X37.9368Y21.1991
G01 X36.6860Y22.3328
G00 Z20.0000
G00 X37.2002Y22.3722
G01 Z20.0000
G01 X38.1747Y21.4890
G01 X40.6429Y19.6585
G01 X43.2785Y18.0787
G01 X46.0564Y16.7649
G01 X46.2815Y16.6844
G00 Z20.0000
G00 X45.8756Y17.2648
G01 Z20.0000
G01 X43.4553Y18.4095
G01 X40.8512Y19.9703
G01 X38.4126Y21.7789
G01 X37.5890Y22.5254
G00 Z20.0000
G00 X37.8963Y22.7523
G01 Z20.0000
G01 X38.6505Y22.0688
G01 X40.8749Y20.4191
G00 Z20.0000
G00 X40.7174Y21.0022
G01 Z20.0000
G01 X38.8884Y22.3587
G01 X38.8067Y22.4327
G00 Z20.0000
G00 X39.5469Y22.3366
G01 Z20.0000
G01 X40.7594Y21.4373
G00 Z20.0000
G00 X40.7141Y21.0930
G01 Z20.0000
G01 X40.7145Y21.0599
G01 X40.7205Y20.9460
G01 X40.7237Y20.9180
G01 X40.7407Y20.8052
G01 X40.7467Y20.7776
G01 X40.7747Y20.6670
G01 X40.7834Y20.6401
G01 X40.8221Y20.5328
G01 X40.8333Y20.5069
G01 X40.8824Y20.4039
G01 X40.8961Y20.3793
G01 X40.9550Y20.2816
G01 X40.9711Y20.2584
G01 X41.0393Y20.1669
G01 X41.0576Y20.1454
G01 X41.1344Y20.0611
G01 X41.1547Y20.0415
G01 X41.2394Y19.9651
G01 X41.2615Y19.9475
G01 X41.3534Y19.8798
G01 X41.3771Y19.8646
G01 X41.4751Y19.8062
G01 X41.5002Y19.7933
G01 X41.6035Y19.7448
G01 X41.6297Y19.7344
G01 X41.7372Y19.6963
G01 X41.7644Y19.6885
G01 X41.8751Y19.6611
G01 X41.9029Y19.6561
G01 X42.0158Y19.6397
G01 X42.0439Y19.6374
G01 X42.1579Y19.6321
G01 X42.1861Y19.6325
G01 X42.3000Y19.6385
G01 X42.3280Y19.6417
G01 X42.4408Y19.6587
G01 X42.4684Y19.6647
G01 X42.5790Y19.6927
G01 X42.6059Y19.7014
G01 X42.7132Y19.7401
G01 X42.7391Y19.7513
G01 X42.8421Y19.8004
G01 X42.8667Y19.8141
G01 X42.9644Y19.8730
G01 X42.9876Y19.8891
G01 X43.0791Y19.9573
G01 X43.1006Y19.9756
G01 X43.1849Y20.0524
G01 X43.2045Y20.0727
G01 X43.2809Y20.1574
G01 X43.2985Y20.1795
G01 X43.3662Y20.2714
G01 X43.3814Y20.2951
G01 X43.4398Y20.3931
G01 X43.4527Y20.4182
G01 X43.5012Y20.5215
G01 X43.5116Y20.5477
G01 X43.5497Y20.6552
G01 X43.5575Y20.6824
G01 X43.5849Y20.7931
G01 X43.5899Y20.8209
G01 X43.6063Y20.9338
G01 X43.6086Y20.9619
G01 X43.6139Y21.0759
G01 X43.6135Y21.1041
G01 X43.6075Y21.2180
G01 X43.6043Y21.2460
G01 X43.5873Y21.3588
G01 X43.5813Y21.3864
G01 X43.5533Y21.4970
G01 X43.5446Y21.5239
G01 X43.5059Y21.6312
G01 X43.4947Y21.6571
G01 X43.4456Y21.7601
G01 X43.4319Y21.7847
G01 X43.3730Y21.8824
G01 X43.3569Y21.9056
G01 X43.2887Y21.9971
G01 X43.2704Y22.0186
G01 X43.1936Y22.1029
G01 X43.1733Y22.1225
G01 X43.0886Y22.1989
G01 X43.0665Y22.2165
G01 X42.9746Y22.2842
G01 X42.9509Y22.2994
G01 X42.8529Y22.3578
G01 X42.8278Y22.3707
G01 X42.7245Y22.4192
G01 X42.6983Y22.4296
G01 X42.5908Y22.4677
G01 X42.5636Y22.4755
G01 X42.4529Y22.5029
G01 X42.4251Y22.5079
G01 X42.3122Y22.5243
G01 X42.2841Y22.5266
G01 X42.1701Y22.5319
G01 X42.1419Y22.5315
G01 X42.0280Y22.5255
G01 X42.0000Y22.5223
G01 X41.8872Y22.5053
G01 X41.8596Y22.4993
G01 X41.7490Y22.4713
G01 X41.7221Y22.4626
G01 X41.6148Y22.4239
G01 X41.5889Y22.4127
G01 X41.4859Y22.3636
G01 X41.4613Y22.3499
G01 X41.3636Y22.2910
G01 X41.3404Y22.2749
G01 X41.2489Y22.2067
G01 X41.2274Y22.1884
G01 X41.1431Y22.1116
G01 X41.1235Y22.0913
G01 X41.0471Y22.0066
G01 X41.0295Y21.9845
G01 X40.9618Y21.8926
G01 X40.9466Y21.8689
G01 X40.8882Y21.7709
G01 X40.8753Y21.7458
G01 X40.8268Y21.6425
G01 X40.8164Y21.6163
G01 X40.7783Y21.5088
G01 X40.7705Y21.4816
G01 X40.7431Y21.3709
G01 X40.7381Y21.3431
G01 X40.7217Y21.2302
G01 X40.7194Y21.2021
G01 X40.7141Y21.0930
G00 Z20.0000
G00 X40.9034Y21.7969
G01 Z20.0000
G01 X40.0050Y22.4632
G00 Z20.0000
G00 X40.3490Y22.6744
G01 Z20.0000
G01 X41.1282Y22.0964
G00 Z20.0000
G00 X41.4358Y22.3346
G01 Z20.0000
G01 X40.6095Y22.9475
G00 Z20.0000
G00 X40.7981Y23.2739
G01 Z20.0000
G01 X41.8468Y22.4961
G00 Z20.0000
G00 X42.4727Y22.4982
G01 Z20.0000
G01 X40.9038Y23.6618
G00 Z20.0000
G00 X40.8975Y24.1328
G01 Z20.0000
G01 X42.7262Y22.7765
G01 X45.0463Y21.3860
G01 X47.4914Y20.2295
G01 X50.0382Y19.3182
G01 X51.2936Y19.0038
G00 Z20.0000
G00 X50.9520Y18.7032
G01 Z20.0000
G01 X50.5588Y18.8017
G00 Z20.0000
G00 X49.2497Y19.2026
G01 Z20.0000
G01 X47.3479Y19.8830
G01 X44.8695Y21.0552
G01 X43.2794Y22.0083
G00 Z20.0000
G00 X43.5800Y21.3914
G01 Z20.0000
G01 X44.6927Y20.7245
G01 X47.2044Y19.5366
G01 X48.7315Y18.9902
G00 Z20.0000
G00 X48.4142Y18.7059
G01 Z20.0000
G01 X48.3135Y18.7419
G00 Z20.0000
G00 X47.0135Y19.2125
G01 Z20.0000
G01 X44.5160Y20.3938
G01 X43.6068Y20.9387
G00 Z20.0000
G00 X43.5149Y20.5571
G01 Z20.0000
G01 X44.3392Y20.0631
G01 X46.5089Y19.0369
G00 Z20.0000
G00 X46.1795Y18.7783
G01 Z20.0000
G01 X44.1624Y19.7324
G01 X43.3347Y20.2284
G00 Z20.0000
G00 X43.0701Y19.9504
G01 Z20.0000
G01 X43.9856Y19.4016
G01 X45.9549Y18.4702
G00 Z20.0000
G00 X45.8214Y18.1191
G01 Z20.0000
G01 X43.8089Y19.0709
G01 X42.7005Y19.7352
G00 Z20.0000
G00 X42.1434Y19.6325
G01 Z20.0000
G01 X43.6321Y18.7402
G01 X45.7822Y17.7232
G00 Z20.0000
G00 X45.7801Y17.7910
G01 Z20.0000
G01 X45.7805Y17.7579
G01 X45.7865Y17.6440
G01 X45.7897Y17.6160
G01 X45.8067Y17.5032
G01 X45.8127Y17.4756
G01 X45.8407Y17.3650
G01 X45.8494Y17.3381
G01 X45.8824Y17.2457
G01 X45.8993Y17.2049
G01 X45.9440Y17.1107
G01 X45.9621Y17.0773
G01 X46.0126Y16.9931
G01 X46.0278Y16.9694
G01 X46.0955Y16.8775
G01 X46.1236Y16.8434
G01 X46.1895Y16.7707
G01 X46.2091Y16.7504
G01 X46.2934Y16.6736
G01 X46.3149Y16.6553
G01 X46.4064Y16.5871
G01 X46.4296Y16.5710
G01 X46.5273Y16.5121
G01 X46.5519Y16.4984
G01 X46.6549Y16.4493
G01 X46.6808Y16.4381
G01 X46.8032Y16.3943
G01 X46.8304Y16.3865
G01 X46.9411Y16.3591
G01 X46.9689Y16.3541
G01 X47.0818Y16.3377
G01 X47.1099Y16.3354
G01 X47.2079Y16.3305
G01 X47.2521Y16.3305
G01 X47.3660Y16.3365
G01 X47.3940Y16.3397
G01 X47.4911Y16.3541
G01 X47.5344Y16.3627
G01 X47.6450Y16.3907
G01 X47.6719Y16.3994
G01 X47.7643Y16.4324
G01 X47.7905Y16.4428
G01 X47.8938Y16.4913
G01 X47.9327Y16.5121
G01 X48.0169Y16.5626
G01 X48.0406Y16.5778
G01 X48.1373Y16.6493
G01 X48.1666Y16.6736
G01 X48.2393Y16.7395
G01 X48.2596Y16.7591
G01 X48.3405Y16.8480
G01 X48.3547Y16.8649
G01 X48.3800Y16.8985
G01 X48.4053Y16.8649
G01 X48.4195Y16.8480
G01 X48.5004Y16.7591
G01 X48.5207Y16.7395
G01 X48.5934Y16.6736
G01 X48.6275Y16.6455
G01 X48.7064Y16.5871
G01 X48.7296Y16.5710
G01 X48.8326Y16.5090
G01 X48.8662Y16.4913
G01 X48.9549Y16.4493
G01 X48.9900Y16.4346
G01 X49.1032Y16.3943
G01 X49.1304Y16.3865
G01 X49.2256Y16.3627
G01 X49.2689Y16.3541
G01 X49.3660Y16.3397
G01 X49.3940Y16.3365
G01 X49.5239Y16.3301
G01 X49.5521Y16.3305
G01 X49.6501Y16.3354
G01 X49.6940Y16.3397
G01 X49.7911Y16.3541
G01 X49.8189Y16.3591
G01 X49.9296Y16.3865
G01 X49.9568Y16.3943
G01 X50.0643Y16.4324
G01 X50.0905Y16.4428
G01 X50.1938Y16.4913
G01 X50.2189Y16.5042
G01 X50.3169Y16.5626
G01 X50.3536Y16.5871
G01 X50.4325Y16.6455
G01 X50.4546Y16.6631
G01 X50.5393Y16.7395
G01 X50.5664Y16.7662
G01 X50.6364Y16.8434
G01 X50.6645Y16.8775
G01 X50.7322Y16.9694
G01 X50.7474Y16.9931
G01 X50.8000Y17.0809
G01 X50.8558Y16.9879
G01 X50.8771Y16.9564
G01 X50.9355Y16.8775
G01 X50.9531Y16.8554
G01 X51.0295Y16.7707
G01 X51.0607Y16.7395
G01 X51.1454Y16.6631
G01 X51.1675Y16.6455
G01 X51.2464Y16.5871
G01 X51.2696Y16.5710
G01 X51.3673Y16.5121
G01 X51.4062Y16.4913
G01 X51.4949Y16.4493
G01 X51.5208Y16.4381
G01 X51.6281Y16.3994
G01 X51.6704Y16.3865
G01 X51.7811Y16.3591
G01 X51.8089Y16.3541
G01 X51.9060Y16.3397
G01 X51.9340Y16.3365
G01 X52.0479Y16.3305
G01 X52.0921Y16.3305
G01 X52.1901Y16.3354
G01 X52.2182Y16.3377
G01 X52.3468Y16.3567
G01 X52.3744Y16.3627
G01 X52.4696Y16.3865
G01 X52.5119Y16.3994
G01 X52.6043Y16.4324
G01 X52.6305Y16.4428
G01 X52.7481Y16.4984
G01 X52.7727Y16.5121
G01 X52.8569Y16.5626
G01 X52.8936Y16.5871
G01 X52.9725Y16.6455
G01 X52.9946Y16.6631
G01 X53.0909Y16.7504
G01 X53.1105Y16.7707
G01 X53.1764Y16.8434
G01 X53.2045Y16.8775
G01 X53.2629Y16.9564
G01 X53.2790Y16.9796
G01 X53.3400Y17.0809
G01 X53.3958Y16.9879
G01 X53.4171Y16.9564
G01 X53.4755Y16.8775
G01 X53.4931Y16.8554
G01 X53.5695Y16.7707
G01 X53.6007Y16.7395
G01 X53.6854Y16.6631
G01 X53.7075Y16.6455
G01 X53.7913Y16.5835
G01 X53.8231Y16.5626
G01 X53.9211Y16.5042
G01 X53.9462Y16.4913
G01 X54.0349Y16.4493
G01 X54.0608Y16.4381
G01 X54.1681Y16.3994
G01 X54.1950Y16.3907
G01 X54.3056Y16.3627
G01 X54.3489Y16.3541
G01 X54.4520Y16.3389
G01 X54.4899Y16.3354
G01 X54.5879Y16.3305
G01 X54.6161Y16.3301
G01 X54.7301Y16.3354
G01 X54.7740Y16.3397
G01 X54.8868Y16.3567
G01 X54.9144Y16.3627
G01 X55.0250Y16.3907
G01 X55.0519Y16.3994
G01 X55.1443Y16.4324
G01 X55.1705Y16.4428
G01 X55.2738Y16.4913
G01 X55.3074Y16.5090
G01 X55.4021Y16.5658
G01 X55.4336Y16.5871
G01 X55.5251Y16.6553
G01 X55.5466Y16.6736
G01 X55.6000Y16.7220
G01 X55.6001Y16.5020
G01 X55.6058Y16.3801
G01 X55.6081Y16.3520
G01 X55.6260Y16.2294
G01 X55.6311Y16.2016
G01 X55.6650Y16.0660
G01 X55.6737Y16.0391
G01 X55.7157Y15.9225
G01 X55.7269Y15.8966
G01 X55.7731Y15.7991
G01 X55.7860Y15.7740
G01 X55.8494Y15.6675
G01 X55.8647Y15.6438
G01 X55.9382Y15.5441
G01 X55.9622Y15.5146
G01 X56.0388Y15.4300
G01 X56.0584Y15.4097
G01 X56.1500Y15.3263
G01 X56.1715Y15.3080
G01 X56.2708Y15.2339
G01 X56.2940Y15.2179
G01 X56.4001Y15.1539
G01 X56.4391Y15.1331
G01 X56.5512Y15.0804
G01 X56.5774Y15.0700
G01 X56.6791Y15.0337
G01 X56.7154Y15.0224
G01 X56.8261Y14.9946
G01 X56.8694Y14.9860
G01 X56.9920Y14.9681
G01 X57.0201Y14.9658
G01 X57.1341Y14.9603
G01 X57.1721Y14.9605
G01 X57.2799Y14.9658
G01 X57.3080Y14.9681
G01 X57.4306Y14.9860
G01 X57.4739Y14.9946
G01 X57.5941Y15.0250
G01 X57.6209Y15.0337
G01 X57.7226Y15.0700
G01 X57.7634Y15.0869
G01 X57.8752Y15.1402
G01 X57.8999Y15.1539
G01 X57.9925Y15.2094
G01 X58.0162Y15.2247
G01 X58.1159Y15.2982
G01 X58.1500Y15.3263
G01 X58.2345Y15.4029
G01 X58.2612Y15.4300
G01 X58.3442Y15.5220
G01 X58.3618Y15.5441
G01 X58.4200Y15.6226
G01 X58.4782Y15.5441
G01 X58.4958Y15.5220
G01 X58.5788Y15.4300
G01 X58.6055Y15.4029
G01 X58.6900Y15.3263
G01 X58.7241Y15.2982
G01 X58.8238Y15.2247
G01 X58.8475Y15.2094
G01 X58.9401Y15.1539
G01 X58.9648Y15.1402
G01 X59.0766Y15.0869
G01 X59.1025Y15.0757
G01 X59.2191Y15.0337
G01 X59.2613Y15.0209
G01 X59.3661Y14.9946
G01 X59.3936Y14.9887
G01 X59.5162Y14.9702
G01 X59.5601Y14.9658
G01 X59.6839Y14.9601
G01 X59.7121Y14.9605
G01 X59.8199Y14.9658
G01 X59.8480Y14.9681
G01 X59.9706Y14.9860
G01 X60.0139Y14.9946
G01 X60.1341Y15.0250
G01 X60.1609Y15.0337
G01 X60.2626Y15.0700
G01 X60.3034Y15.0869
G01 X60.4152Y15.1402
G01 X60.4399Y15.1539
G01 X60.5325Y15.2094
G01 X60.5562Y15.2247
G01 X60.6559Y15.2982
G01 X60.6900Y15.3263
G01 X60.7745Y15.4029
G01 X60.8012Y15.4300
G01 X60.8842Y15.5220
G01 X60.9018Y15.5441
G01 X60.9600Y15.6226
G01 X61.0182Y15.5441
G01 X61.0358Y15.5220
G01 X61.1188Y15.4300
G01 X61.1455Y15.4029
G01 X61.2300Y15.3263
G01 X61.2641Y15.2982
G01 X61.3638Y15.2247
G01 X61.3875Y15.2094
G01 X61.4801Y15.1539
G01 X61.5048Y15.1402
G01 X61.6166Y15.0869
G01 X61.6425Y15.0757
G01 X61.7591Y15.0337
G01 X61.8013Y15.0209
G01 X61.9061Y14.9946
G01 X61.9336Y14.9887
G01 X62.0562Y14.9702
G01 X62.1001Y14.9658
G01 X62.2239Y14.9601
G01 X62.2521Y14.9605
G01 X62.3599Y14.9658
G01 X62.3880Y14.9681
G01 X62.5106Y14.9860
G01 X62.5539Y14.9946
G01 X62.6741Y15.0250
G01 X62.7009Y15.0337
G01 X62.8026Y15.0700
G01 X62.8434Y15.0869
G01 X62.9552Y15.1402
G01 X62.9799Y15.1539
G01 X63.0725Y15.2094
G01 X63.0962Y15.2247
G01 X63.1959Y15.2982
G01 X63.2300Y15.3263
G01 X63.3145Y15.4029
G01 X63.3412Y15.4300
G01 X63.4242Y15.5220
G01 X63.4418Y15.5441
G01 X63.5000Y15.6226
G01 X63.5582Y15.5441
G01 X63.5758Y15.5220
G01 X63.6588Y15.4300
G01 X63.6855Y15.4029
G01 X63.7700Y15.3263
G01 X63.8041Y15.2982
G01 X63.9038Y15.2247
G01 X63.9275Y15.2094
G01 X64.0201Y15.1539
G01 X64.0448Y15.1402
G01 X64.1566Y15.0869
G01 X64.1825Y15.0757
G01 X64.2991Y15.0337
G01 X64.3413Y15.0209
G01 X64.4461Y14.9946
G01 X64.4736Y14.9887
G01 X64.5962Y14.9702
G01 X64.6401Y14.9658
G01 X64.7639Y14.9601
G01 X64.7921Y14.9605
G01 X64.8999Y14.9658
G01 X64.9280Y14.9681
G01 X65.0506Y14.9860
G01 X65.0939Y14.9946
G01 X65.2141Y15.0250
G01 X65.2409Y15.0337
G01 X65.3426Y15.0700
G01 X65.3834Y15.0869
G01 X65.4952Y15.1402
G01 X65.5199Y15.1539
G01 X65.6125Y15.2094
G01 X65.6362Y15.2247
G01 X65.7359Y15.2982
G01 X65.7700Y15.3263
G01 X65.8545Y15.4029
G01 X65.8812Y15.4300
G01 X65.9642Y15.5220
G01 X65.9818Y15.5441
G01 X66.0400Y15.6226
G01 X66.0982Y15.5441
G01 X66.1158Y15.5220
G01 X66.1988Y15.4300
G01 X66.2255Y15.4029
G01 X66.3100Y15.3263
G01 X66.3441Y15.2982
G01 X66.4438Y15.2247
G01 X66.4675Y15.2094
G01 X66.5601Y15.1539
G01 X66.5848Y15.1402
G01 X66.6966Y15.0869
G01 X66.7225Y15.0757
G01 X66.8391Y15.0337
G01 X66.8813Y15.0209
G01 X67.0016Y14.9911
G01 X67.0294Y14.9860
G01 X67.1362Y14.9702
G01 X67.1801Y14.9658
G01 X67.3039Y14.9601
G01 X67.3321Y14.9605
G01 X67.4399Y14.9658
G01 X67.4680Y14.9681
G01 X67.5906Y14.9860
G01 X67.6339Y14.9946
G01 X67.7541Y15.0250
G01 X67.7809Y15.0337
G01 X67.8826Y15.0700
G01 X67.9234Y15.0869
G01 X68.0352Y15.1402
G01 X68.0599Y15.1539
G01 X68.1525Y15.2094
G01 X68.1762Y15.2247
G01 X68.2759Y15.2982
G01 X68.3100Y15.3263
G01 X68.3945Y15.4029
G01 X68.4212Y15.4300
G01 X68.5042Y15.5220
G01 X68.5218Y15.5441
G01 X68.5800Y15.6226
G01 X68.6382Y15.5441
G01 X68.6558Y15.5220
G01 X68.7388Y15.4300
G01 X68.7655Y15.4029
G01 X68.8500Y15.3263
G01 X68.8841Y15.2982
G01 X68.9838Y15.2247
G01 X69.0075Y15.2094
G01 X69.1001Y15.1539
G01 X69.1248Y15.1402
G01 X69.2366Y15.0869
G01 X69.2625Y15.0757
G01 X69.3791Y15.0337
G01 X69.4213Y15.0209
G01 X69.5261Y14.9946
G01 X69.5536Y14.9887
G01 X69.6762Y14.9702
G01 X69.7140Y14.9662
G01 X69.8341Y14.9603
G01 X69.8721Y14.9605
G01 X69.9799Y14.9658
G01 X70.0080Y14.9681
G01 X70.1306Y14.9860
G01 X70.1739Y14.9946
G01 X70.2787Y15.0209
G01 X70.3058Y15.0286
G01 X70.4226Y15.0700
G01 X70.4634Y15.0869
G01 X70.5752Y15.1402
G01 X70.5999Y15.1539
G01 X70.6925Y15.2094
G01 X70.7162Y15.2247
G01 X70.8159Y15.2982
G01 X70.8500Y15.3263
G01 X70.9345Y15.4029
G01 X70.9612Y15.4300
G01 X71.0442Y15.5220
G01 X71.0618Y15.5441
G01 X71.1200Y15.6226
G01 X71.1782Y15.5441
G01 X71.1958Y15.5220
G01 X71.2788Y15.4300
G01 X71.3055Y15.4029
G01 X71.3900Y15.3263
G01 X71.4241Y15.2982
G01 X71.5238Y15.2247
G01 X71.5475Y15.2094
G01 X71.6401Y15.1539
G01 X71.6648Y15.1402
G01 X71.7766Y15.0869
G01 X71.8025Y15.0757
G01 X71.9191Y15.0337
G01 X71.9613Y15.0209
G01 X72.0720Y14.9932
G01 X72.1094Y14.9860
G01 X72.2162Y14.9702
G01 X72.2442Y14.9669
G01 X72.3679Y14.9605
G01 X72.4121Y14.9605
G01 X72.5358Y14.9669
G01 X72.5638Y14.9702
G01 X72.6706Y14.9860
G01 X72.7139Y14.9946
G01 X72.8340Y15.0250
G01 X72.8609Y15.0337
G01 X72.9626Y15.0700
G01 X73.0034Y15.0869
G01 X73.1152Y15.1402
G01 X73.1399Y15.1539
G01 X73.2325Y15.2094
G01 X73.2562Y15.2247
G01 X73.3559Y15.2982
G01 X73.3900Y15.3263
G01 X73.4745Y15.4029
G01 X73.5012Y15.4300
G01 X73.5842Y15.5220
G01 X73.6018Y15.5441
G01 X73.6600Y15.6226
G01 X73.7182Y15.5441
G01 X73.7358Y15.5220
G01 X73.8188Y15.4300
G01 X73.8455Y15.4029
G01 X73.9300Y15.3263
G01 X73.9641Y15.2982
G01 X74.0638Y15.2247
G01 X74.0875Y15.2094
G01 X74.1854Y15.1508
G01 X74.2191Y15.1331
G01 X74.3312Y15.0804
G01 X74.3574Y15.0700
G01 X74.4591Y15.0337
G01 X74.4860Y15.0250
G01 X74.6061Y14.9946
G01 X74.6336Y14.9887
G01 X74.7562Y14.9702
G01 X74.8001Y14.9658
G01 X74.9079Y14.9605
G01 X74.9361Y14.9601
G01 X75.0599Y14.9658
G01 X75.0978Y14.9693
G01 X75.2167Y14.9870
G01 X75.2539Y14.9946
G01 X75.3587Y15.0209
G01 X75.3858Y15.0286
G01 X75.5026Y15.0700
G01 X75.5434Y15.0869
G01 X75.6552Y15.1402
G01 X75.6799Y15.1539
G01 X75.7725Y15.2094
G01 X75.8092Y15.2339
G01 X75.9085Y15.3080
G01 X75.9300Y15.3263
G01 X76.0100Y15.3988
G01 X76.0412Y15.4300
G01 X76.1242Y15.5220
G01 X76.1418Y15.5441
G01 X76.2000Y15.6226
G01 X76.2582Y15.5441
G01 X76.2758Y15.5220
G01 X76.3588Y15.4300
G01 X76.3855Y15.4029
G01 X76.4700Y15.3263
G01 X76.5041Y15.2982
G01 X76.6038Y15.2247
G01 X76.6275Y15.2094
G01 X76.7201Y15.1539
G01 X76.7591Y15.1331
G01 X76.8712Y15.0804
G01 X76.8974Y15.0700
G01 X77.0142Y15.0286
G01 X77.0413Y15.0209
G01 X77.1616Y14.9911
G01 X77.1894Y14.9860
G01 X77.3120Y14.9681
G01 X77.3401Y14.9658
G01 X77.4479Y14.9605
G01 X77.4921Y14.9605
G01 X77.6158Y14.9669
G01 X77.6438Y14.9702
G01 X77.7506Y14.9860
G01 X77.7939Y14.9946
G01 X77.9140Y15.0250
G01 X77.9409Y15.0337
G01 X78.0426Y15.0700
G01 X78.0834Y15.0869
G01 X78.1952Y15.1402
G01 X78.2199Y15.1539
G01 X78.3125Y15.2094
G01 X78.3492Y15.2339
G01 X78.4485Y15.3080
G01 X78.4700Y15.3263
G01 X78.5500Y15.3988
G01 X78.5812Y15.4300
G01 X78.6642Y15.5220
G01 X78.6818Y15.5441
G01 X78.7400Y15.6226
G01 X78.7982Y15.5441
G01 X78.8158Y15.5220
G01 X78.8988Y15.4300
G01 X78.9300Y15.3988
G01 X79.0100Y15.3263
G01 X79.0315Y15.3080
G01 X79.1438Y15.2247
G01 X79.1675Y15.2094
G01 X79.2601Y15.1539
G01 X79.2991Y15.1331
G01 X79.3966Y15.0869
G01 X79.4225Y15.0757
G01 X79.5391Y15.0337
G01 X79.5813Y15.0209
G01 X79.6861Y14.9946
G01 X79.7136Y14.9887
G01 X79.8520Y14.9681
G01 X79.8801Y14.9658
G01 X79.9879Y14.9605
G01 X80.0321Y14.9605
G01 X80.1399Y14.9658
G01 X80.1680Y14.9681
G01 X80.2967Y14.9870
G01 X80.3339Y14.9946
G01 X80.4540Y15.0250
G01 X80.4809Y15.0337
G01 X80.5975Y15.0757
G01 X80.6234Y15.0869
G01 X80.7352Y15.1402
G01 X80.7599Y15.1539
G01 X80.8660Y15.2179
G01 X80.8892Y15.2339
G01 X80.9885Y15.3080
G01 X81.0100Y15.3263
G01 X81.1016Y15.4097
G01 X81.1212Y15.4300
G01 X81.2042Y15.5220
G01 X81.2218Y15.5441
G01 X81.2800Y15.6226
G01 X81.3382Y15.5441
G01 X81.3558Y15.5220
G01 X81.4388Y15.4300
G01 X81.4700Y15.3988
G01 X81.5500Y15.3263
G01 X81.5715Y15.3080
G01 X81.6708Y15.2339
G01 X81.7075Y15.2094
G01 X81.8001Y15.1539
G01 X81.8248Y15.1402
G01 X81.9366Y15.0869
G01 X81.9774Y15.0700
G01 X82.0942Y15.0286
G01 X82.1213Y15.0209
G01 X82.2261Y14.9946
G01 X82.2633Y14.9870
G01 X82.3920Y14.9681
G01 X82.4201Y14.9658
G01 X82.5279Y14.9605
G01 X82.5659Y14.9603
G01 X82.6860Y14.9662
G01 X82.7238Y14.9702
G01 X82.8464Y14.9887
G01 X82.8739Y14.9946
G01 X82.9787Y15.0209
G01 X83.0058Y15.0286
G01 X83.1226Y15.0700
G01 X83.1488Y15.0804
G01 X83.2609Y15.1331
G01 X83.2946Y15.1508
G01 X83.3925Y15.2094
G01 X83.4162Y15.2247
G01 X83.5159Y15.2982
G01 X83.5500Y15.3263
G01 X83.6345Y15.4029
G01 X83.6612Y15.4300
G01 X83.7442Y15.5220
G01 X83.7618Y15.5441
G01 X83.8200Y15.6226
G01 X83.8782Y15.5441
G01 X83.8958Y15.5220
G01 X83.9788Y15.4300
G01 X84.0055Y15.4029
G01 X84.0900Y15.3263
G01 X84.1241Y15.2982
G01 X84.2238Y15.2247
G01 X84.2475Y15.2094
G01 X84.3401Y15.1539
G01 X84.3648Y15.1402
G01 X84.4766Y15.0869
G01 X84.5174Y15.0700
G01 X84.6342Y15.0286
G01 X84.6613Y15.0209
G01 X84.7661Y14.9946
G01 X84.8094Y14.9860
G01 X84.9162Y14.9702
G01 X84.9442Y14.9669
G01 X85.0679Y14.9605
G01 X85.1121Y14.9605
G01 X85.2260Y14.9662
G01 X85.2638Y14.9702
G01 X85.3706Y14.9860
G01 X85.3984Y14.9911
G01 X85.5187Y15.0209
G01 X85.5609Y15.0337
G01 X85.6775Y15.0757
G01 X85.7034Y15.0869
G01 X85.8152Y15.1402
G01 X85.8399Y15.1539
G01 X85.9325Y15.2094
G01 X85.9562Y15.2247
G01 X86.0559Y15.2982
G01 X86.0900Y15.3263
G01 X86.1745Y15.4029
G01 X86.2012Y15.4300
G01 X86.2842Y15.5220
G01 X86.3018Y15.5441
G01 X86.3600Y15.6226
G01 X86.4182Y15.5441
G01 X86.4358Y15.5220
G01 X86.5188Y15.4300
G01 X86.5455Y15.4029
G01 X86.6300Y15.3263
G01 X86.6641Y15.2982
G01 X86.7638Y15.2247
G01 X86.7875Y15.2094
G01 X86.8801Y15.1539
G01 X86.9048Y15.1402
G01 X87.0166Y15.0869
G01 X87.0574Y15.0700
G01 X87.1591Y15.0337
G01 X87.1860Y15.0250
G01 X87.3061Y14.9946
G01 X87.3494Y14.9860
G01 X87.4720Y14.9681
G01 X87.5001Y14.9658
G01 X87.6079Y14.9605
G01 X87.6459Y14.9603
G01 X87.7660Y14.9662
G01 X87.8038Y14.9702
G01 X87.9106Y14.9860
G01 X87.9384Y14.9911
G01 X88.0587Y15.0209
G01 X88.1009Y15.0337
G01 X88.2175Y15.0757
G01 X88.2434Y15.0869
G01 X88.3552Y15.1402
G01 X88.3799Y15.1539
G01 X88.4725Y15.2094
G01 X88.4962Y15.2247
G01 X88.5959Y15.2982
G01 X88.6300Y15.3263
G01 X88.7145Y15.4029
G01 X88.7412Y15.4300
G01 X88.8242Y15.5220
G01 X88.8418Y15.5441
G01 X88.9000Y15.6226
G01 X88.9582Y15.5441
G01 X88.9758Y15.5220
G01 X89.0588Y15.4300
G01 X89.0855Y15.4029
G01 X89.1700Y15.3263
G01 X89.2041Y15.2982
G01 X89.3038Y15.2247
G01 X89.3275Y15.2094
G01 X89.4201Y15.1539
G01 X89.4448Y15.1402
G01 X89.5566Y15.0869
G01 X89.5974Y15.0700
G01 X89.7142Y15.0286
G01 X89.7413Y15.0209
G01 X89.8461Y14.9946
G01 X89.8894Y14.9860
G01 X90.0120Y14.9681
G01 X90.0401Y14.9658
G01 X90.1479Y14.9605
G01 X90.1859Y14.9603
G01 X90.3060Y14.9662
G01 X90.3438Y14.9702
G01 X90.4506Y14.9860
G01 X90.4784Y14.9911
G01 X90.5987Y15.0209
G01 X90.6409Y15.0337
G01 X90.7575Y15.0757
G01 X90.7834Y15.0869
G01 X90.8809Y15.1331
G01 X90.9146Y15.1508
G01 X91.0260Y15.2179
G01 X91.0492Y15.2339
G01 X91.1359Y15.2982
G01 X91.1700Y15.3263
G01 X91.2616Y15.4097
G01 X91.2812Y15.4300
G01 X91.3537Y15.5100
G01 X91.3780Y15.5392
G01 X91.4553Y15.6438
G01 X91.4706Y15.6675
G01 X91.4983Y15.7138
G01 X91.5171Y15.6864
G01 X91.5755Y15.6075
G01 X91.5931Y15.5854
G01 X91.6695Y15.5007
G01 X91.7007Y15.4695
G01 X91.7734Y15.4036
G01 X91.7949Y15.3853
G01 X91.8864Y15.3171
G01 X91.9231Y15.2926
G01 X92.0073Y15.2421
G01 X92.0319Y15.2284
G01 X92.1349Y15.1793
G01 X92.1757Y15.1624
G01 X92.2681Y15.1294
G01 X92.2950Y15.1207
G01 X92.4056Y15.0927
G01 X92.4489Y15.0841
G01 X92.5460Y15.0697
G01 X92.5740Y15.0665
G01 X92.6879Y15.0605
G01 X92.7321Y15.0605
G01 X92.8301Y15.0654
G01 X92.8582Y15.0677
G01 X92.9711Y15.0841
G01 X92.9989Y15.0891
G01 X93.1096Y15.1165
G01 X93.1368Y15.1243
G01 X93.2443Y15.1624
G01 X93.2705Y15.1728
G01 X93.3738Y15.2213
G01 X93.3989Y15.2342
G01 X93.4969Y15.2926
G01 X93.5206Y15.3078
G01 X93.6125Y15.3755
G01 X93.6346Y15.3931
G01 X93.7193Y15.4695
G01 X93.7396Y15.4891
G01 X93.8164Y15.5734
G01 X93.8347Y15.5949
G01 X93.9029Y15.6864
G01 X93.9190Y15.7096
G01 X93.9858Y15.8211
G01 X93.9987Y15.8462
G01 X94.0472Y15.9495
G01 X94.0576Y15.9757
G01 X94.0957Y16.0832
G01 X94.1035Y16.1104
G01 X94.1309Y16.2211
G01 X94.1359Y16.2489
G01 X94.1523Y16.3618
G01 X94.1546Y16.3899
G01 X94.1597Y16.4941
G01 X94.1595Y16.5321
G01 X94.1546Y16.6301
G01 X94.1523Y16.6582
G01 X94.1359Y16.7711
G01 X94.1273Y16.8144
G01 X94.1035Y16.9096
G01 X94.0957Y16.9368
G01 X94.0576Y17.0443
G01 X94.0407Y17.0851
G01 X93.9916Y17.1881
G01 X93.9779Y17.2127
G01 X93.9274Y17.2969
G01 X93.9122Y17.3206
G01 X93.8445Y17.4125
G01 X93.8164Y17.4466
G01 X93.7505Y17.5193
G01 X93.7309Y17.5396
G01 X93.6466Y17.6164
G01 X93.6173Y17.6407
G01 X93.5287Y17.7065
G01 X93.4969Y17.7274
G01 X93.3989Y17.7858
G01 X93.3738Y17.7987
G01 X93.2851Y17.8407
G01 X93.2500Y17.8554
G01 X93.1519Y17.8906
G01 X93.1096Y17.9035
G01 X93.0144Y17.9273
G01 X92.9868Y17.9333
G01 X92.8740Y17.9503
G01 X92.8460Y17.9535
G01 X92.7321Y17.9595
G01 X92.7039Y17.9599
G01 X92.5740Y17.9535
G01 X92.5460Y17.9503
G01 X92.4332Y17.9333
G01 X92.4056Y17.9273
G01 X92.3104Y17.9035
G01 X92.2681Y17.8906
G01 X92.1757Y17.8576
G01 X92.1405Y17.8432
G01 X92.0462Y17.7987
G01 X92.0211Y17.7858
G01 X91.9096Y17.7190
G01 X91.8864Y17.7029
G01 X91.7949Y17.6347
G01 X91.7734Y17.6164
G01 X91.7200Y17.5680
G01 X91.7199Y17.7880
G01 X91.7142Y17.9099
G01 X91.7119Y17.9380
G01 X91.6940Y18.0606
G01 X91.6889Y18.0884
G01 X91.6550Y18.2240
G01 X91.6463Y18.2509
G01 X91.6043Y18.3675
G01 X91.5931Y18.3934
G01 X91.5469Y18.4909
G01 X91.5340Y18.5160
G01 X91.4706Y18.6225
G01 X91.4553Y18.6462
G01 X91.3818Y18.7459
G01 X91.3578Y18.7754
G01 X91.2812Y18.8600
G01 X91.2616Y18.8803
G01 X91.1700Y18.9637
G01 X91.1359Y18.9918
G01 X91.0492Y19.0561
G01 X91.0260Y19.0721
G01 X90.9199Y19.1361
G01 X90.8865Y19.1542
G01 X90.7834Y19.2031
G01 X90.7426Y19.2200
G01 X90.6258Y19.2614
G01 X90.5987Y19.2691
G01 X90.4784Y19.2989
G01 X90.4506Y19.3040
G01 X90.3280Y19.3219
G01 X90.2999Y19.3242
G01 X90.1859Y19.3297
G01 X90.1479Y19.3295
G01 X90.0401Y19.3242
G01 X90.0120Y19.3219
G01 X89.8894Y19.3040
G01 X89.8461Y19.2954
G01 X89.7413Y19.2691
G01 X89.7142Y19.2614
G01 X89.5974Y19.2200
G01 X89.5566Y19.2031
G01 X89.4448Y19.1498
G01 X89.4201Y19.1361
G01 X89.3275Y19.0806
G01 X89.3038Y19.0653
G01 X89.2041Y18.9918
G01 X89.1700Y18.9637
G01 X89.0855Y18.8871
G01 X89.0588Y18.8600
G01 X88.9758Y18.7680
G01 X88.9582Y18.7459
G01 X88.9000Y18.6674
G01 X88.8418Y18.7459
G01 X88.8242Y18.7680
G01 X88.7412Y18.8600
G01 X88.7145Y18.8871
G01 X88.6300Y18.9637
G01 X88.5959Y18.9918
G01 X88.4962Y19.0653
G01 X88.4725Y19.0806
G01 X88.3799Y19.1361
G01 X88.3552Y19.1498
G01 X88.2434Y19.2031
G01 X88.2175Y19.2143
G01 X88.1009Y19.2563
G01 X88.0587Y19.2691
G01 X87.9480Y19.2968
G01 X87.9106Y19.3040
G01 X87.7880Y19.3219
G01 X87.7599Y19.3242
G01 X87.6521Y19.3295
G01 X87.6079Y19.3295
G01 X87.5001Y19.3242
G01 X87.4720Y19.3219
G01 X87.3494Y19.3040
G01 X87.3061Y19.2954
G01 X87.2013Y19.2691
G01 X87.1742Y19.2614
G01 X87.0574Y19.2200
G01 X87.0166Y19.2031
G01 X86.9048Y19.1498
G01 X86.8801Y19.1361
G01 X86.7875Y19.0806
G01 X86.7638Y19.0653
G01 X86.6641Y18.9918
G01 X86.6300Y18.9637
G01 X86.5455Y18.8871
G01 X86.5188Y18.8600
G01 X86.4358Y18.7680
G01 X86.4182Y18.7459
G01 X86.3600Y18.6674
G01 X86.3018Y18.7459
G01 X86.2842Y18.7680
G01 X86.2012Y18.8600
G01 X86.1816Y18.8803
G01 X86.0900Y18.9637
G01 X86.0685Y18.9820
G01 X85.9692Y19.0561
G01 X85.9460Y19.0721
G01 X85.8399Y19.1361
G01 X85.8152Y19.1498
G01 X85.7034Y19.2031
G01 X85.6775Y19.2143
G01 X85.5609Y19.2563
G01 X85.5340Y19.2650
G01 X85.4139Y19.2954
G01 X85.3767Y19.3030
G01 X85.2480Y19.3219
G01 X85.2199Y19.3242
G01 X85.1121Y19.3295
G01 X85.0679Y19.3295
G01 X84.9601Y19.3242
G01 X84.9320Y19.3219
G01 X84.7936Y19.3013
G01 X84.7661Y19.2954
G01 X84.6613Y19.2691
G01 X84.6191Y19.2563
G01 X84.5025Y19.2143
G01 X84.4766Y19.2031
G01 X84.3791Y19.1569
G01 X84.3401Y19.1361
G01 X84.2475Y19.0806
G01 X84.2238Y19.0653
G01 X84.1115Y18.9820
G01 X84.0900Y18.9637
G01 X84.0100Y18.8912
G01 X83.9788Y18.8600
G01 X83.8958Y18.7680
G01 X83.8782Y18.7459
G01 X83.8200Y18.6674
G01 X83.7618Y18.7459
G01 X83.7442Y18.7680
G01 X83.6612Y18.8600
G01 X83.6300Y18.8912
G01 X83.5500Y18.9637
G01 X83.5285Y18.9820
G01 X83.4292Y19.0561
G01 X83.3925Y19.0806
G01 X83.2999Y19.1361
G01 X83.2752Y19.1498
G01 X83.1634Y19.2031
G01 X83.1226Y19.2200
G01 X83.0058Y19.2614
G01 X82.9787Y19.2691
G01 X82.8739Y19.2954
G01 X82.8306Y19.3040
G01 X82.7238Y19.3198
G01 X82.6958Y19.3231
G01 X82.5721Y19.3295
G01 X82.5279Y19.3295
G01 X82.4201Y19.3242
G01 X82.3920Y19.3219
G01 X82.2694Y19.3040
G01 X82.2416Y19.2989
G01 X82.1213Y19.2691
G01 X82.0942Y19.2614
G01 X81.9774Y19.2200
G01 X81.9512Y19.2096
G01 X81.8391Y19.1569
G01 X81.8001Y19.1361
G01 X81.7075Y19.0806
G01 X81.6838Y19.0653
G01 X81.5841Y18.9918
G01 X81.5500Y18.9637
G01 X81.4655Y18.8871
G01 X81.4388Y18.8600
G01 X81.3558Y18.7680
G01 X81.3382Y18.7459
G01 X81.2800Y18.6674
G01 X81.2218Y18.7459
G01 X81.2042Y18.7680
G01 X81.1212Y18.8600
G01 X81.0945Y18.8871
G01 X81.0100Y18.9637
G01 X80.9759Y18.9918
G01 X80.8762Y19.0653
G01 X80.8525Y19.0806
G01 X80.7599Y19.1361
G01 X80.7209Y19.1569
G01 X80.6088Y19.2096
G01 X80.5826Y19.2200
G01 X80.4658Y19.2614
G01 X80.4387Y19.2691
G01 X80.3184Y19.2989
G01 X80.2906Y19.3040
G01 X80.1680Y19.3219
G01 X80.1399Y19.3242
G01 X80.0321Y19.3295
G01 X79.9879Y19.3295
G01 X79.8642Y19.3231
G01 X79.8362Y19.3198
G01 X79.7294Y19.3040
G01 X79.6861Y19.2954
G01 X79.5813Y19.2691
G01 X79.5542Y19.2614
G01 X79.4374Y19.2200
G01 X79.3966Y19.2031
G01 X79.2848Y19.1498
G01 X79.2601Y19.1361
G01 X79.1675Y19.0806
G01 X79.1308Y19.0561
G01 X79.0315Y18.9820
G01 X79.0100Y18.9637
G01 X78.9300Y18.8912
G01 X78.8988Y18.8600
G01 X78.8158Y18.7680
G01 X78.7982Y18.7459
G01 X78.7400Y18.6674
G01 X78.6818Y18.7459
G01 X78.6642Y18.7680
G01 X78.5812Y18.8600
G01 X78.5500Y18.8912
G01 X78.4700Y18.9637
G01 X78.4485Y18.9820
G01 X78.3362Y19.0653
G01 X78.3125Y19.0806
G01 X78.2199Y19.1361
G01 X78.1809Y19.1569
G01 X78.0834Y19.2031
G01 X78.0575Y19.2143
G01 X77.9409Y19.2563
G01 X77.8987Y19.2691
G01 X77.7939Y19.2954
G01 X77.7664Y19.3013
G01 X77.6280Y19.3219
G01 X77.5999Y19.3242
G01 X77.4921Y19.3295
G01 X77.4479Y19.3295
G01 X77.3401Y19.3242
G01 X77.3120Y19.3219
G01 X77.1833Y19.3030
G01 X77.1461Y19.2954
G01 X77.0260Y19.2650
G01 X76.9991Y19.2563
G01 X76.8825Y19.2143
G01 X76.8566Y19.2031
G01 X76.7448Y19.1498
G01 X76.7201Y19.1361
G01 X76.6140Y19.0721
G01 X76.5908Y19.0561
G01 X76.4915Y18.9820
G01 X76.4700Y18.9637
G01 X76.3784Y18.8803
G01 X76.3588Y18.8600
G01 X76.2758Y18.7680
G01 X76.2582Y18.7459
G01 X76.2000Y18.6674
G01 X76.1418Y18.7459
G01 X76.1242Y18.7680
G01 X76.0412Y18.8600
G01 X76.0145Y18.8871
G01 X75.9300Y18.9637
G01 X75.8959Y18.9918
G01 X75.7962Y19.0653
G01 X75.7725Y19.0806
G01 X75.6799Y19.1361
G01 X75.6552Y19.1498
G01 X75.5434Y19.2031
G01 X75.5026Y19.2200
G01 X75.3858Y19.2614
G01 X75.3587Y19.2691
G01 X75.2539Y19.2954
G01 X75.2106Y19.3040
G01 X75.1038Y19.3198
G01 X75.0758Y19.3231
G01 X74.9521Y19.3295
G01 X74.9079Y19.3295
G01 X74.7842Y19.3231
G01 X74.7562Y19.3198
G01 X74.6494Y19.3040
G01 X74.6120Y19.2968
G01 X74.5013Y19.2691
G01 X74.4591Y19.2563
G01 X74.3425Y19.2143
G01 X74.3166Y19.2031
G01 X74.2048Y19.1498
G01 X74.1801Y19.1361
G01 X74.0875Y19.0806
G01 X74.0638Y19.0653
G01 X73.9641Y18.9918
G01 X73.9300Y18.9637
G01 X73.8455Y18.8871
G01 X73.8188Y18.8600
G01 X73.7358Y18.7680
G01 X73.7182Y18.7459
G01 X73.6600Y18.6674
G01 X73.6018Y18.7459
G01 X73.5842Y18.7680
G01 X73.5012Y18.8600
G01 X73.4745Y18.8871
G01 X73.3900Y18.9637
G01 X73.3559Y18.9918
G01 X73.2562Y19.0653
G01 X73.2325Y19.0806
G01 X73.1399Y19.1361
G01 X73.1152Y19.1498
G01 X73.0034Y19.2031
G01 X72.9626Y19.2200
G01 X72.8458Y19.2614
G01 X72.8187Y19.2691
G01 X72.7139Y19.2954
G01 X72.6706Y19.3040
G01 X72.5480Y19.3219
G01 X72.5199Y19.3242
G01 X72.4121Y19.3295
G01 X72.3741Y19.3297
G01 X72.2540Y19.3238
G01 X72.2162Y19.3198
G01 X72.0936Y19.3013
G01 X72.0661Y19.2954
G01 X71.9613Y19.2691
G01 X71.9191Y19.2563
G01 X71.8025Y19.2143
G01 X71.7766Y19.2031
G01 X71.6648Y19.1498
G01 X71.6401Y19.1361
G01 X71.5475Y19.0806
G01 X71.5238Y19.0653
G01 X71.4241Y18.9918
G01 X71.3900Y18.9637
G01 X71.3055Y18.8871
G01 X71.2788Y18.8600
G01 X71.1958Y18.7680
G01 X71.1782Y18.7459
G01 X71.1200Y18.6674
G01 X71.0618Y18.7459
G01 X71.0442Y18.7680
G01 X70.9612Y18.8600
G01 X70.9345Y18.8871
G01 X70.8500Y18.9637
G01 X70.8159Y18.9918
G01 X70.7162Y19.0653
G01 X70.6925Y19.0806
G01 X70.5999Y19.1361
G01 X70.5752Y19.1498
G01 X70.4634Y19.2031
G01 X70.4226Y19.2200
G01 X70.3058Y19.2614
G01 X70.2787Y19.2691
G01 X70.1739Y19.2954
G01 X70.1306Y19.3040
G01 X70.0080Y19.3219
G01 X69.9799Y19.3242
G01 X69.8721Y19.3295
G01 X69.8341Y19.3297
G01 X69.7140Y19.3238
G01 X69.6762Y19.3198
G01 X69.5694Y19.3040
G01 X69.5416Y19.2989
G01 X69.4213Y19.2691
G01 X69.3791Y19.2563
G01 X69.2625Y19.2143
G01 X69.2366Y19.2031
G01 X69.1248Y19.1498
G01 X69.1001Y19.1361
G01 X69.0075Y19.0806
G01 X68.9838Y19.0653
G01 X68.8841Y18.9918
G01 X68.8500Y18.9637
G01 X68.7655Y18.8871
G01 X68.7388Y18.8600
G01 X68.6558Y18.7680
G01 X68.6382Y18.7459
G01 X68.5800Y18.6674
G01 X68.5218Y18.7459
G01 X68.5042Y18.7680
G01 X68.4212Y18.8600
G01 X68.3945Y18.8871
G01 X68.3100Y18.9637
G01 X68.2759Y18.9918
G01 X68.1762Y19.0653
G01 X68.1525Y19.0806
G01 X68.0599Y19.1361
G01 X68.0352Y19.1498
G01 X67.9234Y19.2031
G01 X67.8826Y19.2200
G01 X67.7658Y19.2614
G01 X67.7387Y19.2691
G01 X67.6339Y19.2954
G01 X67.5906Y19.3040
G01 X67.4680Y19.3219
G01 X67.4399Y19.3242
G01 X67.3321Y19.3295
G01 X67.2941Y19.3297
G01 X67.1740Y19.3238
G01 X67.1362Y19.3198
G01 X67.0136Y19.3013
G01 X66.9861Y19.2954
G01 X66.8813Y19.2691
G01 X66.8391Y19.2563
G01 X66.7225Y19.2143
G01 X66.6966Y19.2031
G01 X66.5848Y19.1498
G01 X66.5601Y19.1361
G01 X66.4675Y19.0806
G01 X66.4438Y19.0653
G01 X66.3441Y18.9918
G01 X66.3100Y18.9637
G01 X66.2255Y18.8871
G01 X66.1988Y18.8600
G01 X66.1158Y18.7680
G01 X66.0982Y18.7459
G01 X66.0400Y18.6674
G01 X65.9818Y18.7459
G01 X65.9642Y18.7680
G01 X65.8812Y18.8600
G01 X65.8545Y18.8871
G01 X65.7700Y18.9637
G01 X65.7359Y18.9918
G01 X65.6362Y19.0653
G01 X65.6125Y19.0806
G01 X65.5199Y19.1361
G01 X65.4952Y19.1498
G01 X65.3834Y19.2031
G01 X65.3426Y19.2200
G01 X65.2258Y19.2614
G01 X65.1987Y19.2691
G01 X65.0939Y19.2954
G01 X65.0506Y19.3040
G01 X64.9280Y19.3219
G01 X64.8999Y19.3242
G01 X64.7921Y19.3295
G01 X64.7541Y19.3297
G01 X64.6340Y19.3238
G01 X64.5962Y19.3198
G01 X64.4894Y19.3040
G01 X64.4616Y19.2989
G01 X64.3413Y19.2691
G01 X64.2991Y19.2563
G01 X64.1825Y19.2143
G01 X64.1566Y19.2031
G01 X64.0448Y19.1498
G01 X64.0201Y19.1361
G01 X63.9275Y19.0806
G01 X63.9038Y19.0653
G01 X63.8041Y18.9918
G01 X63.7700Y18.9637
G01 X63.6855Y18.8871
G01 X63.6588Y18.8600
G01 X63.5758Y18.7680
G01 X63.5582Y18.7459
G01 X63.5000Y18.6674
G01 X63.4418Y18.7459
G01 X63.4242Y18.7680
G01 X63.3412Y18.8600
G01 X63.3145Y18.8871
G01 X63.2300Y18.9637
G01 X63.1959Y18.9918
G01 X63.0962Y19.0653
G01 X63.0725Y19.0806
G01 X62.9799Y19.1361
G01 X62.9552Y19.1498
G01 X62.8434Y19.2031
G01 X62.8026Y19.2200
G01 X62.6858Y19.2614
G01 X62.6587Y19.2691
G01 X62.5539Y19.2954
G01 X62.5106Y19.3040
G01 X62.3880Y19.3219
G01 X62.3599Y19.3242
G01 X62.2521Y19.3295
G01 X62.2239Y19.3299
G01 X62.1001Y19.3242
G01 X62.0720Y19.3219
G01 X61.9494Y19.3040
G01 X61.9061Y19.2954
G01 X61.8013Y19.2691
G01 X61.7742Y19.2614
G01 X61.6574Y19.2200
G01 X61.6166Y19.2031
G01 X61.5048Y19.1498
G01 X61.4801Y19.1361
G01 X61.3875Y19.0806
G01 X61.3638Y19.0653
G01 X61.2641Y18.9918
G01 X61.2300Y18.9637
G01 X61.1455Y18.8871
G01 X61.1188Y18.8600
G01 X61.0358Y18.7680
G01 X61.0182Y18.7459
G01 X60.9600Y18.6674
G01 X60.9018Y18.7459
G01 X60.8842Y18.7680
G01 X60.8012Y18.8600
G01 X60.7745Y18.8871
G01 X60.6900Y18.9637
G01 X60.6559Y18.9918
G01 X60.5562Y19.0653
G01 X60.5325Y19.0806
G01 X60.4399Y19.1361
G01 X60.4152Y19.1498
G01 X60.3034Y19.2031
G01 X60.2626Y19.2200
G01 X60.1458Y19.2614
G01 X60.1187Y19.2691
G01 X60.0139Y19.2954
G01 X59.9706Y19.3040
G01 X59.8480Y19.3219
G01 X59.8199Y19.3242
G01 X59.7121Y19.3295
G01 X59.6839Y19.3299
G01 X59.5601Y19.3242
G01 X59.5320Y19.3219
G01 X59.4094Y19.3040
G01 X59.3661Y19.2954
G01 X59.2613Y19.2691
G01 X59.2342Y19.2614
G01 X59.1174Y19.2200
G01 X59.0766Y19.2031
G01 X58.9648Y19.1498
G01 X58.9401Y19.1361
G01 X58.8475Y19.0806
G01 X58.8238Y19.0653
G01 X58.7241Y18.9918
G01 X58.6900Y18.9637
G01 X58.6055Y18.8871
G01 X58.5788Y18.8600
G01 X58.4958Y18.7680
G01 X58.4782Y18.7459
G01 X58.4200Y18.6674
G01 X58.3618Y18.7459
G01 X58.3442Y18.7680
G01 X58.2612Y18.8600
G01 X58.2345Y18.8871
G01 X58.1500Y18.9637
G01 X58.1159Y18.9918
G01 X58.0162Y19.0653
G01 X57.9925Y19.0806
G01 X57.8999Y19.1361
G01 X57.8752Y19.1498
G01 X57.7634Y19.2031
G01 X57.7226Y19.2200
G01 X57.6058Y19.2614
G01 X57.5787Y19.2691
G01 X57.4739Y19.2954
G01 X57.4306Y19.3040
G01 X57.3080Y19.3219
G01 X57.2799Y19.3242
G01 X57.1721Y19.3295
G01 X57.1439Y19.3299
G01 X57.0201Y19.3242
G01 X56.9762Y19.3198
G01 X56.8536Y19.3013
G01 X56.8261Y19.2954
G01 X56.7213Y19.2691
G01 X56.6791Y19.2563
G01 X56.5625Y19.2143
G01 X56.5366Y19.2031
G01 X56.4391Y19.1569
G01 X56.4054Y19.1392
G01 X56.2940Y19.0721
G01 X56.2708Y19.0561
G01 X56.1841Y18.9918
G01 X56.1500Y18.9637
G01 X56.0584Y18.8803
G01 X56.0388Y18.8600
G01 X55.9663Y18.7800
G01 X55.9420Y18.7508
G01 X55.8647Y18.6462
G01 X55.8494Y18.6225
G01 X55.8217Y18.5762
G01 X55.8029Y18.6036
G01 X55.7445Y18.6825
G01 X55.7164Y18.7166
G01 X55.6505Y18.7893
G01 X55.6309Y18.8096
G01 X55.5346Y18.8969
G01 X55.5125Y18.9145
G01 X55.4336Y18.9729
G01 X55.3969Y18.9974
G01 X55.3127Y19.0479
G01 X55.2881Y19.0616
G01 X55.1705Y19.1172
G01 X55.1443Y19.1276
G01 X55.0519Y19.1606
G01 X55.0096Y19.1735
G01 X54.9144Y19.1973
G01 X54.8868Y19.2033
G01 X54.7740Y19.2203
G01 X54.7460Y19.2235
G01 X54.6161Y19.2299
G01 X54.5879Y19.2295
G01 X54.4899Y19.2246
G01 X54.4460Y19.2203
G01 X54.3489Y19.2059
G01 X54.3211Y19.2009
G01 X54.2104Y19.1735
G01 X54.1832Y19.1657
G01 X54.0757Y19.1276
G01 X54.0495Y19.1172
G01 X53.9462Y19.0687
G01 X53.9211Y19.0558
G01 X53.8231Y18.9974
G01 X53.7864Y18.9729
G01 X53.7075Y18.9145
G01 X53.6854Y18.8969
G01 X53.6007Y18.8205
G01 X53.5736Y18.7938
G01 X53.5036Y18.7166
G01 X53.4755Y18.6825
G01 X53.4078Y18.5906
G01 X53.3926Y18.5669
G01 X53.3400Y18.4791
G01 X53.2842Y18.5721
G01 X53.2629Y18.6036
G01 X53.2045Y18.6825
G01 X53.1869Y18.7046
G01 X53.1105Y18.7893
G01 X53.0793Y18.8205
G01 X52.9946Y18.8969
G01 X52.9725Y18.9145
G01 X52.8936Y18.9729
G01 X52.8704Y18.9890
G01 X52.7727Y19.0479
G01 X52.7481Y19.0616
G01 X52.6451Y19.1107
G01 X52.6043Y19.1276
G01 X52.4968Y19.1657
G01 X52.4696Y19.1735
G01 X52.3744Y19.1973
G01 X52.3311Y19.2059
G01 X52.2182Y19.2223
G01 X52.1901Y19.2246
G01 X52.0921Y19.2295
G01 X52.0479Y19.2295
G01 X51.9499Y19.2246
G01 X51.9218Y19.2223
G01 X51.7932Y19.2033
G01 X51.7656Y19.1973
G01 X51.6704Y19.1735
G01 X51.6281Y19.1606
G01 X51.5357Y19.1276
G01 X51.5095Y19.1172
G01 X51.3919Y19.0616
G01 X51.3673Y19.0479
G01 X51.2831Y18.9974
G01 X51.2464Y18.9729
G01 X51.1675Y18.9145
G01 X51.1454Y18.8969
G01 X51.0491Y18.8096
G01 X51.0295Y18.7893
G01 X50.9636Y18.7166
G01 X50.9355Y18.6825
G01 X50.8771Y18.6036
G01 X50.8610Y18.5804
G01 X50.8000Y18.4791
G01 X50.7474Y18.5669
G01 X50.7322Y18.5906
G01 X50.6645Y18.6825
G01 X50.6364Y18.7166
G01 X50.5705Y18.7893
G01 X50.5509Y18.8096
G01 X50.4666Y18.8864
G01 X50.4373Y18.9107
G01 X50.3536Y18.9729
G01 X50.3169Y18.9974
G01 X50.2189Y19.0558
G01 X50.1938Y19.0687
G01 X50.0905Y19.1172
G01 X50.0643Y19.1276
G01 X49.9568Y19.1657
G01 X49.9296Y19.1735
G01 X49.8189Y19.2009
G01 X49.7911Y19.2059
G01 X49.6940Y19.2203
G01 X49.6501Y19.2246
G01 X49.5521Y19.2295
G01 X49.5239Y19.2299
G01 X49.3940Y19.2235
G01 X49.3660Y19.2203
G01 X49.2689Y19.2059
G01 X49.2256Y19.1973
G01 X49.1304Y19.1735
G01 X49.1032Y19.1657
G01 X48.9900Y19.1254
G01 X48.9549Y19.1107
G01 X48.8662Y19.0687
G01 X48.8326Y19.0510
G01 X48.7296Y18.9890
G01 X48.7064Y18.9729
G01 X48.6275Y18.9145
G01 X48.5934Y18.8864
G01 X48.5207Y18.8205
G01 X48.5004Y18.8009
G01 X48.4195Y18.7120
G01 X48.4053Y18.6951
G01 X48.3800Y18.6615
G01 X48.3547Y18.6951
G01 X48.3405Y18.7120
G01 X48.2596Y18.8009
G01 X48.2393Y18.8205
G01 X48.1546Y18.8969
G01 X48.1325Y18.9145
G01 X48.0536Y18.9729
G01 X48.0304Y18.9890
G01 X47.9327Y19.0479
G01 X47.8938Y19.0687
G01 X47.8051Y19.1107
G01 X47.7792Y19.1219
G01 X47.6719Y19.1606
G01 X47.6356Y19.1719
G01 X47.5285Y19.1987
G01 X47.4911Y19.2059
G01 X47.3940Y19.2203
G01 X47.3660Y19.2235
G01 X47.2521Y19.2295
G01 X47.2141Y19.2297
G01 X47.1099Y19.2246
G01 X47.0818Y19.2223
G01 X46.9689Y19.2059
G01 X46.9411Y19.2009
G01 X46.8304Y19.1735
G01 X46.8032Y19.1657
G01 X46.6957Y19.1276
G01 X46.6695Y19.1172
G01 X46.5662Y19.0687
G01 X46.5411Y19.0558
G01 X46.4431Y18.9974
G01 X46.4194Y18.9822
G01 X46.3275Y18.9145
G01 X46.3054Y18.8969
G01 X46.2207Y18.8205
G01 X46.2004Y18.8009
G01 X46.1236Y18.7166
G01 X46.1053Y18.6951
G01 X46.0371Y18.6036
G01 X46.0210Y18.5804
G01 X45.9542Y18.4689
G01 X45.9413Y18.4438
G01 X45.8928Y18.3405
G01 X45.8824Y18.3143
G01 X45.8443Y18.2068
G01 X45.8365Y18.1796
G01 X45.8091Y18.0689
G01 X45.8041Y18.0411
G01 X45.7877Y17.9282
G01 X45.7854Y17.9001
G01 X45.7801Y17.7910
G00 Z20.0000
G00 X47.2682Y16.3313
G01 Z20.0000
G01 X48.9496Y15.7297
G01 X51.9304Y14.9831
G01 X54.9700Y14.5322
G01 X58.0391Y14.3814
G01 X61.1083Y14.5322
G01 X64.1479Y14.9831
G01 X64.3212Y15.0265
G00 Z20.0000
G00 X63.7906Y15.3087
G01 Z20.0000
G01 X63.0565Y15.1998
G00 Z20.0000
G00 X61.8194Y15.0163
G01 Z20.0000
G01 X61.0716Y14.9054
G01 X58.0391Y14.7564
G01 X55.0067Y14.9054
G01 X52.0035Y15.3509
G01 X49.0585Y16.0886
G01 X47.9101Y16.4995
G00 Z20.0000
G00 X48.2689Y16.7689
G01 Z20.0000
G01 X48.6405Y16.6359
G00 Z20.0000
G00 X49.6205Y16.3339
G01 Z20.0000
G01 X52.0767Y15.7187
G01 X55.0435Y15.2786
G01 X56.2953Y15.2171
G00 Z20.0000
G00 X55.8878Y15.6121
G01 Z20.0000
G01 X55.0803Y15.6518
G01 X52.1499Y16.0865
G01 X50.2969Y16.5506
G00 Z20.0000
G00 X50.6424Y16.8502
G01 Z20.0000
G01 X51.0521Y16.7475
G00 Z20.0000
G00 X52.5357Y16.4079
G01 Z20.0000
G01 X55.1170Y16.0250
G01 X55.6888Y15.9969
G00 Z20.0000
G00 X55.6061Y16.3759
G01 Z20.0000
G01 X55.1538Y16.3982
G01 X55.0794Y16.4092
G00 Z20.0000
G00 X53.7629Y16.6045
G01 Z20.0000
G01 X53.0475Y16.7106
G00 Z20.0000
G00 X53.3208Y17.0487
G01 Z20.0000
G01 X53.3630Y17.0424
G00 Z20.0000
G00 X53.3847Y18.5538
G01 Z20.0000
G01 X53.2866Y18.5684
G01 X53.6765Y18.8892
G01 X52.8274Y19.0151
G00 Z20.0000
G00 X51.9528Y19.2248
G01 Z20.0000
G01 X50.1470Y19.6771
G01 X47.6349Y20.5759
G01 X45.2231Y21.7167
G01 X42.9346Y23.0883
G01 X40.7916Y24.6777
G01 X38.8147Y26.4694
G01 X37.0229Y28.4463
G01 X35.4336Y30.5893
G01 X34.0619Y32.8778
G01 X33.5942Y33.8667
G00 Z20.0000
G00 X33.9230Y34.0476
G01 Z20.0000
G01 X34.3926Y33.0546
G01 X35.2830Y31.5690
G00 Z20.0000
G00 X35.2801Y31.5070
G01 Z20.0000
G01 X35.2805Y31.4739
G01 X35.2869Y31.3502
G01 X35.2902Y31.3222
G01 X35.3087Y31.1996
G01 X35.3146Y31.1721
G01 X35.3450Y31.0520
G01 X35.3537Y31.0251
G01 X35.3957Y30.9085
G01 X35.4069Y30.8826
G01 X35.4602Y30.7708
G01 X35.4739Y30.7461
G01 X35.5379Y30.6400
G01 X35.5539Y30.6168
G01 X35.6280Y30.5175
G01 X35.6463Y30.4960
G01 X35.7297Y30.4044
G01 X35.7500Y30.3848
G01 X35.8420Y30.3018
G01 X35.8641Y30.2842
G01 X35.9638Y30.2107
G01 X35.9875Y30.1954
G01 X36.0940Y30.1320
G01 X36.1191Y30.1191
G01 X36.2312Y30.0664
G01 X36.2574Y30.0560
G01 X36.3742Y30.0146
G01 X36.4013Y30.0069
G01 X36.5216Y29.9771
G01 X36.5494Y29.9720
G01 X36.6720Y29.9541
G01 X36.7001Y29.9518
G01 X36.8239Y29.9461
G01 X36.8521Y29.9465
G01 X36.9599Y29.9518
G01 X36.9880Y29.9541
G01 X37.1106Y29.9720
G01 X37.1539Y29.9806
G01 X37.2587Y30.0069
G01 X37.2858Y30.0146
G01 X37.4026Y30.0560
G01 X37.4434Y30.0729
G01 X37.5552Y30.1262
G01 X37.5799Y30.1399
G01 X37.6725Y30.1954
G01 X37.6962Y30.2107
G01 X37.7959Y30.2842
G01 X37.8300Y30.3123
G01 X37.9145Y30.3889
G01 X37.9412Y30.4160
G01 X38.0242Y30.5080
G01 X38.0418Y30.5301
G01 X38.1000Y30.6086
G01 X38.1582Y30.5301
G01 X38.1758Y30.5080
G01 X38.2588Y30.4160
G01 X38.2784Y30.3957
G01 X38.3820Y30.3018
G01 X38.4041Y30.2842
G01 X38.4908Y30.2199
G01 X38.5275Y30.1954
G01 X38.6254Y30.1368
G01 X38.6591Y30.1191
G01 X38.7566Y30.0729
G01 X38.7825Y30.0617
G01 X38.8991Y30.0197
G01 X38.9260Y30.0110
G01 X39.0616Y29.9771
G01 X39.0894Y29.9720
G01 X39.1962Y29.9562
G01 X39.2401Y29.9518
G01 X39.3541Y29.9463
G01 X39.3921Y29.9465
G01 X39.4999Y29.9518
G01 X39.5280Y29.9541
G01 X39.6506Y29.9720
G01 X39.6784Y29.9771
G01 X39.8140Y30.0110
G01 X39.8409Y30.0197
G01 X39.9483Y30.0582
G01 X39.9834Y30.0729
G01 X40.0809Y30.1191
G01 X40.1199Y30.1399
G01 X40.2125Y30.1954
G01 X40.2362Y30.2107
G01 X40.3485Y30.2940
G01 X40.3700Y30.3123
G01 X40.4500Y30.3848
G01 X40.4812Y30.4160
G01 X40.5537Y30.4960
G01 X40.5720Y30.5175
G01 X40.6553Y30.6298
G01 X40.6706Y30.6535
G01 X40.7261Y30.7461
G01 X40.7469Y30.7851
G01 X40.7931Y30.8826
G01 X40.8043Y30.9085
G01 X40.8514Y31.0402
G01 X40.8591Y31.0673
G01 X40.8854Y31.1721
G01 X40.8940Y31.2154
G01 X40.9098Y31.3222
G01 X40.9131Y31.3502
G01 X40.9199Y31.4899
G01 X40.9195Y31.5181
G01 X40.9131Y31.6418
G01 X40.9098Y31.6698
G01 X40.8913Y31.7924
G01 X40.8854Y31.8199
G01 X40.8550Y31.9400
G01 X40.8463Y31.9669
G01 X40.8043Y32.0835
G01 X40.7931Y32.1094
G01 X40.7398Y32.2212
G01 X40.7261Y32.2459
G01 X40.6621Y32.3520
G01 X40.6461Y32.3752
G01 X40.5720Y32.4745
G01 X40.5537Y32.4960
G01 X40.4703Y32.5876
G01 X40.4500Y32.6072
G01 X40.3580Y32.6902
G01 X40.3359Y32.7078
G01 X40.2362Y32.7813
G01 X40.2125Y32.7966
G01 X40.1060Y32.8600
G01 X40.0809Y32.8729
G01 X39.9688Y32.9256
G01 X39.9426Y32.9360
G01 X39.8258Y32.9774
G01 X39.7987Y32.9851
G01 X39.6784Y33.0149
G01 X39.6506Y33.0200
G01 X39.5280Y33.0379
G01 X39.4999Y33.0402
G01 X39.3761Y33.0459
G01 X39.3479Y33.0455
G01 X39.2401Y33.0402
G01 X39.2120Y33.0379
G01 X39.0894Y33.0200
G01 X39.0461Y33.0114
G01 X38.9413Y32.9851
G01 X38.9142Y32.9774
G01 X38.7974Y32.9360
G01 X38.7566Y32.9191
G01 X38.6448Y32.8658
G01 X38.6201Y32.8521
G01 X38.5275Y32.7966
G01 X38.5038Y32.7813
G01 X38.4041Y32.7078
G01 X38.3700Y32.6797
G01 X38.2855Y32.6031
G01 X38.2588Y32.5760
G01 X38.1758Y32.4840
G01 X38.1582Y32.4619
G01 X38.1000Y32.3834
G01 X38.0418Y32.4619
G01 X38.0242Y32.4840
G01 X37.9412Y32.5760
G01 X37.9216Y32.5963
G01 X37.8180Y32.6902
G01 X37.7959Y32.7078
G01 X37.7092Y32.7721
G01 X37.6725Y32.7966
G01 X37.5746Y32.8552
G01 X37.5409Y32.8729
G01 X37.4434Y32.9191
G01 X37.4175Y32.9303
G01 X37.3009Y32.9723
G01 X37.2740Y32.9810
G01 X37.1384Y33.0149
G01 X37.1106Y33.0200
G01 X37.0038Y33.0358
G01 X36.9599Y33.0402
G01 X36.8459Y33.0457
G01 X36.8079Y33.0455
G01 X36.7001Y33.0402
G01 X36.6720Y33.0379
G01 X36.5494Y33.0200
G01 X36.5216Y33.0149
G01 X36.3860Y32.9810
G01 X36.3591Y32.9723
G01 X36.2517Y32.9338
G01 X36.2166Y32.9191
G01 X36.1191Y32.8729
G01 X36.0801Y32.8521
G01 X35.9875Y32.7966
G01 X35.9638Y32.7813
G01 X35.8515Y32.6980
G01 X35.8300Y32.6797
G01 X35.7500Y32.6072
G01 X35.7188Y32.5760
G01 X35.6463Y32.4960
G01 X35.6280Y32.4745
G01 X35.5447Y32.3622
G01 X35.5294Y32.3385
G01 X35.4739Y32.2459
G01 X35.4531Y32.2069
G01 X35.4069Y32.1094
G01 X35.3957Y32.0835
G01 X35.3486Y31.9518
G01 X35.3409Y31.9247
G01 X35.3146Y31.8199
G01 X35.3060Y31.7766
G01 X35.2902Y31.6698
G01 X35.2869Y31.6418
G01 X35.2801Y31.5070
G00 Z20.0000
G00 X35.4022Y32.0988
G01 Z20.0000
G01 X34.7234Y33.2314
G01 X34.2111Y34.3144
G00 Z20.0000
G00 X34.7930Y33.9602
G01 Z20.0000
G01 X35.0541Y33.4081
G01 X35.6199Y32.4641
G00 Z20.0000
G00 X35.8962Y32.7316
G01 Z20.0000
G01 X35.3848Y33.5849
G01 X35.2925Y33.7801
G00 Z20.0000
G00 X35.7145Y33.7638
G01 Z20.0000
G01 X36.2197Y32.9205
G00 Z20.0000
G00 X36.5929Y33.0264
G01 Z20.0000
G01 X36.0972Y33.8534
G00 Z20.0000
G00 X36.4314Y34.0244
G01 Z20.0000
G01 X37.0259Y33.0326
G00 Z20.0000
G00 X37.5659Y32.8601
G01 Z20.0000
G01 X36.7170Y34.2765
G00 Z20.0000
G00 X36.9578Y34.6392
G01 Z20.0000
G01 X37.0384Y34.4688
G01 X38.2071Y32.5190
G00 Z20.0000
G00 X38.4917Y32.7727
G01 Z20.0000
G01 X37.3691Y34.6455
G01 X37.1055Y35.2030
G01 X37.8201Y35.3170
G01 X37.8204Y35.2870
G01 X37.8258Y35.1761
G01 X37.8302Y35.1322
G01 X37.8460Y35.0254
G01 X37.8511Y34.9976
G01 X37.8809Y34.8773
G01 X37.8886Y34.8502
G01 X37.9357Y34.7185
G01 X37.9469Y34.6926
G01 X37.9931Y34.5951
G01 X38.0108Y34.5614
G01 X38.0694Y34.4635
G01 X38.0939Y34.4268
G01 X38.1582Y34.3401
G01 X38.1758Y34.3180
G01 X38.2588Y34.2260
G01 X38.2784Y34.2057
G01 X38.3820Y34.1118
G01 X38.4041Y34.0942
G01 X38.4908Y34.0299
G01 X38.5275Y34.0054
G01 X38.6254Y33.9468
G01 X38.6591Y33.9291
G01 X38.7566Y33.8829
G01 X38.7825Y33.8717
G01 X38.8991Y33.8297
G01 X38.9260Y33.8210
G01 X39.0616Y33.7871
G01 X39.0894Y33.7820
G01 X39.1962Y33.7662
G01 X39.2401Y33.7618
G01 X39.3479Y33.7565
G01 X39.3761Y33.7561
G01 X39.5158Y33.7629
G01 X39.5438Y33.7662
G01 X39.6506Y33.7820
G01 X39.6939Y33.7906
G01 X39.8046Y33.8184
G01 X39.8409Y33.8297
G01 X39.9426Y33.8660
G01 X39.9688Y33.8764
G01 X40.0865Y33.9318
G01 X40.1199Y33.9499
G01 X40.2125Y34.0054
G01 X40.2492Y34.0299
G01 X40.3359Y34.0942
G01 X40.3580Y34.1118
G01 X40.4616Y34.2057
G01 X40.4812Y34.2260
G01 X40.5642Y34.3180
G01 X40.5818Y34.3401
G01 X40.6400Y34.4186
G01 X40.6982Y34.3401
G01 X40.7158Y34.3180
G01 X40.7988Y34.2260
G01 X40.8300Y34.1948
G01 X40.9100Y34.1223
G01 X40.9315Y34.1040
G01 X41.0308Y34.0299
G01 X41.0675Y34.0054
G01 X41.1601Y33.9499
G01 X41.1848Y33.9362
G01 X41.2966Y33.8829
G01 X41.3374Y33.8660
G01 X41.4542Y33.8246
G01 X41.4813Y33.8169
G01 X41.5861Y33.7906
G01 X41.6294Y33.7820
G01 X41.7362Y33.7662
G01 X41.7642Y33.7629
G01 X41.8879Y33.7565
G01 X41.9321Y33.7565
G01 X42.0558Y33.7629
G01 X42.0838Y33.7662
G01 X42.1906Y33.7820
G01 X42.2184Y33.7871
G01 X42.3387Y33.8169
G01 X42.3658Y33.8246
G01 X42.4826Y33.8660
G01 X42.5088Y33.8764
G01 X42.6209Y33.9291
G01 X42.6599Y33.9499
G01 X42.7577Y34.0086
G01 X42.7892Y34.0299
G01 X42.8759Y34.0942
G01 X42.8980Y34.1118
G01 X42.9900Y34.1948
G01 X43.0212Y34.2260
G01 X43.1042Y34.3180
G01 X43.1218Y34.3401
G01 X43.1953Y34.4398
G01 X43.2106Y34.4635
G01 X43.2661Y34.5561
G01 X43.2798Y34.5808
G01 X43.3331Y34.6926
G01 X43.3443Y34.7185
G01 X43.3863Y34.8351
G01 X43.3950Y34.8620
G01 X43.4254Y34.9821
G01 X43.4340Y35.0254
G01 X43.4498Y35.1322
G01 X43.4531Y35.1602
G01 X43.4595Y35.2839
G01 X43.4597Y35.3219
G01 X43.4542Y35.4359
G01 X43.4498Y35.4798
G01 X43.4313Y35.6024
G01 X43.4254Y35.6299
G01 X43.3976Y35.7406
G01 X43.3863Y35.7769
G01 X43.3500Y35.8786
G01 X43.3396Y35.9048
G01 X43.2869Y36.0169
G01 X43.2661Y36.0559
G01 X43.2106Y36.1485
G01 X43.1953Y36.1722
G01 X43.1218Y36.2719
G01 X43.0937Y36.3060
G01 X43.0212Y36.3860
G01 X43.0016Y36.4063
G01 X42.9100Y36.4897
G01 X42.8759Y36.5178
G01 X42.7762Y36.5913
G01 X42.7525Y36.6066
G01 X42.6599Y36.6621
G01 X42.6209Y36.6829
G01 X42.5088Y36.7356
G01 X42.4826Y36.7460
G01 X42.3809Y36.7823
G01 X42.3446Y36.7936
G01 X42.2184Y36.8249
G01 X42.1906Y36.8300
G01 X42.0838Y36.8458
G01 X42.0399Y36.8502
G01 X41.9321Y36.8555
G01 X41.9039Y36.8559
G01 X41.7642Y36.8491
G01 X41.7362Y36.8458
G01 X41.6294Y36.8300
G01 X41.5861Y36.8214
G01 X41.4754Y36.7936
G01 X41.4391Y36.7823
G01 X41.3374Y36.7460
G01 X41.3112Y36.7356
G01 X41.1936Y36.6802
G01 X41.1601Y36.6621
G01 X41.0675Y36.6066
G01 X41.0308Y36.5821
G01 X40.9441Y36.5178
G01 X40.9220Y36.5002
G01 X40.8184Y36.4063
G01 X40.7988Y36.3860
G01 X40.7158Y36.2940
G01 X40.6982Y36.2719
G01 X40.6400Y36.1934
G01 X40.5818Y36.2719
G01 X40.5642Y36.2940
G01 X40.4812Y36.3860
G01 X40.4500Y36.4172
G01 X40.3700Y36.4897
G01 X40.3485Y36.5080
G01 X40.2492Y36.5821
G01 X40.2125Y36.6066
G01 X40.1199Y36.6621
G01 X40.0952Y36.6758
G01 X39.9834Y36.7291
G01 X39.9426Y36.7460
G01 X39.8258Y36.7874
G01 X39.7987Y36.7951
G01 X39.6939Y36.8214
G01 X39.6506Y36.8300
G01 X39.5438Y36.8458
G01 X39.5158Y36.8491
G01 X39.3921Y36.8555
G01 X39.3479Y36.8555
G01 X39.2242Y36.8491
G01 X39.1962Y36.8458
G01 X39.0736Y36.8273
G01 X39.0461Y36.8214
G01 X38.9260Y36.7910
G01 X38.8991Y36.7823
G01 X38.7825Y36.7403
G01 X38.7566Y36.7291
G01 X38.6591Y36.6829
G01 X38.6254Y36.6652
G01 X38.5275Y36.6066
G01 X38.4908Y36.5821
G01 X38.4041Y36.5178
G01 X38.3820Y36.5002
G01 X38.2900Y36.4172
G01 X38.2588Y36.3860
G01 X38.1863Y36.3060
G01 X38.1680Y36.2845
G01 X38.0939Y36.1852
G01 X38.0779Y36.1620
G01 X38.0139Y36.0559
G01 X38.0002Y36.0312
G01 X37.9469Y35.9194
G01 X37.9357Y35.8935
G01 X37.8886Y35.7618
G01 X37.8809Y35.7347
G01 X37.8511Y35.6144
G01 X37.8460Y35.5866
G01 X37.8281Y35.4640
G01 X37.8258Y35.4359
G01 X37.8201Y35.3170
G00 Z20.0000
G00 X37.8257Y35.4323
G01 Z20.0000
G01 X37.0786Y37.0118
G01 X36.3286Y39.1081
G01 X35.7876Y41.2678
G01 X35.7692Y41.3914
G00 Z20.0000
G00 X36.1338Y41.4865
G01 Z20.0000
G01 X36.1554Y41.3410
G01 X36.6874Y39.2169
G01 X37.4251Y37.1553
G01 X37.9783Y35.9856
G00 Z20.0000
G00 X38.2223Y36.3458
G01 Z20.0000
G01 X37.7715Y37.2988
G01 X37.0463Y39.3258
G01 X36.5232Y41.4141
G01 X36.4833Y41.6827
G00 Z20.0000
G00 X36.8126Y42.0152
G01 Z20.0000
G01 X36.8910Y41.4873
G01 X37.4051Y39.4346
G01 X38.1180Y37.4423
G01 X38.5165Y36.5997
G00 Z20.0000
G00 X38.8524Y36.7656
G01 Z20.0000
G01 X38.4645Y37.5858
G01 X37.7640Y39.5435
G01 X37.2588Y41.5604
G01 X37.0909Y42.6920
G01 X37.8224Y42.8659
G01 X37.7001Y43.6907
G01 X37.6810Y44.0779
G00 Z20.0000
G00 X38.0590Y44.0175
G01 Z20.0000
G01 X38.0711Y43.7712
G00 Z20.0000
G00 X37.2972Y44.2586
G01 Z20.0000
G01 X37.3269Y43.6539
G01 X37.6266Y41.6336
G01 X38.1228Y39.6524
G01 X38.8109Y37.7293
G01 X39.2271Y36.8493
G00 Z20.0000
G00 X39.6506Y36.8300
G01 Z20.0000
G01 X39.1574Y37.8728
G01 X38.4817Y39.7612
G01 X37.9944Y41.7067
G01 X37.8716Y42.5343
G00 Z20.0000
G00 X38.3720Y41.7404
G01 Z20.0000
G01 X38.8405Y39.8701
G01 X39.5038Y38.0163
G01 X40.1540Y36.6417
G01 X40.7349Y36.3156
G01 X40.6763Y36.4133
G01 X39.8503Y38.1598
G01 X39.1994Y39.9789
G01 X38.8243Y41.4764
G00 Z20.0000
G00 X39.2340Y41.3822
G01 Z20.0000
G01 X39.5582Y40.0878
G01 X40.1967Y38.3033
G01 X41.0070Y36.5901
G01 X41.0177Y36.5723
G00 Z20.0000
G00 X41.3480Y36.7497
G01 Z20.0000
G01 X41.3378Y36.7668
G01 X40.5432Y38.4468
G01 X39.9171Y40.1966
G01 X39.6164Y41.3969
G00 Z20.0000
G00 X39.9768Y41.4999
G01 Z20.0000
G01 X40.2759Y40.3055
G01 X40.8896Y38.5903
G01 X41.6685Y36.9436
G01 X41.7278Y36.8446
G00 Z20.0000
G00 X42.1716Y36.8328
G01 Z20.0000
G01 X41.9992Y37.1204
G01 X41.2361Y38.7339
G01 X40.6348Y40.4144
G01 X40.3134Y41.6975
G00 Z20.0000
G00 X40.6206Y42.0125
G01 Z20.0000
G01 X40.9936Y40.5232
G01 X41.5825Y38.8774
G01 X42.3299Y37.2972
G01 X42.7390Y36.6147
G00 Z20.0000
G00 X43.4462Y35.5044
G01 Z20.0000
G01 X44.2699Y34.3938
G01 X45.4438Y33.0986
G01 X45.6870Y32.8781
G00 Z20.0000
G00 X45.6801Y33.0310
G01 Z20.0000
G01 X45.6805Y32.9979
G01 X45.6864Y32.8840
G01 X45.6897Y32.8560
G01 X45.7067Y32.7432
G01 X45.7127Y32.7156
G01 X45.7407Y32.6050
G01 X45.7494Y32.5781
G01 X45.7824Y32.4857
G01 X45.7993Y32.4449
G01 X45.8484Y32.3419
G01 X45.8621Y32.3173
G01 X45.9125Y32.2331
G01 X45.9371Y32.1964
G01 X45.9993Y32.1127
G01 X46.0236Y32.0834
G01 X46.0895Y32.0107
G01 X46.1091Y31.9904
G01 X46.1934Y31.9136
G01 X46.2149Y31.8953
G01 X46.3064Y31.8271
G01 X46.3296Y31.8110
G01 X46.4272Y31.7521
G01 X46.4519Y31.7384
G01 X46.5549Y31.6893
G01 X46.5808Y31.6781
G01 X46.7032Y31.6343
G01 X46.7304Y31.6265
G01 X46.8411Y31.5991
G01 X46.8689Y31.5941
G01 X46.9659Y31.5797
G01 X47.0099Y31.5754
G01 X47.1079Y31.5705
G01 X47.1361Y31.5701
G01 X47.2501Y31.5754
G01 X47.2940Y31.5797
G01 X47.3911Y31.5941
G01 X47.4189Y31.5991
G01 X47.5355Y31.6281
G01 X47.5719Y31.6394
G01 X47.6643Y31.6724
G01 X47.7051Y31.6893
G01 X47.8081Y31.7384
G01 X47.8327Y31.7521
G01 X47.9169Y31.8026
G01 X47.9536Y31.8271
G01 X48.0324Y31.8855
G01 X48.0546Y31.9031
G01 X48.1393Y31.9795
G01 X48.1705Y32.0107
G01 X48.2364Y32.0834
G01 X48.2547Y32.1049
G01 X48.3300Y32.2063
G01 X48.4053Y32.1049
G01 X48.4236Y32.0834
G01 X48.4895Y32.0107
G01 X48.5207Y31.9795
G01 X48.5934Y31.9136
G01 X48.6149Y31.8953
G01 X48.7194Y31.8178
G01 X48.7431Y31.8026
G01 X48.8273Y31.7521
G01 X48.8662Y31.7313
G01 X48.9549Y31.6893
G01 X48.9808Y31.6781
G01 X49.1032Y31.6343
G01 X49.1304Y31.6265
G01 X49.2256Y31.6027
G01 X49.2689Y31.5941
G01 X49.3660Y31.5797
G01 X49.3940Y31.5765
G01 X49.5079Y31.5705
G01 X49.5521Y31.5705
G01 X49.6501Y31.5754
G01 X49.6782Y31.5777
G01 X49.8068Y31.5967
G01 X49.8344Y31.6027
G01 X49.9296Y31.6265
G01 X49.9568Y31.6343
G01 X50.0643Y31.6724
G01 X50.0905Y31.6828
G01 X50.1938Y31.7313
G01 X50.2189Y31.7442
G01 X50.3169Y31.8026
G01 X50.3536Y31.8271
G01 X50.4325Y31.8855
G01 X50.4546Y31.9031
G01 X50.5393Y31.9795
G01 X50.5664Y32.0062
G01 X50.6364Y32.0834
G01 X50.6645Y32.1175
G01 X50.7322Y32.2094
G01 X50.7474Y32.2331
G01 X50.8000Y32.3209
G01 X50.8610Y32.2196
G01 X50.8771Y32.1964
G01 X50.9355Y32.1175
G01 X50.9636Y32.0834
G01 X51.0295Y32.0107
G01 X51.0491Y31.9904
G01 X51.1454Y31.9031
G01 X51.1675Y31.8855
G01 X51.2464Y31.8271
G01 X51.2831Y31.8026
G01 X51.3673Y31.7521
G01 X51.3919Y31.7384
G01 X51.5095Y31.6828
G01 X51.5357Y31.6724
G01 X51.6281Y31.6394
G01 X51.6704Y31.6265
G01 X51.7656Y31.6027
G01 X51.7932Y31.5967
G01 X51.9218Y31.5777
G01 X51.9499Y31.5754
G01 X52.0479Y31.5705
G01 X52.0921Y31.5705
G01 X52.1901Y31.5754
G01 X52.2182Y31.5777
G01 X52.3311Y31.5941
G01 X52.3744Y31.6027
G01 X52.4696Y31.6265
G01 X52.4968Y31.6343
G01 X52.6043Y31.6724
G01 X52.6451Y31.6893
G01 X52.7481Y31.7384
G01 X52.7727Y31.7521
G01 X52.8704Y31.8110
G01 X52.8936Y31.8271
G01 X52.9725Y31.8855
G01 X52.9946Y31.9031
G01 X53.0793Y31.9795
G01 X53.1105Y32.0107
G01 X53.1869Y32.0954
G01 X53.2045Y32.1175
G01 X53.2629Y32.1964
G01 X53.2842Y32.2279
G01 X53.3400Y32.3209
G01 X53.3926Y32.2331
G01 X53.4078Y32.2094
G01 X53.4755Y32.1175
G01 X53.5036Y32.0834
G01 X53.5736Y32.0062
G01 X53.6007Y31.9795
G01 X53.6854Y31.9031
G01 X53.7075Y31.8855
G01 X53.7864Y31.8271
G01 X53.8231Y31.8026
G01 X53.9211Y31.7442
G01 X53.9462Y31.7313
G01 X54.0495Y31.6828
G01 X54.0757Y31.6724
G01 X54.1832Y31.6343
G01 X54.2104Y31.6265
G01 X54.3211Y31.5991
G01 X54.3489Y31.5941
G01 X54.4460Y31.5797
G01 X54.4899Y31.5754
G01 X54.5879Y31.5705
G01 X54.6161Y31.5701
G01 X54.7460Y31.5765
G01 X54.7740Y31.5797
G01 X54.8868Y31.5967
G01 X54.9144Y31.6027
G01 X55.0096Y31.6265
G01 X55.0519Y31.6394
G01 X55.1443Y31.6724
G01 X55.1705Y31.6828
G01 X55.2881Y31.7384
G01 X55.3127Y31.7521
G01 X55.3969Y31.8026
G01 X55.4336Y31.8271
G01 X55.5125Y31.8855
G01 X55.5346Y31.9031
G01 X55.6309Y31.9904
G01 X55.6505Y32.0107
G01 X55.7164Y32.0834
G01 X55.7445Y32.1175
G01 X55.8029Y32.1964
G01 X55.8217Y32.2238
G01 X55.8494Y32.1775
G01 X55.8647Y32.1538
G01 X55.9420Y32.0492
G01 X55.9663Y32.0200
G01 X56.0388Y31.9400
G01 X56.0584Y31.9197
G01 X56.1500Y31.8363
G01 X56.1841Y31.8082
G01 X56.2708Y31.7439
G01 X56.2940Y31.7279
G01 X56.4054Y31.6608
G01 X56.4391Y31.6431
G01 X56.5366Y31.5969
G01 X56.5625Y31.5857
G01 X56.6791Y31.5437
G01 X56.7213Y31.5309
G01 X56.8261Y31.5046
G01 X56.8536Y31.4987
G01 X56.9762Y31.4802
G01 X57.0201Y31.4758
G01 X57.1439Y31.4701
G01 X57.1721Y31.4705
G01 X57.2799Y31.4758
G01 X57.3080Y31.4781
G01 X57.4306Y31.4960
G01 X57.4739Y31.5046
G01 X57.5787Y31.5309
G01 X57.6058Y31.5386
G01 X57.7226Y31.5800
G01 X57.7634Y31.5969
G01 X57.8752Y31.6502
G01 X57.8999Y31.6639
G01 X57.9925Y31.7194
G01 X58.0162Y31.7347
G01 X58.1159Y31.8082
G01 X58.1500Y31.8363
G01 X58.2345Y31.9129
G01 X58.2612Y31.9400
G01 X58.3442Y32.0320
G01 X58.3618Y32.0541
G01 X58.4200Y32.1326
G01 X58.4782Y32.0541
G01 X58.4958Y32.0320
G01 X58.5788Y31.9400
G01 X58.6055Y31.9129
G01 X58.6900Y31.8363
G01 X58.7241Y31.8082
G01 X58.8238Y31.7347
G01 X58.8475Y31.7194
G01 X58.9401Y31.6639
G01 X58.9648Y31.6502
G01 X59.0766Y31.5969
G01 X59.1025Y31.5857
G01 X59.2191Y31.5437
G01 X59.2613Y31.5309
G01 X59.3661Y31.5046
G01 X59.3936Y31.4987
G01 X59.5162Y31.4802
G01 X59.5601Y31.4758
G01 X59.6839Y31.4701
G01 X59.7121Y31.4705
G01 X59.8199Y31.4758
G01 X59.8480Y31.4781
G01 X59.9706Y31.4960
G01 X60.0139Y31.5046
G01 X60.1187Y31.5309
G01 X60.1458Y31.5386
G01 X60.2626Y31.5800
G01 X60.3034Y31.5969
G01 X60.4152Y31.6502
G01 X60.4399Y31.6639
G01 X60.5325Y31.7194
G01 X60.5562Y31.7347
G01 X60.6559Y31.8082
G01 X60.6900Y31.8363
G01 X60.7745Y31.9129
G01 X60.8012Y31.9400
G01 X60.8842Y32.0320
G01 X60.9018Y32.0541
G01 X60.9600Y32.1326
G01 X61.0182Y32.0541
G01 X61.0358Y32.0320
G01 X61.1188Y31.9400
G01 X61.1455Y31.9129
G01 X61.2300Y31.8363
G01 X61.2641Y31.8082
G01 X61.3638Y31.7347
G01 X61.3875Y31.7194
G01 X61.4801Y31.6639
G01 X61.5048Y31.6502
G01 X61.6166Y31.5969
G01 X61.6425Y31.5857
G01 X61.7591Y31.5437
G01 X61.8013Y31.5309
G01 X61.9061Y31.5046
G01 X61.9336Y31.4987
G01 X62.0562Y31.4802
G01 X62.1001Y31.4758
G01 X62.2239Y31.4701
G01 X62.2521Y31.4705
G01 X62.3599Y31.4758
G01 X62.3880Y31.4781
G01 X62.5106Y31.4960
G01 X62.5539Y31.5046
G01 X62.6587Y31.5309
G01 X62.6858Y31.5386
G01 X62.8026Y31.5800
G01 X62.8434Y31.5969
G01 X62.9552Y31.6502
G01 X62.9799Y31.6639
G01 X63.0725Y31.7194
G01 X63.0962Y31.7347
G01 X63.1959Y31.8082
G01 X63.2300Y31.8363
G01 X63.3145Y31.9129
G01 X63.3412Y31.9400
G01 X63.4242Y32.0320
G01 X63.4418Y32.0541
G01 X63.5000Y32.1326
G01 X63.5582Y32.0541
G01 X63.5758Y32.0320
G01 X63.6588Y31.9400
G01 X63.6855Y31.9129
G01 X63.7700Y31.8363
G01 X63.8041Y31.8082
G01 X63.9038Y31.7347
G01 X63.9275Y31.7194
G01 X64.0201Y31.6639
G01 X64.0448Y31.6502
G01 X64.1566Y31.5969
G01 X64.1974Y31.5800
G01 X64.3142Y31.5386
G01 X64.3413Y31.5309
G01 X64.4461Y31.5046
G01 X64.4894Y31.4960
G01 X64.6120Y31.4781
G01 X64.6401Y31.4758
G01 X64.7639Y31.4701
G01 X64.7921Y31.4705
G01 X64.8999Y31.4758
G01 X64.9280Y31.4781
G01 X65.0506Y31.4960
G01 X65.0939Y31.5046
G01 X65.1987Y31.5309
G01 X65.2258Y31.5386
G01 X65.3426Y31.5800
G01 X65.3834Y31.5969
G01 X65.4952Y31.6502
G01 X65.5199Y31.6639
G01 X65.6125Y31.7194
G01 X65.6362Y31.7347
G01 X65.7359Y31.8082
G01 X65.7700Y31.8363
G01 X65.8545Y31.9129
G01 X65.8812Y31.9400
G01 X65.9642Y32.0320
G01 X65.9818Y32.0541
G01 X66.0400Y32.1326
G01 X66.0982Y32.0541
G01 X66.1158Y32.0320
G01 X66.1988Y31.9400
G01 X66.2255Y31.9129
G01 X66.3100Y31.8363
G01 X66.3441Y31.8082
G01 X66.4438Y31.7347
G01 X66.4675Y31.7194
G01 X66.5601Y31.6639
G01 X66.5848Y31.6502
G01 X66.6966Y31.5969
G01 X66.7374Y31.5800
G01 X66.8542Y31.5386
G01 X66.8813Y31.5309
G01 X66.9861Y31.5046
G01 X67.0294Y31.4960
G01 X67.1520Y31.4781
G01 X67.1801Y31.4758
G01 X67.3039Y31.4701
G01 X67.3321Y31.4705
G01 X67.4399Y31.4758
G01 X67.4680Y31.4781
G01 X67.5906Y31.4960
G01 X67.6339Y31.5046
G01 X67.7387Y31.5309
G01 X67.7658Y31.5386
G01 X67.8826Y31.5800
G01 X67.9234Y31.5969
G01 X68.0352Y31.6502
G01 X68.0599Y31.6639
G01 X68.1525Y31.7194
G01 X68.1762Y31.7347
G01 X68.2759Y31.8082
G01 X68.3100Y31.8363
G01 X68.3945Y31.9129
G01 X68.4212Y31.9400
G01 X68.5042Y32.0320
G01 X68.5218Y32.0541
G01 X68.5800Y32.1326
G01 X68.6382Y32.0541
G01 X68.6558Y32.0320
G01 X68.7388Y31.9400
G01 X68.7655Y31.9129
G01 X68.8500Y31.8363
G01 X68.8841Y31.8082
G01 X68.9838Y31.7347
G01 X69.0075Y31.7194
G01 X69.1001Y31.6639
G01 X69.1248Y31.6502
G01 X69.2366Y31.5969
G01 X69.2625Y31.5857
G01 X69.3791Y31.5437
G01 X69.4213Y31.5309
G01 X69.5261Y31.5046
G01 X69.5536Y31.4987
G01 X69.6762Y31.4802
G01 X69.7140Y31.4762
G01 X69.8341Y31.4703
G01 X69.8721Y31.4705
G01 X69.9799Y31.4758
G01 X70.0080Y31.4781
G01 X70.1306Y31.4960
G01 X70.1739Y31.5046
G01 X70.2787Y31.5309
G01 X70.3058Y31.5386
G01 X70.4226Y31.5800
G01 X70.4634Y31.5969
G01 X70.5752Y31.6502
G01 X70.5999Y31.6639
G01 X70.6925Y31.7194
G01 X70.7162Y31.7347
G01 X70.8159Y31.8082
G01 X70.8500Y31.8363
G01 X70.9345Y31.9129
G01 X70.9612Y31.9400
G01 X71.0442Y32.0320
G01 X71.0618Y32.0541
G01 X71.1200Y32.1326
G01 X71.1782Y32.0541
G01 X71.1958Y32.0320
G01 X71.2788Y31.9400
G01 X71.3055Y31.9129
G01 X71.3900Y31.8363
G01 X71.4241Y31.8082
G01 X71.5238Y31.7347
G01 X71.5475Y31.7194
G01 X71.6401Y31.6639
G01 X71.6648Y31.6502
G01 X71.7766Y31.5969
G01 X71.8025Y31.5857
G01 X71.9191Y31.5437
G01 X71.9613Y31.5309
G01 X72.0720Y31.5032
G01 X72.1094Y31.4960
G01 X72.2162Y31.4802
G01 X72.2442Y31.4769
G01 X72.3679Y31.4705
G01 X72.4121Y31.4705
G01 X72.5358Y31.4769
G01 X72.5638Y31.4802
G01 X72.6706Y31.4960
G01 X72.7139Y31.5046
G01 X72.8187Y31.5309
G01 X72.8458Y31.5386
G01 X72.9626Y31.5800
G01 X73.0034Y31.5969
G01 X73.1152Y31.6502
G01 X73.1399Y31.6639
G01 X73.2325Y31.7194
G01 X73.2562Y31.7347
G01 X73.3559Y31.8082
G01 X73.3900Y31.8363
G01 X73.4745Y31.9129
G01 X73.5012Y31.9400
G01 X73.5842Y32.0320
G01 X73.6018Y32.0541
G01 X73.6600Y32.1326
G01 X73.7182Y32.0541
G01 X73.7358Y32.0320
G01 X73.8188Y31.9400
G01 X73.8500Y31.9088
G01 X73.9300Y31.8363
G01 X73.9515Y31.8180
G01 X74.0638Y31.7347
G01 X74.0875Y31.7194
G01 X74.1801Y31.6639
G01 X74.2191Y31.6431
G01 X74.3166Y31.5969
G01 X74.3425Y31.5857
G01 X74.4591Y31.5437
G01 X74.5013Y31.5309
G01 X74.6061Y31.5046
G01 X74.6336Y31.4987
G01 X74.7720Y31.4781
G01 X74.8001Y31.4758
G01 X74.9079Y31.4705
G01 X74.9521Y31.4705
G01 X75.0599Y31.4758
G01 X75.0880Y31.4781
G01 X75.2167Y31.4970
G01 X75.2539Y31.5046
G01 X75.3740Y31.5350
G01 X75.4009Y31.5437
G01 X75.5175Y31.5857
G01 X75.5434Y31.5969
G01 X75.6552Y31.6502
G01 X75.6799Y31.6639
G01 X75.7860Y31.7279
G01 X75.8092Y31.7439
G01 X75.9085Y31.8180
G01 X75.9300Y31.8363
G01 X76.0216Y31.9197
G01 X76.0412Y31.9400
G01 X76.1242Y32.0320
G01 X76.1418Y32.0541
G01 X76.2000Y32.1326
G01 X76.2582Y32.0541
G01 X76.2758Y32.0320
G01 X76.3588Y31.9400
G01 X76.3855Y31.9129
G01 X76.4700Y31.8363
G01 X76.5041Y31.8082
G01 X76.6038Y31.7347
G01 X76.6275Y31.7194
G01 X76.7201Y31.6639
G01 X76.7591Y31.6431
G01 X76.8712Y31.5904
G01 X76.8974Y31.5800
G01 X77.0142Y31.5386
G01 X77.0413Y31.5309
G01 X77.1461Y31.5046
G01 X77.1736Y31.4987
G01 X77.2962Y31.4802
G01 X77.3242Y31.4769
G01 X77.4479Y31.4705
G01 X77.4921Y31.4705
G01 X77.6158Y31.4769
G01 X77.6438Y31.4802
G01 X77.7506Y31.4960
G01 X77.7939Y31.5046
G01 X77.8987Y31.5309
G01 X77.9258Y31.5386
G01 X78.0426Y31.5800
G01 X78.0834Y31.5969
G01 X78.1952Y31.6502
G01 X78.2199Y31.6639
G01 X78.3125Y31.7194
G01 X78.3492Y31.7439
G01 X78.4485Y31.8180
G01 X78.4700Y31.8363
G01 X78.5500Y31.9088
G01 X78.5812Y31.9400
G01 X78.6642Y32.0320
G01 X78.6818Y32.0541
G01 X78.7400Y32.1326
G01 X78.7982Y32.0541
G01 X78.8158Y32.0320
G01 X78.8988Y31.9400
G01 X78.9184Y31.9197
G01 X79.0100Y31.8363
G01 X79.0315Y31.8180
G01 X79.1308Y31.7439
G01 X79.1540Y31.7279
G01 X79.2601Y31.6639
G01 X79.2848Y31.6502
G01 X79.3966Y31.5969
G01 X79.4225Y31.5857
G01 X79.5391Y31.5437
G01 X79.5660Y31.5350
G01 X79.6861Y31.5046
G01 X79.7233Y31.4970
G01 X79.8520Y31.4781
G01 X79.8801Y31.4758
G01 X79.9879Y31.4705
G01 X80.0321Y31.4705
G01 X80.1399Y31.4758
G01 X80.1680Y31.4781
G01 X80.3064Y31.4987
G01 X80.3339Y31.5046
G01 X80.4387Y31.5309
G01 X80.4809Y31.5437
G01 X80.5975Y31.5857
G01 X80.6234Y31.5969
G01 X80.7209Y31.6431
G01 X80.7599Y31.6639
G01 X80.8525Y31.7194
G01 X80.8762Y31.7347
G01 X80.9885Y31.8180
G01 X81.0100Y31.8363
G01 X81.0900Y31.9088
G01 X81.1212Y31.9400
G01 X81.2042Y32.0320
G01 X81.2218Y32.0541
G01 X81.2800Y32.1326
G01 X81.3382Y32.0541
G01 X81.3558Y32.0320
G01 X81.4388Y31.9400
G01 X81.4700Y31.9088
G01 X81.5500Y31.8363
G01 X81.5715Y31.8180
G01 X81.6708Y31.7439
G01 X81.7075Y31.7194
G01 X81.8001Y31.6639
G01 X81.8248Y31.6502
G01 X81.9366Y31.5969
G01 X81.9774Y31.5800
G01 X82.0942Y31.5386
G01 X82.1213Y31.5309
G01 X82.2261Y31.5046
G01 X82.2694Y31.4960
G01 X82.3762Y31.4802
G01 X82.4042Y31.4769
G01 X82.5279Y31.4705
G01 X82.5721Y31.4705
G01 X82.6799Y31.4758
G01 X82.7080Y31.4781
G01 X82.8306Y31.4960
G01 X82.8584Y31.5011
G01 X82.9787Y31.5309
G01 X83.0058Y31.5386
G01 X83.1226Y31.5800
G01 X83.1488Y31.5904
G01 X83.2609Y31.6431
G01 X83.2999Y31.6639
G01 X83.3925Y31.7194
G01 X83.4162Y31.7347
G01 X83.5159Y31.8082
G01 X83.5500Y31.8363
G01 X83.6345Y31.9129
G01 X83.6612Y31.9400
G01 X83.7442Y32.0320
G01 X83.7618Y32.0541
G01 X83.8200Y32.1326
G01 X83.8782Y32.0541
G01 X83.8958Y32.0320
G01 X83.9788Y31.9400
G01 X84.0055Y31.9129
G01 X84.0900Y31.8363
G01 X84.1241Y31.8082
G01 X84.2238Y31.7347
G01 X84.2475Y31.7194
G01 X84.3401Y31.6639
G01 X84.3648Y31.6502
G01 X84.4766Y31.5969
G01 X84.5174Y31.5800
G01 X84.6342Y31.5386
G01 X84.6613Y31.5309
G01 X84.7661Y31.5046
G01 X84.8094Y31.4960
G01 X84.9320Y31.4781
G01 X84.9601Y31.4758
G01 X85.0679Y31.4705
G01 X85.1121Y31.4705
G01 X85.2199Y31.4758
G01 X85.2480Y31.4781
G01 X85.3706Y31.4960
G01 X85.4080Y31.5032
G01 X85.5187Y31.5309
G01 X85.5609Y31.5437
G01 X85.6775Y31.5857
G01 X85.7034Y31.5969
G01 X85.8152Y31.6502
G01 X85.8399Y31.6639
G01 X85.9325Y31.7194
G01 X85.9562Y31.7347
G01 X86.0559Y31.8082
G01 X86.0900Y31.8363
G01 X86.1745Y31.9129
G01 X86.2012Y31.9400
G01 X86.2842Y32.0320
G01 X86.3018Y32.0541
G01 X86.3600Y32.1326
G01 X86.4182Y32.0541
G01 X86.4358Y32.0320
G01 X86.5188Y31.9400
G01 X86.5455Y31.9129
G01 X86.6300Y31.8363
G01 X86.6641Y31.8082
G01 X86.7638Y31.7347
G01 X86.7875Y31.7194
G01 X86.8801Y31.6639
G01 X86.9048Y31.6502
G01 X87.0166Y31.5969
G01 X87.0574Y31.5800
G01 X87.1742Y31.5386
G01 X87.2013Y31.5309
G01 X87.3061Y31.5046
G01 X87.3494Y31.4960
G01 X87.4720Y31.4781
G01 X87.5001Y31.4758
G01 X87.6079Y31.4705
G01 X87.6459Y31.4703
G01 X87.7660Y31.4762
G01 X87.8038Y31.4802
G01 X87.9264Y31.4987
G01 X87.9539Y31.5046
G01 X88.0587Y31.5309
G01 X88.1009Y31.5437
G01 X88.2175Y31.5857
G01 X88.2434Y31.5969
G01 X88.3552Y31.6502
G01 X88.3799Y31.6639
G01 X88.4725Y31.7194
G01 X88.4962Y31.7347
G01 X88.5959Y31.8082
G01 X88.6300Y31.8363
G01 X88.7145Y31.9129
G01 X88.7412Y31.9400
G01 X88.8242Y32.0320
G01 X88.8418Y32.0541
G01 X88.9000Y32.1326
G01 X88.9582Y32.0541
G01 X88.9758Y32.0320
G01 X89.0588Y31.9400
G01 X89.0855Y31.9129
G01 X89.1700Y31.8363
G01 X89.2041Y31.8082
G01 X89.3038Y31.7347
G01 X89.3275Y31.7194
G01 X89.4201Y31.6639
G01 X89.4448Y31.6502
G01 X89.5566Y31.5969
G01 X89.5974Y31.5800
G01 X89.7142Y31.5386
G01 X89.7413Y31.5309
G01 X89.8461Y31.5046
G01 X89.8894Y31.4960
G01 X90.0120Y31.4781
G01 X90.0401Y31.4758
G01 X90.1479Y31.4705
G01 X90.1859Y31.4703
G01 X90.3060Y31.4762
G01 X90.3438Y31.4802
G01 X90.4664Y31.4987
G01 X90.4939Y31.5046
G01 X90.5987Y31.5309
G01 X90.6409Y31.5437
G01 X90.7575Y31.5857
G01 X90.7834Y31.5969
G01 X90.8809Y31.6431
G01 X90.9146Y31.6608
G01 X91.0260Y31.7279
G01 X91.0492Y31.7439
G01 X91.1359Y31.8082
G01 X91.1700Y31.8363
G01 X91.2616Y31.9197
G01 X91.2812Y31.9400
G01 X91.3537Y32.0200
G01 X91.3780Y32.0492
G01 X91.4553Y32.1538
G01 X91.4706Y32.1775
G01 X91.4983Y32.2238
G01 X91.5171Y32.1964
G01 X91.5755Y32.1175
G01 X91.5931Y32.0954
G01 X91.6695Y32.0107
G01 X91.7007Y31.9795
G01 X91.7854Y31.9031
G01 X91.8075Y31.8855
G01 X91.8864Y31.8271
G01 X91.9231Y31.8026
G01 X92.0073Y31.7521
G01 X92.0319Y31.7384
G01 X92.1349Y31.6893
G01 X92.1757Y31.6724
G01 X92.2681Y31.6394
G01 X92.2950Y31.6307
G01 X92.4056Y31.6027
G01 X92.4489Y31.5941
G01 X92.5460Y31.5797
G01 X92.5740Y31.5765
G01 X92.6879Y31.5705
G01 X92.7321Y31.5705
G01 X92.8301Y31.5754
G01 X92.8582Y31.5777
G01 X92.9711Y31.5941
G01 X92.9989Y31.5991
G01 X93.1096Y31.6265
G01 X93.1368Y31.6343
G01 X93.2443Y31.6724
G01 X93.2705Y31.6828
G01 X93.3738Y31.7313
G01 X93.3989Y31.7442
G01 X93.4969Y31.8026
G01 X93.5206Y31.8178
G01 X93.6125Y31.8855
G01 X93.6346Y31.9031
G01 X93.7193Y31.9795
G01 X93.7396Y31.9991
G01 X93.8164Y32.0834
G01 X93.8347Y32.1049
G01 X93.9029Y32.1964
G01 X93.9190Y32.2196
G01 X93.9779Y32.3173
G01 X93.9916Y32.3419
G01 X94.0407Y32.4449
G01 X94.0519Y32.4708
G01 X94.0906Y32.5781
G01 X94.0993Y32.6050
G01 X94.1273Y32.7156
G01 X94.1333Y32.7431
G01 X94.1523Y32.8718
G01 X94.1546Y32.8999
G01 X94.1599Y33.0139
G01 X94.1595Y33.0421
G01 X94.1546Y33.1401
G01 X94.1503Y33.1840
G01 X94.1359Y33.2811
G01 X94.1309Y33.3089
G01 X94.0993Y33.4350
G01 X94.0906Y33.4619
G01 X94.0576Y33.5543
G01 X94.0407Y33.5951
G01 X93.9987Y33.6838
G01 X93.9858Y33.7089
G01 X93.9190Y33.8204
G01 X93.9029Y33.8436
G01 X93.8445Y33.9225
G01 X93.8164Y33.9566
G01 X93.7505Y34.0293
G01 X93.7309Y34.0496
G01 X93.6346Y34.1369
G01 X93.6125Y34.1545
G01 X93.5336Y34.2129
G01 X93.4969Y34.2374
G01 X93.4127Y34.2879
G01 X93.3881Y34.3016
G01 X93.2705Y34.3572
G01 X93.2443Y34.3676
G01 X93.1519Y34.4006
G01 X93.1096Y34.4135
G01 X93.0144Y34.4373
G01 X92.9868Y34.4433
G01 X92.8582Y34.4623
G01 X92.8301Y34.4646
G01 X92.7321Y34.4695
G01 X92.6879Y34.4695
G01 X92.5899Y34.4646
G01 X92.5618Y34.4623
G01 X92.4332Y34.4433
G01 X92.4056Y34.4373
G01 X92.3104Y34.4135
G01 X92.2681Y34.4006
G01 X92.1757Y34.3676
G01 X92.1495Y34.3572
G01 X92.0319Y34.3016
G01 X92.0073Y34.2879
G01 X91.9231Y34.2374
G01 X91.8913Y34.2165
G01 X91.7949Y34.1447
G01 X91.7734Y34.1264
G01 X91.7200Y34.0780
G01 X91.7199Y34.2980
G01 X91.7138Y34.4260
G01 X91.7098Y34.4638
G01 X91.6940Y34.5706
G01 X91.6854Y34.6139
G01 X91.6591Y34.7187
G01 X91.6514Y34.7458
G01 X91.6100Y34.8626
G01 X91.5996Y34.8888
G01 X91.5469Y35.0009
G01 X91.5340Y35.0260
G01 X91.4706Y35.1325
G01 X91.4497Y35.1642
G01 X91.3818Y35.2559
G01 X91.3642Y35.2780
G01 X91.2812Y35.3700
G01 X91.2616Y35.3903
G01 X91.1580Y35.4842
G01 X91.1359Y35.5018
G01 X91.0362Y35.5753
G01 X91.0125Y35.5906
G01 X90.9060Y35.6540
G01 X90.8809Y35.6669
G01 X90.7688Y35.7196
G01 X90.7426Y35.7300
G01 X90.6258Y35.7714
G01 X90.5987Y35.7791
G01 X90.4939Y35.8054
G01 X90.4506Y35.8140
G01 X90.3378Y35.8307
G01 X90.2999Y35.8342
G01 X90.1921Y35.8395
G01 X90.1639Y35.8399
G01 X90.0242Y35.8331
G01 X89.9962Y35.8298
G01 X89.8894Y35.8140
G01 X89.8461Y35.8054
G01 X89.7413Y35.7791
G01 X89.7142Y35.7714
G01 X89.5825Y35.7243
G01 X89.5566Y35.7131
G01 X89.4591Y35.6669
G01 X89.4201Y35.6461
G01 X89.3275Y35.5906
G01 X89.3038Y35.5753
G01 X89.1915Y35.4920
G01 X89.1700Y35.4737
G01 X89.0900Y35.4012
G01 X89.0588Y35.3700
G01 X88.9758Y35.2780
G01 X88.9582Y35.2559
G01 X88.9000Y35.1774
G01 X88.8418Y35.2559
G01 X88.8242Y35.2780
G01 X88.7412Y35.3700
G01 X88.7145Y35.3971
G01 X88.6300Y35.4737
G01 X88.5959Y35.5018
G01 X88.4962Y35.5753
G01 X88.4725Y35.5906
G01 X88.3799Y35.6461
G01 X88.3552Y35.6598
G01 X88.2434Y35.7131
G01 X88.2175Y35.7243
G01 X88.1009Y35.7663
G01 X88.0587Y35.7791
G01 X87.9539Y35.8054
G01 X87.9264Y35.8113
G01 X87.8038Y35.8298
G01 X87.7599Y35.8342
G01 X87.6361Y35.8399
G01 X87.6079Y35.8395
G01 X87.5001Y35.8342
G01 X87.4720Y35.8319
G01 X87.3494Y35.8140
G01 X87.3061Y35.8054
G01 X87.1860Y35.7750
G01 X87.1591Y35.7663
G01 X87.0574Y35.7300
G01 X87.0166Y35.7131
G01 X86.9048Y35.6598
G01 X86.8801Y35.6461
G01 X86.7875Y35.5906
G01 X86.7638Y35.5753
G01 X86.6641Y35.5018
G01 X86.6300Y35.4737
G01 X86.5455Y35.3971
G01 X86.5188Y35.3700
G01 X86.4358Y35.2780
G01 X86.4182Y35.2559
G01 X86.3600Y35.1774
G01 X86.3018Y35.2559
G01 X86.2842Y35.2780
G01 X86.2012Y35.3700
G01 X86.1745Y35.3971
G01 X86.0900Y35.4737
G01 X86.0559Y35.5018
G01 X85.9562Y35.5753
G01 X85.9325Y35.5906
G01 X85.8399Y35.6461
G01 X85.8152Y35.6598
G01 X85.7034Y35.7131
G01 X85.6775Y35.7243
G01 X85.5609Y35.7663
G01 X85.5187Y35.7791
G01 X85.4139Y35.8054
G01 X85.3864Y35.8113
G01 X85.2638Y35.8298
G01 X85.2260Y35.8338
G01 X85.1059Y35.8397
G01 X85.0679Y35.8395
G01 X84.9601Y35.8342
G01 X84.9320Y35.8319
G01 X84.8094Y35.8140
G01 X84.7661Y35.8054
G01 X84.6613Y35.7791
G01 X84.6342Y35.7714
G01 X84.5174Y35.7300
G01 X84.4766Y35.7131
G01 X84.3648Y35.6598
G01 X84.3401Y35.6461
G01 X84.2475Y35.5906
G01 X84.2238Y35.5753
G01 X84.1241Y35.5018
G01 X84.0900Y35.4737
G01 X84.0055Y35.3971
G01 X83.9788Y35.3700
G01 X83.8958Y35.2780
G01 X83.8782Y35.2559
G01 X83.8200Y35.1774
G01 X83.7618Y35.2559
G01 X83.7442Y35.2780
G01 X83.6612Y35.3700
G01 X83.6345Y35.3971
G01 X83.5500Y35.4737
G01 X83.5159Y35.5018
G01 X83.4162Y35.5753
G01 X83.3925Y35.5906
G01 X83.2999Y35.6461
G01 X83.2752Y35.6598
G01 X83.1634Y35.7131
G01 X83.1375Y35.7243
G01 X83.0209Y35.7663
G01 X82.9787Y35.7791
G01 X82.8680Y35.8068
G01 X82.8306Y35.8140
G01 X82.7238Y35.8298
G01 X82.6958Y35.8331
G01 X82.5721Y35.8395
G01 X82.5279Y35.8395
G01 X82.4042Y35.8331
G01 X82.3762Y35.8298
G01 X82.2694Y35.8140
G01 X82.2261Y35.8054
G01 X82.1213Y35.7791
G01 X82.0942Y35.7714
G01 X81.9774Y35.7300
G01 X81.9366Y35.7131
G01 X81.8248Y35.6598
G01 X81.8001Y35.6461
G01 X81.7075Y35.5906
G01 X81.6838Y35.5753
G01 X81.5841Y35.5018
G01 X81.5500Y35.4737
G01 X81.4655Y35.3971
G01 X81.4388Y35.3700
G01 X81.3558Y35.2780
G01 X81.3382Y35.2559
G01 X81.2800Y35.1774
G01 X81.2218Y35.2559
G01 X81.2042Y35.2780
G01 X81.1212Y35.3700
G01 X81.0945Y35.3971
G01 X81.0100Y35.4737
G01 X80.9759Y35.5018
G01 X80.8762Y35.5753
G01 X80.8525Y35.5906
G01 X80.7599Y35.6461
G01 X80.7209Y35.6669
G01 X80.6088Y35.7196
G01 X80.5826Y35.7300
G01 X80.4658Y35.7714
G01 X80.4387Y35.7791
G01 X80.3184Y35.8089
G01 X80.2906Y35.8140
G01 X80.1838Y35.8298
G01 X80.1558Y35.8331
G01 X80.0321Y35.8395
G01 X80.0039Y35.8399
G01 X79.8801Y35.8342
G01 X79.8362Y35.8298
G01 X79.7233Y35.8130
G01 X79.6861Y35.8054
G01 X79.5813Y35.7791
G01 X79.5542Y35.7714
G01 X79.4374Y35.7300
G01 X79.3966Y35.7131
G01 X79.2848Y35.6598
G01 X79.2601Y35.6461
G01 X79.1540Y35.5821
G01 X79.1308Y35.5661
G01 X79.0441Y35.5018
G01 X79.0220Y35.4842
G01 X78.9300Y35.4012
G01 X78.9079Y35.3797
G01 X78.9123Y35.4118
G01 X78.9146Y35.4399
G01 X78.9197Y35.5441
G01 X78.9195Y35.5821
G01 X78.9146Y35.6801
G01 X78.9123Y35.7082
G01 X78.8959Y35.8211
G01 X78.8873Y35.8644
G01 X78.8635Y35.9596
G01 X78.8557Y35.9868
G01 X78.8176Y36.0943
G01 X78.8072Y36.1205
G01 X78.7587Y36.2238
G01 X78.7458Y36.2489
G01 X78.6874Y36.3469
G01 X78.6665Y36.3787
G01 X78.6045Y36.4625
G01 X78.5869Y36.4846
G01 X78.5105Y36.5693
G01 X78.4909Y36.5896
G01 X78.4066Y36.6664
G01 X78.3851Y36.6847
G01 X78.2936Y36.7529
G01 X78.2704Y36.7690
G01 X78.1727Y36.8279
G01 X78.1481Y36.8416
G01 X78.0305Y36.8972
G01 X78.0043Y36.9076
G01 X77.8968Y36.9457
G01 X77.8696Y36.9535
G01 X77.7589Y36.9809
G01 X77.7311Y36.9859
G01 X77.6182Y37.0023
G01 X77.5901Y37.0046
G01 X77.4921Y37.0095
G01 X77.4479Y37.0095
G01 X77.3499Y37.0046
G01 X77.3218Y37.0023
G01 X77.1932Y36.9833
G01 X77.1656Y36.9773
G01 X77.0704Y36.9535
G01 X77.0281Y36.9406
G01 X76.9300Y36.9054
G01 X76.8949Y36.8907
G01 X76.8062Y36.8487
G01 X76.7811Y36.8358
G01 X76.6696Y36.7690
G01 X76.6464Y36.7529
G01 X76.5549Y36.6847
G01 X76.5334Y36.6664
G01 X76.4607Y36.6005
G01 X76.4295Y36.5693
G01 X76.3636Y36.4966
G01 X76.3393Y36.4673
G01 X76.2678Y36.3706
G01 X76.2526Y36.3469
G01 X76.2000Y36.2591
G01 X76.1442Y36.3521
G01 X76.1229Y36.3836
G01 X76.0547Y36.4751
G01 X76.0364Y36.4966
G01 X75.9705Y36.5693
G01 X75.9393Y36.6005
G01 X75.8546Y36.6769
G01 X75.8325Y36.6945
G01 X75.7536Y36.7529
G01 X75.7304Y36.7690
G01 X75.6327Y36.8279
G01 X75.5938Y36.8487
G01 X75.5051Y36.8907
G01 X75.4792Y36.9019
G01 X75.3719Y36.9406
G01 X75.3296Y36.9535
G01 X75.2189Y36.9809
G01 X75.1911Y36.9859
G01 X75.0940Y37.0003
G01 X75.0660Y37.0035
G01 X74.9521Y37.0095
G01 X74.9079Y37.0095
G01 X74.7940Y37.0035
G01 X74.7660Y37.0003
G01 X74.6689Y36.9859
G01 X74.6256Y36.9773
G01 X74.5150Y36.9493
G01 X74.4881Y36.9406
G01 X74.3957Y36.9076
G01 X74.3695Y36.8972
G01 X74.2662Y36.8487
G01 X74.2273Y36.8279
G01 X74.1431Y36.7774
G01 X74.1194Y36.7622
G01 X74.0227Y36.6907
G01 X73.9934Y36.6664
G01 X73.9207Y36.6005
G01 X73.9004Y36.5809
G01 X73.8195Y36.4920
G01 X73.8053Y36.4751
G01 X73.7894Y36.4542
G01 X73.8073Y36.5256
G01 X73.8133Y36.5532
G01 X73.8303Y36.6660
G01 X73.8343Y36.7038
G01 X73.8397Y36.8141
G01 X73.8395Y36.8521
G01 X73.8335Y36.9660
G01 X73.8303Y36.9940
G01 X73.8159Y37.0911
G01 X73.8109Y37.1189
G01 X73.7835Y37.2296
G01 X73.7757Y37.2568
G01 X73.7376Y37.3643
G01 X73.7207Y37.4051
G01 X73.6716Y37.5081
G01 X73.6579Y37.5327
G01 X73.6074Y37.6169
G01 X73.5865Y37.6487
G01 X73.5207Y37.7373
G01 X73.4964Y37.7666
G01 X73.4196Y37.8509
G01 X73.3993Y37.8705
G01 X73.3266Y37.9364
G01 X73.3051Y37.9547
G01 X73.2136Y38.0229
G01 X73.1904Y38.0390
G01 X73.0927Y38.0979
G01 X73.0538Y38.1187
G01 X72.9595Y38.1632
G01 X72.9243Y38.1776
G01 X72.8168Y38.2157
G01 X72.7896Y38.2235
G01 X72.6944Y38.2473
G01 X72.6511Y38.2559
G01 X72.5382Y38.2723
G01 X72.5101Y38.2746
G01 X72.3961Y38.2799
G01 X72.3679Y38.2795
G01 X72.2699Y38.2746
G01 X72.2260Y38.2703
G01 X72.1289Y38.2559
G01 X72.1011Y38.2509
G01 X71.9904Y38.2235
G01 X71.9632Y38.2157
G01 X71.8408Y38.1719
G01 X71.8149Y38.1607
G01 X71.7262Y38.1187
G01 X71.6873Y38.0979
G01 X71.6031Y38.0474
G01 X71.5794Y38.0322
G01 X71.4749Y37.9547
G01 X71.4534Y37.9364
G01 X71.3807Y37.8705
G01 X71.3495Y37.8393
G01 X71.2836Y37.7666
G01 X71.2653Y37.7451
G01 X71.1878Y37.6406
G01 X71.1726Y37.6169
G01 X71.1221Y37.5327
G01 X71.1013Y37.4938
G01 X71.0593Y37.4051
G01 X71.0481Y37.3792
G01 X71.0094Y37.2719
G01 X71.0007Y37.2450
G01 X70.9691Y37.1189
G01 X70.9641Y37.0911
G01 X70.9477Y36.9782
G01 X70.9454Y36.9501
G01 X70.9405Y36.8521
G01 X70.9402Y36.8159
G01 X70.9454Y36.7099
G01 X70.9497Y36.6660
G01 X70.9641Y36.5689
G01 X70.9691Y36.5411
G01 X70.9965Y36.4304
G01 X71.0043Y36.4032
G01 X71.0481Y36.2808
G01 X71.0593Y36.2549
G01 X71.1084Y36.1519
G01 X71.1221Y36.1273
G01 X71.1810Y36.0296
G01 X71.1971Y36.0064
G01 X71.2555Y35.9275
G01 X71.2795Y35.8980
G01 X71.3495Y35.8207
G01 X71.3807Y35.7895
G01 X71.4534Y35.7236
G01 X71.4749Y35.7053
G01 X71.5664Y35.6371
G01 X71.5938Y35.6183
G01 X71.5475Y35.5906
G01 X71.5238Y35.5753
G01 X71.4192Y35.4980
G01 X71.3900Y35.4737
G01 X71.3055Y35.3971
G01 X71.2788Y35.3700
G01 X71.1958Y35.2780
G01 X71.1782Y35.2559
G01 X71.1200Y35.1774
G01 X71.0618Y35.2559
G01 X71.0442Y35.2780
G01 X70.9612Y35.3700
G01 X70.9345Y35.3971
G01 X70.8500Y35.4737
G01 X70.8159Y35.5018
G01 X70.7162Y35.5753
G01 X70.6925Y35.5906
G01 X70.5999Y35.6461
G01 X70.5752Y35.6598
G01 X70.4634Y35.7131
G01 X70.4375Y35.7243
G01 X70.3209Y35.7663
G01 X70.2787Y35.7791
G01 X70.1584Y35.8089
G01 X70.1306Y35.8140
G01 X70.0238Y35.8298
G01 X69.9860Y35.8338
G01 X69.8721Y35.8395
G01 X69.8279Y35.8395
G01 X69.7042Y35.8331
G01 X69.6762Y35.8298
G01 X69.5694Y35.8140
G01 X69.5261Y35.8054
G01 X69.4213Y35.7791
G01 X69.3942Y35.7714
G01 X69.2774Y35.7300
G01 X69.2366Y35.7131
G01 X69.1248Y35.6598
G01 X69.1001Y35.6461
G01 X69.0075Y35.5906
G01 X68.9838Y35.5753
G01 X68.8841Y35.5018
G01 X68.8500Y35.4737
G01 X68.7655Y35.3971
G01 X68.7388Y35.3700
G01 X68.6558Y35.2780
G01 X68.6382Y35.2559
G01 X68.5800Y35.1774
G01 X68.5218Y35.2559
G01 X68.5042Y35.2780
G01 X68.4212Y35.3700
G01 X68.3945Y35.3971
G01 X68.3100Y35.4737
G01 X68.2759Y35.5018
G01 X68.1762Y35.5753
G01 X68.1525Y35.5906
G01 X68.0546Y35.6492
G01 X68.0209Y35.6669
G01 X67.9088Y35.7196
G01 X67.8826Y35.7300
G01 X67.7809Y35.7663
G01 X67.7540Y35.7750
G01 X67.6339Y35.8054
G01 X67.6064Y35.8113
G01 X67.4838Y35.8298
G01 X67.4399Y35.8342
G01 X67.3321Y35.8395
G01 X67.3039Y35.8399
G01 X67.1801Y35.8342
G01 X67.1422Y35.8307
G01 X67.0233Y35.8130
G01 X66.9861Y35.8054
G01 X66.8813Y35.7791
G01 X66.8542Y35.7714
G01 X66.7374Y35.7300
G01 X66.6966Y35.7131
G01 X66.5991Y35.6669
G01 X66.5740Y35.6540
G01 X66.4675Y35.5906
G01 X66.4308Y35.5661
G01 X66.3315Y35.4920
G01 X66.3100Y35.4737
G01 X66.2300Y35.4012
G01 X66.1988Y35.3700
G01 X66.1158Y35.2780
G01 X66.0982Y35.2559
G01 X66.0400Y35.1774
G01 X65.9818Y35.2559
G01 X65.9642Y35.2780
G01 X65.8812Y35.3700
G01 X65.8545Y35.3971
G01 X65.7700Y35.4737
G01 X65.7359Y35.5018
G01 X65.6362Y35.5753
G01 X65.6125Y35.5906
G01 X65.5146Y35.6492
G01 X65.4809Y35.6669
G01 X65.3688Y35.7196
G01 X65.3426Y35.7300
G01 X65.2258Y35.7714
G01 X65.1987Y35.7791
G01 X65.0939Y35.8054
G01 X65.0664Y35.8113
G01 X64.9438Y35.8298
G01 X64.9060Y35.8338
G01 X64.7859Y35.8397
G01 X64.7479Y35.8395
G01 X64.6401Y35.8342
G01 X64.6120Y35.8319
G01 X64.4833Y35.8130
G01 X64.4461Y35.8054
G01 X64.3413Y35.7791
G01 X64.3142Y35.7714
G01 X64.1974Y35.7300
G01 X64.1566Y35.7131
G01 X64.0591Y35.6669
G01 X64.0340Y35.6540
G01 X63.9275Y35.5906
G01 X63.8908Y35.5661
G01 X63.7915Y35.4920
G01 X63.7700Y35.4737
G01 X63.6900Y35.4012
G01 X63.6588Y35.3700
G01 X63.5758Y35.2780
G01 X63.5582Y35.2559
G01 X63.5000Y35.1774
G01 X63.4418Y35.2559
G01 X63.4242Y35.2780
G01 X63.3412Y35.3700
G01 X63.3145Y35.3971
G01 X63.2300Y35.4737
G01 X63.1959Y35.5018
G01 X63.0962Y35.5753
G01 X63.0725Y35.5906
G01 X62.9799Y35.6461
G01 X62.9409Y35.6669
G01 X62.8288Y35.7196
G01 X62.8026Y35.7300
G01 X62.6858Y35.7714
G01 X62.6587Y35.7791
G01 X62.5384Y35.8089
G01 X62.5106Y35.8140
G01 X62.3880Y35.8319
G01 X62.3599Y35.8342
G01 X62.2521Y35.8395
G01 X62.2079Y35.8395
G01 X62.0842Y35.8331
G01 X62.0562Y35.8298
G01 X61.9494Y35.8140
G01 X61.9061Y35.8054
G01 X61.8013Y35.7791
G01 X61.7742Y35.7714
G01 X61.6574Y35.7300
G01 X61.6166Y35.7131
G01 X61.5048Y35.6598
G01 X61.4801Y35.6461
G01 X61.3875Y35.5906
G01 X61.3508Y35.5661
G01 X61.2515Y35.4920
G01 X61.2300Y35.4737
G01 X61.1500Y35.4012
G01 X61.1188Y35.3700
G01 X61.0358Y35.2780
G01 X61.0182Y35.2559
G01 X60.9600Y35.1774
G01 X60.9018Y35.2559
G01 X60.8842Y35.2780
G01 X60.8012Y35.3700
G01 X60.7700Y35.4012
G01 X60.6900Y35.4737
G01 X60.6685Y35.4920
G01 X60.5562Y35.5753
G01 X60.5325Y35.5906
G01 X60.4399Y35.6461
G01 X60.4009Y35.6669
G01 X60.3034Y35.7131
G01 X60.2775Y35.7243
G01 X60.1609Y35.7663
G01 X60.1187Y35.7791
G01 X60.0139Y35.8054
G01 X59.9864Y35.8113
G01 X59.8480Y35.8319
G01 X59.8199Y35.8342
G01 X59.7121Y35.8395
G01 X59.6679Y35.8395
G01 X59.5601Y35.8342
G01 X59.5320Y35.8319
G01 X59.4033Y35.8130
G01 X59.3661Y35.8054
G01 X59.2460Y35.7750
G01 X59.2191Y35.7663
G01 X59.1025Y35.7243
G01 X59.0766Y35.7131
G01 X58.9648Y35.6598
G01 X58.9401Y35.6461
G01 X58.8340Y35.5821
G01 X58.8108Y35.5661
G01 X58.7115Y35.4920
G01 X58.6900Y35.4737
G01 X58.5984Y35.3903
G01 X58.5788Y35.3700
G01 X58.4958Y35.2780
G01 X58.4782Y35.2559
G01 X58.4200Y35.1774
G01 X58.3618Y35.2559
G01 X58.3442Y35.2780
G01 X58.2612Y35.3700
G01 X58.2300Y35.4012
G01 X58.1500Y35.4737
G01 X58.1285Y35.4920
G01 X58.0292Y35.5661
G01 X57.9925Y35.5906
G01 X57.8999Y35.6461
G01 X57.8752Y35.6598
G01 X57.7634Y35.7131
G01 X57.7226Y35.7300
G01 X57.6058Y35.7714
G01 X57.5787Y35.7791
G01 X57.4739Y35.8054
G01 X57.4306Y35.8140
G01 X57.3238Y35.8298
G01 X57.2958Y35.8331
G01 X57.1721Y35.8395
G01 X57.1279Y35.8395
G01 X57.0042Y35.8331
G01 X56.9762Y35.8298
G01 X56.8536Y35.8113
G01 X56.8261Y35.8054
G01 X56.7060Y35.7750
G01 X56.6791Y35.7663
G01 X56.5625Y35.7243
G01 X56.5366Y35.7131
G01 X56.4248Y35.6598
G01 X56.4001Y35.6461
G01 X56.3075Y35.5906
G01 X56.2838Y35.5753
G01 X56.1841Y35.5018
G01 X56.1620Y35.4842
G01 X56.0700Y35.4012
G01 X56.0497Y35.3816
G01 X55.9663Y35.2900
G01 X55.9480Y35.2685
G01 X55.8739Y35.1692
G01 X55.8579Y35.1460
G01 X55.7939Y35.0399
G01 X55.7802Y35.0152
G01 X55.7269Y34.9034
G01 X55.7157Y34.8775
G01 X55.6737Y34.7609
G01 X55.6650Y34.7340
G01 X55.6311Y34.5984
G01 X55.6260Y34.5706
G01 X55.6081Y34.4480
G01 X55.6058Y34.4199
G01 X55.6001Y34.2980
G01 X55.6000Y34.0780
G01 X55.5466Y34.1264
G01 X55.5251Y34.1447
G01 X55.4336Y34.2129
G01 X55.4021Y34.2342
G01 X55.3074Y34.2910
G01 X55.2738Y34.3087
G01 X55.1705Y34.3572
G01 X55.1443Y34.3676
G01 X55.0519Y34.4006
G01 X55.0250Y34.4093
G01 X54.9144Y34.4373
G01 X54.8868Y34.4433
G01 X54.7740Y34.4603
G01 X54.7301Y34.4646
G01 X54.6321Y34.4695
G01 X54.6039Y34.4699
G01 X54.4899Y34.4646
G01 X54.4520Y34.4611
G01 X54.3489Y34.4459
G01 X54.3056Y34.4373
G01 X54.1950Y34.4093
G01 X54.1681Y34.4006
G01 X54.0608Y34.3619
G01 X54.0349Y34.3507
G01 X53.9462Y34.3087
G01 X53.9211Y34.2958
G01 X53.8231Y34.2374
G01 X53.7913Y34.2165
G01 X53.7075Y34.1545
G01 X53.6854Y34.1369
G01 X53.6007Y34.0605
G01 X53.5695Y34.0293
G01 X53.4931Y33.9446
G01 X53.4755Y33.9225
G01 X53.4171Y33.8436
G01 X53.3958Y33.8121
G01 X53.3400Y33.7191
G01 X53.2790Y33.8204
G01 X53.2629Y33.8436
G01 X53.2045Y33.9225
G01 X53.1764Y33.9566
G01 X53.1105Y34.0293
G01 X53.0909Y34.0496
G01 X52.9946Y34.1369
G01 X52.9725Y34.1545
G01 X52.8936Y34.2129
G01 X52.8569Y34.2374
G01 X52.7727Y34.2879
G01 X52.7481Y34.3016
G01 X52.6451Y34.3507
G01 X52.6043Y34.3676
G01 X52.5119Y34.4006
G01 X52.4850Y34.4093
G01 X52.3589Y34.4409
G01 X52.3311Y34.4459
G01 X52.2340Y34.4603
G01 X52.1901Y34.4646
G01 X52.0921Y34.4695
G01 X52.0639Y34.4699
G01 X51.9340Y34.4635
G01 X51.9060Y34.4603
G01 X51.8089Y34.4459
G01 X51.7811Y34.4409
G01 X51.6704Y34.4135
G01 X51.6281Y34.4006
G01 X51.5208Y34.3619
G01 X51.4949Y34.3507
G01 X51.4062Y34.3087
G01 X51.3673Y34.2879
G01 X51.2696Y34.2290
G01 X51.2464Y34.2129
G01 X51.1675Y34.1545
G01 X51.1454Y34.1369
G01 X51.0607Y34.0605
G01 X51.0295Y34.0293
G01 X50.9531Y33.9446
G01 X50.9355Y33.9225
G01 X50.8771Y33.8436
G01 X50.8558Y33.8121
G01 X50.8000Y33.7191
G01 X50.7474Y33.8069
G01 X50.7322Y33.8306
G01 X50.6645Y33.9225
G01 X50.6364Y33.9566
G01 X50.5664Y34.0338
G01 X50.5393Y34.0605
G01 X50.4546Y34.1369
G01 X50.4325Y34.1545
G01 X50.3536Y34.2129
G01 X50.3169Y34.2374
G01 X50.2189Y34.2958
G01 X50.1938Y34.3087
G01 X50.0905Y34.3572
G01 X50.0643Y34.3676
G01 X49.9568Y34.4057
G01 X49.9296Y34.4135
G01 X49.8344Y34.4373
G01 X49.8068Y34.4433
G01 X49.6782Y34.4623
G01 X49.6501Y34.4646
G01 X49.5521Y34.4695
G01 X49.5079Y34.4695
G01 X49.3940Y34.4635
G01 X49.3660Y34.4603
G01 X49.2689Y34.4459
G01 X49.2256Y34.4373
G01 X49.1304Y34.4135
G01 X49.1032Y34.4057
G01 X48.9808Y34.3619
G01 X48.9549Y34.3507
G01 X48.8662Y34.3087
G01 X48.8273Y34.2879
G01 X48.7431Y34.2374
G01 X48.7194Y34.2222
G01 X48.6149Y34.1447
G01 X48.5934Y34.1264
G01 X48.5207Y34.0605
G01 X48.4895Y34.0293
G01 X48.4236Y33.9566
G01 X48.4053Y33.9351
G01 X48.3300Y33.8337
G01 X48.2547Y33.9351
G01 X48.2364Y33.9566
G01 X48.1705Y34.0293
G01 X48.1393Y34.0605
G01 X48.0546Y34.1369
G01 X48.0324Y34.1545
G01 X47.9536Y34.2129
G01 X47.9169Y34.2374
G01 X47.8327Y34.2879
G01 X47.8081Y34.3016
G01 X47.7051Y34.3507
G01 X47.6643Y34.3676
G01 X47.5568Y34.4057
G01 X47.5296Y34.4135
G01 X47.4344Y34.4373
G01 X47.3911Y34.4459
G01 X47.2940Y34.4603
G01 X47.2660Y34.4635
G01 X47.1521Y34.4695
G01 X47.1079Y34.4695
G01 X47.0099Y34.4646
G01 X46.9818Y34.4623
G01 X46.8689Y34.4459
G01 X46.8411Y34.4409
G01 X46.7150Y34.4093
G01 X46.6881Y34.4006
G01 X46.5808Y34.3619
G01 X46.5549Y34.3507
G01 X46.4662Y34.3087
G01 X46.4325Y34.2910
G01 X46.3431Y34.2374
G01 X46.3064Y34.2129
G01 X46.2275Y34.1545
G01 X46.2054Y34.1369
G01 X46.1207Y34.0605
G01 X46.0895Y34.0293
G01 X46.0236Y33.9566
G01 X46.0053Y33.9351
G01 X45.9371Y33.8436
G01 X45.9210Y33.8204
G01 X45.8621Y33.7227
G01 X45.8484Y33.6981
G01 X45.7993Y33.5951
G01 X45.7881Y33.5692
G01 X45.7443Y33.4468
G01 X45.7365Y33.4196
G01 X45.7091Y33.3089
G01 X45.7041Y33.2811
G01 X45.6876Y33.1682
G01 X45.6853Y33.1401
G01 X45.6801Y33.0310
G00 Z20.0000
G00 X45.7200Y33.3537
G01 Z20.0000
G01 X45.7090Y33.3637
G01 X44.5598Y34.6317
G01 X43.5404Y36.0062
G01 X42.6606Y37.4739
G01 X41.9290Y39.0209
G01 X41.3525Y40.6321
G01 X41.1101Y41.5999
G00 Z20.0000
G00 X41.5408Y41.4220
G01 Z20.0000
G01 X41.7114Y40.7409
G01 X42.2755Y39.1644
G01 X42.9914Y37.6507
G01 X43.8522Y36.2145
G01 X44.8497Y34.8696
G01 X45.8728Y33.7407
G00 Z20.0000
G00 X46.1034Y34.0440
G01 Z20.0000
G01 X45.1395Y35.1075
G01 X44.1640Y36.4228
G01 X43.3221Y37.8275
G01 X42.6219Y39.3079
G01 X42.0702Y40.8498
G01 X41.9382Y41.3768
G00 Z20.0000
G00 X42.3110Y41.4299
G01 Z20.0000
G01 X42.4291Y40.9586
G01 X42.9684Y39.4514
G01 X43.6528Y38.0042
G01 X44.4758Y36.6312
G01 X45.4294Y35.3454
G01 X46.4017Y34.2726
G00 Z20.0000
G00 X46.7706Y34.4235
G01 Z20.0000
G01 X45.7193Y35.5833
G01 X44.7876Y36.8395
G01 X43.9835Y38.1810
G01 X43.3148Y39.5949
G01 X42.7879Y41.0675
G01 X42.6618Y41.5710
G00 Z20.0000
G00 X42.9874Y41.8124
G01 Z20.0000
G01 X43.1468Y41.1764
G01 X43.6613Y39.7384
G01 X44.3142Y38.3578
G01 X45.0994Y37.0478
G01 X46.0092Y35.8212
G01 X47.0348Y34.6896
G01 X47.2866Y34.4613
G00 Z20.0000
G00 X48.4145Y33.9462
G01 Z20.0000
G01 X48.4043Y33.9538
G01 X47.3000Y34.9547
G01 X46.2991Y36.0591
G01 X45.4112Y37.2562
G01 X44.6450Y38.5346
G01 X44.0077Y39.8819
G01 X43.5056Y41.2852
G01 X43.2774Y42.1963
G00 Z20.0000
G00 X42.9434Y44.0795
G01 Z20.0000
G01 X42.9248Y44.2053
G01 X42.8516Y45.6939
G01 X42.9248Y47.1825
G01 X43.1435Y48.6568
G01 X43.5056Y50.1026
G01 X44.0077Y51.5059
G01 X44.6450Y52.8532
G01 X45.4112Y54.1316
G01 X46.2991Y55.3288
G01 X47.3000Y56.4331
G01 X48.4043Y57.4340
G01 X49.6014Y58.3219
G01 X50.8798Y59.0881
G01 X52.2271Y59.7253
G01 X53.6305Y60.2274
G01 X53.9991Y60.3198
G00 Z20.0000
G00 X53.8925Y60.6792
G01 Z20.0000
G01 X53.5216Y60.5863
G01 X52.0836Y60.0718
G01 X50.7030Y59.4188
G01 X49.3931Y58.6337
G01 X48.1664Y57.7239
G01 X47.0348Y56.6983
G01 X46.0092Y55.5667
G01 X45.0994Y54.3400
G01 X44.3142Y53.0300
G01 X43.6613Y51.6494
G01 X43.1468Y50.2115
G01 X42.7757Y48.7300
G01 X42.5516Y47.2193
G01 X42.4766Y45.6939
G01 X42.5432Y44.3397
G00 Z20.0000
G00 X42.1626Y44.4542
G01 Z20.0000
G01 X42.1016Y45.6939
G01 X42.1784Y47.2561
G01 X42.4079Y48.8032
G01 X42.7879Y50.3203
G01 X43.3148Y51.7929
G01 X43.9835Y53.2068
G01 X44.7876Y54.5483
G01 X45.7193Y55.8046
G01 X46.7696Y56.9634
G01 X47.9285Y58.0138
G01 X49.1847Y58.9455
G01 X50.5263Y59.7495
G01 X51.9401Y60.4182
G01 X53.4127Y60.9451
G01 X53.8813Y61.0625
G00 Z20.0000
G00 X53.8731Y60.9202
G01 Z20.0000
G01 X53.8735Y60.8871
G01 X53.8794Y60.7732
G01 X53.8827Y60.7452
G01 X53.8997Y60.6324
G01 X53.9057Y60.6048
G01 X53.9337Y60.4942
G01 X53.9424Y60.4673
G01 X53.9811Y60.3600
G01 X53.9923Y60.3341
G01 X54.0414Y60.2311
G01 X54.0551Y60.2065
G01 X54.1140Y60.1088
G01 X54.1301Y60.0856
G01 X54.1983Y59.9941
G01 X54.2166Y59.9726
G01 X54.2934Y59.8883
G01 X54.3137Y59.8687
G01 X54.3984Y59.7923
G01 X54.4205Y59.7747
G01 X54.5124Y59.7070
G01 X54.5361Y59.6918
G01 X54.6341Y59.6334
G01 X54.6592Y59.6205
G01 X54.7625Y59.5720
G01 X54.7887Y59.5616
G01 X54.8962Y59.5235
G01 X54.9234Y59.5157
G01 X55.0341Y59.4883
G01 X55.0619Y59.4833
G01 X55.1748Y59.4669
G01 X55.2029Y59.4646
G01 X55.3169Y59.4593
G01 X55.3451Y59.4597
G01 X55.4590Y59.4657
G01 X55.4870Y59.4689
G01 X55.5998Y59.4859
G01 X55.6274Y59.4919
G01 X55.7380Y59.5199
G01 X55.7649Y59.5286
G01 X55.8722Y59.5673
G01 X55.8981Y59.5785
G01 X56.0011Y59.6276
G01 X56.0257Y59.6413
G01 X56.1234Y59.7002
G01 X56.1466Y59.7163
G01 X56.2381Y59.7845
G01 X56.2596Y59.8028
G01 X56.3439Y59.8796
G01 X56.3635Y59.8999
G01 X56.4399Y59.9846
G01 X56.4574Y60.0067
G01 X56.5252Y60.0986
G01 X56.5404Y60.1223
G01 X56.5988Y60.2203
G01 X56.6117Y60.2454
G01 X56.6602Y60.3487
G01 X56.6706Y60.3749
G01 X56.7087Y60.4824
G01 X56.7164Y60.5096
G01 X56.7439Y60.6203
G01 X56.7489Y60.6481
G01 X56.7653Y60.7610
G01 X56.7676Y60.7891
G01 X56.7729Y60.9031
G01 X56.7724Y60.9313
G01 X56.7665Y61.0452
G01 X56.7633Y61.0732
G01 X56.7463Y61.1860
G01 X56.7403Y61.2136
G01 X56.7123Y61.3242
G01 X56.7036Y61.3511
G01 X56.6649Y61.4584
G01 X56.6537Y61.4843
G01 X56.6046Y61.5873
G01 X56.5909Y61.6119
G01 X56.5320Y61.7096
G01 X56.5159Y61.7328
G01 X56.4477Y61.8243
G01 X56.4294Y61.8458
G01 X56.3526Y61.9301
G01 X56.3323Y61.9497
G01 X56.2476Y62.0261
G01 X56.2254Y62.0437
G01 X56.1336Y62.1114
G01 X56.1099Y62.1266
G01 X56.0119Y62.1850
G01 X55.9868Y62.1979
G01 X55.8835Y62.2464
G01 X55.8573Y62.2568
G01 X55.7498Y62.2949
G01 X55.7226Y62.3027
G01 X55.6119Y62.3301
G01 X55.5841Y62.3351
G01 X55.4712Y62.3515
G01 X55.4431Y62.3538
G01 X55.3291Y62.3591
G01 X55.3009Y62.3587
G01 X55.1870Y62.3527
G01 X55.1589Y62.3495
G01 X55.0461Y62.3325
G01 X55.0186Y62.3265
G01 X54.9080Y62.2985
G01 X54.8811Y62.2898
G01 X54.7738Y62.2511
G01 X54.7479Y62.2399
G01 X54.6449Y62.1908
G01 X54.6202Y62.1771
G01 X54.5226Y62.1182
G01 X54.4994Y62.1021
G01 X54.4079Y62.0339
G01 X54.3864Y62.0156
G01 X54.3021Y61.9388
G01 X54.2825Y61.9185
G01 X54.2061Y61.8338
G01 X54.1885Y61.8117
G01 X54.1208Y61.7198
G01 X54.1055Y61.6961
G01 X54.0472Y61.5981
G01 X54.0343Y61.5730
G01 X53.9858Y61.4697
G01 X53.9754Y61.4435
G01 X53.9373Y61.3360
G01 X53.9295Y61.3088
G01 X53.9021Y61.1981
G01 X53.8971Y61.1703
G01 X53.8806Y61.0574
G01 X53.8783Y61.0293
G01 X53.8731Y60.9202
G00 Z20.0000
G00 X53.9883Y61.4754
G01 Z20.0000
G01 X53.3039Y61.3040
G01 X51.7966Y60.7647
G01 X50.8224Y60.3039
G00 Z20.0000
G00 X50.9691Y60.7876
G01 Z20.0000
G01 X51.6531Y61.1111
G01 X53.1950Y61.6628
G01 X54.3040Y61.9406
G01 X54.1402Y63.4441
G01 X54.4909Y63.5319
G01 X56.2565Y63.7938
G01 X58.0391Y63.8814
G01 X59.8218Y63.7938
G01 X61.2317Y63.5847
G00 Z20.0000
G00 X60.8763Y64.0161
G01 Z20.0000
G01 X59.8586Y64.1670
G01 X58.0391Y64.2564
G01 X56.2197Y64.1670
G01 X54.6441Y63.9333
G00 Z20.0000
G00 X54.8286Y64.3393
G01 Z20.0000
G01 X56.1829Y64.5402
G01 X58.0391Y64.6314
G01 X59.8953Y64.5402
G01 X60.7217Y64.4176
G00 Z20.0000
G00 X60.6801Y64.7810
G01 Z20.0000
G01 X60.6805Y64.7479
G01 X60.6869Y64.6242
G01 X60.6902Y64.5962
G01 X60.7087Y64.4736
G01 X60.7146Y64.4461
G01 X60.7450Y64.3260
G01 X60.7537Y64.2991
G01 X60.7957Y64.1825
G01 X60.8069Y64.1566
G01 X60.8602Y64.0448
G01 X60.8739Y64.0201
G01 X60.9379Y63.9140
G01 X60.9539Y63.8908
G01 X61.0280Y63.7915
G01 X61.0463Y63.7700
G01 X61.1297Y63.6784
G01 X61.1500Y63.6588
G01 X61.2420Y63.5758
G01 X61.2641Y63.5582
G01 X61.3638Y63.4847
G01 X61.3875Y63.4694
G01 X61.4940Y63.4060
G01 X61.5191Y63.3931
G01 X61.6312Y63.3404
G01 X61.6574Y63.3300
G01 X61.7742Y63.2886
G01 X61.8013Y63.2809
G01 X61.9216Y63.2511
G01 X61.9494Y63.2460
G01 X62.0720Y63.2281
G01 X62.1001Y63.2258
G01 X62.2239Y63.2201
G01 X62.2521Y63.2205
G01 X62.3758Y63.2269
G01 X62.4038Y63.2302
G01 X62.5264Y63.2487
G01 X62.5539Y63.2546
G01 X62.6740Y63.2850
G01 X62.7009Y63.2937
G01 X62.8175Y63.3357
G01 X62.8434Y63.3469
G01 X62.9552Y63.4002
G01 X62.9799Y63.4139
G01 X63.0860Y63.4779
G01 X63.1092Y63.4939
G01 X63.2085Y63.5680
G01 X63.2300Y63.5863
G01 X63.3216Y63.6697
G01 X63.3412Y63.6900
G01 X63.4242Y63.7820
G01 X63.4418Y63.8041
G01 X63.5153Y63.9038
G01 X63.5306Y63.9275
G01 X63.5940Y64.0340
G01 X63.6069Y64.0591
G01 X63.6596Y64.1712
G01 X63.6700Y64.1974
G01 X63.7114Y64.3142
G01 X63.7191Y64.3413
G01 X63.7489Y64.4616
G01 X63.7540Y64.4894
G01 X63.7719Y64.6120
G01 X63.7742Y64.6401
G01 X63.7799Y64.7639
G01 X63.7795Y64.7921
G01 X63.7731Y64.9158
G01 X63.7698Y64.9438
G01 X63.7513Y65.0664
G01 X63.7454Y65.0939
G01 X63.7150Y65.2140
G01 X63.7063Y65.2409
G01 X63.6643Y65.3575
G01 X63.6531Y65.3834
G01 X63.5998Y65.4952
G01 X63.5861Y65.5199
G01 X63.5221Y65.6260
G01 X63.5061Y65.6492
G01 X63.4320Y65.7485
G01 X63.4137Y65.7700
G01 X63.3303Y65.8616
G01 X63.3100Y65.8812
G01 X63.2180Y65.9642
G01 X63.1959Y65.9818
G01 X63.0962Y66.0553
G01 X63.0725Y66.0706
G01 X62.9660Y66.1340
G01 X62.9409Y66.1469
G01 X62.8288Y66.1996
G01 X62.8026Y66.2100
G01 X62.6858Y66.2514
G01 X62.6587Y66.2591
G01 X62.5384Y66.2889
G01 X62.5106Y66.2940
G01 X62.3880Y66.3119
G01 X62.3599Y66.3142
G01 X62.2361Y66.3199
G01 X62.2079Y66.3195
G01 X62.0842Y66.3131
G01 X62.0562Y66.3098
G01 X61.9336Y66.2913
G01 X61.9061Y66.2854
G01 X61.7859Y66.2550
G01 X61.7591Y66.2463
G01 X61.6425Y66.2043
G01 X61.6166Y66.1931
G01 X61.5048Y66.1398
G01 X61.4801Y66.1261
G01 X61.3740Y66.0621
G01 X61.3508Y66.0461
G01 X61.2515Y65.9720
G01 X61.2300Y65.9537
G01 X61.1384Y65.8703
G01 X61.1188Y65.8500
G01 X61.0358Y65.7580
G01 X61.0182Y65.7359
G01 X60.9447Y65.6362
G01 X60.9294Y65.6125
G01 X60.8660Y65.5060
G01 X60.8531Y65.4809
G01 X60.8004Y65.3688
G01 X60.7900Y65.3426
G01 X60.7486Y65.2258
G01 X60.7409Y65.1987
G01 X60.7111Y65.0784
G01 X60.7060Y65.0506
G01 X60.6881Y64.9280
G01 X60.6858Y64.8999
G01 X60.6801Y64.7810
G00 Z20.0000
G00 X60.6810Y64.8023
G01 Z20.0000
G01 X59.9321Y64.9134
G01 X58.0391Y65.0064
G01 X56.1462Y64.9134
G01 X54.8884Y64.7268
G00 Z20.0000
G00 X54.8538Y65.1003
G01 Z20.0000
G01 X56.1094Y65.2866
G01 X58.0391Y65.3814
G01 X59.9689Y65.2866
G01 X60.7344Y65.1730
G00 Z20.0000
G00 X60.8800Y65.5301
G01 Z20.0000
G01 X60.0056Y65.6598
G01 X58.0391Y65.7564
G01 X56.0727Y65.6598
G01 X54.7267Y65.4601
G00 Z20.0000
G00 X54.4929Y65.8041
G01 Z20.0000
G01 X56.0359Y66.0330
G01 X58.0391Y66.1314
G01 X60.0424Y66.0330
G01 X61.1385Y65.8704
G00 Z20.0000
G00 X61.5926Y66.1817
G01 Z20.0000
G01 X60.0791Y66.4062
G01 X58.0391Y66.5064
G01 X55.9992Y66.4062
G01 X54.0941Y66.1236
G00 Z20.0000
G00 X53.2801Y66.3176
G01 Z20.0000
G01 X53.9057Y66.4743
G01 X55.9624Y66.7794
G01 X58.0391Y66.8814
G01 X60.1159Y66.7794
G01 X62.1726Y66.4743
G01 X64.1896Y65.9691
G01 X65.8787Y65.3647
G00 Z20.0000
G00 X65.7789Y65.0026
G01 Z20.0000
G01 X64.0807Y65.6102
G01 X63.4052Y65.7794
G00 Z20.0000
G00 X63.6761Y65.3255
G01 Z20.0000
G01 X63.9718Y65.2514
G01 X65.7686Y64.6085
G00 Z20.0000
G00 X65.7601Y64.7810
G01 Z20.0000
G01 X65.7605Y64.7479
G01 X65.7669Y64.6242
G01 X65.7702Y64.5962
G01 X65.7887Y64.4736
G01 X65.7946Y64.4461
G01 X65.8250Y64.3259
G01 X65.8337Y64.2991
G01 X65.8757Y64.1825
G01 X65.8869Y64.1566
G01 X65.9402Y64.0448
G01 X65.9539Y64.0201
G01 X66.0179Y63.9140
G01 X66.0339Y63.8908
G01 X66.1080Y63.7915
G01 X66.1263Y63.7700
G01 X66.2097Y63.6784
G01 X66.2300Y63.6588
G01 X66.3220Y63.5758
G01 X66.3441Y63.5582
G01 X66.4438Y63.4847
G01 X66.4675Y63.4694
G01 X66.5740Y63.4060
G01 X66.5991Y63.3931
G01 X66.7112Y63.3404
G01 X66.7374Y63.3300
G01 X66.8542Y63.2886
G01 X66.8813Y63.2809
G01 X67.0016Y63.2511
G01 X67.0294Y63.2460
G01 X67.1520Y63.2281
G01 X67.1801Y63.2258
G01 X67.3039Y63.2201
G01 X67.3321Y63.2205
G01 X67.4399Y63.2258
G01 X67.4680Y63.2281
G01 X67.5906Y63.2460
G01 X67.6339Y63.2546
G01 X67.7387Y63.2809
G01 X67.7658Y63.2886
G01 X67.8826Y63.3300
G01 X67.9234Y63.3469
G01 X68.0352Y63.4002
G01 X68.0599Y63.4139
G01 X68.1525Y63.4694
G01 X68.1762Y63.4847
G01 X68.2759Y63.5582
G01 X68.3100Y63.5863
G01 X68.3945Y63.6629
G01 X68.4212Y63.6900
G01 X68.5042Y63.7820
G01 X68.5218Y63.8041
G01 X68.5800Y63.8826
G01 X68.6382Y63.8041
G01 X68.6558Y63.7820
G01 X68.7388Y63.6900
G01 X68.7655Y63.6629
G01 X68.8500Y63.5863
G01 X68.8841Y63.5582
G01 X68.9838Y63.4847
G01 X69.0075Y63.4694
G01 X69.1054Y63.4108
G01 X69.1391Y63.3931
G01 X69.2512Y63.3404
G01 X69.2774Y63.3300
G01 X69.3791Y63.2937
G01 X69.4060Y63.2850
G01 X69.5261Y63.2546
G01 X69.5536Y63.2487
G01 X69.6762Y63.2302
G01 X69.7201Y63.2258
G01 X69.8279Y63.2205
G01 X69.8561Y63.2201
G01 X69.9799Y63.2258
G01 X70.0178Y63.2293
G01 X70.1367Y63.2470
G01 X70.1739Y63.2546
G01 X70.2787Y63.2809
G01 X70.3058Y63.2886
G01 X70.4226Y63.3300
G01 X70.4634Y63.3469
G01 X70.5609Y63.3931
G01 X70.5860Y63.4060
G01 X70.6925Y63.4694
G01 X70.7292Y63.4939
G01 X70.8285Y63.5680
G01 X70.8500Y63.5863
G01 X70.9300Y63.6588
G01 X70.9612Y63.6900
G01 X71.0442Y63.7820
G01 X71.0618Y63.8041
G01 X71.1200Y63.8826
G01 X71.1782Y63.8041
G01 X71.1958Y63.7820
G01 X71.2788Y63.6900
G01 X71.3055Y63.6629
G01 X71.3900Y63.5863
G01 X71.4241Y63.5582
G01 X71.5238Y63.4847
G01 X71.5475Y63.4694
G01 X71.6454Y63.4108
G01 X71.6791Y63.3931
G01 X71.7912Y63.3404
G01 X71.8174Y63.3300
G01 X71.9191Y63.2937
G01 X71.9460Y63.2850
G01 X72.0661Y63.2546
G01 X72.0936Y63.2487
G01 X72.2162Y63.2302
G01 X72.2540Y63.2262
G01 X72.3741Y63.2203
G01 X72.4121Y63.2205
G01 X72.5199Y63.2258
G01 X72.5480Y63.2281
G01 X72.6767Y63.2470
G01 X72.7139Y63.2546
G01 X72.8187Y63.2809
G01 X72.8458Y63.2886
G01 X72.9626Y63.3300
G01 X73.0034Y63.3469
G01 X73.1152Y63.4002
G01 X73.1399Y63.4139
G01 X73.2325Y63.4694
G01 X73.2692Y63.4939
G01 X73.3685Y63.5680
G01 X73.3900Y63.5863
G01 X73.4700Y63.6588
G01 X73.5012Y63.6900
G01 X73.5842Y63.7820
G01 X73.6018Y63.8041
G01 X73.6600Y63.8826
G01 X73.7182Y63.8041
G01 X73.7358Y63.7820
G01 X73.8188Y63.6900
G01 X73.8455Y63.6629
G01 X73.9300Y63.5863
G01 X73.9641Y63.5582
G01 X74.0638Y63.4847
G01 X74.0875Y63.4694
G01 X74.1801Y63.4139
G01 X74.2191Y63.3931
G01 X74.3312Y63.3404
G01 X74.3574Y63.3300
G01 X74.4742Y63.2886
G01 X74.5013Y63.2809
G01 X74.6216Y63.2511
G01 X74.6494Y63.2460
G01 X74.7720Y63.2281
G01 X74.8001Y63.2258
G01 X74.9079Y63.2205
G01 X74.9521Y63.2205
G01 X75.0758Y63.2269
G01 X75.1038Y63.2302
G01 X75.2106Y63.2460
G01 X75.2539Y63.2546
G01 X75.3587Y63.2809
G01 X75.3858Y63.2886
G01 X75.5026Y63.3300
G01 X75.5434Y63.3469
G01 X75.6552Y63.4002
G01 X75.6799Y63.4139
G01 X75.7725Y63.4694
G01 X75.8092Y63.4939
G01 X75.9085Y63.5680
G01 X75.9300Y63.5863
G01 X76.0100Y63.6588
G01 X76.0412Y63.6900
G01 X76.1242Y63.7820
G01 X76.1418Y63.8041
G01 X76.2000Y63.8826
G01 X76.2582Y63.8041
G01 X76.2758Y63.7820
G01 X76.3588Y63.6900
G01 X76.3900Y63.6588
G01 X76.4700Y63.5863
G01 X76.4915Y63.5680
G01 X76.6038Y63.4847
G01 X76.6275Y63.4694
G01 X76.7201Y63.4139
G01 X76.7591Y63.3931
G01 X76.8566Y63.3469
G01 X76.8825Y63.3357
G01 X76.9991Y63.2937
G01 X77.0413Y63.2809
G01 X77.1461Y63.2546
G01 X77.1736Y63.2487
G01 X77.3120Y63.2281
G01 X77.3401Y63.2258
G01 X77.4479Y63.2205
G01 X77.4921Y63.2205
G01 X77.5999Y63.2258
G01 X77.6280Y63.2281
G01 X77.7567Y63.2470
G01 X77.7939Y63.2546
G01 X77.9140Y63.2850
G01 X77.9409Y63.2937
G01 X78.0575Y63.3357
G01 X78.0834Y63.3469
G01 X78.1952Y63.4002
G01 X78.2199Y63.4139
G01 X78.3260Y63.4779
G01 X78.3492Y63.4939
G01 X78.4485Y63.5680
G01 X78.4700Y63.5863
G01 X78.5616Y63.6697
G01 X78.5812Y63.6900
G01 X78.6642Y63.7820
G01 X78.6818Y63.8041
G01 X78.7400Y63.8826
G01 X78.7982Y63.8041
G01 X78.8158Y63.7820
G01 X78.8988Y63.6900
G01 X78.9300Y63.6588
G01 X79.0100Y63.5863
G01 X79.0315Y63.5680
G01 X79.1308Y63.4939
G01 X79.1675Y63.4694
G01 X79.2740Y63.4060
G01 X79.2991Y63.3931
G01 X79.3966Y63.3469
G01 X79.4374Y63.3300
G01 X79.5542Y63.2886
G01 X79.5813Y63.2809
G01 X79.6861Y63.2546
G01 X79.7294Y63.2460
G01 X79.8362Y63.2302
G01 X79.8642Y63.2269
G01 X79.9879Y63.2205
G01 X80.0321Y63.2205
G01 X80.1399Y63.2258
G01 X80.1680Y63.2281
G01 X80.2906Y63.2460
G01 X80.3184Y63.2511
G01 X80.4387Y63.2809
G01 X80.4658Y63.2886
G01 X80.5826Y63.3300
G01 X80.6088Y63.3404
G01 X80.7352Y63.4002
G01 X80.7599Y63.4139
G01 X80.8660Y63.4779
G01 X80.8892Y63.4939
G01 X80.9885Y63.5680
G01 X81.0100Y63.5863
G01 X81.1016Y63.6697
G01 X81.1212Y63.6900
G01 X81.1937Y63.7700
G01 X81.2218Y63.8041
G01 X81.2897Y63.8958
G01 X81.3106Y63.9275
G01 X81.3661Y64.0201
G01 X81.3798Y64.0448
G01 X81.4331Y64.1566
G01 X81.4500Y64.1974
G01 X81.4863Y64.2991
G01 X81.4950Y64.3260
G01 X81.5254Y64.4461
G01 X81.5313Y64.4736
G01 X81.5519Y64.6120
G01 X81.5542Y64.6401
G01 X81.5599Y64.7639
G01 X81.5595Y64.7921
G01 X81.5531Y64.9158
G01 X81.5498Y64.9438
G01 X81.5313Y65.0664
G01 X81.5254Y65.0939
G01 X81.4950Y65.2140
G01 X81.4863Y65.2409
G01 X81.4443Y65.3575
G01 X81.4331Y65.3834
G01 X81.3798Y65.4952
G01 X81.3661Y65.5199
G01 X81.3021Y65.6260
G01 X81.2861Y65.6492
G01 X81.2120Y65.7485
G01 X81.1937Y65.7700
G01 X81.1103Y65.8616
G01 X81.0900Y65.8812
G01 X80.9980Y65.9642
G01 X80.9759Y65.9818
G01 X80.8762Y66.0553
G01 X80.8525Y66.0706
G01 X80.7460Y66.1340
G01 X80.7209Y66.1469
G01 X80.6088Y66.1996
G01 X80.5826Y66.2100
G01 X80.4658Y66.2514
G01 X80.4387Y66.2591
G01 X80.3184Y66.2889
G01 X80.2906Y66.2940
G01 X80.1680Y66.3119
G01 X80.1399Y66.3142
G01 X80.0161Y66.3199
G01 X79.9879Y66.3195
G01 X79.8801Y66.3142
G01 X79.8520Y66.3119
G01 X79.7294Y66.2940
G01 X79.6861Y66.2854
G01 X79.5813Y66.2591
G01 X79.5542Y66.2514
G01 X79.4374Y66.2100
G01 X79.3966Y66.1931
G01 X79.2848Y66.1398
G01 X79.2601Y66.1261
G01 X79.1675Y66.0706
G01 X79.1438Y66.0553
G01 X79.0441Y65.9818
G01 X79.0100Y65.9537
G01 X78.9255Y65.8771
G01 X78.8988Y65.8500
G01 X78.8158Y65.7580
G01 X78.7982Y65.7359
G01 X78.7400Y65.6574
G01 X78.6818Y65.7359
G01 X78.6642Y65.7580
G01 X78.5812Y65.8500
G01 X78.5545Y65.8771
G01 X78.4700Y65.9537
G01 X78.4359Y65.9818
G01 X78.3362Y66.0553
G01 X78.3125Y66.0706
G01 X78.2146Y66.1292
G01 X78.1809Y66.1469
G01 X78.0688Y66.1996
G01 X78.0426Y66.2100
G01 X77.9409Y66.2463
G01 X77.9140Y66.2550
G01 X77.7939Y66.2854
G01 X77.7664Y66.2913
G01 X77.6438Y66.3098
G01 X77.5999Y66.3142
G01 X77.4921Y66.3195
G01 X77.4639Y66.3199
G01 X77.3401Y66.3142
G01 X77.3022Y66.3107
G01 X77.1833Y66.2930
G01 X77.1461Y66.2854
G01 X77.0413Y66.2591
G01 X77.0142Y66.2514
G01 X76.8974Y66.2100
G01 X76.8566Y66.1931
G01 X76.7591Y66.1469
G01 X76.7340Y66.1340
G01 X76.6275Y66.0706
G01 X76.5908Y66.0461
G01 X76.4915Y65.9720
G01 X76.4700Y65.9537
G01 X76.3900Y65.8812
G01 X76.3588Y65.8500
G01 X76.2758Y65.7580
G01 X76.2582Y65.7359
G01 X76.2000Y65.6574
G01 X76.1418Y65.7359
G01 X76.1242Y65.7580
G01 X76.0412Y65.8500
G01 X76.0145Y65.8771
G01 X75.9300Y65.9537
G01 X75.8959Y65.9818
G01 X75.7962Y66.0553
G01 X75.7725Y66.0706
G01 X75.6746Y66.1292
G01 X75.6409Y66.1469
G01 X75.5288Y66.1996
G01 X75.5026Y66.2100
G01 X75.3858Y66.2514
G01 X75.3587Y66.2591
G01 X75.2539Y66.2854
G01 X75.2264Y66.2913
G01 X75.1038Y66.3098
G01 X75.0660Y66.3138
G01 X74.9459Y66.3197
G01 X74.9079Y66.3195
G01 X74.8001Y66.3142
G01 X74.7720Y66.3119
G01 X74.6433Y66.2930
G01 X74.6061Y66.2854
G01 X74.5013Y66.2591
G01 X74.4742Y66.2514
G01 X74.3574Y66.2100
G01 X74.3166Y66.1931
G01 X74.2048Y66.1398
G01 X74.1801Y66.1261
G01 X74.0875Y66.0706
G01 X74.0508Y66.0461
G01 X73.9515Y65.9720
G01 X73.9300Y65.9537
G01 X73.8500Y65.8812
G01 X73.8188Y65.8500
G01 X73.7358Y65.7580
G01 X73.7182Y65.7359
G01 X73.6600Y65.6574
G01 X73.6018Y65.7359
G01 X73.5842Y65.7580
G01 X73.5012Y65.8500
G01 X73.4745Y65.8771
G01 X73.3900Y65.9537
G01 X73.3559Y65.9818
G01 X73.2562Y66.0553
G01 X73.2325Y66.0706
G01 X73.1399Y66.1261
G01 X73.1009Y66.1469
G01 X72.9888Y66.1996
G01 X72.9626Y66.2100
G01 X72.8458Y66.2514
G01 X72.8187Y66.2591
G01 X72.6984Y66.2889
G01 X72.6706Y66.2940
G01 X72.5480Y66.3119
G01 X72.5199Y66.3142
G01 X72.4121Y66.3195
G01 X72.3679Y66.3195
G01 X72.2442Y66.3131
G01 X72.2162Y66.3098
G01 X72.1094Y66.2940
G01 X72.0661Y66.2854
G01 X71.9613Y66.2591
G01 X71.9342Y66.2514
G01 X71.8174Y66.2100
G01 X71.7766Y66.1931
G01 X71.6648Y66.1398
G01 X71.6401Y66.1261
G01 X71.5475Y66.0706
G01 X71.5108Y66.0461
G01 X71.4115Y65.9720
G01 X71.3900Y65.9537
G01 X71.3100Y65.8812
G01 X71.2788Y65.8500
G01 X71.1958Y65.7580
G01 X71.1782Y65.7359
G01 X71.1200Y65.6574
G01 X71.0618Y65.7359
G01 X71.0442Y65.7580
G01 X70.9612Y65.8500
G01 X70.9300Y65.8812
G01 X70.8500Y65.9537
G01 X70.8285Y65.9720
G01 X70.7162Y66.0553
G01 X70.6925Y66.0706
G01 X70.5999Y66.1261
G01 X70.5609Y66.1469
G01 X70.4634Y66.1931
G01 X70.4375Y66.2043
G01 X70.3209Y66.2463
G01 X70.2787Y66.2591
G01 X70.1739Y66.2854
G01 X70.1464Y66.2913
G01 X70.0080Y66.3119
G01 X69.9799Y66.3142
G01 X69.8721Y66.3195
G01 X69.8279Y66.3195
G01 X69.7201Y66.3142
G01 X69.6920Y66.3119
G01 X69.5633Y66.2930
G01 X69.5261Y66.2854
G01 X69.4060Y66.2550
G01 X69.3791Y66.2463
G01 X69.2625Y66.2043
G01 X69.2366Y66.1931
G01 X69.1248Y66.1398
G01 X69.1001Y66.1261
G01 X68.9940Y66.0621
G01 X68.9708Y66.0461
G01 X68.8715Y65.9720
G01 X68.8500Y65.9537
G01 X68.7584Y65.8703
G01 X68.7388Y65.8500
G01 X68.6558Y65.7580
G01 X68.6382Y65.7359
G01 X68.5800Y65.6574
G01 X68.5218Y65.7359
G01 X68.5042Y65.7580
G01 X68.4212Y65.8500
G01 X68.3900Y65.8812
G01 X68.3100Y65.9537
G01 X68.2885Y65.9720
G01 X68.1892Y66.0461
G01 X68.1525Y66.0706
G01 X68.0460Y66.1340
G01 X68.0209Y66.1469
G01 X67.9234Y66.1931
G01 X67.8826Y66.2100
G01 X67.7809Y66.2463
G01 X67.7541Y66.2550
G01 X67.6339Y66.2854
G01 X67.5906Y66.2940
G01 X67.4680Y66.3119
G01 X67.4399Y66.3142
G01 X67.3321Y66.3195
G01 X67.2879Y66.3195
G01 X67.1801Y66.3142
G01 X67.1520Y66.3119
G01 X67.0136Y66.2913
G01 X66.9861Y66.2854
G01 X66.8660Y66.2550
G01 X66.8391Y66.2463
G01 X66.7225Y66.2043
G01 X66.6966Y66.1931
G01 X66.5991Y66.1469
G01 X66.5601Y66.1261
G01 X66.4540Y66.0621
G01 X66.4308Y66.0461
G01 X66.3441Y65.9818
G01 X66.3146Y65.9578
G01 X66.2300Y65.8812
G01 X66.1988Y65.8500
G01 X66.1263Y65.7700
G01 X66.1080Y65.7485
G01 X66.0339Y65.6492
G01 X66.0179Y65.6260
G01 X65.9539Y65.5199
G01 X65.9402Y65.4952
G01 X65.8869Y65.3834
G01 X65.8757Y65.3575
G01 X65.8337Y65.2409
G01 X65.8250Y65.2141
G01 X65.7911Y65.0784
G01 X65.7860Y65.0506
G01 X65.7681Y64.9280
G01 X65.7658Y64.8999
G01 X65.7601Y64.7810
G00 Z20.0000
G00 X65.8918Y64.1465
G01 Z20.0000
G01 X65.7167Y64.2292
G01 X63.8630Y64.8925
G01 X63.7731Y64.9150
G00 Z20.0000
G00 X63.7602Y64.5315
G01 Z20.0000
G01 X65.5732Y63.8828
G01 X66.5434Y63.4239
G00 Z20.0000
G00 X66.7558Y63.3235
G01 Z20.0000
G01 X67.3198Y63.0567
G01 X68.9769Y62.0635
G01 X70.5288Y60.9126
G01 X71.9603Y59.6151
G01 X73.2578Y58.1835
G01 X74.4087Y56.6317
G01 X75.4020Y54.9745
G01 X76.2280Y53.2280
G01 X76.8789Y51.4089
G01 X77.3484Y49.5347
G01 X77.6318Y47.6236
G01 X77.7126Y45.9796
G00 Z20.0000
G00 X77.3369Y45.9940
G01 Z20.0000
G01 X77.2587Y47.5869
G01 X76.9806Y49.4616
G01 X76.5201Y51.3000
G01 X75.8816Y53.0845
G01 X75.0713Y54.7978
G01 X74.0969Y56.4234
G01 X72.9679Y57.9456
G01 X71.6951Y59.3499
G01 X70.2909Y60.6227
G01 X68.7686Y61.7517
G01 X67.1430Y62.7260
G01 X65.4297Y63.5363
G01 X63.6590Y64.1699
G00 Z20.0000
G00 X63.4640Y63.8341
G01 Z20.0000
G01 X63.5364Y63.8160
G01 X65.2862Y63.1899
G01 X66.9662Y62.3953
G01 X68.5603Y61.4399
G01 X70.0530Y60.3328
G01 X71.4300Y59.0847
G01 X72.6780Y57.7077
G01 X73.7851Y56.2150
G01 X74.7405Y54.6210
G01 X75.5351Y52.9410
G01 X76.1612Y51.1912
G01 X76.6128Y49.3884
G01 X76.8855Y47.5501
G01 X76.9658Y45.9144
G00 Z20.0000
G00 X76.5998Y45.7325
G01 Z20.0000
G01 X76.5123Y47.5134
G01 X76.2450Y49.3153
G01 X75.8024Y51.0823
G01 X75.1887Y52.7975
G01 X74.4098Y54.4442
G01 X73.4733Y56.0067
G01 X72.3882Y57.4698
G01 X71.1648Y58.8196
G01 X69.8151Y60.0429
G01 X68.3519Y61.1281
G01 X66.7895Y62.0646
G01 X65.1427Y62.8434
G01 X63.4276Y63.4571
G01 X63.1525Y63.5260
G00 Z20.0000
G00 X62.6242Y63.2722
G01 Z20.0000
G01 X63.3187Y63.0983
G01 X64.9992Y62.4970
G01 X66.6127Y61.7339
G01 X67.4471Y61.2337
G00 Z20.0000
G00 X66.8340Y61.1645
G01 Z20.0000
G01 X66.4359Y61.4031
G01 X64.8557Y62.1505
G01 X63.2098Y62.7394
G01 X61.5142Y63.1641
G01 X59.7851Y63.4206
G01 X58.0391Y63.5064
G01 X56.2932Y63.4206
G01 X54.5641Y63.1641
G01 X52.8685Y62.7394
G01 X51.2226Y62.1505
G01 X50.6507Y61.8800
G00 Z20.0000
G00 X50.8491Y61.5595
G01 Z20.0000
G01 X51.3661Y61.8041
G01 X52.9773Y62.3806
G01 X54.6373Y62.7964
G01 X56.3300Y63.0474
G01 X58.0391Y63.1314
G01 X59.7483Y63.0474
G01 X61.4410Y62.7964
G01 X63.1010Y62.3806
G01 X64.7122Y61.8041
G01 X66.2591Y61.0724
G01 X66.4334Y60.9679
G00 Z20.0000
G00 X66.1411Y60.7065
G01 Z20.0000
G01 X66.0824Y60.7417
G01 X64.5687Y61.4576
G01 X62.9921Y62.0217
G01 X61.3679Y62.4286
G01 X59.7116Y62.6742
G01 X58.0391Y62.7564
G01 X56.3667Y62.6742
G01 X54.7104Y62.4286
G01 X53.0862Y62.0217
G01 X51.5096Y61.4576
G01 X50.9594Y61.1974
G00 Z20.0000
G00 X50.3529Y62.1535
G01 Z20.0000
G01 X51.0791Y62.4970
G01 X52.7596Y63.0983
G01 X53.2593Y63.2234
G00 Z20.0000
G00 X52.5676Y63.4274
G01 Z20.0000
G01 X50.9356Y62.8434
G01 X49.9100Y62.3584
G01 X50.2191Y63.3332
G01 X48.9353Y62.7260
G01 X47.3097Y61.7517
G01 X45.7874Y60.6227
G01 X44.3831Y59.3499
G01 X43.1104Y57.9456
G01 X42.8250Y57.5608
G00 Z20.0000
G00 X42.7840Y58.1343
G01 Z20.0000
G01 X42.8205Y58.1835
G01 X44.1180Y59.6151
G01 X45.5495Y60.9126
G01 X47.1014Y62.0635
G01 X48.7585Y63.0567
G01 X49.8283Y63.5627
G00 Z20.0000
G00 X49.5556Y63.8481
G01 Z20.0000
G01 X49.4767Y63.8107
G00 Z20.0000
G00 X48.3052Y63.2217
G01 Z20.0000
G01 X46.8930Y62.3753
G01 X45.3116Y61.2024
G01 X43.8528Y59.8802
G01 X42.6320Y58.5333
G00 Z20.0000
G00 X42.4067Y58.8424
G01 Z20.0000
G01 X43.5877Y60.1454
G01 X45.0737Y61.4923
G01 X46.6847Y62.6871
G01 X47.7313Y63.3144
G00 Z20.0000
G00 X47.3457Y63.5200
G01 Z20.0000
G01 X46.4763Y62.9989
G01 X44.8358Y61.7822
G01 X43.3225Y60.4106
G01 X42.1201Y59.0840
G00 Z20.0000
G00 X41.7682Y59.2534
G01 Z20.0000
G01 X43.0573Y60.6757
G01 X44.5979Y62.0721
G01 X46.2680Y63.3107
G01 X46.3150Y63.3388
G00 Z20.0000
G00 X46.7017Y63.5706
G01 Z20.0000
G01 X47.0620Y63.7866
G00 Z20.0000
G00 X45.5333Y63.2321
G01 Z20.0000
G01 X44.3600Y62.3619
G01 X42.7922Y60.9409
G01 X41.3711Y59.3730
G01 X41.3409Y59.3323
G00 Z20.0000
G00 X40.8276Y59.2690
G01 Z20.0000
G01 X41.0812Y59.6109
G01 X42.5270Y61.2061
G01 X44.1221Y62.6518
G01 X45.0778Y63.3606
G00 Z20.0000
G00 X44.7354Y63.5730
G01 Z20.0000
G01 X43.8842Y62.9417
G01 X42.2618Y61.4712
G01 X40.7914Y59.8488
G01 X39.9619Y58.7304
G00 Z20.0000
G00 X39.6959Y59.0005
G01 Z20.0000
G01 X40.5015Y60.0867
G01 X41.9967Y61.7364
G01 X43.6464Y63.2316
G01 X43.8169Y63.3581
G00 Z20.0000
G00 X44.3462Y63.7506
G01 Z20.0000
G01 X44.4763Y63.8471
G00 Z20.0000
G00 X43.0806Y63.2243
G01 Z20.0000
G01 X41.7315Y62.0016
G01 X40.2116Y60.3246
G01 X39.3744Y59.1958
G01 X39.5479Y60.0584
G01 X39.9217Y60.5625
G01 X41.4663Y62.2667
G01 X42.6304Y63.3218
G00 Z20.0000
G00 X42.2798Y63.5095
G01 Z20.0000
G01 X41.2012Y62.5319
G01 X39.6318Y60.8004
G01 X39.5407Y60.6775
G00 Z20.0000
G00 X39.3811Y61.0814
G01 Z20.0000
G01 X40.9360Y62.7971
G01 X42.0022Y63.7634
G00 Z20.0000
G00 X40.8644Y63.2377
G01 Z20.0000
G01 X40.6708Y63.0622
G01 X39.1490Y61.3832
G00 Z20.0000
G00 X38.8494Y61.6103
G01 Z20.0000
G01 X40.3357Y63.2502
G00 Z20.0000
G00 X39.9505Y63.3829
G01 Z20.0000
G01 X38.4788Y61.7591
G00 Z20.0000
G00 X38.0413Y61.7996
G01 Z20.0000
G01 X38.1824Y61.9899
G01 X39.6341Y63.5916
G00 Z20.0000
G00 X39.3801Y63.8690
G01 Z20.0000
G01 X37.8926Y62.2278
G01 X37.4545Y61.6371
G00 Z20.0000
G00 X36.7043Y60.6256
G01 Z20.0000
G01 X36.3690Y60.1735
G01 X35.8499Y59.3075
G00 Z20.0000
G00 X36.2152Y59.1883
G01 Z20.0000
G01 X36.6808Y59.9651
G01 X36.7191Y60.0168
G00 Z20.0000
G00 X36.6785Y60.3644
G01 Z20.0000
G01 X36.6789Y60.3313
G01 X36.6848Y60.2173
G01 X36.6880Y60.1893
G01 X36.7024Y60.0922
G01 X36.7111Y60.0489
G01 X36.7365Y59.9478
G01 X36.7477Y59.9115
G01 X36.7808Y59.8191
G01 X36.7912Y59.7928
G01 X36.8468Y59.6753
G01 X36.8605Y59.6506
G01 X36.9194Y59.5529
G01 X36.9354Y59.5297
G01 X36.9939Y59.4509
G01 X37.0219Y59.4168
G01 X37.0920Y59.3396
G01 X37.1191Y59.3128
G01 X37.1918Y59.2469
G01 X37.2133Y59.2287
G01 X37.3177Y59.1512
G01 X37.3414Y59.1359
G01 X37.4395Y59.0775
G01 X37.4646Y59.0646
G01 X37.5533Y59.0227
G01 X37.5941Y59.0058
G01 X37.6923Y58.9707
G01 X37.7260Y58.9606
G01 X37.6550Y58.8962
G01 X37.6347Y58.8766
G01 X37.5513Y58.7850
G01 X37.5330Y58.7635
G01 X37.4497Y58.6512
G01 X37.4344Y58.6275
G01 X37.3789Y58.5349
G01 X37.3608Y58.5015
G01 X37.3119Y58.3984
G01 X37.2950Y58.3576
G01 X37.2587Y58.2559
G01 X37.2500Y58.2290
G01 X37.2161Y58.0934
G01 X37.2110Y58.0656
G01 X37.1931Y57.9430
G01 X37.1908Y57.9149
G01 X37.1851Y57.7930
G01 X37.1850Y56.5150
G01 X37.1908Y56.3851
G01 X37.1931Y56.3570
G01 X37.2110Y56.2344
G01 X37.2161Y56.2066
G01 X37.2459Y56.0863
G01 X37.2536Y56.0592
G01 X37.2950Y55.9424
G01 X37.3119Y55.9016
G01 X37.3608Y55.7985
G01 X37.3789Y55.7651
G01 X37.4344Y55.6725
G01 X37.4497Y55.6488
G01 X37.5232Y55.5491
G01 X37.5513Y55.5150
G01 X37.6347Y55.4234
G01 X37.6550Y55.4038
G01 X37.7470Y55.3208
G01 X37.7691Y55.3032
G01 X37.8688Y55.2297
G01 X37.8925Y55.2144
G01 X37.9851Y55.1589
G01 X38.0098Y55.1452
G01 X38.1216Y55.0919
G01 X38.1475Y55.0807
G01 X38.2641Y55.0387
G01 X38.2910Y55.0300
G01 X38.4111Y54.9996
G01 X38.4386Y54.9937
G01 X38.5612Y54.9752
G01 X38.5892Y54.9719
G01 X38.7129Y54.9655
G01 X38.7411Y54.9651
G01 X38.8649Y54.9708
G01 X38.9088Y54.9752
G01 X39.0156Y54.9910
G01 X39.0434Y54.9961
G01 X39.1637Y55.0259
G01 X39.1908Y55.0336
G01 X39.3076Y55.0750
G01 X39.3338Y55.0854
G01 X39.4459Y55.1381
G01 X39.4849Y55.1589
G01 X39.5775Y55.2144
G01 X39.6012Y55.2297
G01 X39.7009Y55.3032
G01 X39.7350Y55.3313
G01 X39.8195Y55.4079
G01 X39.8462Y55.4350
G01 X39.9292Y55.5270
G01 X39.9468Y55.5491
G01 X40.0050Y55.6276
G01 X40.0632Y55.5491
G01 X40.0808Y55.5270
G01 X40.1638Y55.4350
G01 X40.1905Y55.4079
G01 X40.2750Y55.3313
G01 X40.3091Y55.3032
G01 X40.4088Y55.2297
G01 X40.4325Y55.2144
G01 X40.5251Y55.1589
G01 X40.5498Y55.1452
G01 X40.6616Y55.0919
G01 X40.7024Y55.0750
G01 X40.8192Y55.0336
G01 X40.8463Y55.0259
G01 X40.9511Y54.9996
G01 X40.9944Y54.9910
G01 X41.1012Y54.9752
G01 X41.1292Y54.9719
G01 X41.2529Y54.9655
G01 X41.2971Y54.9655
G01 X41.4049Y54.9708
G01 X41.4330Y54.9731
G01 X41.5556Y54.9910
G01 X41.5989Y54.9996
G01 X41.7037Y55.0259
G01 X41.7308Y55.0336
G01 X41.8476Y55.0750
G01 X41.8828Y55.0894
G01 X41.9859Y55.1381
G01 X42.0249Y55.1589
G01 X42.1310Y55.2229
G01 X42.1542Y55.2389
G01 X42.2535Y55.3130
G01 X42.2750Y55.3313
G01 X42.3666Y55.4147
G01 X42.3862Y55.4350
G01 X42.4692Y55.5270
G01 X42.4868Y55.5491
G01 X42.5511Y55.6358
G01 X42.5756Y55.6725
G01 X42.6311Y55.7651
G01 X42.6448Y55.7898
G01 X42.7046Y55.9162
G01 X42.7150Y55.9424
G01 X42.7513Y56.0441
G01 X42.7641Y56.0863
G01 X42.7939Y56.2066
G01 X42.7990Y56.2344
G01 X42.8148Y56.3412
G01 X42.8192Y56.3851
G01 X42.8250Y56.5150
G01 X42.8250Y57.7850
G01 X42.8192Y57.9149
G01 X42.8148Y57.9588
G01 X42.7963Y58.0814
G01 X42.7904Y58.1089
G01 X42.7600Y58.2290
G01 X42.7513Y58.2559
G01 X42.7093Y58.3725
G01 X42.6981Y58.3984
G01 X42.6448Y58.5102
G01 X42.6311Y58.5349
G01 X42.5671Y58.6410
G01 X42.5511Y58.6642
G01 X42.4770Y58.7635
G01 X42.4587Y58.7850
G01 X42.3753Y58.8766
G01 X42.3550Y58.8962
G01 X42.2630Y58.9792
G01 X42.2409Y58.9968
G01 X42.1412Y59.0703
G01 X42.1175Y59.0856
G01 X42.0249Y59.1411
G01 X42.0002Y59.1548
G01 X41.8884Y59.2081
G01 X41.8625Y59.2193
G01 X41.7459Y59.2613
G01 X41.7190Y59.2700
G01 X41.5989Y59.3004
G01 X41.5714Y59.3063
G01 X41.4488Y59.3248
G01 X41.4208Y59.3281
G01 X41.2971Y59.3345
G01 X41.2689Y59.3349
G01 X41.1451Y59.3292
G01 X41.1012Y59.3248
G01 X40.9944Y59.3090
G01 X40.9666Y59.3039
G01 X40.8463Y59.2741
G01 X40.8192Y59.2664
G01 X40.7024Y59.2250
G01 X40.6762Y59.2146
G01 X40.5641Y59.1619
G01 X40.5251Y59.1411
G01 X40.4325Y59.0856
G01 X40.4088Y59.0703
G01 X40.3091Y58.9968
G01 X40.2750Y58.9687
G01 X40.1905Y58.8921
G01 X40.1638Y58.8650
G01 X40.0808Y58.7730
G01 X40.0632Y58.7509
G01 X40.0050Y58.6724
G01 X39.9468Y58.7509
G01 X39.9292Y58.7730
G01 X39.8462Y58.8650
G01 X39.8266Y58.8853
G01 X39.7230Y58.9792
G01 X39.7009Y58.9968
G01 X39.6012Y59.0703
G01 X39.5775Y59.0856
G01 X39.4710Y59.1490
G01 X39.4459Y59.1619
G01 X39.3338Y59.2146
G01 X39.3076Y59.2250
G01 X39.1908Y59.2664
G01 X39.1637Y59.2741
G01 X39.1099Y59.2876
G01 X39.1422Y59.3170
G01 X39.1580Y59.3324
G01 X39.2453Y59.4288
G01 X39.2628Y59.4509
G01 X39.3213Y59.5297
G01 X39.3426Y59.5612
G01 X39.4042Y59.6645
G01 X39.4171Y59.6896
G01 X39.4590Y59.7783
G01 X39.4759Y59.8191
G01 X39.5090Y59.9115
G01 X39.5176Y59.9383
G01 X39.5492Y60.0645
G01 X39.5543Y60.0922
G01 X39.5687Y60.1893
G01 X39.5730Y60.2333
G01 X39.5783Y60.3472
G01 X39.5778Y60.3754
G01 X39.5730Y60.4735
G01 X39.5687Y60.5174
G01 X39.5543Y60.6145
G01 X39.5492Y60.6422
G01 X39.5203Y60.7589
G01 X39.5090Y60.7952
G01 X39.4759Y60.8876
G01 X39.4656Y60.9139
G01 X39.4171Y61.0172
G01 X39.3963Y61.0561
G01 X39.3458Y61.1403
G01 X39.3305Y61.1640
G01 X39.2591Y61.2607
G01 X39.2348Y61.2900
G01 X39.1689Y61.3627
G01 X39.1422Y61.3897
G01 X39.0529Y61.4703
G01 X39.0308Y61.4878
G01 X38.9520Y61.5463
G01 X38.9153Y61.5708
G01 X38.8173Y61.6292
G01 X38.7922Y61.6421
G01 X38.7034Y61.6840
G01 X38.6626Y61.7009
G01 X38.5551Y61.7391
G01 X38.5280Y61.7468
G01 X38.4328Y61.7707
G01 X38.3895Y61.7793
G01 X38.2766Y61.7957
G01 X38.2485Y61.7980
G01 X38.1504Y61.8028
G01 X38.1222Y61.8033
G01 X38.0083Y61.7980
G01 X37.9801Y61.7957
G01 X37.8672Y61.7793
G01 X37.8239Y61.7707
G01 X37.7228Y61.7453
G01 X37.6865Y61.7340
G01 X37.5792Y61.6953
G01 X37.5533Y61.6840
G01 X37.4646Y61.6421
G01 X37.4256Y61.6213
G01 X37.3279Y61.5623
G01 X37.3047Y61.5463
G01 X37.2133Y61.4781
G01 X37.1918Y61.4598
G01 X37.1191Y61.3939
G01 X37.0988Y61.3743
G01 X37.0219Y61.2900
G01 X37.0037Y61.2684
G01 X36.9354Y61.1770
G01 X36.9194Y61.1538
G01 X36.8605Y61.0561
G01 X36.8396Y61.0172
G01 X36.7951Y60.9229
G01 X36.7808Y60.8876
G01 X36.7427Y60.7801
G01 X36.7349Y60.7530
G01 X36.7111Y60.6578
G01 X36.7024Y60.6145
G01 X36.6860Y60.5016
G01 X36.6837Y60.4735
G01 X36.6785Y60.3644
G00 Z20.0000
G00 X36.8947Y59.5935
G01 Z20.0000
G01 X36.5335Y58.9909
G00 Z20.0000
G00 X36.8019Y58.7102
G01 Z20.0000
G01 X37.1476Y59.2869
G00 Z20.0000
G00 X37.4542Y59.0698
G01 Z20.0000
G01 X37.0102Y58.3290
G01 X37.1901Y57.9008
G01 X37.1100Y57.7671
G01 X37.1850Y57.1636
G01 X37.1100Y57.0385
G01 X37.1921Y56.3679
G01 X37.0283Y56.0217
G00 Z20.0000
G00 X36.8728Y55.6929
G01 Z20.0000
G01 X36.3857Y54.6631
G01 X35.6109Y52.4975
G01 X35.0520Y50.2663
G01 X34.7145Y47.9912
G01 X34.6016Y45.6939
G01 X34.6751Y44.1979
G00 Z20.0000
G00 X35.0409Y44.3851
G01 Z20.0000
G01 X34.9766Y45.6939
G01 X35.0877Y47.9544
G01 X35.4198Y50.1932
G01 X35.9697Y52.3886
G01 X36.7322Y54.5195
G01 X37.3489Y55.8235
G00 Z20.0000
G00 X37.5947Y55.4671
G01 Z20.0000
G01 X37.0786Y54.3760
G01 X36.3286Y52.2797
G01 X35.7876Y50.1200
G01 X35.4609Y47.9177
G01 X35.3516Y45.6939
G01 X35.4118Y44.4688
G00 Z20.0000
G00 X35.7874Y44.4579
G01 Z20.0000
G01 X35.7266Y45.6939
G01 X35.8341Y47.8809
G01 X36.1554Y50.0469
G01 X36.6874Y52.1709
G01 X37.4251Y54.2325
G01 X37.8902Y55.2159
G00 Z20.0000
G00 X38.2270Y55.0520
G01 Z20.0000
G01 X37.7715Y54.0890
G01 X37.0463Y52.0620
G01 X36.5232Y49.9737
G01 X36.2073Y47.8442
G01 X36.1016Y45.6939
G01 X36.1676Y44.3517
G00 Z20.0000
G00 X36.5542Y44.1149
G01 Z20.0000
G01 X36.4766Y45.6939
G01 X36.5805Y47.8074
G01 X36.8910Y49.9005
G01 X37.4051Y51.9532
G01 X38.1180Y53.9455
G01 X38.6030Y54.9710
G00 Z20.0000
G00 X39.0278Y54.9930
G01 Z20.0000
G01 X38.4645Y53.8020
G01 X37.7640Y51.8443
G01 X37.2588Y49.8274
G01 X36.9537Y47.7706
G01 X36.8788Y46.2467
G00 Z20.0000
G00 X37.2740Y46.6571
G01 Z20.0000
G01 X37.3269Y47.7339
G01 X37.6266Y49.7542
G01 X38.1228Y51.7355
G01 X38.8109Y53.6585
G01 X39.5347Y55.1887
G01 X40.1127Y55.4913
G01 X40.0149Y55.3281
G01 X39.1574Y53.5150
G01 X38.4817Y51.6266
G01 X37.9944Y49.6811
G01 X37.7001Y47.6971
G01 X37.6583Y46.8467
G00 Z20.0000
G00 X38.0366Y46.9134
G01 Z20.0000
G01 X38.0733Y47.6604
G01 X38.3621Y49.6079
G01 X38.8405Y51.5177
G01 X39.5038Y53.3715
G01 X40.3456Y55.1513
G01 X40.3974Y55.2378
G00 Z20.0000
G00 X40.7305Y55.0650
G01 Z20.0000
G01 X40.6763Y54.9745
G01 X39.8503Y53.2280
G01 X39.1994Y51.4089
G01 X38.7299Y49.5347
G01 X38.4464Y47.6236
G01 X38.4100Y46.8819
G00 Z20.0000
G00 X38.7784Y46.7474
G01 Z20.0000
G01 X38.8196Y47.5869
G01 X39.0977Y49.4616
G01 X39.5582Y51.3000
G01 X40.1967Y53.0845
G01 X41.0070Y54.7978
G01 X41.1125Y54.9737
G00 Z20.0000
G00 X41.5600Y54.9917
G01 Z20.0000
G01 X41.3378Y54.6210
G01 X40.5432Y52.9410
G01 X39.9171Y51.1912
G01 X39.4655Y49.3884
G01 X39.3976Y48.9306
G00 Z20.0000
G00 X39.8371Y49.3303
G01 Z20.0000
G01 X40.2759Y51.0823
G01 X40.8896Y52.7975
G01 X41.6685Y54.4442
G01 X42.1380Y55.2276
G00 Z20.0000
G00 X42.8053Y56.2767
G01 Z20.0000
G01 X43.6901Y57.4698
G01 X44.9135Y58.8196
G01 X46.2632Y60.0429
G01 X47.7264Y61.1281
G01 X48.1412Y61.3767
G00 Z20.0000
G00 X48.0801Y60.9710
G01 Z20.0000
G01 X48.0805Y60.9379
G01 X48.0865Y60.8240
G01 X48.0897Y60.7960
G01 X48.1067Y60.6832
G01 X48.1127Y60.6556
G01 X48.1407Y60.5450
G01 X48.1494Y60.5181
G01 X48.1881Y60.4108
G01 X48.1993Y60.3849
G01 X48.2484Y60.2819
G01 X48.2621Y60.2573
G01 X48.3210Y60.1596
G01 X48.3371Y60.1364
G01 X48.4053Y60.0449
G01 X48.4236Y60.0234
G01 X48.5004Y59.9391
G01 X48.5207Y59.9195
G01 X48.6054Y59.8431
G01 X48.6275Y59.8255
G01 X48.7194Y59.7578
G01 X48.7431Y59.7426
G01 X48.8411Y59.6842
G01 X48.8662Y59.6713
G01 X48.9695Y59.6228
G01 X48.9957Y59.6124
G01 X49.1032Y59.5743
G01 X49.1304Y59.5665
G01 X49.2411Y59.5391
G01 X49.2689Y59.5341
G01 X49.3818Y59.5177
G01 X49.4099Y59.5154
G01 X49.5239Y59.5101
G01 X49.5521Y59.5105
G01 X49.6660Y59.5165
G01 X49.6940Y59.5197
G01 X49.8068Y59.5367
G01 X49.8344Y59.5427
G01 X49.9450Y59.5707
G01 X49.9719Y59.5794
G01 X50.0792Y59.6181
G01 X50.1051Y59.6293
G01 X50.2081Y59.6784
G01 X50.2327Y59.6921
G01 X50.3304Y59.7510
G01 X50.3536Y59.7671
G01 X50.4451Y59.8353
G01 X50.4666Y59.8536
G01 X50.5509Y59.9304
G01 X50.5705Y59.9507
G01 X50.6469Y60.0354
G01 X50.6645Y60.0575
G01 X50.7322Y60.1494
G01 X50.7474Y60.1731
G01 X50.8058Y60.2711
G01 X50.8187Y60.2962
G01 X50.8672Y60.3995
G01 X50.8776Y60.4257
G01 X50.9157Y60.5332
G01 X50.9235Y60.5604
G01 X50.9509Y60.6711
G01 X50.9559Y60.6989
G01 X50.9723Y60.8118
G01 X50.9746Y60.8399
G01 X50.9799Y60.9539
G01 X50.9795Y60.9821
G01 X50.9735Y61.0960
G01 X50.9703Y61.1240
G01 X50.9533Y61.2368
G01 X50.9473Y61.2644
G01 X50.9193Y61.3750
G01 X50.9106Y61.4019
G01 X50.8719Y61.5092
G01 X50.8607Y61.5351
G01 X50.8116Y61.6381
G01 X50.7979Y61.6627
G01 X50.7390Y61.7604
G01 X50.7229Y61.7836
G01 X50.6547Y61.8751
G01 X50.6364Y61.8966
G01 X50.5596Y61.9809
G01 X50.5393Y62.0005
G01 X50.4546Y62.0769
G01 X50.4325Y62.0945
G01 X50.3406Y62.1622
G01 X50.3169Y62.1774
G01 X50.2189Y62.2358
G01 X50.1938Y62.2487
G01 X50.0905Y62.2972
G01 X50.0643Y62.3076
G01 X49.9568Y62.3457
G01 X49.9296Y62.3535
G01 X49.8189Y62.3809
G01 X49.7911Y62.3859
G01 X49.6782Y62.4023
G01 X49.6501Y62.4046
G01 X49.5361Y62.4099
G01 X49.5079Y62.4095
G01 X49.3940Y62.4035
G01 X49.3660Y62.4003
G01 X49.2532Y62.3833
G01 X49.2256Y62.3773
G01 X49.1150Y62.3493
G01 X49.0881Y62.3406
G01 X48.9808Y62.3019
G01 X48.9549Y62.2907
G01 X48.8519Y62.2416
G01 X48.8273Y62.2279
G01 X48.7296Y62.1690
G01 X48.7064Y62.1529
G01 X48.6149Y62.0847
G01 X48.5934Y62.0664
G01 X48.5091Y61.9896
G01 X48.4895Y61.9693
G01 X48.4131Y61.8846
G01 X48.3955Y61.8625
G01 X48.3278Y61.7706
G01 X48.3126Y61.7469
G01 X48.2542Y61.6489
G01 X48.2413Y61.6238
G01 X48.1928Y61.5205
G01 X48.1824Y61.4943
G01 X48.1443Y61.3868
G01 X48.1365Y61.3596
G01 X48.1091Y61.2489
G01 X48.1041Y61.2211
G01 X48.0877Y61.1082
G01 X48.0854Y61.0801
G01 X48.0801Y60.9710
G00 Z20.0000
G00 X48.0822Y60.9046
G01 Z20.0000
G01 X47.9347Y60.8163
G01 X46.5011Y59.7530
G01 X45.1786Y58.5544
G01 X43.9800Y57.2319
G01 X42.9168Y55.7983
G01 X41.9992Y54.2674
G01 X41.2361Y52.6540
G01 X40.6348Y50.9735
G01 X40.2681Y49.5094
G00 Z20.0000
G00 X40.6657Y49.5553
G01 Z20.0000
G01 X40.9936Y50.8646
G01 X41.5825Y52.5105
G01 X42.3299Y54.0907
G01 X43.2286Y55.5900
G01 X44.2699Y56.9940
G01 X45.4438Y58.2892
G01 X46.7390Y59.4632
G01 X48.1431Y60.5045
G01 X48.1523Y60.5100
G00 Z20.0000
G00 X48.3165Y60.1668
G01 Z20.0000
G01 X46.9769Y59.1733
G01 X45.7090Y58.0241
G01 X44.5598Y56.7561
G01 X43.5404Y55.3817
G01 X42.6606Y53.9139
G01 X41.9290Y52.3669
G01 X41.3525Y50.7557
G01 X41.0386Y49.5027
G00 Z20.0000
G00 X41.3896Y49.3623
G01 Z20.0000
G01 X41.7114Y50.6469
G01 X42.2755Y52.2234
G01 X42.9914Y53.7371
G01 X43.8522Y55.1733
G01 X44.8497Y56.5182
G01 X45.9741Y57.7589
G01 X47.2148Y58.8834
G01 X48.5619Y59.8821
G00 Z20.0000
G00 X48.9067Y59.6521
G01 Z20.0000
G01 X48.7681Y59.5691
G01 X47.4527Y58.5935
G01 X46.2393Y57.4938
G01 X45.1395Y56.2803
G01 X44.1640Y54.9650
G01 X43.3221Y53.5603
G01 X42.6219Y52.0799
G01 X42.0702Y50.5380
G01 X41.7154Y49.1215
G00 Z20.0000
G00 X42.0166Y48.7177
G01 Z20.0000
G01 X42.0401Y48.8763
G01 X42.4291Y50.4292
G01 X42.9684Y51.9364
G01 X43.6528Y53.3836
G01 X44.4758Y54.7566
G01 X45.4294Y56.0424
G01 X46.5045Y57.2286
G01 X47.6906Y58.3036
G01 X48.9764Y59.2573
G01 X49.4073Y59.5155
G00 Z20.0000
G00 X48.7008Y62.1488
G01 Z20.0000
G01 X47.5180Y61.4399
G01 X46.0253Y60.3328
G01 X44.6483Y59.0847
G01 X43.4003Y57.7077
G01 X42.8250Y56.9321
G00 Z20.0000
G00 X36.1745Y55.0925
G01 Z20.0000
G01 X36.0393Y54.8066
G01 X35.2520Y52.6063
G01 X34.6842Y50.3395
G01 X34.4324Y48.6419
G00 Z20.0000
G00 X34.1212Y49.0967
G01 Z20.0000
G01 X34.3164Y50.4127
G01 X34.8932Y52.7152
G01 X35.6928Y54.9501
G01 X35.7031Y54.9717
G00 Z20.0000
G00 X35.3081Y54.9867
G01 Z20.0000
G01 X34.5343Y52.8240
G01 X33.9486Y50.4858
G01 X33.7809Y49.3555
G00 Z20.0000
G00 X33.4239Y49.5013
G01 Z20.0000
G01 X33.5808Y50.5590
G01 X34.1754Y52.9329
G01 X34.9478Y55.0914
G00 Z20.0000
G00 X34.6191Y55.2847
G01 Z20.0000
G01 X33.8166Y53.0417
G01 X33.2130Y50.6321
G01 X33.0532Y49.5549
G00 Z20.0000
G00 X32.6686Y49.5145
G01 Z20.0000
G01 X32.8452Y50.7053
G01 X33.4577Y53.1506
G01 X34.3070Y55.5241
G01 X34.3303Y55.5733
G00 Z20.0000
G00 X33.7809Y55.1655
G01 Z20.0000
G01 X33.0989Y53.2595
G01 X32.4774Y50.7784
G01 X32.2671Y49.3603
G00 Z20.0000
G00 X31.8358Y49.0055
G01 Z20.0000
G01 X32.1096Y50.8516
G01 X32.7400Y53.3683
G01 X33.3220Y54.9948
G00 Z20.0000
G00 X32.9979Y54.9655
G01 Z20.0000
G01 X33.0421Y54.9655
G01 X33.1658Y54.9719
G01 X33.1938Y54.9752
G01 X33.3006Y54.9910
G01 X33.3439Y54.9996
G01 X33.4487Y55.0259
G01 X33.4758Y55.0336
G01 X33.5926Y55.0750
G01 X33.6334Y55.0919
G01 X33.7452Y55.1452
G01 X33.7699Y55.1589
G01 X33.8625Y55.2144
G01 X33.8862Y55.2297
G01 X33.9859Y55.3032
G01 X34.0200Y55.3313
G01 X34.1045Y55.4079
G01 X34.1312Y55.4350
G01 X34.2142Y55.5270
G01 X34.2318Y55.5491
G01 X34.2900Y55.6276
G01 X34.3482Y55.5491
G01 X34.3658Y55.5270
G01 X34.4488Y55.4350
G01 X34.4755Y55.4079
G01 X34.5600Y55.3313
G01 X34.5941Y55.3032
G01 X34.6938Y55.2297
G01 X34.7175Y55.2144
G01 X34.8101Y55.1589
G01 X34.8491Y55.1381
G01 X34.9612Y55.0854
G01 X34.9874Y55.0750
G01 X35.1042Y55.0336
G01 X35.1313Y55.0259
G01 X35.2516Y54.9961
G01 X35.2794Y54.9910
G01 X35.3862Y54.9752
G01 X35.4142Y54.9719
G01 X35.5379Y54.9655
G01 X35.5661Y54.9651
G01 X35.6899Y54.9708
G01 X35.7338Y54.9752
G01 X35.8467Y54.9920
G01 X35.8839Y54.9996
G01 X35.9887Y55.0259
G01 X36.0158Y55.0336
G01 X36.1326Y55.0750
G01 X36.1734Y55.0919
G01 X36.2852Y55.1452
G01 X36.3099Y55.1589
G01 X36.4160Y55.2229
G01 X36.4392Y55.2389
G01 X36.5259Y55.3032
G01 X36.5480Y55.3208
G01 X36.6400Y55.4038
G01 X36.6712Y55.4350
G01 X36.7542Y55.5270
G01 X36.7718Y55.5491
G01 X36.8361Y55.6358
G01 X36.8606Y55.6725
G01 X36.9161Y55.7651
G01 X36.9298Y55.7898
G01 X36.9896Y55.9162
G01 X37.0000Y55.9424
G01 X37.0363Y56.0441
G01 X37.0491Y56.0863
G01 X37.0754Y56.1911
G01 X37.0813Y56.2186
G01 X37.1019Y56.3570
G01 X37.1042Y56.3851
G01 X37.1099Y56.5070
G01 X37.1100Y57.7881
G01 X37.1042Y57.9149
G01 X37.1019Y57.9430
G01 X37.0840Y58.0656
G01 X37.0789Y58.0934
G01 X37.0491Y58.2137
G01 X37.0414Y58.2408
G01 X37.0000Y58.3576
G01 X36.9896Y58.3838
G01 X36.9369Y58.4959
G01 X36.9240Y58.5210
G01 X36.8606Y58.6275
G01 X36.8453Y58.6512
G01 X36.7718Y58.7509
G01 X36.7542Y58.7730
G01 X36.6712Y58.8650
G01 X36.6400Y58.8962
G01 X36.5600Y58.9687
G01 X36.5385Y58.9870
G01 X36.4392Y59.0611
G01 X36.4025Y59.0856
G01 X36.3046Y59.1442
G01 X36.2709Y59.1619
G01 X36.1588Y59.2146
G01 X36.1326Y59.2250
G01 X36.0309Y59.2613
G01 X35.9887Y59.2741
G01 X35.8684Y59.3039
G01 X35.8406Y59.3090
G01 X35.7180Y59.3269
G01 X35.6899Y59.3292
G01 X35.5661Y59.3349
G01 X35.5379Y59.3345
G01 X35.4142Y59.3281
G01 X35.3862Y59.3248
G01 X35.2794Y59.3090
G01 X35.2516Y59.3039
G01 X35.1313Y59.2741
G01 X35.1042Y59.2664
G01 X34.9874Y59.2250
G01 X34.9612Y59.2146
G01 X34.8491Y59.1619
G01 X34.8101Y59.1411
G01 X34.7175Y59.0856
G01 X34.6938Y59.0703
G01 X34.5941Y58.9968
G01 X34.5600Y58.9687
G01 X34.4755Y58.8921
G01 X34.4488Y58.8650
G01 X34.3658Y58.7730
G01 X34.3482Y58.7509
G01 X34.2900Y58.6724
G01 X34.2318Y58.7509
G01 X34.2142Y58.7730
G01 X34.1312Y58.8650
G01 X34.1045Y58.8921
G01 X34.0200Y58.9687
G01 X33.9859Y58.9968
G01 X33.8862Y59.0703
G01 X33.8625Y59.0856
G01 X33.7699Y59.1411
G01 X33.7452Y59.1548
G01 X33.6334Y59.2081
G01 X33.5926Y59.2250
G01 X33.4758Y59.2664
G01 X33.4487Y59.2741
G01 X33.3439Y59.3004
G01 X33.3006Y59.3090
G01 X33.1780Y59.3269
G01 X33.1499Y59.3292
G01 X33.0421Y59.3345
G01 X33.0139Y59.3349
G01 X32.8901Y59.3292
G01 X32.8620Y59.3269
G01 X32.7394Y59.3090
G01 X32.7116Y59.3039
G01 X32.5913Y59.2741
G01 X32.5642Y59.2664
G01 X32.4474Y59.2250
G01 X32.4212Y59.2146
G01 X32.3091Y59.1619
G01 X32.2840Y59.1490
G01 X32.1775Y59.0856
G01 X32.1538Y59.0703
G01 X32.0541Y58.9968
G01 X32.0320Y58.9792
G01 X31.9400Y58.8962
G01 X31.9088Y58.8650
G01 X31.8363Y58.7850
G01 X31.8180Y58.7635
G01 X31.7439Y58.6642
G01 X31.7279Y58.6410
G01 X31.6560Y58.5210
G01 X31.6431Y58.4959
G01 X31.5969Y58.3984
G01 X31.5800Y58.3576
G01 X31.5437Y58.2559
G01 X31.5324Y58.2196
G01 X31.5046Y58.1089
G01 X31.4987Y58.0814
G01 X31.4793Y57.9528
G01 X31.4758Y57.9149
G01 X31.4700Y57.7881
G01 X31.4702Y56.5009
G01 X31.4769Y56.3692
G01 X31.4802Y56.3412
G01 X31.4960Y56.2344
G01 X31.5046Y56.1911
G01 X31.5350Y56.0709
G01 X31.5437Y56.0441
G01 X31.5857Y55.9275
G01 X31.5969Y55.9016
G01 X31.6431Y55.8041
G01 X31.6639Y55.7651
G01 X31.7194Y55.6725
G01 X31.7347Y55.6488
G01 X31.8180Y55.5365
G01 X31.8363Y55.5150
G01 X31.9088Y55.4350
G01 X31.9355Y55.4079
G01 X32.0200Y55.3313
G01 X32.0541Y55.3032
G01 X32.1408Y55.2389
G01 X32.1640Y55.2229
G01 X32.2840Y55.1510
G01 X32.3091Y55.1381
G01 X32.4212Y55.0854
G01 X32.4474Y55.0750
G01 X32.5491Y55.0387
G01 X32.5913Y55.0259
G01 X32.6961Y54.9996
G01 X32.7333Y54.9920
G01 X32.8620Y54.9731
G01 X32.8901Y54.9708
G01 X32.9979Y54.9655
G00 Z20.0000
G00 X32.9152Y54.9696
G01 Z20.0000
G01 X32.3812Y53.4772
G01 X31.7418Y50.9248
G01 X31.3558Y48.3220
G01 X31.2266Y45.6939
G01 X31.3558Y43.0658
G01 X31.7418Y40.4630
G01 X32.3812Y37.9106
G01 X32.7664Y36.8340
G00 Z20.0000
G00 X32.4062Y36.7289
G01 Z20.0000
G01 X32.0223Y37.8018
G01 X31.3740Y40.3899
G01 X30.9826Y43.0291
G01 X30.8516Y45.6939
G01 X30.9826Y48.3587
G01 X31.3740Y50.9979
G01 X32.0223Y53.5860
G01 X32.5429Y55.0409
G00 Z20.0000
G00 X32.2019Y55.1998
G01 Z20.0000
G01 X31.6635Y53.6949
G01 X31.0063Y51.0711
G01 X30.6402Y48.6033
G00 Z20.0000
G00 X30.3315Y49.0747
G01 Z20.0000
G01 X30.6385Y51.1442
G01 X31.3046Y53.8037
G01 X31.8941Y55.4512
G00 Z20.0000
G00 X31.6314Y55.8288
G01 Z20.0000
G01 X30.9458Y53.9126
G01 X30.2707Y51.2174
G01 X29.9926Y49.3425
G00 Z20.0000
G00 X29.6366Y49.4957
G01 Z20.0000
G01 X29.9029Y51.2906
G01 X30.5869Y54.0214
G01 X31.4706Y56.4912
G00 Z20.0000
G00 X31.4700Y57.4100
G01 Z20.0000
G01 X31.1889Y56.8156
G01 X30.2281Y54.1303
G01 X29.5351Y51.3637
G01 X29.2666Y49.5538
G00 Z20.0000
G00 X28.8830Y49.5206
G01 Z20.0000
G01 X29.1673Y51.4369
G01 X29.8692Y54.2392
G01 X30.8424Y56.9592
G01 X32.0776Y59.5706
G01 X33.5628Y62.0485
G01 X34.6511Y63.5160
G00 Z20.0000
G00 X34.3746Y63.7719
G01 Z20.0000
G01 X33.2510Y62.2568
G01 X31.8878Y59.9825
G00 Z20.0000
G00 X31.5668Y59.3668
G01 Z20.0000
G01 X30.4960Y57.1027
G01 X29.5104Y54.3480
G01 X28.7995Y51.5100
G01 X28.4827Y49.3747
G00 Z20.0000
G00 X28.0539Y49.0366
G01 Z20.0000
G01 X28.4317Y51.5832
G01 X29.1515Y54.4569
G01 X30.1495Y57.2462
G01 X30.9590Y58.9576
G00 Z20.0000
G00 X30.5059Y58.8757
G01 Z20.0000
G01 X29.8031Y57.3897
G01 X28.7927Y54.5657
G01 X28.0639Y51.6564
G01 X27.6238Y48.6896
G01 X27.5230Y46.6371
G00 Z20.0000
G00 X27.1575Y46.8303
G01 Z20.0000
G01 X27.2506Y48.7263
G01 X27.6961Y51.7295
G01 X28.4338Y54.6746
G01 X29.4566Y57.5332
G01 X30.1140Y58.9231
G00 Z20.0000
G00 X29.7662Y59.0637
G01 Z20.0000
G01 X29.1102Y57.6767
G01 X28.0750Y54.7834
G01 X27.3283Y51.8027
G01 X26.8774Y48.7631
G01 X26.7864Y46.9108
G00 Z20.0000
G00 X26.4105Y46.8922
G01 Z20.0000
G01 X26.5042Y48.7998
G01 X26.9605Y51.8758
G01 X27.7161Y54.8923
G01 X28.7637Y57.8202
G01 X29.4607Y59.2939
G00 Z20.0000
G00 X29.2064Y59.6322
G01 Z20.0000
G01 X28.4173Y57.9637
G01 X27.3572Y55.0012
G01 X26.5927Y51.9490
G01 X26.1310Y48.8366
G01 X26.0293Y46.7656
G00 Z20.0000
G00 X25.6406Y46.4871
G01 Z20.0000
G01 X25.7578Y48.8733
G01 X26.2249Y52.0221
G01 X26.9984Y55.1100
G01 X28.0708Y58.1072
G01 X29.0403Y60.1570
G00 Z20.0000
G00 X29.0301Y60.3360
G01 Z20.0000
G01 X29.0304Y60.3060
G01 X29.0365Y60.1890
G01 X29.0397Y60.1610
G01 X29.0567Y60.0482
G01 X29.0627Y60.0206
G01 X29.0907Y59.9100
G01 X29.0994Y59.8831
G01 X29.1381Y59.7758
G01 X29.1493Y59.7499
G01 X29.1984Y59.6469
G01 X29.2121Y59.6223
G01 X29.2710Y59.5246
G01 X29.2871Y59.5014
G01 X29.3553Y59.4099
G01 X29.3736Y59.3884
G01 X29.4504Y59.3041
G01 X29.4707Y59.2845
G01 X29.5554Y59.2081
G01 X29.5775Y59.1905
G01 X29.6694Y59.1228
G01 X29.6931Y59.1076
G01 X29.7911Y59.0492
G01 X29.8162Y59.0363
G01 X29.9195Y58.9878
G01 X29.9457Y58.9774
G01 X30.0532Y58.9393
G01 X30.0804Y58.9315
G01 X30.1911Y58.9041
G01 X30.2189Y58.8991
G01 X30.3318Y58.8827
G01 X30.3599Y58.8804
G01 X30.4739Y58.8751
G01 X30.5021Y58.8755
G01 X30.6160Y58.8815
G01 X30.6440Y58.8847
G01 X30.7568Y58.9017
G01 X30.7844Y58.9077
G01 X30.8950Y58.9357
G01 X30.9219Y58.9444
G01 X31.0292Y58.9831
G01 X31.0551Y58.9943
G01 X31.1581Y59.0434
G01 X31.1827Y59.0571
G01 X31.2804Y59.1160
G01 X31.3036Y59.1321
G01 X31.3951Y59.2003
G01 X31.4166Y59.2186
G01 X31.5009Y59.2954
G01 X31.5205Y59.3157
G01 X31.5969Y59.4004
G01 X31.6145Y59.4225
G01 X31.6822Y59.5144
G01 X31.6974Y59.5381
G01 X31.7558Y59.6361
G01 X31.7687Y59.6612
G01 X31.8172Y59.7645
G01 X31.8276Y59.7907
G01 X31.8657Y59.8982
G01 X31.8735Y59.9254
G01 X31.9009Y60.0361
G01 X31.9059Y60.0639
G01 X31.9223Y60.1768
G01 X31.9246Y60.2049
G01 X31.9299Y60.3189
G01 X31.9295Y60.3471
G01 X31.9235Y60.4610
G01 X31.9203Y60.4890
G01 X31.9033Y60.6018
G01 X31.8973Y60.6294
G01 X31.8693Y60.7400
G01 X31.8606Y60.7669
G01 X31.8219Y60.8742
G01 X31.8107Y60.9001
G01 X31.7616Y61.0031
G01 X31.7479Y61.0277
G01 X31.6890Y61.1254
G01 X31.6729Y61.1486
G01 X31.6047Y61.2401
G01 X31.5864Y61.2616
G01 X31.5096Y61.3459
G01 X31.4893Y61.3655
G01 X31.4046Y61.4419
G01 X31.3825Y61.4595
G01 X31.2906Y61.5272
G01 X31.2669Y61.5424
G01 X31.1689Y61.6008
G01 X31.1438Y61.6137
G01 X31.0405Y61.6622
G01 X31.0143Y61.6726
G01 X30.9068Y61.7107
G01 X30.8796Y61.7185
G01 X30.7689Y61.7459
G01 X30.7411Y61.7509
G01 X30.6282Y61.7673
G01 X30.6001Y61.7696
G01 X30.4861Y61.7749
G01 X30.4579Y61.7745
G01 X30.3440Y61.7685
G01 X30.3160Y61.7653
G01 X30.2032Y61.7483
G01 X30.1756Y61.7423
G01 X30.0650Y61.7143
G01 X30.0381Y61.7056
G01 X29.9308Y61.6669
G01 X29.9049Y61.6557
G01 X29.8019Y61.6066
G01 X29.7773Y61.5929
G01 X29.6796Y61.5340
G01 X29.6564Y61.5179
G01 X29.5649Y61.4497
G01 X29.5434Y61.4314
G01 X29.4591Y61.3546
G01 X29.4395Y61.3343
G01 X29.3631Y61.2496
G01 X29.3455Y61.2275
G01 X29.2778Y61.1356
G01 X29.2626Y61.1119
G01 X29.2042Y61.0139
G01 X29.1913Y60.9888
G01 X29.1428Y60.8855
G01 X29.1324Y60.8593
G01 X29.0943Y60.7518
G01 X29.0865Y60.7246
G01 X29.0591Y60.6139
G01 X29.0541Y60.5861
G01 X29.0377Y60.4732
G01 X29.0354Y60.4451
G01 X29.0301Y60.3360
G00 Z20.0000
G00 X29.8056Y61.6085
G01 Z20.0000
G01 X30.7904Y63.2515
G00 Z20.0000
G00 X30.3388Y63.2266
G01 Z20.0000
G01 X29.1011Y61.1616
G01 X27.7244Y58.2507
G01 X26.6395Y55.2189
G01 X25.8571Y52.0953
G01 X25.3847Y48.9101
G01 X25.2266Y45.6939
G01 X25.2298Y45.6306
G00 Z20.0000
G00 X25.2528Y45.1611
G01 Z20.0000
G01 X25.3249Y43.6942
G00 Z20.0000
G00 X25.6791Y44.1177
G01 Z20.0000
G01 X25.6641Y44.4224
G00 Z20.0000
G00 X25.1201Y42.9370
G01 Z20.0000
G01 X25.1205Y42.9039
G01 X25.1269Y42.7802
G01 X25.1302Y42.7522
G01 X25.1487Y42.6296
G01 X25.1546Y42.6021
G01 X25.1850Y42.4819
G01 X25.1937Y42.4551
G01 X25.2357Y42.3385
G01 X25.2469Y42.3126
G01 X25.3002Y42.2008
G01 X25.3139Y42.1761
G01 X25.3779Y42.0700
G01 X25.3939Y42.0468
G01 X25.4680Y41.9475
G01 X25.4863Y41.9260
G01 X25.5697Y41.8344
G01 X25.5900Y41.8148
G01 X25.6820Y41.7318
G01 X25.7041Y41.7142
G01 X25.8038Y41.6407
G01 X25.8275Y41.6254
G01 X25.9340Y41.5620
G01 X25.9591Y41.5491
G01 X26.0712Y41.4964
G01 X26.0974Y41.4860
G01 X26.2142Y41.4446
G01 X26.2413Y41.4369
G01 X26.3616Y41.4071
G01 X26.3894Y41.4020
G01 X26.5120Y41.3841
G01 X26.5401Y41.3818
G01 X26.6639Y41.3761
G01 X26.6921Y41.3765
G01 X26.7999Y41.3818
G01 X26.8280Y41.3841
G01 X26.9506Y41.4020
G01 X26.9939Y41.4106
G01 X27.0987Y41.4369
G01 X27.1258Y41.4446
G01 X27.2426Y41.4860
G01 X27.2834Y41.5029
G01 X27.3952Y41.5562
G01 X27.4199Y41.5699
G01 X27.5125Y41.6254
G01 X27.5362Y41.6407
G01 X27.6359Y41.7142
G01 X27.6700Y41.7423
G01 X27.7545Y41.8189
G01 X27.7812Y41.8460
G01 X27.8642Y41.9380
G01 X27.8818Y41.9601
G01 X27.9400Y42.0386
G01 X27.9982Y41.9601
G01 X28.0158Y41.9380
G01 X28.0988Y41.8460
G01 X28.1184Y41.8257
G01 X28.2220Y41.7318
G01 X28.2441Y41.7142
G01 X28.3308Y41.6499
G01 X28.3623Y41.6286
G01 X28.4601Y41.5699
G01 X28.4991Y41.5491
G01 X28.5966Y41.5029
G01 X28.6225Y41.4917
G01 X28.7391Y41.4497
G01 X28.7660Y41.4410
G01 X28.9016Y41.4071
G01 X28.9294Y41.4020
G01 X29.0362Y41.3862
G01 X29.0740Y41.3822
G01 X29.1879Y41.3765
G01 X29.2321Y41.3765
G01 X29.3399Y41.3818
G01 X29.3680Y41.3841
G01 X29.4906Y41.4020
G01 X29.5184Y41.4071
G01 X29.6540Y41.4410
G01 X29.6809Y41.4497
G01 X29.7883Y41.4882
G01 X29.8234Y41.5029
G01 X29.9209Y41.5491
G01 X29.9599Y41.5699
G01 X30.0525Y41.6254
G01 X30.0762Y41.6407
G01 X30.1885Y41.7240
G01 X30.2100Y41.7423
G01 X30.2900Y41.8148
G01 X30.3212Y41.8460
G01 X30.3937Y41.9260
G01 X30.4120Y41.9475
G01 X30.4953Y42.0598
G01 X30.5106Y42.0835
G01 X30.5661Y42.1761
G01 X30.5869Y42.2151
G01 X30.6331Y42.3126
G01 X30.6443Y42.3385
G01 X30.6914Y42.4702
G01 X30.6991Y42.4973
G01 X30.7254Y42.6021
G01 X30.7340Y42.6454
G01 X30.7498Y42.7522
G01 X30.7531Y42.7802
G01 X30.7599Y42.9199
G01 X30.7595Y42.9481
G01 X30.7542Y43.0559
G01 X30.7498Y43.0998
G01 X30.7340Y43.2066
G01 X30.7289Y43.2344
G01 X30.6950Y43.3701
G01 X30.6863Y43.3969
G01 X30.6500Y43.4986
G01 X30.6331Y43.5394
G01 X30.5869Y43.6369
G01 X30.5740Y43.6620
G01 X30.5021Y43.7820
G01 X30.4861Y43.8052
G01 X30.4218Y43.8919
G01 X30.3937Y43.9260
G01 X30.3212Y44.0060
G01 X30.3016Y44.0263
G01 X30.1980Y44.1202
G01 X30.1759Y44.1378
G01 X30.0762Y44.2113
G01 X30.0525Y44.2266
G01 X29.9599Y44.2821
G01 X29.9209Y44.3029
G01 X29.8234Y44.3491
G01 X29.7975Y44.3603
G01 X29.6809Y44.4023
G01 X29.6540Y44.4110
G01 X29.5184Y44.4449
G01 X29.4906Y44.4500
G01 X29.3680Y44.4679
G01 X29.3399Y44.4702
G01 X29.2321Y44.4755
G01 X29.1879Y44.4755
G01 X29.0740Y44.4698
G01 X29.0362Y44.4658
G01 X28.9294Y44.4500
G01 X28.9016Y44.4449
G01 X28.7660Y44.4110
G01 X28.7391Y44.4023
G01 X28.6225Y44.3603
G01 X28.5966Y44.3491
G01 X28.4991Y44.3029
G01 X28.4601Y44.2821
G01 X28.3623Y44.2234
G01 X28.3308Y44.2021
G01 X28.2441Y44.1378
G01 X28.2220Y44.1202
G01 X28.1184Y44.0263
G01 X28.0988Y44.0060
G01 X28.0158Y43.9140
G01 X27.9982Y43.8919
G01 X27.9400Y43.8134
G01 X27.8818Y43.8919
G01 X27.8642Y43.9140
G01 X27.7812Y44.0060
G01 X27.7545Y44.0331
G01 X27.6700Y44.1097
G01 X27.6408Y44.1340
G01 X27.5362Y44.2113
G01 X27.5125Y44.2266
G01 X27.4662Y44.2543
G01 X27.4936Y44.2731
G01 X27.5725Y44.3315
G01 X27.6066Y44.3596
G01 X27.6793Y44.4255
G01 X27.6996Y44.4451
G01 X27.7764Y44.5294
G01 X27.7947Y44.5509
G01 X27.8722Y44.6554
G01 X27.8874Y44.6791
G01 X27.9379Y44.7633
G01 X27.9560Y44.7967
G01 X28.0007Y44.8909
G01 X28.0176Y44.9317
G01 X28.0506Y45.0241
G01 X28.0593Y45.0510
G01 X28.0873Y45.1616
G01 X28.0933Y45.1892
G01 X28.1123Y45.3178
G01 X28.1146Y45.3459
G01 X28.1195Y45.4439
G01 X28.1197Y45.4819
G01 X28.1146Y45.5861
G01 X28.1103Y45.6300
G01 X28.0959Y45.7271
G01 X28.0909Y45.7549
G01 X28.0593Y45.8810
G01 X28.0506Y45.9079
G01 X28.0119Y46.0152
G01 X28.0007Y46.0411
G01 X27.9587Y46.1298
G01 X27.9379Y46.1687
G01 X27.8874Y46.2529
G01 X27.8722Y46.2766
G01 X27.7947Y46.3811
G01 X27.7764Y46.4026
G01 X27.7105Y46.4753
G01 X27.6838Y46.5024
G01 X27.6066Y46.5724
G01 X27.5725Y46.6005
G01 X27.4936Y46.6589
G01 X27.4704Y46.6750
G01 X27.3589Y46.7418
G01 X27.3338Y46.7547
G01 X27.2305Y46.8032
G01 X27.2043Y46.8136
G01 X27.1119Y46.8466
G01 X27.0756Y46.8579
G01 X26.9744Y46.8833
G01 X26.9311Y46.8919
G01 X26.8340Y46.9063
G01 X26.8060Y46.9095
G01 X26.6761Y46.9159
G01 X26.6479Y46.9155
G01 X26.5499Y46.9106
G01 X26.5060Y46.9063
G01 X26.4089Y46.8919
G01 X26.3811Y46.8869
G01 X26.2550Y46.8553
G01 X26.2281Y46.8466
G01 X26.1357Y46.8136
G01 X26.0949Y46.7967
G01 X26.0062Y46.7547
G01 X25.9811Y46.7418
G01 X25.8696Y46.6750
G01 X25.8464Y46.6589
G01 X25.7675Y46.6005
G01 X25.7334Y46.5724
G01 X25.6607Y46.5065
G01 X25.6404Y46.4869
G01 X25.5636Y46.4026
G01 X25.5453Y46.3811
G01 X25.4678Y46.2766
G01 X25.4526Y46.2529
G01 X25.4021Y46.1687
G01 X25.3813Y46.1298
G01 X25.3393Y46.0411
G01 X25.3281Y46.0152
G01 X25.2894Y45.9079
G01 X25.2807Y45.8810
G01 X25.2491Y45.7549
G01 X25.2441Y45.7271
G01 X25.2277Y45.6142
G01 X25.2254Y45.5861
G01 X25.2205Y45.4881
G01 X25.2202Y45.4519
G01 X25.2254Y45.3459
G01 X25.2297Y45.3020
G01 X25.2441Y45.2049
G01 X25.2491Y45.1771
G01 X25.2765Y45.0664
G01 X25.2843Y45.0392
G01 X25.3281Y44.9168
G01 X25.3393Y44.8909
G01 X25.3884Y44.7879
G01 X25.4021Y44.7633
G01 X25.4610Y44.6656
G01 X25.4771Y44.6424
G01 X25.5355Y44.5635
G01 X25.5636Y44.5294
G01 X25.6336Y44.4522
G01 X25.6607Y44.4255
G01 X25.7334Y44.3596
G01 X25.7549Y44.3413
G01 X25.8464Y44.2731
G01 X25.8738Y44.2543
G01 X25.8275Y44.2266
G01 X25.8038Y44.2113
G01 X25.6992Y44.1340
G01 X25.6700Y44.1097
G01 X25.5900Y44.0372
G01 X25.5697Y44.0176
G01 X25.4863Y43.9260
G01 X25.4582Y43.8919
G01 X25.3939Y43.8052
G01 X25.3779Y43.7820
G01 X25.3108Y43.6706
G01 X25.2931Y43.6369
G01 X25.2469Y43.5394
G01 X25.2357Y43.5135
G01 X25.1937Y43.3969
G01 X25.1809Y43.3547
G01 X25.1546Y43.2499
G01 X25.1487Y43.2224
G01 X25.1302Y43.0998
G01 X25.1262Y43.0620
G01 X25.1201Y42.9370
G00 Z20.0000
G00 X25.4622Y41.9549
G01 Z20.0000
G01 X25.8571Y39.2925
G01 X26.4709Y36.8421
G00 Z20.0000
G00 X26.1079Y36.7497
G01 Z20.0000
G01 X25.4893Y39.2193
G01 X25.0115Y42.4410
G01 X24.8516Y45.6939
G01 X25.0115Y48.9469
G01 X25.4893Y52.1685
G01 X26.2807Y55.3277
G01 X27.3779Y58.3942
G01 X28.7704Y61.3384
G01 X29.9541Y63.3133
G00 Z20.0000
G00 X29.6183Y63.4817
G01 Z20.0000
G01 X28.4397Y61.5152
G01 X27.0314Y58.5377
G01 X25.9218Y55.4366
G01 X25.1215Y52.2416
G01 X24.6383Y48.9836
G01 X24.4766Y45.6939
G01 X24.6383Y42.4042
G01 X25.1215Y39.1462
G01 X25.7681Y36.5652
G00 Z20.0000
G00 X25.4561Y36.2690
G01 Z20.0000
G01 X24.7537Y39.0730
G01 X24.2756Y42.2968
G00 Z20.0000
G00 X23.9648Y41.8391
G01 Z20.0000
G01 X24.3860Y38.9999
G01 X25.1934Y35.7762
G00 Z20.0000
G00 X25.1201Y35.3170
G01 Z20.0000
G01 X25.1205Y35.2839
G01 X25.1269Y35.1602
G01 X25.1302Y35.1322
G01 X25.1487Y35.0096
G01 X25.1546Y34.9821
G01 X25.1850Y34.8619
G01 X25.1937Y34.8351
G01 X25.2357Y34.7185
G01 X25.2469Y34.6926
G01 X25.3002Y34.5808
G01 X25.3139Y34.5561
G01 X25.3779Y34.4500
G01 X25.3939Y34.4268
G01 X25.4680Y34.3275
G01 X25.4863Y34.3060
G01 X25.5697Y34.2144
G01 X25.5900Y34.1948
G01 X25.6820Y34.1118
G01 X25.7041Y34.0942
G01 X25.8038Y34.0207
G01 X25.8275Y34.0054
G01 X25.9340Y33.9420
G01 X25.9591Y33.9291
G01 X26.0712Y33.8764
G01 X26.0974Y33.8660
G01 X26.2142Y33.8246
G01 X26.2413Y33.8169
G01 X26.3616Y33.7871
G01 X26.3894Y33.7820
G01 X26.5120Y33.7641
G01 X26.5401Y33.7618
G01 X26.6639Y33.7561
G01 X26.6921Y33.7565
G01 X26.7999Y33.7618
G01 X26.8280Y33.7641
G01 X26.9506Y33.7820
G01 X26.9939Y33.7906
G01 X27.0987Y33.8169
G01 X27.1258Y33.8246
G01 X27.2426Y33.8660
G01 X27.2834Y33.8829
G01 X27.3952Y33.9362
G01 X27.4199Y33.9499
G01 X27.5125Y34.0054
G01 X27.5362Y34.0207
G01 X27.6359Y34.0942
G01 X27.6700Y34.1223
G01 X27.7545Y34.1989
G01 X27.7812Y34.2260
G01 X27.8642Y34.3180
G01 X27.8818Y34.3401
G01 X27.9400Y34.4186
G01 X27.9982Y34.3401
G01 X28.0158Y34.3180
G01 X28.0988Y34.2260
G01 X28.1184Y34.2057
G01 X28.2220Y34.1118
G01 X28.2441Y34.0942
G01 X28.3308Y34.0299
G01 X28.3623Y34.0086
G01 X28.4601Y33.9499
G01 X28.4991Y33.9291
G01 X28.5966Y33.8829
G01 X28.6225Y33.8717
G01 X28.7391Y33.8297
G01 X28.7660Y33.8210
G01 X28.9016Y33.7871
G01 X28.9294Y33.7820
G01 X29.0362Y33.7662
G01 X29.0740Y33.7622
G01 X29.1879Y33.7565
G01 X29.2321Y33.7565
G01 X29.3399Y33.7618
G01 X29.3680Y33.7641
G01 X29.4906Y33.7820
G01 X29.5184Y33.7871
G01 X29.6540Y33.8210
G01 X29.6809Y33.8297
G01 X29.7883Y33.8682
G01 X29.8234Y33.8829
G01 X29.9209Y33.9291
G01 X29.9599Y33.9499
G01 X30.0525Y34.0054
G01 X30.0762Y34.0207
G01 X30.1885Y34.1040
G01 X30.2100Y34.1223
G01 X30.2900Y34.1948
G01 X30.3212Y34.2260
G01 X30.3937Y34.3060
G01 X30.4120Y34.3275
G01 X30.4953Y34.4398
G01 X30.5106Y34.4635
G01 X30.5661Y34.5561
G01 X30.5869Y34.5951
G01 X30.6331Y34.6926
G01 X30.6443Y34.7185
G01 X30.6914Y34.8502
G01 X30.6991Y34.8773
G01 X30.7254Y34.9821
G01 X30.7340Y35.0254
G01 X30.7498Y35.1322
G01 X30.7531Y35.1602
G01 X30.7599Y35.2999
G01 X30.7595Y35.3281
G01 X30.7531Y35.4518
G01 X30.7498Y35.4798
G01 X30.7340Y35.5866
G01 X30.7254Y35.6299
G01 X30.6991Y35.7347
G01 X30.6914Y35.7618
G01 X30.6443Y35.8935
G01 X30.6331Y35.9194
G01 X30.5869Y36.0169
G01 X30.5692Y36.0506
G01 X30.5106Y36.1485
G01 X30.4861Y36.1852
G01 X30.4218Y36.2719
G01 X30.4042Y36.2940
G01 X30.3212Y36.3860
G01 X30.3016Y36.4063
G01 X30.1980Y36.5002
G01 X30.1759Y36.5178
G01 X30.0892Y36.5821
G01 X30.0577Y36.6034
G01 X29.9599Y36.6621
G01 X29.9209Y36.6829
G01 X29.8234Y36.7291
G01 X29.7975Y36.7403
G01 X29.6658Y36.7874
G01 X29.6387Y36.7951
G01 X29.5184Y36.8249
G01 X29.4906Y36.8300
G01 X29.3838Y36.8458
G01 X29.3399Y36.8502
G01 X29.2321Y36.8555
G01 X29.2039Y36.8559
G01 X29.0642Y36.8491
G01 X29.0362Y36.8458
G01 X28.9294Y36.8300
G01 X28.8861Y36.8214
G01 X28.7754Y36.7936
G01 X28.7391Y36.7823
G01 X28.6374Y36.7460
G01 X28.6112Y36.7356
G01 X28.4936Y36.6802
G01 X28.4601Y36.6621
G01 X28.3675Y36.6066
G01 X28.3308Y36.5821
G01 X28.2441Y36.5178
G01 X28.2220Y36.5002
G01 X28.1184Y36.4063
G01 X28.0988Y36.3860
G01 X28.0158Y36.2940
G01 X27.9982Y36.2719
G01 X27.9400Y36.1934
G01 X27.8818Y36.2719
G01 X27.8642Y36.2940
G01 X27.7812Y36.3860
G01 X27.7616Y36.4063
G01 X27.6580Y36.5002
G01 X27.6359Y36.5178
G01 X27.5492Y36.5821
G01 X27.5177Y36.6034
G01 X27.4199Y36.6621
G01 X27.3809Y36.6829
G01 X27.2834Y36.7291
G01 X27.2575Y36.7403
G01 X27.1409Y36.7823
G01 X27.1140Y36.7910
G01 X26.9784Y36.8249
G01 X26.9506Y36.8300
G01 X26.8280Y36.8479
G01 X26.7999Y36.8502
G01 X26.6761Y36.8559
G01 X26.6479Y36.8555
G01 X26.5401Y36.8502
G01 X26.5022Y36.8467
G01 X26.3894Y36.8300
G01 X26.3461Y36.8214
G01 X26.2413Y36.7951
G01 X26.2142Y36.7874
G01 X26.0974Y36.7460
G01 X26.0622Y36.7316
G01 X25.9448Y36.6758
G01 X25.9201Y36.6621
G01 X25.8275Y36.6066
G01 X25.7908Y36.5821
G01 X25.7041Y36.5178
G01 X25.6820Y36.5002
G01 X25.5784Y36.4063
G01 X25.5588Y36.3860
G01 X25.4863Y36.3060
G01 X25.4582Y36.2719
G01 X25.3939Y36.1852
G01 X25.3779Y36.1620
G01 X25.3139Y36.0559
G01 X25.2931Y36.0169
G01 X25.2469Y35.9194
G01 X25.2357Y35.8935
G01 X25.1886Y35.7618
G01 X25.1809Y35.7347
G01 X25.1546Y35.6299
G01 X25.1460Y35.5866
G01 X25.1302Y35.4798
G01 X25.1269Y35.4518
G01 X25.1201Y35.3170
G01 X24.3343Y34.8293
G01 X25.0924Y32.7103
G01 X25.5441Y32.5598
G01 X24.4864Y35.5158
G01 X23.6504Y38.8536
G01 X23.2679Y41.4317
G00 Z20.0000
G00 X22.8974Y41.3773
G01 Z20.0000
G01 X23.2826Y38.7804
G01 X23.8553Y36.4939
G00 Z20.0000
G00 X23.4034Y36.7564
G01 Z20.0000
G01 X22.9148Y38.7072
G01 X22.5129Y41.4164
G00 Z20.0000
G00 X22.1116Y41.5690
G01 Z20.0000
G01 X22.5470Y38.6341
G01 X22.9939Y36.8499
G00 Z20.0000
G00 X22.6116Y36.8348
G01 Z20.0000
G01 X22.1792Y38.5609
G01 X21.6808Y41.9210
G01 X21.3276Y41.7491
G01 X21.8114Y38.4878
G01 X22.2514Y36.7312
G00 Z20.0000
G00 X21.9149Y36.5332
G01 Z20.0000
G01 X21.4436Y38.4146
G01 X20.9821Y41.5260
G00 Z20.0000
G00 X20.6213Y41.4056
G01 Z20.0000
G01 X21.0758Y38.3414
G01 X21.6078Y36.2174
G00 Z20.0000
G00 X21.1175Y36.6336
G01 Z20.0000
G01 X20.7080Y38.2683
G01 X20.2466Y41.3791
G00 Z20.0000
G00 X19.8579Y41.4467
G01 Z20.0000
G01 X20.3402Y38.1951
G01 X20.6870Y36.8106
G00 Z20.0000
G00 X20.2898Y36.8551
G01 Z20.0000
G01 X19.9724Y38.1220
G01 X19.4501Y41.6433
G00 Z20.0000
G00 X19.0298Y42.0671
G01 Z20.0000
G01 X19.0403Y41.8529
G01 X19.6046Y38.0488
G01 X19.9170Y36.8016
G00 Z20.0000
G00 X19.5664Y36.6599
G01 Z20.0000
G01 X19.2368Y37.9756
G01 X18.6672Y41.8161
G01 X18.4766Y45.6939
G01 X18.5393Y46.9692
G00 Z20.0000
G00 X18.9017Y46.7137
G01 Z20.0000
G01 X18.8516Y45.6939
G01 X18.9518Y43.6543
G00 Z20.0000
G00 X19.3051Y44.0963
G01 Z20.0000
G01 X19.2266Y45.6939
G01 X19.2704Y46.5849
G00 Z20.0000
G00 X19.6442Y46.5597
G01 Z20.0000
G01 X19.6016Y45.6939
G01 X19.6686Y44.3311
G00 Z20.0000
G00 X20.0378Y44.4497
G01 Z20.0000
G01 X19.9766Y45.6939
G01 X20.0228Y46.6336
G00 Z20.0000
G00 X20.4076Y46.8323
G01 Z20.0000
G01 X20.3516Y45.6939
G01 X20.4117Y44.4720
G00 Z20.0000
G00 X20.7901Y44.4026
G01 Z20.0000
G01 X20.7266Y45.6939
G01 X20.7755Y46.6886
G00 Z20.0000
G00 X21.1423Y46.5221
G01 Z20.0000
G01 X21.1016Y45.6939
G01 X21.1741Y44.2193
G00 Z20.0000
G00 X21.5675Y43.8436
G01 Z20.0000
G01 X21.4766Y45.6939
G01 X21.5142Y46.4592
G00 Z20.0000
G00 X21.8905Y46.4855
G01 Z20.0000
G01 X21.8516Y45.6939
G01 X21.9269Y44.1621
G00 Z20.0000
G00 X22.2918Y44.3675
G01 Z20.0000
G01 X22.2266Y45.6939
G01 X22.2719Y46.6154
G00 Z20.0000
G00 X22.6602Y46.8859
G01 Z20.0000
G01 X22.6016Y45.6939
G01 X22.6622Y44.4623
G00 Z20.0000
G00 X23.0370Y44.4654
G01 Z20.0000
G01 X22.9766Y45.6939
G01 X23.0672Y47.5377
G00 Z20.0000
G00 X23.1060Y48.3273
G01 Z20.0000
G01 X23.1455Y49.1306
G01 X23.6504Y52.5343
G01 X24.0135Y53.9840
G00 Z20.0000
G00 X23.5724Y53.7645
G01 Z20.0000
G01 X23.2826Y52.6074
G01 X22.7723Y49.1674
G01 X22.7648Y49.0158
G00 Z20.0000
G00 X22.4158Y49.3166
G01 Z20.0000
G01 X22.9148Y52.6806
G01 X23.1694Y53.6972
G00 Z20.0000
G00 X22.7828Y53.6950
G01 Z20.0000
G01 X22.5470Y52.7537
G01 X22.0617Y49.4821
G00 Z20.0000
G00 X21.6933Y49.5515
G01 Z20.0000
G01 X22.1792Y52.8269
G01 X22.3966Y53.6950
G01 X22.0105Y53.6950
G01 X21.8114Y52.9001
G01 X21.3115Y49.5303
G00 Z20.0000
G00 X20.9134Y49.3992
G01 Z20.0000
G01 X21.4436Y52.9732
G01 X21.6285Y53.7113
G00 Z20.0000
G00 X21.2663Y53.8069
G01 Z20.0000
G01 X21.0758Y53.0464
G01 X20.5331Y49.3879
G01 X20.5203Y49.1266
G00 Z20.0000
G00 X20.1551Y49.3263
G01 Z20.0000
G01 X20.1599Y49.4247
G01 X20.7080Y53.1195
G01 X20.9277Y53.9965
G00 Z20.0000
G00 X20.6174Y54.2992
G01 Z20.0000
G01 X20.3402Y53.1927
G01 X19.7867Y49.4614
G01 X19.7855Y49.4369
G00 Z20.0000
G00 X19.4111Y49.4485
G01 Z20.0000
G01 X19.4135Y49.4982
G01 X19.9724Y53.2659
G01 X20.1534Y53.9882
G00 Z20.0000
G00 X19.7401Y53.8799
G01 Z20.0000
G01 X19.6046Y53.3390
G01 X19.0403Y49.5350
G01 X19.0316Y49.3564
G00 Z20.0000
G00 X18.6456Y49.1328
G01 Z20.0000
G01 X18.6672Y49.5717
G01 X19.2368Y53.4122
G01 X19.3566Y53.8902
G00 Z20.0000
G00 X18.9969Y53.9959
G01 Z20.0000
G01 X18.8690Y53.4853
G01 X18.2940Y49.6085
G01 X18.2761Y49.2455
G00 Z20.0000
G00 X17.9089Y49.4036
G01 Z20.0000
G01 X17.9208Y49.6452
G01 X18.5012Y53.5585
G01 X18.6623Y54.2014
G00 Z20.0000
G00 X18.3614Y54.5418
G01 Z20.0000
G01 X18.1334Y53.6316
G01 X17.5476Y49.6820
G01 X17.5365Y49.4558
G00 Z20.0000
G00 X17.1591Y49.4076
G01 Z20.0000
G01 X17.1744Y49.7187
G01 X17.7657Y53.7048
G01 X18.1391Y55.1957
G00 Z20.0000
G00 X18.3688Y56.1128
G01 Z20.0000
G01 X18.5217Y56.7229
G00 Z20.0000
G00 X18.2298Y57.0991
G01 Z20.0000
G01 X17.3979Y53.7780
G01 X16.8012Y49.7555
G01 X16.7761Y49.2457
G00 Z20.0000
G00 X16.3841Y48.8984
G01 Z20.0000
G01 X16.4280Y49.7922
G01 X17.0301Y53.8511
G01 X18.0271Y57.8314
G01 X18.0656Y57.9390
G00 Z20.0000
G00 X18.0573Y57.7960
G01 Z20.0000
G01 X18.0576Y57.7660
G01 X18.0626Y57.6649
G01 X18.0669Y57.6210
G01 X18.0839Y57.5082
G01 X18.0899Y57.4806
G01 X18.1137Y57.3854
G01 X18.1266Y57.3431
G01 X18.1653Y57.2358
G01 X18.1765Y57.2099
G01 X18.2185Y57.1212
G01 X18.2362Y57.0876
G01 X18.2982Y56.9846
G01 X18.3143Y56.9614
G01 X18.3727Y56.8825
G01 X18.4008Y56.8484
G01 X18.4776Y56.7641
G01 X18.4979Y56.7445
G01 X18.5706Y56.6786
G01 X18.5999Y56.6543
G01 X18.6966Y56.5828
G01 X18.7203Y56.5676
G01 X18.7828Y56.5301
G01 X18.7598Y56.5141
G01 X18.6683Y56.4459
G01 X18.6468Y56.4276
G01 X18.5741Y56.3617
G01 X18.5429Y56.3305
G01 X18.4770Y56.2578
G01 X18.4587Y56.2363
G01 X18.3812Y56.1318
G01 X18.3660Y56.1081
G01 X18.3155Y56.0239
G01 X18.2947Y55.9850
G01 X18.2527Y55.8963
G01 X18.2415Y55.8704
G01 X18.1977Y55.7480
G01 X18.1899Y55.7208
G01 X18.1661Y55.6256
G01 X18.1575Y55.5823
G01 X18.1431Y55.4852
G01 X18.1399Y55.4572
G01 X18.1335Y55.3261
G01 X18.1338Y55.3022
G01 X18.1388Y55.2011
G01 X18.1431Y55.1572
G01 X18.1575Y55.0601
G01 X18.1647Y55.0227
G01 X18.1899Y54.9216
G01 X18.1977Y54.8944
G01 X18.2358Y54.7869
G01 X18.2527Y54.7461
G01 X18.2947Y54.6574
G01 X18.3076Y54.6323
G01 X18.3660Y54.5343
G01 X18.3869Y54.5025
G01 X18.4489Y54.4187
G01 X18.4770Y54.3846
G01 X18.5538Y54.3003
G01 X18.5741Y54.2807
G01 X18.6588Y54.2043
G01 X18.6809Y54.1867
G01 X18.7598Y54.1283
G01 X18.7830Y54.1122
G01 X18.8807Y54.0533
G01 X18.9053Y54.0396
G01 X19.0229Y53.9840
G01 X19.0491Y53.9736
G01 X19.1415Y53.9406
G01 X19.1778Y53.9293
G01 X19.2790Y53.9039
G01 X19.3223Y53.8953
G01 X19.4194Y53.8809
G01 X19.4474Y53.8777
G01 X19.5613Y53.8717
G01 X19.5895Y53.8713
G01 X19.7194Y53.8777
G01 X19.7474Y53.8809
G01 X19.8445Y53.8953
G01 X19.8878Y53.9039
G01 X19.9890Y53.9293
G01 X20.0253Y53.9406
G01 X20.1177Y53.9736
G01 X20.1439Y53.9840
G01 X20.2615Y54.0396
G01 X20.2861Y54.0533
G01 X20.3838Y54.1122
G01 X20.4070Y54.1283
G01 X20.4859Y54.1867
G01 X20.5200Y54.2148
G01 X20.5927Y54.2807
G01 X20.6150Y54.3024
G01 X20.6360Y54.2742
G01 X20.6562Y54.2496
G01 X20.7328Y54.1650
G01 X20.7595Y54.1379
G01 X20.8440Y54.0613
G01 X20.8655Y54.0430
G01 X20.9648Y53.9689
G01 X20.9963Y53.9476
G01 X21.0941Y53.8889
G01 X21.1188Y53.8752
G01 X21.2452Y53.8154
G01 X21.2714Y53.8050
G01 X21.3882Y53.7636
G01 X21.4153Y53.7559
G01 X21.5260Y53.7282
G01 X21.5634Y53.7210
G01 X21.6860Y53.7031
G01 X21.7141Y53.7008
G01 X21.8360Y53.6951
G01 X23.1140Y53.6950
G01 X23.1361Y53.6955
G01 X23.2598Y53.7019
G01 X23.2878Y53.7052
G01 X23.3946Y53.7210
G01 X23.4224Y53.7261
G01 X23.5427Y53.7559
G01 X23.5849Y53.7687
G01 X23.6866Y53.8050
G01 X23.7128Y53.8154
G01 X23.8249Y53.8681
G01 X23.8639Y53.8889
G01 X23.9700Y53.9529
G01 X23.9932Y53.9689
G01 X24.0799Y54.0332
G01 X24.1140Y54.0613
G01 X24.2056Y54.1447
G01 X24.2252Y54.1650
G01 X24.2977Y54.2450
G01 X24.3258Y54.2791
G01 X24.3993Y54.3788
G01 X24.4146Y54.4025
G01 X24.4701Y54.4951
G01 X24.4838Y54.5198
G01 X24.5371Y54.6316
G01 X24.5483Y54.6575
G01 X24.5954Y54.7892
G01 X24.6031Y54.8163
G01 X24.6329Y54.9366
G01 X24.6380Y54.9644
G01 X24.6538Y55.0712
G01 X24.6582Y55.1151
G01 X24.6639Y55.2389
G01 X24.6635Y55.2671
G01 X24.6582Y55.3749
G01 X24.6538Y55.4188
G01 X24.6370Y55.5317
G01 X24.6294Y55.5689
G01 X24.6031Y55.6737
G01 X24.5954Y55.7008
G01 X24.5540Y55.8176
G01 X24.5436Y55.8438
G01 X24.4909Y55.9559
G01 X24.4780Y55.9810
G01 X24.4061Y56.1010
G01 X24.3901Y56.1242
G01 X24.3160Y56.2235
G01 X24.2977Y56.2450
G01 X24.2143Y56.3366
G01 X24.1940Y56.3562
G01 X24.1020Y56.4392
G01 X24.0799Y56.4568
G01 X24.0014Y56.5150
G01 X24.0799Y56.5732
G01 X24.1020Y56.5908
G01 X24.1940Y56.6738
G01 X24.2252Y56.7050
G01 X24.2977Y56.7850
G01 X24.3160Y56.8065
G01 X24.3901Y56.9058
G01 X24.4146Y56.9425
G01 X24.4701Y57.0351
G01 X24.4838Y57.0598
G01 X24.5396Y57.1772
G01 X24.5540Y57.2124
G01 X24.5903Y57.3141
G01 X24.6031Y57.3563
G01 X24.6294Y57.4611
G01 X24.6353Y57.4886
G01 X24.6538Y57.6112
G01 X24.6582Y57.6551
G01 X24.6635Y57.7629
G01 X24.6639Y57.7911
G01 X24.6582Y57.9149
G01 X24.6538Y57.9588
G01 X24.6353Y58.0814
G01 X24.6294Y58.1089
G01 X24.6031Y58.2137
G01 X24.5923Y58.2501
G01 X24.5540Y58.3576
G01 X24.5371Y58.3984
G01 X24.4838Y58.5102
G01 X24.4701Y58.5349
G01 X24.4146Y58.6275
G01 X24.3993Y58.6512
G01 X24.3258Y58.7509
G01 X24.2977Y58.7850
G01 X24.2252Y58.8650
G01 X24.2056Y58.8853
G01 X24.1140Y58.9687
G01 X24.0799Y58.9968
G01 X23.9802Y59.0703
G01 X23.9565Y59.0856
G01 X23.8639Y59.1411
G01 X23.8392Y59.1548
G01 X23.7274Y59.2081
G01 X23.7015Y59.2193
G01 X23.5849Y59.2613
G01 X23.5580Y59.2700
G01 X23.4379Y59.3004
G01 X23.4104Y59.3063
G01 X23.2878Y59.3248
G01 X23.2598Y59.3281
G01 X23.1361Y59.3345
G01 X23.1140Y59.3350
G01 X21.8440Y59.3350
G01 X21.7141Y59.3292
G01 X21.6762Y59.3257
G01 X21.5634Y59.3090
G01 X21.5356Y59.3039
G01 X21.4153Y59.2741
G01 X21.3882Y59.2664
G01 X21.2714Y59.2250
G01 X21.2452Y59.2146
G01 X21.1331Y59.1619
G01 X21.1080Y59.1490
G01 X21.0015Y59.0856
G01 X20.9778Y59.0703
G01 X20.8781Y58.9968
G01 X20.8560Y58.9792
G01 X20.7640Y58.8962
G01 X20.7437Y58.8766
G01 X20.6498Y58.7730
G01 X20.6360Y58.7558
G01 X20.6119Y58.7235
G01 X20.5477Y58.7943
G01 X20.5281Y58.8146
G01 X20.4438Y58.8914
G01 X20.4097Y58.9195
G01 X20.3308Y58.9779
G01 X20.3076Y58.9940
G01 X20.2099Y59.0529
G01 X20.1710Y59.0737
G01 X20.0823Y59.1157
G01 X20.0564Y59.1269
G01 X19.9433Y59.1676
G01 X19.9068Y59.1785
G01 X19.8116Y59.2023
G01 X19.7744Y59.2099
G01 X19.6554Y59.2273
G01 X19.6273Y59.2296
G01 X19.5293Y59.2345
G01 X19.4851Y59.2345
G01 X19.3712Y59.2285
G01 X19.3432Y59.2253
G01 X19.2461Y59.2109
G01 X19.2087Y59.2037
G01 X19.1076Y59.1785
G01 X19.0804Y59.1707
G01 X18.9580Y59.1269
G01 X18.9321Y59.1157
G01 X18.8291Y59.0666
G01 X18.8045Y59.0529
G01 X18.7203Y59.0024
G01 X18.6885Y58.9815
G01 X18.6047Y58.9195
G01 X18.5706Y58.8914
G01 X18.4979Y58.8255
G01 X18.4776Y58.8059
G01 X18.4008Y58.7216
G01 X18.3825Y58.7001
G01 X18.3050Y58.5956
G01 X18.2898Y58.5719
G01 X18.2393Y58.4877
G01 X18.2212Y58.4543
G01 X18.1765Y58.3601
G01 X18.1596Y58.3193
G01 X18.1266Y58.2269
G01 X18.1179Y58.2000
G01 X18.0899Y58.0894
G01 X18.0839Y58.0618
G01 X18.0649Y57.9332
G01 X18.0626Y57.9051
G01 X18.0573Y57.7960
G00 Z20.0000
G00 X18.2951Y58.5805
G01 Z20.0000
G01 X19.4094Y61.6949
G01 X21.1638Y65.4042
G01 X23.2733Y68.9237
G01 X25.7176Y72.2195
G01 X28.4732Y75.2598
G01 X31.5136Y78.0154
G01 X34.8094Y80.4597
G01 X38.3289Y82.5692
G01 X42.0382Y84.3236
G01 X43.4792Y84.8392
G00 Z20.0000
G00 X43.1579Y84.8105
G01 Z20.0000
G01 X43.2021Y84.8105
G01 X43.3258Y84.8169
G01 X43.3538Y84.8202
G01 X43.4764Y84.8387
G01 X43.5039Y84.8446
G01 X43.6241Y84.8750
G01 X43.6509Y84.8837
G01 X43.7675Y84.9257
G01 X43.7934Y84.9369
G01 X43.9052Y84.9902
G01 X43.9299Y85.0039
G01 X44.0360Y85.0679
G01 X44.0592Y85.0839
G01 X44.1585Y85.1580
G01 X44.1800Y85.1763
G01 X44.2716Y85.2597
G01 X44.2912Y85.2800
G01 X44.3742Y85.3720
G01 X44.3918Y85.3941
G01 X44.4653Y85.4938
G01 X44.4806Y85.5175
G01 X44.5440Y85.6240
G01 X44.5569Y85.6491
G01 X44.6096Y85.7612
G01 X44.6200Y85.7874
G01 X44.6614Y85.9042
G01 X44.6691Y85.9313
G01 X44.6989Y86.0516
G01 X44.7040Y86.0794
G01 X44.7219Y86.2020
G01 X44.7242Y86.2301
G01 X44.7299Y86.3539
G01 X44.7295Y86.3821
G01 X44.7231Y86.5058
G01 X44.7198Y86.5338
G01 X44.7013Y86.6564
G01 X44.6954Y86.6839
G01 X44.6650Y86.8040
G01 X44.6563Y86.8309
G01 X44.6143Y86.9475
G01 X44.6031Y86.9734
G01 X44.5498Y87.0852
G01 X44.5361Y87.1099
G01 X44.4721Y87.2160
G01 X44.4561Y87.2392
G01 X44.3820Y87.3385
G01 X44.3637Y87.3600
G01 X44.2803Y87.4516
G01 X44.2600Y87.4712
G01 X44.1680Y87.5542
G01 X44.1459Y87.5718
G01 X44.0462Y87.6453
G01 X44.0225Y87.6606
G01 X43.9160Y87.7240
G01 X43.8909Y87.7369
G01 X43.7788Y87.7896
G01 X43.7526Y87.8000
G01 X43.6358Y87.8414
G01 X43.6087Y87.8491
G01 X43.4884Y87.8789
G01 X43.4606Y87.8840
G01 X43.3380Y87.9019
G01 X43.3099Y87.9042
G01 X43.1861Y87.9099
G01 X43.1579Y87.9095
G01 X43.0342Y87.9031
G01 X43.0062Y87.8998
G01 X42.8836Y87.8813
G01 X42.8561Y87.8754
G01 X42.7359Y87.8450
G01 X42.7091Y87.8363
G01 X42.5925Y87.7943
G01 X42.5666Y87.7831
G01 X42.4548Y87.7298
G01 X42.4301Y87.7161
G01 X42.3240Y87.6521
G01 X42.3008Y87.6361
G01 X42.2015Y87.5620
G01 X42.1800Y87.5437
G01 X42.0884Y87.4603
G01 X42.0688Y87.4400
G01 X41.9858Y87.3480
G01 X41.9682Y87.3259
G01 X41.8947Y87.2262
G01 X41.8794Y87.2025
G01 X41.8160Y87.0960
G01 X41.8031Y87.0709
G01 X41.7504Y86.9588
G01 X41.7400Y86.9326
G01 X41.6986Y86.8158
G01 X41.6909Y86.7887
G01 X41.6611Y86.6684
G01 X41.6560Y86.6406
G01 X41.6381Y86.5180
G01 X41.6358Y86.4899
G01 X41.6301Y86.3649
G01 X41.6305Y86.3379
G01 X41.6369Y86.2142
G01 X41.6402Y86.1862
G01 X41.6587Y86.0636
G01 X41.6646Y86.0361
G01 X41.6950Y85.9160
G01 X41.7037Y85.8891
G01 X41.7457Y85.7725
G01 X41.7569Y85.7466
G01 X41.8102Y85.6348
G01 X41.8239Y85.6101
G01 X41.8879Y85.5040
G01 X41.9039Y85.4808
G01 X41.9780Y85.3815
G01 X41.9963Y85.3600
G01 X42.0797Y85.2684
G01 X42.1000Y85.2488
G01 X42.1920Y85.1658
G01 X42.2141Y85.1482
G01 X42.3138Y85.0747
G01 X42.3375Y85.0594
G01 X42.4440Y84.9960
G01 X42.4691Y84.9831
G01 X42.5812Y84.9304
G01 X42.6074Y84.9200
G01 X42.7242Y84.8786
G01 X42.7513Y84.8709
G01 X42.8716Y84.8411
G01 X42.8994Y84.8360
G01 X43.0220Y84.8181
G01 X43.0501Y84.8158
G01 X43.1579Y84.8105
G00 Z20.0000
G00 X42.6005Y84.9226
G01 Z20.0000
G01 X41.8947Y84.6701
G01 X38.1521Y82.9000
G01 X34.6010Y80.7715
G01 X31.2757Y78.3053
G01 X28.2081Y75.5250
G01 X25.4278Y72.4574
G01 X22.9615Y69.1320
G01 X20.8331Y65.5810
G01 X19.0630Y61.8384
G01 X17.6682Y57.9403
G01 X16.6623Y53.9243
G01 X16.0548Y49.8290
G01 X15.8516Y45.6939
G01 X16.0548Y41.5588
G01 X16.6623Y37.4635
G01 X17.6682Y33.4475
G01 X19.0630Y29.5495
G01 X20.8331Y25.8069
G01 X22.9615Y22.2558
G01 X25.4278Y18.9304
G01 X28.2081Y15.8628
G01 X30.5789Y13.7140
G00 Z20.0000
G00 X30.8580Y13.9666
G01 Z20.0000
G01 X28.4732Y16.1280
G01 X25.7176Y19.1683
G01 X23.2733Y22.4641
G01 X23.1437Y22.6804
G00 Z20.0000
G00 X23.8185Y22.3577
G01 Z20.0000
G01 X26.0075Y19.4062
G01 X28.7384Y16.3932
G01 X31.2111Y14.1520
G00 Z20.0000
G00 X31.6648Y14.2464
G01 Z20.0000
G01 X29.0036Y16.6583
G01 X26.2974Y19.6441
G01 X24.3011Y22.3358
G00 Z20.0000
G00 X24.6951Y22.4334
G01 Z20.0000
G01 X26.5873Y19.8820
G01 X29.2687Y16.9235
G01 X32.2273Y14.2420
G01 X32.4306Y14.0913
G00 Z20.0000
G00 X32.8838Y13.7551
G01 Z20.0000
G01 X33.0648Y13.6209
G00 Z20.0000
G00 X33.3234Y13.8954
G01 Z20.0000
G01 X32.4652Y14.5319
G01 X29.5339Y17.1887
G01 X26.8772Y20.1199
G01 X25.0277Y22.6137
G00 Z20.0000
G00 X25.3059Y22.8673
G01 Z20.0000
G01 X27.1670Y20.3578
G01 X29.7991Y17.4538
G01 X32.7031Y14.8218
G01 X33.6652Y14.1082
G00 Z20.0000
G00 X34.1198Y14.2374
G01 Z20.0000
G01 X32.9410Y15.1117
G01 X30.0642Y17.7190
G01 X27.4569Y20.5957
G01 X26.0900Y22.4388
G00 Z20.0000
G00 X26.6393Y22.3270
G01 Z20.0000
G01 X27.7468Y20.8336
G01 X30.3294Y17.9842
G01 X33.1789Y15.4016
G01 X34.7316Y14.2500
G01 X35.3603Y14.2500
G01 X33.4168Y15.6914
G01 X30.5946Y18.2493
G01 X28.0367Y21.0715
G01 X27.0670Y22.3789
G00 Z20.0000
G00 X27.4261Y22.5236
G01 Z20.0000
G01 X28.3266Y21.3094
G01 X30.8597Y18.5145
G01 X33.6547Y15.9813
G01 X36.1233Y14.1504
G00 Z20.0000
G00 X36.7860Y13.6734
G01 Z20.0000
G01 X36.8468Y13.6370
G00 Z20.0000
G00 X37.1153Y13.9127
G01 Z20.0000
G01 X36.8928Y14.0461
G01 X33.8926Y16.2712
G01 X31.1249Y18.7797
G01 X28.6164Y21.5473
G01 X27.7282Y22.7450
G00 Z20.0000
G00 X27.9750Y23.0409
G01 Z20.0000
G01 X28.9063Y21.7852
G01 X31.3901Y19.0448
G01 X34.1305Y16.5611
G01 X37.1011Y14.3579
G01 X37.4817Y14.1298
G00 Z20.0000
G00 X38.0141Y14.2473
G01 Z20.0000
G01 X37.3094Y14.6697
G01 X34.3683Y16.8510
G01 X31.6552Y19.3100
G01 X29.1962Y22.0231
G01 X28.1539Y23.4285
G00 Z20.0000
G00 X28.2157Y23.9739
G01 Z20.0000
G01 X29.4861Y22.2610
G01 X31.9204Y19.5752
G01 X34.6062Y17.1408
G01 X37.5178Y14.9815
G01 X38.7382Y14.2500
G00 Z20.0000
G00 X39.4762Y14.2443
G01 Z20.0000
G01 X37.7261Y15.2933
G01 X34.8441Y17.4307
G01 X32.1856Y19.8403
G01 X29.7760Y22.4989
G01 X27.6385Y25.3809
G01 X25.7939Y28.4585
G01 X24.9724Y30.1954
G00 Z20.0000
G00 X24.6354Y30.0320
G01 Z20.0000
G01 X25.4632Y28.2817
G01 X27.2403Y25.3168
G00 Z20.0000
G00 X26.7399Y25.4231
G01 Z20.0000
G01 X25.1325Y28.1049
G01 X24.2590Y29.9518
G00 Z20.0000
G00 X23.8338Y29.9746
G01 Z20.0000
G01 X24.8017Y27.9281
G01 X26.3253Y25.3862
G00 Z20.0000
G00 X25.9664Y25.2564
G01 Z20.0000
G01 X24.4710Y27.7514
G01 X23.3260Y30.1724
G00 Z20.0000
G00 X22.5801Y31.5070
G01 Z20.0000
G01 X22.5805Y31.4739
G01 X22.5869Y31.3502
G01 X22.5902Y31.3222
G01 X22.6087Y31.1996
G01 X22.6146Y31.1721
G01 X22.6450Y31.0520
G01 X22.6537Y31.0251
G01 X22.6957Y30.9085
G01 X22.7069Y30.8826
G01 X22.7602Y30.7708
G01 X22.7739Y30.7461
G01 X22.8379Y30.6400
G01 X22.8539Y30.6168
G01 X22.9280Y30.5175
G01 X22.9463Y30.4960
G01 X23.0297Y30.4044
G01 X23.0500Y30.3848
G01 X23.1420Y30.3018
G01 X23.1641Y30.2842
G01 X23.2638Y30.2107
G01 X23.2875Y30.1954
G01 X23.3940Y30.1320
G01 X23.4191Y30.1191
G01 X23.5312Y30.0664
G01 X23.5574Y30.0560
G01 X23.6742Y30.0146
G01 X23.7013Y30.0069
G01 X23.8216Y29.9771
G01 X23.8494Y29.9720
G01 X23.9720Y29.9541
G01 X24.0001Y29.9518
G01 X24.1239Y29.9461
G01 X24.1521Y29.9465
G01 X24.2599Y29.9518
G01 X24.2880Y29.9541
G01 X24.4106Y29.9720
G01 X24.4539Y29.9806
G01 X24.5587Y30.0069
G01 X24.5858Y30.0146
G01 X24.7026Y30.0560
G01 X24.7434Y30.0729
G01 X24.8552Y30.1262
G01 X24.8799Y30.1399
G01 X24.9725Y30.1954
G01 X24.9962Y30.2107
G01 X25.0959Y30.2842
G01 X25.1300Y30.3123
G01 X25.2145Y30.3889
G01 X25.2412Y30.4160
G01 X25.3242Y30.5080
G01 X25.3418Y30.5301
G01 X25.4000Y30.6086
G01 X25.4582Y30.5301
G01 X25.4758Y30.5080
G01 X25.5588Y30.4160
G01 X25.5784Y30.3957
G01 X25.6820Y30.3018
G01 X25.7041Y30.2842
G01 X25.7908Y30.2199
G01 X25.8275Y30.1954
G01 X25.9254Y30.1368
G01 X25.9591Y30.1191
G01 X26.0566Y30.0729
G01 X26.0825Y30.0617
G01 X26.1991Y30.0197
G01 X26.2260Y30.0110
G01 X26.3616Y29.9771
G01 X26.3894Y29.9720
G01 X26.4962Y29.9562
G01 X26.5401Y29.9518
G01 X26.6541Y29.9463
G01 X26.6921Y29.9465
G01 X26.7999Y29.9518
G01 X26.8280Y29.9541
G01 X26.9506Y29.9720
G01 X26.9784Y29.9771
G01 X27.1140Y30.0110
G01 X27.1409Y30.0197
G01 X27.2483Y30.0582
G01 X27.2834Y30.0729
G01 X27.3809Y30.1191
G01 X27.4199Y30.1399
G01 X27.5125Y30.1954
G01 X27.5362Y30.2107
G01 X27.6485Y30.2940
G01 X27.6700Y30.3123
G01 X27.7500Y30.3848
G01 X27.7812Y30.4160
G01 X27.8537Y30.4960
G01 X27.8720Y30.5175
G01 X27.9553Y30.6298
G01 X27.9706Y30.6535
G01 X28.0261Y30.7461
G01 X28.0469Y30.7851
G01 X28.0931Y30.8826
G01 X28.1043Y30.9085
G01 X28.1514Y31.0402
G01 X28.1591Y31.0673
G01 X28.1854Y31.1721
G01 X28.1940Y31.2154
G01 X28.2098Y31.3222
G01 X28.2131Y31.3502
G01 X28.2199Y31.4899
G01 X28.2195Y31.5181
G01 X28.2131Y31.6418
G01 X28.2098Y31.6698
G01 X28.1913Y31.7924
G01 X28.1854Y31.8199
G01 X28.1550Y31.9400
G01 X28.1463Y31.9669
G01 X28.1043Y32.0835
G01 X28.0931Y32.1094
G01 X28.0398Y32.2212
G01 X28.0261Y32.2459
G01 X27.9621Y32.3520
G01 X27.9461Y32.3752
G01 X27.8720Y32.4745
G01 X27.8537Y32.4960
G01 X27.7703Y32.5876
G01 X27.7500Y32.6072
G01 X27.6580Y32.6902
G01 X27.6359Y32.7078
G01 X27.5362Y32.7813
G01 X27.5125Y32.7966
G01 X27.4060Y32.8600
G01 X27.3809Y32.8729
G01 X27.2688Y32.9256
G01 X27.2426Y32.9360
G01 X27.1258Y32.9774
G01 X27.0987Y32.9851
G01 X26.9784Y33.0149
G01 X26.9506Y33.0200
G01 X26.8280Y33.0379
G01 X26.7999Y33.0402
G01 X26.6761Y33.0459
G01 X26.6479Y33.0455
G01 X26.5401Y33.0402
G01 X26.5120Y33.0379
G01 X26.3894Y33.0200
G01 X26.3461Y33.0114
G01 X26.2413Y32.9851
G01 X26.2142Y32.9774
G01 X26.0974Y32.9360
G01 X26.0566Y32.9191
G01 X25.9448Y32.8658
G01 X25.9201Y32.8521
G01 X25.8275Y32.7966
G01 X25.8038Y32.7813
G01 X25.7041Y32.7078
G01 X25.6700Y32.6797
G01 X25.5855Y32.6031
G01 X25.5588Y32.5760
G01 X25.4758Y32.4840
G01 X25.4582Y32.4619
G01 X25.4000Y32.3834
G01 X25.3418Y32.4619
G01 X25.3242Y32.4840
G01 X25.2412Y32.5760
G01 X25.2216Y32.5963
G01 X25.1180Y32.6902
G01 X25.0959Y32.7078
G01 X25.0092Y32.7721
G01 X24.9777Y32.7934
G01 X24.8799Y32.8521
G01 X24.8409Y32.8729
G01 X24.7434Y32.9191
G01 X24.7175Y32.9303
G01 X24.6009Y32.9723
G01 X24.5740Y32.9810
G01 X24.4384Y33.0149
G01 X24.4106Y33.0200
G01 X24.3038Y33.0358
G01 X24.2599Y33.0402
G01 X24.1459Y33.0457
G01 X24.1079Y33.0455
G01 X24.0001Y33.0402
G01 X23.9720Y33.0379
G01 X23.8494Y33.0200
G01 X23.8216Y33.0149
G01 X23.6860Y32.9810
G01 X23.6591Y32.9723
G01 X23.5517Y32.9338
G01 X23.5166Y32.9191
G01 X23.4191Y32.8729
G01 X23.3801Y32.8521
G01 X23.2875Y32.7966
G01 X23.2638Y32.7813
G01 X23.1515Y32.6980
G01 X23.1300Y32.6797
G01 X23.0500Y32.6072
G01 X23.0188Y32.5760
G01 X22.9463Y32.4960
G01 X22.9280Y32.4745
G01 X22.8447Y32.3622
G01 X22.8294Y32.3385
G01 X22.7739Y32.2459
G01 X22.7531Y32.2069
G01 X22.7069Y32.1094
G01 X22.6957Y32.0835
G01 X22.6486Y31.9518
G01 X22.6409Y31.9247
G01 X22.6146Y31.8199
G01 X22.6060Y31.7766
G01 X22.5902Y31.6698
G01 X22.5869Y31.6418
G01 X22.5801Y31.5070
G00 Z20.0000
G00 X22.6195Y31.8393
G01 Z20.0000
G01 X21.7750Y34.1994
G01 X21.3841Y34.1803
G01 X22.5275Y30.9845
G01 X24.1403Y27.5746
G01 X25.6555Y25.0466
G01 X25.3407Y24.8432
G01 X23.8096Y27.3978
G01 X22.1811Y30.8410
G01 X21.0689Y33.9493
G00 Z20.0000
G00 X20.7210Y33.8099
G01 Z20.0000
G01 X21.8346Y30.6975
G01 X23.4789Y27.2210
G01 X24.5984Y25.3532
G00 Z20.0000
G00 X24.1182Y25.4258
G01 Z20.0000
G01 X23.1481Y27.0443
G01 X21.4882Y30.5540
G01 X20.3423Y33.7566
G00 Z20.0000
G00 X19.9260Y33.8082
G01 Z20.0000
G01 X21.1417Y30.4105
G01 X22.8174Y26.8675
G01 X23.7157Y25.3688
G00 Z20.0000
G00 X23.3660Y25.2236
G01 Z20.0000
G01 X22.4867Y26.6907
G01 X20.7953Y30.2670
G01 X19.4625Y33.9918
G01 X19.4555Y34.0195
G00 Z20.0000
G00 X18.9052Y34.6752
G01 Z20.0000
G01 X19.1036Y33.8829
G01 X20.4488Y30.1235
G01 X22.1560Y26.5140
G01 X23.0636Y24.9996
G00 Z20.0000
G00 X22.8124Y24.6902
G01 Z20.0000
G01 X21.8253Y26.3372
G01 X20.1023Y29.9800
G01 X18.7448Y33.7741
G01 X17.7657Y37.6830
G01 X17.1744Y41.6691
G01 X16.9766Y45.6939
G01 X17.0235Y46.6471
G00 Z20.0000
G00 X17.3943Y46.5621
G01 Z20.0000
G01 X17.3516Y45.6939
G01 X17.5476Y41.7058
G01 X18.1334Y37.7562
G01 X18.7749Y35.1954
G00 Z20.0000
G00 X18.7701Y35.3170
G01 Z20.0000
G01 X18.7705Y35.2839
G01 X18.7769Y35.1602
G01 X18.7802Y35.1322
G01 X18.7987Y35.0096
G01 X18.8046Y34.9821
G01 X18.8350Y34.8619
G01 X18.8437Y34.8351
G01 X18.8857Y34.7185
G01 X18.8969Y34.6926
G01 X18.9502Y34.5808
G01 X18.9639Y34.5561
G01 X19.0279Y34.4500
G01 X19.0439Y34.4268
G01 X19.1180Y34.3275
G01 X19.1363Y34.3060
G01 X19.2197Y34.2144
G01 X19.2400Y34.1948
G01 X19.3320Y34.1118
G01 X19.3541Y34.0942
G01 X19.4538Y34.0207
G01 X19.4775Y34.0054
G01 X19.5840Y33.9420
G01 X19.6091Y33.9291
G01 X19.7212Y33.8764
G01 X19.7474Y33.8660
G01 X19.8642Y33.8246
G01 X19.8913Y33.8169
G01 X20.0116Y33.7871
G01 X20.0394Y33.7820
G01 X20.1620Y33.7641
G01 X20.1901Y33.7618
G01 X20.3139Y33.7561
G01 X20.3421Y33.7565
G01 X20.4499Y33.7618
G01 X20.4780Y33.7641
G01 X20.6006Y33.7820
G01 X20.6439Y33.7906
G01 X20.7487Y33.8169
G01 X20.7758Y33.8246
G01 X20.8926Y33.8660
G01 X20.9334Y33.8829
G01 X21.0452Y33.9362
G01 X21.0699Y33.9499
G01 X21.1625Y34.0054
G01 X21.1862Y34.0207
G01 X21.2859Y34.0942
G01 X21.3200Y34.1223
G01 X21.4045Y34.1989
G01 X21.4312Y34.2260
G01 X21.5142Y34.3180
G01 X21.5318Y34.3401
G01 X21.5900Y34.4186
G01 X21.6482Y34.3401
G01 X21.6658Y34.3180
G01 X21.7488Y34.2260
G01 X21.7684Y34.2057
G01 X21.8720Y34.1118
G01 X21.8941Y34.0942
G01 X21.9808Y34.0299
G01 X22.0123Y34.0086
G01 X22.1101Y33.9499
G01 X22.1491Y33.9291
G01 X22.2466Y33.8829
G01 X22.2725Y33.8717
G01 X22.3891Y33.8297
G01 X22.4160Y33.8210
G01 X22.5516Y33.7871
G01 X22.5794Y33.7820
G01 X22.6862Y33.7662
G01 X22.7240Y33.7622
G01 X22.8379Y33.7565
G01 X22.8821Y33.7565
G01 X22.9899Y33.7618
G01 X23.0180Y33.7641
G01 X23.1406Y33.7820
G01 X23.1684Y33.7871
G01 X23.3040Y33.8210
G01 X23.3309Y33.8297
G01 X23.4383Y33.8682
G01 X23.4734Y33.8829
G01 X23.5709Y33.9291
G01 X23.6099Y33.9499
G01 X23.7025Y34.0054
G01 X23.7262Y34.0207
G01 X23.8385Y34.1040
G01 X23.8600Y34.1223
G01 X23.9400Y34.1948
G01 X23.9712Y34.2260
G01 X24.0437Y34.3060
G01 X24.0620Y34.3275
G01 X24.1453Y34.4398
G01 X24.1606Y34.4635
G01 X24.2161Y34.5561
G01 X24.2369Y34.5951
G01 X24.2831Y34.6926
G01 X24.2943Y34.7185
G01 X24.3414Y34.8502
G01 X24.3491Y34.8773
G01 X24.3754Y34.9821
G01 X24.3840Y35.0254
G01 X24.3998Y35.1322
G01 X24.4031Y35.1602
G01 X24.4099Y35.2999
G01 X24.4095Y35.3281
G01 X24.4031Y35.4518
G01 X24.3998Y35.4798
G01 X24.3813Y35.6024
G01 X24.3754Y35.6299
G01 X24.3450Y35.7501
G01 X24.3363Y35.7769
G01 X24.2943Y35.8935
G01 X24.2831Y35.9194
G01 X24.2298Y36.0312
G01 X24.2161Y36.0559
G01 X24.1521Y36.1620
G01 X24.1361Y36.1852
G01 X24.0620Y36.2845
G01 X24.0437Y36.3060
G01 X23.9603Y36.3976
G01 X23.9400Y36.4172
G01 X23.8480Y36.5002
G01 X23.8259Y36.5178
G01 X23.7262Y36.5913
G01 X23.7025Y36.6066
G01 X23.5960Y36.6700
G01 X23.5709Y36.6829
G01 X23.4588Y36.7356
G01 X23.4326Y36.7460
G01 X23.3158Y36.7874
G01 X23.2887Y36.7951
G01 X23.1684Y36.8249
G01 X23.1406Y36.8300
G01 X23.0180Y36.8479
G01 X22.9899Y36.8502
G01 X22.8661Y36.8559
G01 X22.8379Y36.8555
G01 X22.7301Y36.8502
G01 X22.7020Y36.8479
G01 X22.5794Y36.8300
G01 X22.5361Y36.8214
G01 X22.4313Y36.7951
G01 X22.4042Y36.7874
G01 X22.2874Y36.7460
G01 X22.2466Y36.7291
G01 X22.1348Y36.6758
G01 X22.1101Y36.6621
G01 X22.0175Y36.6066
G01 X21.9938Y36.5913
G01 X21.8941Y36.5178
G01 X21.8600Y36.4897
G01 X21.7755Y36.4131
G01 X21.7488Y36.3860
G01 X21.6658Y36.2940
G01 X21.6482Y36.2719
G01 X21.5900Y36.1934
G01 X21.5318Y36.2719
G01 X21.5142Y36.2940
G01 X21.4312Y36.3860
G01 X21.4116Y36.4063
G01 X21.3080Y36.5002
G01 X21.2859Y36.5178
G01 X21.1992Y36.5821
G01 X21.1677Y36.6034
G01 X21.0699Y36.6621
G01 X21.0309Y36.6829
G01 X20.9334Y36.7291
G01 X20.9075Y36.7403
G01 X20.7909Y36.7823
G01 X20.7640Y36.7910
G01 X20.6284Y36.8249
G01 X20.6006Y36.8300
G01 X20.4938Y36.8458
G01 X20.4499Y36.8502
G01 X20.3359Y36.8557
G01 X20.2979Y36.8555
G01 X20.1901Y36.8502
G01 X20.1620Y36.8479
G01 X20.0394Y36.8300
G01 X20.0116Y36.8249
G01 X19.8760Y36.7910
G01 X19.8491Y36.7823
G01 X19.7417Y36.7438
G01 X19.7066Y36.7291
G01 X19.6091Y36.6829
G01 X19.5701Y36.6621
G01 X19.4775Y36.6066
G01 X19.4538Y36.5913
G01 X19.3415Y36.5080
G01 X19.3200Y36.4897
G01 X19.2400Y36.4172
G01 X19.2088Y36.3860
G01 X19.1363Y36.3060
G01 X19.1180Y36.2845
G01 X19.0347Y36.1722
G01 X19.0194Y36.1485
G01 X18.9639Y36.0559
G01 X18.9431Y36.0169
G01 X18.8969Y35.9194
G01 X18.8857Y35.8935
G01 X18.8386Y35.7618
G01 X18.8309Y35.7347
G01 X18.8046Y35.6299
G01 X18.7960Y35.5866
G01 X18.7802Y35.4798
G01 X18.7769Y35.4518
G01 X18.7701Y35.3170
G00 Z20.0000
G00 X18.9512Y36.0331
G01 Z20.0000
G01 X18.5012Y37.8293
G01 X17.9208Y41.7426
G01 X17.7266Y45.6939
G01 X17.7701Y46.5776
G00 Z20.0000
G00 X18.1510Y46.6989
G01 Z20.0000
G01 X18.1016Y45.6939
G01 X18.2940Y41.7793
G01 X18.8690Y37.9025
G01 X19.2409Y36.4180
G00 Z20.0000
G00 X22.2928Y33.8641
G01 Z20.0000
G01 X22.8353Y32.3479
G00 Z20.0000
G00 X23.1182Y32.6691
G01 Z20.0000
G01 X22.7271Y33.7620
G00 Z20.0000
G00 X23.1189Y33.7788
G01 Z20.0000
G01 X23.4396Y32.8826
G00 Z20.0000
G00 X23.7925Y33.0080
G01 Z20.0000
G01 X23.4786Y33.8854
G00 Z20.0000
G00 X23.8067Y34.0800
G01 Z20.0000
G01 X24.1774Y33.0442
G00 Z20.0000
G00 X24.6009Y32.9723
G01 Z20.0000
G01 X24.0986Y34.3762
G01 X25.8210Y34.0094
G01 X26.1929Y32.9701
G00 Z20.0000
G00 X25.8519Y32.8112
G01 Z20.0000
G01 X24.8453Y35.6247
G01 X24.0182Y38.9267
G01 X23.6248Y41.5788
G00 Z20.0000
G00 X24.1994Y43.7037
G01 Z20.0000
G01 X24.1016Y45.6939
G01 X24.2651Y49.0204
G01 X24.7537Y52.3148
G01 X25.5630Y55.5454
G01 X26.6850Y58.6812
G01 X28.1089Y61.6919
G01 X29.3313Y63.7313
G00 Z20.0000
G00 X29.0978Y64.0703
G01 Z20.0000
G01 X27.7782Y61.8687
G01 X26.3385Y58.8247
G01 X25.2041Y55.6543
G01 X24.3860Y52.3879
G01 X23.8919Y49.0571
G01 X23.7266Y45.6939
G01 X23.8022Y44.1553
G00 Z20.0000
G00 X23.4166Y44.3717
G01 Z20.0000
G01 X23.3516Y45.6939
G01 X23.5187Y49.0939
G01 X24.0182Y52.4611
G01 X24.8453Y55.7632
G01 X25.9921Y58.9682
G01 X27.4475Y62.0455
G01 X28.9473Y64.5478
G00 Z20.0000
G00 X28.9301Y64.7810
G01 Z20.0000
G01 X28.9305Y64.7479
G01 X28.9369Y64.6242
G01 X28.9402Y64.5962
G01 X28.9587Y64.4736
G01 X28.9646Y64.4461
G01 X28.9950Y64.3259
G01 X29.0037Y64.2991
G01 X29.0457Y64.1825
G01 X29.0569Y64.1566
G01 X29.1102Y64.0448
G01 X29.1239Y64.0201
G01 X29.1879Y63.9140
G01 X29.2039Y63.8908
G01 X29.2780Y63.7915
G01 X29.2963Y63.7700
G01 X29.3797Y63.6784
G01 X29.4000Y63.6588
G01 X29.4920Y63.5758
G01 X29.5141Y63.5582
G01 X29.6138Y63.4847
G01 X29.6375Y63.4694
G01 X29.7440Y63.4060
G01 X29.7691Y63.3931
G01 X29.8812Y63.3404
G01 X29.9074Y63.3300
G01 X30.0242Y63.2886
G01 X30.0513Y63.2809
G01 X30.1716Y63.2511
G01 X30.1994Y63.2460
G01 X30.3220Y63.2281
G01 X30.3501Y63.2258
G01 X30.4739Y63.2201
G01 X30.5021Y63.2205
G01 X30.6099Y63.2258
G01 X30.6380Y63.2281
G01 X30.7606Y63.2460
G01 X30.8039Y63.2546
G01 X30.9087Y63.2809
G01 X30.9358Y63.2886
G01 X31.0526Y63.3300
G01 X31.0934Y63.3469
G01 X31.2052Y63.4002
G01 X31.2299Y63.4139
G01 X31.3225Y63.4694
G01 X31.3462Y63.4847
G01 X31.4459Y63.5582
G01 X31.4800Y63.5863
G01 X31.5645Y63.6629
G01 X31.5912Y63.6900
G01 X31.6742Y63.7820
G01 X31.6918Y63.8041
G01 X31.7500Y63.8826
G01 X31.8082Y63.8041
G01 X31.8258Y63.7820
G01 X31.9088Y63.6900
G01 X31.9355Y63.6629
G01 X32.0200Y63.5863
G01 X32.0541Y63.5582
G01 X32.1538Y63.4847
G01 X32.1775Y63.4694
G01 X32.2701Y63.4139
G01 X32.2948Y63.4002
G01 X32.4066Y63.3469
G01 X32.4325Y63.3357
G01 X32.5491Y63.2937
G01 X32.5913Y63.2809
G01 X32.6961Y63.2546
G01 X32.7236Y63.2487
G01 X32.8462Y63.2302
G01 X32.8840Y63.2262
G01 X33.0041Y63.2203
G01 X33.0421Y63.2205
G01 X33.1499Y63.2258
G01 X33.1780Y63.2281
G01 X33.3006Y63.2460
G01 X33.3439Y63.2546
G01 X33.4487Y63.2809
G01 X33.4758Y63.2886
G01 X33.5926Y63.3300
G01 X33.6334Y63.3469
G01 X33.7452Y63.4002
G01 X33.7699Y63.4139
G01 X33.8625Y63.4694
G01 X33.8862Y63.4847
G01 X33.9859Y63.5582
G01 X34.0200Y63.5863
G01 X34.1045Y63.6629
G01 X34.1312Y63.6900
G01 X34.2142Y63.7820
G01 X34.2318Y63.8041
G01 X34.2900Y63.8826
G01 X34.3482Y63.8041
G01 X34.3658Y63.7820
G01 X34.4488Y63.6900
G01 X34.4755Y63.6629
G01 X34.5600Y63.5863
G01 X34.5941Y63.5582
G01 X34.6938Y63.4847
G01 X34.7175Y63.4694
G01 X34.8101Y63.4139
G01 X34.8348Y63.4002
G01 X34.9466Y63.3469
G01 X34.9725Y63.3357
G01 X35.0891Y63.2937
G01 X35.1313Y63.2809
G01 X35.2361Y63.2546
G01 X35.2636Y63.2487
G01 X35.3862Y63.2302
G01 X35.4240Y63.2262
G01 X35.5441Y63.2203
G01 X35.5821Y63.2205
G01 X35.6899Y63.2258
G01 X35.7180Y63.2281
G01 X35.8406Y63.2460
G01 X35.8839Y63.2546
G01 X35.9887Y63.2809
G01 X36.0158Y63.2886
G01 X36.1326Y63.3300
G01 X36.1734Y63.3469
G01 X36.2852Y63.4002
G01 X36.3099Y63.4139
G01 X36.4025Y63.4694
G01 X36.4262Y63.4847
G01 X36.5259Y63.5582
G01 X36.5600Y63.5863
G01 X36.6445Y63.6629
G01 X36.6712Y63.6900
G01 X36.7542Y63.7820
G01 X36.7718Y63.8041
G01 X36.8300Y63.8826
G01 X36.8882Y63.8041
G01 X36.9058Y63.7820
G01 X36.9888Y63.6900
G01 X37.0155Y63.6629
G01 X37.1000Y63.5863
G01 X37.1341Y63.5582
G01 X37.2338Y63.4847
G01 X37.2575Y63.4694
G01 X37.3501Y63.4139
G01 X37.3748Y63.4002
G01 X37.4866Y63.3469
G01 X37.5125Y63.3357
G01 X37.6291Y63.2937
G01 X37.6713Y63.2809
G01 X37.7916Y63.2511
G01 X37.8194Y63.2460
G01 X37.9262Y63.2302
G01 X37.9640Y63.2262
G01 X38.0779Y63.2205
G01 X38.1221Y63.2205
G01 X38.2458Y63.2269
G01 X38.2738Y63.2302
G01 X38.3806Y63.2460
G01 X38.4239Y63.2546
G01 X38.5287Y63.2809
G01 X38.5558Y63.2886
G01 X38.6726Y63.3300
G01 X38.7134Y63.3469
G01 X38.8252Y63.4002
G01 X38.8499Y63.4139
G01 X38.9425Y63.4694
G01 X38.9662Y63.4847
G01 X39.0659Y63.5582
G01 X39.1000Y63.5863
G01 X39.1845Y63.6629
G01 X39.2112Y63.6900
G01 X39.2942Y63.7820
G01 X39.3118Y63.8041
G01 X39.3700Y63.8826
G01 X39.4282Y63.8041
G01 X39.4458Y63.7820
G01 X39.5288Y63.6900
G01 X39.5555Y63.6629
G01 X39.6400Y63.5863
G01 X39.6741Y63.5582
G01 X39.7738Y63.4847
G01 X39.7975Y63.4694
G01 X39.8901Y63.4139
G01 X39.9148Y63.4002
G01 X40.0266Y63.3469
G01 X40.0525Y63.3357
G01 X40.1691Y63.2937
G01 X40.2113Y63.2809
G01 X40.3316Y63.2511
G01 X40.3594Y63.2460
G01 X40.4662Y63.2302
G01 X40.5040Y63.2262
G01 X40.6179Y63.2205
G01 X40.6621Y63.2205
G01 X40.7858Y63.2269
G01 X40.8138Y63.2302
G01 X40.9206Y63.2460
G01 X40.9639Y63.2546
G01 X41.0687Y63.2809
G01 X41.0958Y63.2886
G01 X41.2126Y63.3300
G01 X41.2534Y63.3469
G01 X41.3652Y63.4002
G01 X41.3899Y63.4139
G01 X41.4825Y63.4694
G01 X41.5062Y63.4847
G01 X41.6059Y63.5582
G01 X41.6400Y63.5863
G01 X41.7245Y63.6629
G01 X41.7512Y63.6900
G01 X41.8342Y63.7820
G01 X41.8518Y63.8041
G01 X41.9100Y63.8826
G01 X41.9682Y63.8041
G01 X41.9858Y63.7820
G01 X42.0688Y63.6900
G01 X42.0955Y63.6629
G01 X42.1800Y63.5863
G01 X42.2141Y63.5582
G01 X42.3138Y63.4847
G01 X42.3375Y63.4694
G01 X42.4354Y63.4108
G01 X42.4691Y63.3931
G01 X42.5812Y63.3404
G01 X42.6074Y63.3300
G01 X42.7091Y63.2937
G01 X42.7360Y63.2850
G01 X42.8561Y63.2546
G01 X42.8836Y63.2487
G01 X43.0062Y63.2302
G01 X43.0501Y63.2258
G01 X43.1579Y63.2205
G01 X43.1861Y63.2201
G01 X43.3099Y63.2258
G01 X43.3478Y63.2293
G01 X43.4667Y63.2470
G01 X43.5039Y63.2546
G01 X43.6087Y63.2809
G01 X43.6358Y63.2886
G01 X43.7526Y63.3300
G01 X43.7934Y63.3469
G01 X43.9052Y63.4002
G01 X43.9299Y63.4139
G01 X44.0225Y63.4694
G01 X44.0592Y63.4939
G01 X44.1585Y63.5680
G01 X44.1800Y63.5863
G01 X44.2600Y63.6588
G01 X44.2912Y63.6900
G01 X44.3742Y63.7820
G01 X44.3918Y63.8041
G01 X44.4500Y63.8826
G01 X44.5082Y63.8041
G01 X44.5258Y63.7820
G01 X44.6088Y63.6900
G01 X44.6355Y63.6629
G01 X44.7200Y63.5863
G01 X44.7541Y63.5582
G01 X44.8538Y63.4847
G01 X44.8775Y63.4694
G01 X44.9754Y63.4108
G01 X45.0091Y63.3931
G01 X45.1212Y63.3404
G01 X45.1474Y63.3300
G01 X45.2642Y63.2886
G01 X45.2913Y63.2809
G01 X45.3961Y63.2546
G01 X45.4236Y63.2487
G01 X45.5462Y63.2302
G01 X45.5840Y63.2262
G01 X45.7041Y63.2203
G01 X45.7421Y63.2205
G01 X45.8499Y63.2258
G01 X45.8780Y63.2281
G01 X46.0067Y63.2470
G01 X46.0439Y63.2546
G01 X46.1487Y63.2809
G01 X46.1758Y63.2886
G01 X46.2926Y63.3300
G01 X46.3334Y63.3469
G01 X46.4452Y63.4002
G01 X46.4699Y63.4139
G01 X46.5625Y63.4694
G01 X46.5992Y63.4939
G01 X46.6985Y63.5680
G01 X46.7200Y63.5863
G01 X46.8000Y63.6588
G01 X46.8312Y63.6900
G01 X46.9142Y63.7820
G01 X46.9318Y63.8041
G01 X46.9900Y63.8826
G01 X47.0482Y63.8041
G01 X47.0658Y63.7820
G01 X47.1488Y63.6900
G01 X47.1684Y63.6697
G01 X47.2600Y63.5863
G01 X47.2815Y63.5680
G01 X47.3808Y63.4939
G01 X47.4040Y63.4779
G01 X47.5101Y63.4139
G01 X47.5348Y63.4002
G01 X47.6466Y63.3469
G01 X47.6725Y63.3357
G01 X47.7891Y63.2937
G01 X47.8160Y63.2850
G01 X47.9361Y63.2546
G01 X47.9733Y63.2470
G01 X48.1020Y63.2281
G01 X48.1301Y63.2258
G01 X48.2379Y63.2205
G01 X48.2821Y63.2205
G01 X48.3899Y63.2258
G01 X48.4180Y63.2281
G01 X48.5564Y63.2487
G01 X48.5839Y63.2546
G01 X48.6887Y63.2809
G01 X48.7309Y63.2937
G01 X48.8475Y63.3357
G01 X48.8734Y63.3469
G01 X48.9709Y63.3931
G01 X49.0099Y63.4139
G01 X49.1025Y63.4694
G01 X49.1262Y63.4847
G01 X49.2385Y63.5680
G01 X49.2600Y63.5863
G01 X49.3400Y63.6588
G01 X49.3712Y63.6900
G01 X49.4542Y63.7820
G01 X49.4718Y63.8041
G01 X49.5300Y63.8826
G01 X49.5882Y63.8041
G01 X49.6058Y63.7820
G01 X49.6888Y63.6900
G01 X49.7200Y63.6588
G01 X49.8000Y63.5863
G01 X49.8215Y63.5680
G01 X49.9208Y63.4939
G01 X49.9575Y63.4694
G01 X50.0501Y63.4139
G01 X50.0748Y63.4002
G01 X50.1866Y63.3469
G01 X50.2274Y63.3300
G01 X50.3442Y63.2886
G01 X50.3713Y63.2809
G01 X50.4761Y63.2546
G01 X50.5194Y63.2460
G01 X50.6262Y63.2302
G01 X50.6542Y63.2269
G01 X50.7779Y63.2205
G01 X50.8221Y63.2205
G01 X50.9299Y63.2258
G01 X50.9580Y63.2281
G01 X51.0806Y63.2460
G01 X51.1084Y63.2511
G01 X51.2287Y63.2809
G01 X51.2558Y63.2886
G01 X51.3726Y63.3300
G01 X51.3988Y63.3404
G01 X51.5109Y63.3931
G01 X51.5499Y63.4139
G01 X51.6425Y63.4694
G01 X51.6662Y63.4847
G01 X51.7659Y63.5582
G01 X51.8000Y63.5863
G01 X51.8845Y63.6629
G01 X51.9112Y63.6900
G01 X51.9942Y63.7820
G01 X52.0118Y63.8041
G01 X52.0700Y63.8826
G01 X52.1282Y63.8041
G01 X52.1458Y63.7820
G01 X52.2288Y63.6900
G01 X52.2600Y63.6588
G01 X52.3400Y63.5863
G01 X52.3615Y63.5680
G01 X52.4608Y63.4939
G01 X52.4975Y63.4694
G01 X52.5901Y63.4139
G01 X52.6148Y63.4002
G01 X52.7266Y63.3469
G01 X52.7674Y63.3300
G01 X52.8842Y63.2886
G01 X52.9113Y63.2809
G01 X53.0161Y63.2546
G01 X53.0533Y63.2470
G01 X53.1820Y63.2281
G01 X53.2101Y63.2258
G01 X53.3179Y63.2205
G01 X53.3559Y63.2203
G01 X53.4760Y63.2262
G01 X53.5138Y63.2302
G01 X53.6364Y63.2487
G01 X53.6639Y63.2546
G01 X53.7840Y63.2850
G01 X53.8109Y63.2937
G01 X53.9275Y63.3357
G01 X53.9534Y63.3469
G01 X54.0509Y63.3931
G01 X54.0846Y63.4108
G01 X54.1825Y63.4694
G01 X54.2192Y63.4939
G01 X54.3059Y63.5582
G01 X54.3280Y63.5758
G01 X54.4200Y63.6588
G01 X54.4512Y63.6900
G01 X54.5237Y63.7700
G01 X54.5420Y63.7915
G01 X54.6161Y63.8908
G01 X54.6321Y63.9140
G01 X54.6961Y64.0201
G01 X54.7098Y64.0448
G01 X54.7631Y64.1566
G01 X54.7743Y64.1825
G01 X54.8163Y64.2991
G01 X54.8250Y64.3260
G01 X54.8554Y64.4461
G01 X54.8613Y64.4736
G01 X54.8798Y64.5962
G01 X54.8831Y64.6242
G01 X54.8899Y64.7639
G01 X54.8895Y64.7921
G01 X54.8831Y64.9158
G01 X54.8798Y64.9438
G01 X54.8613Y65.0664
G01 X54.8554Y65.0939
G01 X54.8250Y65.2140
G01 X54.8163Y65.2409
G01 X54.7743Y65.3575
G01 X54.7631Y65.3834
G01 X54.7098Y65.4952
G01 X54.6961Y65.5199
G01 X54.6321Y65.6260
G01 X54.6161Y65.6492
G01 X54.5420Y65.7485
G01 X54.5237Y65.7700
G01 X54.4403Y65.8616
G01 X54.4200Y65.8812
G01 X54.3280Y65.9642
G01 X54.3059Y65.9818
G01 X54.2062Y66.0553
G01 X54.1825Y66.0706
G01 X54.0760Y66.1340
G01 X54.0509Y66.1469
G01 X53.9388Y66.1996
G01 X53.9126Y66.2100
G01 X53.7958Y66.2514
G01 X53.7687Y66.2591
G01 X53.6484Y66.2889
G01 X53.6206Y66.2940
G01 X53.4980Y66.3119
G01 X53.4699Y66.3142
G01 X53.3461Y66.3199
G01 X53.3179Y66.3195
G01 X53.2101Y66.3142
G01 X53.1820Y66.3119
G01 X53.0594Y66.2940
G01 X53.0161Y66.2854
G01 X52.8959Y66.2550
G01 X52.8691Y66.2463
G01 X52.7674Y66.2100
G01 X52.7266Y66.1931
G01 X52.6148Y66.1398
G01 X52.5901Y66.1261
G01 X52.4975Y66.0706
G01 X52.4738Y66.0553
G01 X52.3741Y65.9818
G01 X52.3400Y65.9537
G01 X52.2555Y65.8771
G01 X52.2288Y65.8500
G01 X52.1458Y65.7580
G01 X52.1282Y65.7359
G01 X52.0700Y65.6574
G01 X52.0118Y65.7359
G01 X51.9942Y65.7580
G01 X51.9112Y65.8500
G01 X51.8845Y65.8771
G01 X51.8000Y65.9537
G01 X51.7659Y65.9818
G01 X51.6662Y66.0553
G01 X51.6425Y66.0706
G01 X51.5499Y66.1261
G01 X51.5252Y66.1398
G01 X51.4134Y66.1931
G01 X51.3875Y66.2043
G01 X51.2709Y66.2463
G01 X51.2287Y66.2591
G01 X51.1239Y66.2854
G01 X51.0964Y66.2913
G01 X50.9738Y66.3098
G01 X50.9360Y66.3138
G01 X50.8159Y66.3197
G01 X50.7779Y66.3195
G01 X50.6701Y66.3142
G01 X50.6420Y66.3119
G01 X50.5194Y66.2940
G01 X50.4761Y66.2854
G01 X50.3559Y66.2550
G01 X50.3291Y66.2463
G01 X50.2274Y66.2100
G01 X50.1866Y66.1931
G01 X50.0748Y66.1398
G01 X50.0501Y66.1261
G01 X49.9575Y66.0706
G01 X49.9338Y66.0553
G01 X49.8341Y65.9818
G01 X49.8000Y65.9537
G01 X49.7155Y65.8771
G01 X49.6888Y65.8500
G01 X49.6058Y65.7580
G01 X49.5882Y65.7359
G01 X49.5300Y65.6574
G01 X49.4718Y65.7359
G01 X49.4542Y65.7580
G01 X49.3712Y65.8500
G01 X49.3445Y65.8771
G01 X49.2600Y65.9537
G01 X49.2259Y65.9818
G01 X49.1262Y66.0553
G01 X49.1025Y66.0706
G01 X49.0099Y66.1261
G01 X48.9852Y66.1398
G01 X48.8734Y66.1931
G01 X48.8475Y66.2043
G01 X48.7309Y66.2463
G01 X48.6887Y66.2591
G01 X48.5839Y66.2854
G01 X48.5564Y66.2913
G01 X48.4338Y66.3098
G01 X48.3960Y66.3138
G01 X48.2759Y66.3197
G01 X48.2379Y66.3195
G01 X48.1301Y66.3142
G01 X48.1020Y66.3119
G01 X47.9794Y66.2940
G01 X47.9361Y66.2854
G01 X47.8159Y66.2550
G01 X47.7891Y66.2463
G01 X47.6874Y66.2100
G01 X47.6466Y66.1931
G01 X47.5348Y66.1398
G01 X47.5101Y66.1261
G01 X47.4175Y66.0706
G01 X47.3938Y66.0553
G01 X47.2941Y65.9818
G01 X47.2600Y65.9537
G01 X47.1755Y65.8771
G01 X47.1488Y65.8500
G01 X47.0658Y65.7580
G01 X47.0482Y65.7359
G01 X46.9900Y65.6574
G01 X46.9318Y65.7359
G01 X46.9142Y65.7580
G01 X46.8312Y65.8500
G01 X46.8045Y65.8771
G01 X46.7200Y65.9537
G01 X46.6859Y65.9818
G01 X46.5862Y66.0553
G01 X46.5625Y66.0706
G01 X46.4699Y66.1261
G01 X46.4452Y66.1398
G01 X46.3334Y66.1931
G01 X46.3075Y66.2043
G01 X46.1909Y66.2463
G01 X46.1487Y66.2591
G01 X46.0439Y66.2854
G01 X46.0164Y66.2913
G01 X45.8938Y66.3098
G01 X45.8560Y66.3138
G01 X45.7421Y66.3195
G01 X45.6979Y66.3195
G01 X45.5901Y66.3142
G01 X45.5620Y66.3119
G01 X45.4394Y66.2940
G01 X45.3961Y66.2854
G01 X45.2759Y66.2550
G01 X45.2491Y66.2463
G01 X45.1474Y66.2100
G01 X45.1066Y66.1931
G01 X44.9948Y66.1398
G01 X44.9701Y66.1261
G01 X44.8775Y66.0706
G01 X44.8538Y66.0553
G01 X44.7541Y65.9818
G01 X44.7200Y65.9537
G01 X44.6355Y65.8771
G01 X44.6088Y65.8500
G01 X44.5258Y65.7580
G01 X44.5082Y65.7359
G01 X44.4500Y65.6574
G01 X44.3918Y65.7359
G01 X44.3742Y65.7580
G01 X44.2912Y65.8500
G01 X44.2645Y65.8771
G01 X44.1800Y65.9537
G01 X44.1459Y65.9818
G01 X44.0462Y66.0553
G01 X44.0225Y66.0706
G01 X43.9299Y66.1261
G01 X43.9052Y66.1398
G01 X43.7934Y66.1931
G01 X43.7675Y66.2043
G01 X43.6509Y66.2463
G01 X43.6087Y66.2591
G01 X43.5039Y66.2854
G01 X43.4764Y66.2913
G01 X43.3538Y66.3098
G01 X43.3160Y66.3138
G01 X43.2021Y66.3195
G01 X43.1579Y66.3195
G01 X43.0501Y66.3142
G01 X43.0220Y66.3119
G01 X42.8994Y66.2940
G01 X42.8561Y66.2854
G01 X42.7359Y66.2550
G01 X42.7091Y66.2463
G01 X42.6074Y66.2100
G01 X42.5666Y66.1931
G01 X42.4548Y66.1398
G01 X42.4301Y66.1261
G01 X42.3375Y66.0706
G01 X42.3138Y66.0553
G01 X42.2141Y65.9818
G01 X42.1800Y65.9537
G01 X42.0955Y65.8771
G01 X42.0688Y65.8500
G01 X41.9858Y65.7580
G01 X41.9682Y65.7359
G01 X41.9100Y65.6574
G01 X41.8518Y65.7359
G01 X41.8342Y65.7580
G01 X41.7512Y65.8500
G01 X41.7245Y65.8771
G01 X41.6400Y65.9537
G01 X41.6059Y65.9818
G01 X41.5062Y66.0553
G01 X41.4825Y66.0706
G01 X41.3846Y66.1292
G01 X41.3509Y66.1469
G01 X41.2388Y66.1996
G01 X41.2126Y66.2100
G01 X41.1109Y66.2463
G01 X41.0841Y66.2550
G01 X40.9639Y66.2854
G01 X40.9364Y66.2913
G01 X40.8138Y66.3098
G01 X40.7699Y66.3142
G01 X40.6621Y66.3195
G01 X40.6339Y66.3199
G01 X40.5101Y66.3142
G01 X40.4722Y66.3107
G01 X40.3533Y66.2930
G01 X40.3161Y66.2854
G01 X40.2113Y66.2591
G01 X40.1842Y66.2514
G01 X40.0674Y66.2100
G01 X40.0266Y66.1931
G01 X39.9291Y66.1469
G01 X39.9040Y66.1340
G01 X39.7975Y66.0706
G01 X39.7608Y66.0461
G01 X39.6615Y65.9720
G01 X39.6400Y65.9537
G01 X39.5600Y65.8812
G01 X39.5288Y65.8500
G01 X39.4458Y65.7580
G01 X39.4282Y65.7359
G01 X39.3700Y65.6574
G01 X39.3118Y65.7359
G01 X39.2942Y65.7580
G01 X39.2112Y65.8500
G01 X39.1845Y65.8771
G01 X39.1000Y65.9537
G01 X39.0659Y65.9818
G01 X38.9662Y66.0553
G01 X38.9425Y66.0706
G01 X38.8446Y66.1292
G01 X38.8109Y66.1469
G01 X38.6988Y66.1996
G01 X38.6726Y66.2100
G01 X38.5709Y66.2463
G01 X38.5441Y66.2550
G01 X38.4239Y66.2854
G01 X38.3964Y66.2913
G01 X38.2738Y66.3098
G01 X38.2360Y66.3138
G01 X38.1061Y66.3199
G01 X38.0779Y66.3195
G01 X37.9701Y66.3142
G01 X37.9322Y66.3107
G01 X37.8133Y66.2930
G01 X37.7761Y66.2854
G01 X37.6713Y66.2591
G01 X37.6442Y66.2514
G01 X37.5274Y66.2100
G01 X37.4866Y66.1931
G01 X37.3891Y66.1469
G01 X37.3640Y66.1340
G01 X37.2575Y66.0706
G01 X37.2208Y66.0461
G01 X37.1215Y65.9720
G01 X37.1000Y65.9537
G01 X37.0200Y65.8812
G01 X36.9888Y65.8500
G01 X36.9058Y65.7580
G01 X36.8882Y65.7359
G01 X36.8300Y65.6574
G01 X36.7718Y65.7359
G01 X36.7542Y65.7580
G01 X36.6712Y65.8500
G01 X36.6445Y65.8771
G01 X36.5600Y65.9537
G01 X36.5259Y65.9818
G01 X36.4262Y66.0553
G01 X36.4025Y66.0706
G01 X36.3099Y66.1261
G01 X36.2709Y66.1469
G01 X36.1588Y66.1996
G01 X36.1326Y66.2100
G01 X36.0158Y66.2514
G01 X35.9887Y66.2591
G01 X35.8684Y66.2889
G01 X35.8406Y66.2940
G01 X35.7180Y66.3119
G01 X35.6899Y66.3142
G01 X35.5821Y66.3195
G01 X35.5379Y66.3195
G01 X35.4142Y66.3131
G01 X35.3862Y66.3098
G01 X35.2794Y66.2940
G01 X35.2361Y66.2854
G01 X35.1160Y66.2550
G01 X35.0891Y66.2463
G01 X34.9874Y66.2100
G01 X34.9466Y66.1931
G01 X34.8491Y66.1469
G01 X34.8240Y66.1340
G01 X34.7175Y66.0706
G01 X34.6808Y66.0461
G01 X34.5815Y65.9720
G01 X34.5600Y65.9537
G01 X34.4800Y65.8812
G01 X34.4488Y65.8500
G01 X34.3658Y65.7580
G01 X34.3482Y65.7359
G01 X34.2900Y65.6574
G01 X34.2318Y65.7359
G01 X34.2142Y65.7580
G01 X34.1312Y65.8500
G01 X34.1000Y65.8812
G01 X34.0200Y65.9537
G01 X33.9985Y65.9720
G01 X33.8862Y66.0553
G01 X33.8625Y66.0706
G01 X33.7699Y66.1261
G01 X33.7309Y66.1469
G01 X33.6334Y66.1931
G01 X33.6075Y66.2043
G01 X33.4909Y66.2463
G01 X33.4487Y66.2591
G01 X33.3439Y66.2854
G01 X33.3164Y66.2913
G01 X33.1780Y66.3119
G01 X33.1499Y66.3142
G01 X33.0421Y66.3195
G01 X32.9979Y66.3195
G01 X32.8901Y66.3142
G01 X32.8620Y66.3119
G01 X32.7333Y66.2930
G01 X32.6961Y66.2854
G01 X32.5760Y66.2550
G01 X32.5491Y66.2463
G01 X32.4325Y66.2043
G01 X32.4066Y66.1931
G01 X32.2948Y66.1398
G01 X32.2701Y66.1261
G01 X32.1640Y66.0621
G01 X32.1408Y66.0461
G01 X32.0415Y65.9720
G01 X32.0200Y65.9537
G01 X31.9284Y65.8703
G01 X31.9088Y65.8500
G01 X31.8258Y65.7580
G01 X31.8082Y65.7359
G01 X31.7500Y65.6574
G01 X31.6918Y65.7359
G01 X31.6742Y65.7580
G01 X31.5912Y65.8500
G01 X31.5600Y65.8812
G01 X31.4800Y65.9537
G01 X31.4585Y65.9720
G01 X31.3592Y66.0461
G01 X31.3225Y66.0706
G01 X31.2160Y66.1340
G01 X31.1909Y66.1469
G01 X31.0934Y66.1931
G01 X31.0526Y66.2100
G01 X30.9358Y66.2514
G01 X30.9087Y66.2591
G01 X30.8039Y66.2854
G01 X30.7667Y66.2930
G01 X30.6380Y66.3119
G01 X30.6099Y66.3142
G01 X30.5021Y66.3195
G01 X30.4641Y66.3197
G01 X30.3440Y66.3138
G01 X30.3062Y66.3098
G01 X30.1836Y66.2913
G01 X30.1561Y66.2854
G01 X30.0360Y66.2550
G01 X30.0091Y66.2463
G01 X29.8925Y66.2043
G01 X29.8666Y66.1931
G01 X29.7691Y66.1469
G01 X29.7301Y66.1261
G01 X29.6240Y66.0621
G01 X29.6008Y66.0461
G01 X29.5141Y65.9818
G01 X29.4800Y65.9537
G01 X29.3955Y65.8771
G01 X29.3688Y65.8500
G01 X29.2963Y65.7700
G01 X29.2780Y65.7485
G01 X29.2039Y65.6492
G01 X29.1879Y65.6260
G01 X29.1239Y65.5199
G01 X29.1102Y65.4952
G01 X29.0569Y65.3834
G01 X29.0457Y65.3575
G01 X29.0037Y65.2409
G01 X28.9950Y65.2141
G01 X28.9611Y65.0784
G01 X28.9560Y65.0506
G01 X28.9381Y64.9280
G01 X28.9358Y64.8999
G01 X28.9301Y64.7810
G00 Z20.0000
G00 X29.0844Y65.4415
G01 Z20.0000
G01 X28.8857Y65.1736
G01 X27.1168Y62.2223
G01 X25.6456Y59.1117
G01 X24.5055Y55.9252
G00 Z20.0000
G00 X24.2435Y56.3049
G01 Z20.0000
G01 X25.2992Y59.2553
G01 X26.7861Y62.3990
G01 X28.5739Y65.3819
G01 X30.6456Y68.1752
G01 X32.9811Y70.7520
G01 X35.5578Y73.0875
G01 X38.3511Y75.1591
G01 X41.3340Y76.9470
G01 X44.4778Y78.4339
G01 X47.7522Y79.6055
G01 X51.1256Y80.4505
G01 X54.5657Y80.9608
G01 X58.0391Y81.1314
G01 X58.1467Y81.1261
G00 Z20.0000
G00 X58.5524Y81.1062
G01 Z20.0000
G01 X61.5126Y80.9608
G01 X64.9527Y80.4505
G01 X65.9283Y80.2061
G00 Z20.0000
G00 X65.8612Y80.6090
G01 Z20.0000
G01 X65.0258Y80.8183
G01 X61.5494Y81.3340
G01 X59.3546Y81.4418
G00 Z20.0000
G00 X59.6606Y81.8017
G01 Z20.0000
G01 X61.5861Y81.7072
G01 X65.0990Y81.1861
G01 X65.9016Y80.9850
G00 Z20.0000
G00 X65.8601Y80.6561
G01 Z20.0000
G01 X65.8604Y80.6260
G01 X65.8665Y80.5090
G01 X65.8697Y80.4810
G01 X65.8867Y80.3682
G01 X65.8927Y80.3406
G01 X65.9207Y80.2300
G01 X65.9294Y80.2031
G01 X65.9681Y80.0958
G01 X65.9793Y80.0699
G01 X66.0284Y79.9669
G01 X66.0421Y79.9423
G01 X66.1010Y79.8446
G01 X66.1171Y79.8214
G01 X66.1853Y79.7299
G01 X66.2036Y79.7084
G01 X66.2804Y79.6241
G01 X66.3007Y79.6045
G01 X66.3854Y79.5281
G01 X66.4075Y79.5105
G01 X66.4994Y79.4428
G01 X66.5231Y79.4276
G01 X66.6211Y79.3692
G01 X66.6462Y79.3563
G01 X66.7495Y79.3078
G01 X66.7757Y79.2974
G01 X66.8832Y79.2593
G01 X66.9104Y79.2515
G01 X67.0211Y79.2241
G01 X67.0489Y79.2191
G01 X67.1618Y79.2027
G01 X67.1899Y79.2004
G01 X67.3039Y79.1951
G01 X67.3321Y79.1955
G01 X67.4460Y79.2015
G01 X67.4740Y79.2047
G01 X67.5869Y79.2217
G01 X67.6144Y79.2277
G01 X67.7250Y79.2557
G01 X67.7519Y79.2644
G01 X67.8592Y79.3031
G01 X67.8851Y79.3143
G01 X67.9881Y79.3634
G01 X68.0127Y79.3771
G01 X68.1104Y79.4360
G01 X68.1336Y79.4521
G01 X68.2251Y79.5203
G01 X68.2466Y79.5386
G01 X68.3309Y79.6154
G01 X68.3505Y79.6357
G01 X68.4269Y79.7204
G01 X68.4445Y79.7425
G01 X68.5122Y79.8344
G01 X68.5274Y79.8581
G01 X68.5858Y79.9561
G01 X68.5987Y79.9812
G01 X68.6472Y80.0845
G01 X68.6576Y80.1107
G01 X68.6957Y80.2182
G01 X68.7035Y80.2454
G01 X68.7309Y80.3561
G01 X68.7359Y80.3839
G01 X68.7523Y80.4968
G01 X68.7546Y80.5249
G01 X68.7599Y80.6389
G01 X68.7595Y80.6671
G01 X68.7535Y80.7810
G01 X68.7503Y80.8090
G01 X68.7333Y80.9218
G01 X68.7273Y80.9494
G01 X68.6993Y81.0600
G01 X68.6906Y81.0869
G01 X68.6519Y81.1942
G01 X68.6407Y81.2201
G01 X68.5916Y81.3231
G01 X68.5779Y81.3477
G01 X68.5190Y81.4454
G01 X68.5029Y81.4686
G01 X68.4347Y81.5601
G01 X68.4164Y81.5816
G01 X68.3396Y81.6659
G01 X68.3193Y81.6855
G01 X68.2346Y81.7619
G01 X68.2125Y81.7795
G01 X68.1206Y81.8472
G01 X68.0969Y81.8624
G01 X67.9989Y81.9208
G01 X67.9738Y81.9337
G01 X67.8705Y81.9822
G01 X67.8443Y81.9926
G01 X67.7368Y82.0307
G01 X67.7096Y82.0385
G01 X67.5989Y82.0659
G01 X67.5711Y82.0709
G01 X67.4582Y82.0873
G01 X67.4301Y82.0896
G01 X67.3161Y82.0949
G01 X67.2879Y82.0945
G01 X67.1740Y82.0885
G01 X67.1460Y82.0853
G01 X67.0332Y82.0683
G01 X67.0056Y82.0623
G01 X66.8950Y82.0343
G01 X66.8681Y82.0256
G01 X66.7608Y81.9869
G01 X66.7349Y81.9757
G01 X66.6319Y81.9266
G01 X66.6073Y81.9129
G01 X66.5096Y81.8540
G01 X66.4864Y81.8379
G01 X66.3949Y81.7697
G01 X66.3734Y81.7514
G01 X66.2891Y81.6746
G01 X66.2695Y81.6543
G01 X66.1931Y81.5696
G01 X66.1755Y81.5475
G01 X66.1078Y81.4556
G01 X66.0926Y81.4319
G01 X66.0342Y81.3339
G01 X66.0213Y81.3088
G01 X65.9728Y81.2055
G01 X65.9624Y81.1793
G01 X65.9243Y81.0718
G01 X65.9165Y81.0446
G01 X65.8891Y80.9339
G01 X65.8841Y80.9061
G01 X65.8677Y80.7932
G01 X65.8654Y80.7651
G01 X65.8601Y80.6561
G00 Z20.0000
G00 X66.0362Y81.3374
G01 Z20.0000
G01 X65.1721Y81.5539
G01 X61.6229Y82.0803
G01 X59.8181Y82.1690
G00 Z20.0000
G00 X59.8699Y82.5415
G01 Z20.0000
G01 X61.6597Y82.4535
G01 X65.2453Y81.9217
G01 X66.2777Y81.6631
G00 Z20.0000
G00 X66.6782Y81.9489
G01 Z20.0000
G01 X65.3185Y82.2895
G01 X61.6964Y82.8267
G01 X59.8212Y82.9189
G00 Z20.0000
G00 X59.6585Y83.3019
G01 Z20.0000
G01 X61.7332Y83.1999
G01 X65.3916Y82.6573
G01 X68.9793Y81.7586
G01 X72.4615Y80.5126
G01 X75.8049Y78.9313
G01 X78.9772Y77.0299
G01 X81.9478Y74.8267
G01 X84.6882Y72.3430
G01 X84.8235Y72.1938
G00 Z20.0000
G00 X84.8432Y72.7080
G01 Z20.0000
G01 X82.1857Y75.1166
G01 X79.1855Y77.3417
G01 X75.9817Y79.2620
G01 X72.6050Y80.8591
G01 X69.0881Y82.1174
G01 X65.4648Y83.0250
G01 X61.7699Y83.5731
G01 X59.3096Y83.6940
G01 X58.7512Y84.8464
G01 X61.8802Y84.6927
G01 X65.6843Y84.1284
G01 X69.4147Y83.1940
G01 X73.0356Y81.8984
G01 X73.9891Y81.4474
G00 Z20.0000
G00 X73.5659Y82.0619
G01 Z20.0000
G01 X73.1791Y82.2449
G01 X69.5235Y83.5529
G01 X65.7574Y84.4962
G01 X62.8292Y84.9306
G00 Z20.0000
G00 X63.2997Y85.2394
G01 Z20.0000
G01 X65.4777Y84.9164
G00 Z20.0000
G00 X66.0179Y84.8105
G01 Z20.0000
G01 X66.0621Y84.8105
G01 X66.1858Y84.8169
G01 X66.2138Y84.8202
G01 X66.3364Y84.8387
G01 X66.3639Y84.8446
G01 X66.4841Y84.8750
G01 X66.5109Y84.8837
G01 X66.6275Y84.9257
G01 X66.6534Y84.9369
G01 X66.7652Y84.9902
G01 X66.7899Y85.0039
G01 X66.8960Y85.0679
G01 X66.9192Y85.0839
G01 X67.0185Y85.1580
G01 X67.0400Y85.1763
G01 X67.1316Y85.2597
G01 X67.1512Y85.2800
G01 X67.2342Y85.3720
G01 X67.2518Y85.3941
G01 X67.3253Y85.4938
G01 X67.3406Y85.5175
G01 X67.4040Y85.6240
G01 X67.4169Y85.6491
G01 X67.4696Y85.7612
G01 X67.4800Y85.7874
G01 X67.5214Y85.9042
G01 X67.5291Y85.9313
G01 X67.5589Y86.0516
G01 X67.5640Y86.0794
G01 X67.5819Y86.2020
G01 X67.5842Y86.2301
G01 X67.5899Y86.3539
G01 X67.5895Y86.3821
G01 X67.5831Y86.5058
G01 X67.5798Y86.5338
G01 X67.5613Y86.6564
G01 X67.5554Y86.6839
G01 X67.5250Y86.8041
G01 X67.5163Y86.8309
G01 X67.4743Y86.9475
G01 X67.4631Y86.9734
G01 X67.4098Y87.0852
G01 X67.3961Y87.1099
G01 X67.3321Y87.2160
G01 X67.3161Y87.2392
G01 X67.2420Y87.3385
G01 X67.2237Y87.3600
G01 X67.1403Y87.4516
G01 X67.1200Y87.4712
G01 X67.0280Y87.5542
G01 X67.0059Y87.5718
G01 X66.9062Y87.6453
G01 X66.8825Y87.6606
G01 X66.7760Y87.7240
G01 X66.7509Y87.7369
G01 X66.6388Y87.7896
G01 X66.6126Y87.8000
G01 X66.4958Y87.8414
G01 X66.4687Y87.8491
G01 X66.3484Y87.8789
G01 X66.3206Y87.8840
G01 X66.1980Y87.9019
G01 X66.1699Y87.9042
G01 X66.0461Y87.9099
G01 X66.0179Y87.9095
G01 X65.8942Y87.9031
G01 X65.8662Y87.8998
G01 X65.7436Y87.8813
G01 X65.7161Y87.8754
G01 X65.5959Y87.8450
G01 X65.5691Y87.8363
G01 X65.4525Y87.7943
G01 X65.4266Y87.7831
G01 X65.3148Y87.7298
G01 X65.2901Y87.7161
G01 X65.1840Y87.6521
G01 X65.1608Y87.6361
G01 X65.0615Y87.5620
G01 X65.0400Y87.5437
G01 X64.9484Y87.4603
G01 X64.9288Y87.4400
G01 X64.8458Y87.3480
G01 X64.8282Y87.3259
G01 X64.7547Y87.2262
G01 X64.7394Y87.2025
G01 X64.6760Y87.0960
G01 X64.6631Y87.0709
G01 X64.6104Y86.9588
G01 X64.6000Y86.9326
G01 X64.5586Y86.8158
G01 X64.5509Y86.7887
G01 X64.5211Y86.6684
G01 X64.5160Y86.6406
G01 X64.4981Y86.5180
G01 X64.4958Y86.4899
G01 X64.4901Y86.3649
G01 X64.4905Y86.3379
G01 X64.4969Y86.2142
G01 X64.5002Y86.1862
G01 X64.5187Y86.0636
G01 X64.5246Y86.0361
G01 X64.5550Y85.9160
G01 X64.5637Y85.8891
G01 X64.6057Y85.7725
G01 X64.6169Y85.7466
G01 X64.6702Y85.6348
G01 X64.6839Y85.6101
G01 X64.7479Y85.5040
G01 X64.7639Y85.4808
G01 X64.8380Y85.3815
G01 X64.8563Y85.3600
G01 X64.9397Y85.2684
G01 X64.9600Y85.2488
G01 X65.0520Y85.1658
G01 X65.0741Y85.1482
G01 X65.1738Y85.0747
G01 X65.1975Y85.0594
G01 X65.3040Y84.9960
G01 X65.3291Y84.9831
G01 X65.4412Y84.9304
G01 X65.4674Y84.9200
G01 X65.5842Y84.8786
G01 X65.6113Y84.8709
G01 X65.7316Y84.8411
G01 X65.7594Y84.8360
G01 X65.8820Y84.8181
G01 X65.9101Y84.8158
G01 X66.0179Y84.8105
G00 Z20.0000
G00 X66.0459Y84.8101
G01 Z20.0000
G01 X69.6324Y83.9117
G01 X73.3226Y82.5913
G01 X73.4811Y82.5164
G00 Z20.0000
G00 X73.4801Y82.5611
G01 Z20.0000
G01 X73.4804Y82.5310
G01 X73.4865Y82.4140
G01 X73.4897Y82.3860
G01 X73.5067Y82.2731
G01 X73.5127Y82.2456
G01 X73.5407Y82.1350
G01 X73.5494Y82.1081
G01 X73.5881Y82.0008
G01 X73.5993Y81.9749
G01 X73.6484Y81.8719
G01 X73.6621Y81.8473
G01 X73.7210Y81.7496
G01 X73.7371Y81.7264
G01 X73.8053Y81.6349
G01 X73.8236Y81.6134
G01 X73.9004Y81.5291
G01 X73.9207Y81.5095
G01 X74.0054Y81.4331
G01 X74.0275Y81.4155
G01 X74.1194Y81.3478
G01 X74.1431Y81.3326
G01 X74.2411Y81.2742
G01 X74.2662Y81.2613
G01 X74.3695Y81.2128
G01 X74.3957Y81.2024
G01 X74.5032Y81.1643
G01 X74.5304Y81.1565
G01 X74.6411Y81.1291
G01 X74.6689Y81.1241
G01 X74.7818Y81.1077
G01 X74.8099Y81.1054
G01 X74.9239Y81.1001
G01 X74.9521Y81.1005
G01 X75.0501Y81.1054
G01 X75.0940Y81.1097
G01 X75.1911Y81.1241
G01 X75.2189Y81.1291
G01 X75.3296Y81.1565
G01 X75.3719Y81.1694
G01 X75.4643Y81.2024
G01 X75.4905Y81.2128
G01 X75.5938Y81.2613
G01 X75.6327Y81.2821
G01 X75.7169Y81.3326
G01 X75.7406Y81.3478
G01 X75.8325Y81.4155
G01 X75.8666Y81.4436
G01 X75.9393Y81.5095
G01 X75.9596Y81.5291
G01 X76.0364Y81.6134
G01 X76.0645Y81.6475
G01 X76.1229Y81.7264
G01 X76.1390Y81.7496
G01 X76.2000Y81.8509
G01 X76.2526Y81.7631
G01 X76.2678Y81.7394
G01 X76.3355Y81.6475
G01 X76.3531Y81.6254
G01 X76.4404Y81.5291
G01 X76.4607Y81.5095
G01 X76.5380Y81.4395
G01 X76.5675Y81.4155
G01 X76.6594Y81.3478
G01 X76.6831Y81.3326
G01 X76.7673Y81.2821
G01 X76.8007Y81.2640
G01 X76.8949Y81.2193
G01 X76.9357Y81.2024
G01 X77.0281Y81.1694
G01 X77.0550Y81.1607
G01 X77.1656Y81.1327
G01 X77.1932Y81.1267
G01 X77.3060Y81.1097
G01 X77.3340Y81.1065
G01 X77.4479Y81.1005
G01 X77.4761Y81.1001
G01 X77.6060Y81.1065
G01 X77.6340Y81.1097
G01 X77.7468Y81.1267
G01 X77.7744Y81.1327
G01 X77.8850Y81.1607
G01 X77.9119Y81.1694
G01 X78.0043Y81.2024
G01 X78.0451Y81.2193
G01 X78.1393Y81.2640
G01 X78.1727Y81.2821
G01 X78.2569Y81.3326
G01 X78.2806Y81.3478
G01 X78.3851Y81.4253
G01 X78.4066Y81.4436
G01 X78.4793Y81.5095
G01 X78.5105Y81.5407
G01 X78.5764Y81.6134
G01 X78.5947Y81.6349
G01 X78.6722Y81.7394
G01 X78.6874Y81.7631
G01 X78.7379Y81.8473
G01 X78.7587Y81.8862
G01 X78.8007Y81.9749
G01 X78.8119Y82.0008
G01 X78.8557Y82.1232
G01 X78.8635Y82.1504
G01 X78.8873Y82.2456
G01 X78.8959Y82.2889
G01 X78.9103Y82.3860
G01 X78.9135Y82.4140
G01 X78.9199Y82.5439
G01 X78.9195Y82.5721
G01 X78.9135Y82.6860
G01 X78.9103Y82.7140
G01 X78.8933Y82.8269
G01 X78.8873Y82.8544
G01 X78.8593Y82.9650
G01 X78.8506Y82.9919
G01 X78.8119Y83.0992
G01 X78.8007Y83.1251
G01 X78.7516Y83.2281
G01 X78.7379Y83.2527
G01 X78.6790Y83.3504
G01 X78.6629Y83.3736
G01 X78.5947Y83.4651
G01 X78.5764Y83.4866
G01 X78.4996Y83.5709
G01 X78.4793Y83.5905
G01 X78.3946Y83.6669
G01 X78.3725Y83.6845
G01 X78.2806Y83.7522
G01 X78.2569Y83.7674
G01 X78.1589Y83.8258
G01 X78.1338Y83.8387
G01 X78.0305Y83.8872
G01 X78.0043Y83.8976
G01 X77.8968Y83.9357
G01 X77.8696Y83.9435
G01 X77.7589Y83.9709
G01 X77.7311Y83.9759
G01 X77.6182Y83.9923
G01 X77.5901Y83.9946
G01 X77.4761Y83.9999
G01 X77.4479Y83.9995
G01 X77.3499Y83.9946
G01 X77.3060Y83.9903
G01 X77.2089Y83.9759
G01 X77.1811Y83.9709
G01 X77.0704Y83.9435
G01 X77.0281Y83.9306
G01 X76.9208Y83.8919
G01 X76.8949Y83.8807
G01 X76.8062Y83.8387
G01 X76.7673Y83.8179
G01 X76.6696Y83.7590
G01 X76.6464Y83.7429
G01 X76.5675Y83.6845
G01 X76.5334Y83.6564
G01 X76.4607Y83.5905
G01 X76.4404Y83.5709
G01 X76.3636Y83.4866
G01 X76.3355Y83.4525
G01 X76.2771Y83.3736
G01 X76.2610Y83.3504
G01 X76.2000Y83.2491
G01 X76.1474Y83.3369
G01 X76.1322Y83.3606
G01 X76.0645Y83.4525
G01 X76.0469Y83.4746
G01 X75.9596Y83.5709
G01 X75.9393Y83.5905
G01 X75.8620Y83.6605
G01 X75.8325Y83.6845
G01 X75.7406Y83.7522
G01 X75.7169Y83.7674
G01 X75.6327Y83.8179
G01 X75.5993Y83.8360
G01 X75.5051Y83.8807
G01 X75.4643Y83.8976
G01 X75.3719Y83.9306
G01 X75.3450Y83.9393
G01 X75.2344Y83.9673
G01 X75.2068Y83.9733
G01 X75.0940Y83.9903
G01 X75.0660Y83.9935
G01 X74.9521Y83.9995
G01 X74.9239Y83.9999
G01 X74.7940Y83.9935
G01 X74.7660Y83.9903
G01 X74.6532Y83.9733
G01 X74.6256Y83.9673
G01 X74.5150Y83.9393
G01 X74.4881Y83.9306
G01 X74.3957Y83.8976
G01 X74.3549Y83.8807
G01 X74.2607Y83.8360
G01 X74.2273Y83.8179
G01 X74.1431Y83.7674
G01 X74.1194Y83.7522
G01 X74.0149Y83.6747
G01 X73.9934Y83.6564
G01 X73.9207Y83.5905
G01 X73.8895Y83.5593
G01 X73.8236Y83.4866
G01 X73.8053Y83.4651
G01 X73.7278Y83.3606
G01 X73.7126Y83.3369
G01 X73.6621Y83.2527
G01 X73.6413Y83.2138
G01 X73.5993Y83.1251
G01 X73.5881Y83.0992
G01 X73.5443Y82.9768
G01 X73.5365Y82.9496
G01 X73.5127Y82.8544
G01 X73.5041Y82.8111
G01 X73.4897Y82.7140
G01 X73.4865Y82.6860
G01 X73.4801Y82.5611
G00 Z20.0000
G00 X73.5264Y82.9093
G01 Z20.0000
G01 X73.4661Y82.9378
G01 X69.7413Y84.2706
G01 X66.7969Y85.0081
G00 Z20.0000
G00 X67.1701Y85.3007
G01 Z20.0000
G01 X69.8501Y84.6294
G01 X73.6096Y83.2843
G01 X73.6652Y83.2579
G00 Z20.0000
G00 X73.8939Y83.5641
G01 Z20.0000
G01 X73.7531Y83.6307
G01 X70.2835Y84.8721
G00 Z20.0000
G00 X69.8279Y84.8105
G01 Z20.0000
G01 X69.8721Y84.8105
G01 X69.9958Y84.8169
G01 X70.0238Y84.8202
G01 X70.1464Y84.8387
G01 X70.1739Y84.8446
G01 X70.2940Y84.8750
G01 X70.3209Y84.8837
G01 X70.4375Y84.9257
G01 X70.4634Y84.9369
G01 X70.5752Y84.9902
G01 X70.5999Y85.0039
G01 X70.7060Y85.0679
G01 X70.7292Y85.0839
G01 X70.8285Y85.1580
G01 X70.8500Y85.1763
G01 X70.9416Y85.2597
G01 X70.9612Y85.2800
G01 X71.0442Y85.3720
G01 X71.0618Y85.3941
G01 X71.1353Y85.4938
G01 X71.1506Y85.5175
G01 X71.2140Y85.6240
G01 X71.2269Y85.6491
G01 X71.2796Y85.7612
G01 X71.2900Y85.7874
G01 X71.3314Y85.9042
G01 X71.3391Y85.9313
G01 X71.3689Y86.0516
G01 X71.3740Y86.0794
G01 X71.3919Y86.2020
G01 X71.3942Y86.2301
G01 X71.3999Y86.3539
G01 X71.3995Y86.3821
G01 X71.3931Y86.5058
G01 X71.3898Y86.5338
G01 X71.3713Y86.6564
G01 X71.3654Y86.6839
G01 X71.3350Y86.8040
G01 X71.3263Y86.8309
G01 X71.2843Y86.9475
G01 X71.2731Y86.9734
G01 X71.2198Y87.0852
G01 X71.2061Y87.1099
G01 X71.1421Y87.2160
G01 X71.1261Y87.2392
G01 X71.0520Y87.3385
G01 X71.0337Y87.3600
G01 X70.9503Y87.4516
G01 X70.9300Y87.4712
G01 X70.8380Y87.5542
G01 X70.8159Y87.5718
G01 X70.7162Y87.6453
G01 X70.6925Y87.6606
G01 X70.5860Y87.7240
G01 X70.5609Y87.7369
G01 X70.4488Y87.7896
G01 X70.4226Y87.8000
G01 X70.3058Y87.8414
G01 X70.2787Y87.8491
G01 X70.1584Y87.8789
G01 X70.1306Y87.8840
G01 X70.0080Y87.9019
G01 X69.9799Y87.9042
G01 X69.8561Y87.9099
G01 X69.8279Y87.9095
G01 X69.7042Y87.9031
G01 X69.6762Y87.8998
G01 X69.5536Y87.8813
G01 X69.5261Y87.8754
G01 X69.4060Y87.8450
G01 X69.3791Y87.8363
G01 X69.2625Y87.7943
G01 X69.2366Y87.7831
G01 X69.1248Y87.7298
G01 X69.1001Y87.7161
G01 X68.9940Y87.6521
G01 X68.9708Y87.6361
G01 X68.8715Y87.5620
G01 X68.8500Y87.5437
G01 X68.7584Y87.4603
G01 X68.7388Y87.4400
G01 X68.6558Y87.3480
G01 X68.6382Y87.3259
G01 X68.5647Y87.2262
G01 X68.5494Y87.2025
G01 X68.4860Y87.0960
G01 X68.4731Y87.0709
G01 X68.4204Y86.9588
G01 X68.4100Y86.9326
G01 X68.3686Y86.8158
G01 X68.3609Y86.7887
G01 X68.3311Y86.6684
G01 X68.3260Y86.6406
G01 X68.3081Y86.5180
G01 X68.3058Y86.4899
G01 X68.3001Y86.3649
G01 X68.3005Y86.3379
G01 X68.3069Y86.2142
G01 X68.3102Y86.1862
G01 X68.3287Y86.0636
G01 X68.3346Y86.0361
G01 X68.3650Y85.9160
G01 X68.3737Y85.8891
G01 X68.4157Y85.7725
G01 X68.4269Y85.7466
G01 X68.4802Y85.6348
G01 X68.4939Y85.6101
G01 X68.5579Y85.5040
G01 X68.5739Y85.4808
G01 X68.6480Y85.3815
G01 X68.6663Y85.3600
G01 X68.7497Y85.2684
G01 X68.7700Y85.2488
G01 X68.8620Y85.1658
G01 X68.8841Y85.1482
G01 X68.9838Y85.0747
G01 X69.0075Y85.0594
G01 X69.1140Y84.9960
G01 X69.1391Y84.9831
G01 X69.2512Y84.9304
G01 X69.2774Y84.9200
G01 X69.3942Y84.8786
G01 X69.4213Y84.8709
G01 X69.5416Y84.8411
G01 X69.5694Y84.8360
G01 X69.6920Y84.8181
G01 X69.7201Y84.8158
G01 X69.8279Y84.8105
G00 Z20.0000
G00 X70.7533Y85.1018
G01 Z20.0000
G01 X73.8966Y83.9772
G01 X74.2300Y83.8195
G00 Z20.0000
G00 X74.7499Y83.9879
G01 Z20.0000
G01 X74.0401Y84.3236
G01 X71.0589Y85.3903
G00 Z20.0000
G00 X71.2588Y85.7166
G01 Z20.0000
G01 X74.1836Y84.6701
G01 X76.4625Y83.5922
G00 Z20.0000
G00 X76.2247Y83.2904
G01 Z20.0000
G01 X76.1558Y83.3230
G00 Z20.0000
G00 X76.8118Y83.8414
G01 Z20.0000
G01 X74.3271Y85.0165
G01 X71.3731Y86.0735
G00 Z20.0000
G00 X71.3955Y86.4633
G01 Z20.0000
G01 X74.4706Y85.3630
G01 X77.3624Y83.9953
G01 X77.3841Y84.8137
G01 X78.6333Y84.2228
G01 X82.3106Y82.0187
G01 X85.7542Y79.4648
G01 X88.9309Y76.5856
G01 X91.8100Y73.4090
G01 X93.7225Y70.8303
G00 Z20.0000
G00 X93.7307Y71.4481
G01 Z20.0000
G01 X92.0999Y73.6469
G01 X89.1960Y76.8508
G01 X85.9921Y79.7547
G01 X82.5190Y82.3305
G01 X78.8101Y84.5536
G01 X78.0384Y84.9185
G00 Z20.0000
G00 X78.4331Y85.1462
G01 Z20.0000
G01 X78.9868Y84.8843
G01 X82.7273Y82.6423
G01 X86.2300Y80.0446
G01 X89.4612Y77.1160
G01 X92.3898Y73.8848
G01 X93.8868Y71.8663
G00 Z20.0000
G00 X94.1183Y72.1829
G01 Z20.0000
G01 X92.6797Y74.1227
G01 X89.7264Y77.3811
G01 X86.4679Y80.3344
G01 X82.9356Y82.9541
G01 X79.1636Y85.2150
G01 X78.7086Y85.4302
G00 Z20.0000
G00 X78.8970Y85.7554
G01 Z20.0000
G01 X79.3404Y85.5457
G01 X83.1440Y83.2659
G01 X86.7058Y80.6243
G01 X89.9915Y77.6463
G01 X92.9696Y74.3606
G01 X94.4065Y72.4230
G00 Z20.0000
G00 X94.7506Y72.5879
G01 Z20.0000
G01 X93.2594Y74.5985
G01 X90.2567Y77.9115
G01 X86.9437Y80.9142
G01 X83.3523Y83.5777
G01 X81.2959Y84.8103
G00 Z20.0000
G00 X81.2579Y84.8105
G01 Z20.0000
G01 X81.3021Y84.8105
G01 X81.4258Y84.8169
G01 X81.4538Y84.8202
G01 X81.5764Y84.8387
G01 X81.6039Y84.8446
G01 X81.7240Y84.8750
G01 X81.7509Y84.8837
G01 X81.8675Y84.9257
G01 X81.8934Y84.9369
G01 X82.0052Y84.9902
G01 X82.0299Y85.0039
G01 X82.1360Y85.0679
G01 X82.1592Y85.0839
G01 X82.2585Y85.1580
G01 X82.2800Y85.1763
G01 X82.3716Y85.2597
G01 X82.3912Y85.2800
G01 X82.4742Y85.3720
G01 X82.4918Y85.3941
G01 X82.5653Y85.4938
G01 X82.5806Y85.5175
G01 X82.6440Y85.6240
G01 X82.6569Y85.6491
G01 X82.7096Y85.7612
G01 X82.7200Y85.7874
G01 X82.7614Y85.9042
G01 X82.7691Y85.9313
G01 X82.7989Y86.0516
G01 X82.8040Y86.0794
G01 X82.8219Y86.2020
G01 X82.8242Y86.2301
G01 X82.8299Y86.3539
G01 X82.8295Y86.3821
G01 X82.8231Y86.5058
G01 X82.8198Y86.5338
G01 X82.8013Y86.6564
G01 X82.7954Y86.6839
G01 X82.7650Y86.8041
G01 X82.7563Y86.8309
G01 X82.7143Y86.9475
G01 X82.7031Y86.9734
G01 X82.6498Y87.0852
G01 X82.6361Y87.1099
G01 X82.5721Y87.2160
G01 X82.5561Y87.2392
G01 X82.4820Y87.3385
G01 X82.4637Y87.3600
G01 X82.3803Y87.4516
G01 X82.3600Y87.4712
G01 X82.2680Y87.5542
G01 X82.2459Y87.5718
G01 X82.1462Y87.6453
G01 X82.1225Y87.6606
G01 X82.0160Y87.7240
G01 X81.9909Y87.7369
G01 X81.8788Y87.7896
G01 X81.8526Y87.8000
G01 X81.7358Y87.8414
G01 X81.7087Y87.8491
G01 X81.5884Y87.8789
G01 X81.5606Y87.8840
G01 X81.4380Y87.9019
G01 X81.4099Y87.9042
G01 X81.2861Y87.9099
G01 X81.2579Y87.9095
G01 X81.1342Y87.9031
G01 X81.1062Y87.8998
G01 X80.9836Y87.8813
G01 X80.9561Y87.8754
G01 X80.8360Y87.8450
G01 X80.8091Y87.8363
G01 X80.6925Y87.7943
G01 X80.6666Y87.7831
G01 X80.5548Y87.7298
G01 X80.5301Y87.7161
G01 X80.4240Y87.6521
G01 X80.4008Y87.6361
G01 X80.3015Y87.5620
G01 X80.2800Y87.5437
G01 X80.1884Y87.4603
G01 X80.1688Y87.4400
G01 X80.0858Y87.3480
G01 X80.0682Y87.3259
G01 X79.9947Y87.2262
G01 X79.9794Y87.2025
G01 X79.9160Y87.0960
G01 X79.9031Y87.0709
G01 X79.8504Y86.9588
G01 X79.8400Y86.9326
G01 X79.7986Y86.8158
G01 X79.7909Y86.7887
G01 X79.7611Y86.6684
G01 X79.7560Y86.6406
G01 X79.7381Y86.5180
G01 X79.7358Y86.4899
G01 X79.7301Y86.3649
G01 X79.7305Y86.3379
G01 X79.7369Y86.2142
G01 X79.7402Y86.1862
G01 X79.7587Y86.0636
G01 X79.7646Y86.0361
G01 X79.7950Y85.9160
G01 X79.8037Y85.8891
G01 X79.8457Y85.7725
G01 X79.8569Y85.7466
G01 X79.9102Y85.6348
G01 X79.9239Y85.6101
G01 X79.9879Y85.5040
G01 X80.0039Y85.4808
G01 X80.0780Y85.3815
G01 X80.0963Y85.3600
G01 X80.1797Y85.2684
G01 X80.2000Y85.2488
G01 X80.2920Y85.1658
G01 X80.3141Y85.1482
G01 X80.4138Y85.0747
G01 X80.4375Y85.0594
G01 X80.5440Y84.9960
G01 X80.5691Y84.9831
G01 X80.6812Y84.9304
G01 X80.7074Y84.9200
G01 X80.8242Y84.8786
G01 X80.8513Y84.8709
G01 X80.9716Y84.8411
G01 X80.9994Y84.8360
G01 X81.1220Y84.8181
G01 X81.1501Y84.8158
G01 X81.2579Y84.8105
G00 Z20.0000
G00 X81.8456Y84.9175
G01 Z20.0000
G01 X83.5607Y83.8895
G01 X87.1816Y81.2041
G01 X90.5219Y78.1766
G01 X93.5493Y74.8363
G01 X93.7345Y74.5867
G00 Z20.0000
G00 X93.7202Y75.2055
G01 Z20.0000
G01 X90.7870Y78.4418
G01 X87.8527Y81.1013
G00 Z20.0000
G00 X88.3344Y81.1703
G01 Z20.0000
G01 X91.0522Y78.7070
G01 X93.8554Y75.6141
G00 Z20.0000
G00 X94.0679Y75.9374
G01 Z20.0000
G01 X91.3174Y78.9721
G01 X88.6981Y81.3461
G00 Z20.0000
G00 X88.9804Y81.5957
G01 Z20.0000
G01 X91.5825Y79.2373
G01 X94.3443Y76.1901
G00 Z20.0000
G00 X94.6833Y76.3738
G01 Z20.0000
G01 X91.8477Y79.5025
G01 X89.1904Y81.9109
G00 Z20.0000
G00 X89.3177Y82.3010
G01 Z20.0000
G01 X92.1129Y79.7676
G01 X95.0989Y76.4730
G00 Z20.0000
G00 X95.5945Y76.4800
G01 Z20.0000
G01 X95.5785Y76.5016
G01 X92.3780Y80.0328
G01 X89.3164Y82.8076
G00 Z20.0000
G00 X87.8171Y83.9970
G01 Z20.0000
G01 X86.1517Y85.2321
G00 Z20.0000
G00 X86.3921Y85.5201
G01 Z20.0000
G01 X89.0848Y83.5231
G01 X92.6432Y80.2979
G01 X95.8683Y76.7395
G01 X96.0608Y76.4800
G00 Z20.0000
G00 X96.5273Y76.4798
G01 Z20.0000
G01 X96.1582Y76.9774
G01 X92.9084Y80.5631
G01 X89.3227Y83.8130
G01 X86.5573Y85.8639
G00 Z20.0000
G00 X86.6362Y86.2717
G01 Z20.0000
G01 X87.5564Y85.5892
G00 Z20.0000
G00 X87.3581Y86.2027
G01 Z20.0000
G01 X86.5817Y86.7785
G01 X87.3783Y86.6540
G01 X86.0607Y87.6312
G01 X81.8152Y90.1758
G01 X78.4234Y91.7800
G01 X77.5474Y91.7800
G01 X81.6384Y89.8451
G01 X84.8903Y87.8960
G00 Z20.0000
G00 X84.4060Y87.7496
G01 Z20.0000
G01 X81.4617Y89.5144
G01 X77.0537Y91.5992
G01 X76.5484Y91.7800
G01 X75.4366Y91.7800
G01 X76.9102Y91.2527
G01 X81.2849Y89.1836
G01 X84.0625Y87.5188
G00 Z20.0000
G00 X83.8099Y87.2336
G01 Z20.0000
G01 X81.1081Y88.8529
G01 X76.7667Y90.9063
G01 X74.3248Y91.7800
G01 X73.2130Y91.7800
G01 X76.6232Y90.5598
G01 X80.9314Y88.5222
G01 X83.6383Y86.8997
G00 Z20.0000
G00 X83.5481Y86.5171
G01 Z20.0000
G01 X82.6699Y87.0435
G00 Z20.0000
G00 X82.8221Y86.5156
G01 Z20.0000
G01 X83.5678Y86.0686
G00 Z20.0000
G00 X83.8094Y85.4872
G01 Z20.0000
G01 X82.8054Y86.0889
G00 Z20.0000
G00 X82.6909Y85.7209
G01 Z20.0000
G01 X84.1857Y84.8249
G01 X86.5404Y83.0786
G00 Z20.0000
G00 X86.7234Y83.4091
G01 Z20.0000
G01 X84.7966Y84.8381
G00 Z20.0000
G00 X85.0679Y84.8105
G01 Z20.0000
G01 X85.1121Y84.8105
G01 X85.2358Y84.8169
G01 X85.2638Y84.8202
G01 X85.3864Y84.8387
G01 X85.4139Y84.8446
G01 X85.5341Y84.8750
G01 X85.5609Y84.8837
G01 X85.6775Y84.9257
G01 X85.7034Y84.9369
G01 X85.8152Y84.9902
G01 X85.8399Y85.0039
G01 X85.9460Y85.0679
G01 X85.9692Y85.0839
G01 X86.0685Y85.1580
G01 X86.0900Y85.1763
G01 X86.1816Y85.2597
G01 X86.2012Y85.2800
G01 X86.2842Y85.3720
G01 X86.3018Y85.3941
G01 X86.3753Y85.4938
G01 X86.3906Y85.5175
G01 X86.4540Y85.6240
G01 X86.4669Y85.6491
G01 X86.5196Y85.7612
G01 X86.5300Y85.7874
G01 X86.5714Y85.9042
G01 X86.5791Y85.9313
G01 X86.6089Y86.0516
G01 X86.6140Y86.0794
G01 X86.6319Y86.2020
G01 X86.6342Y86.2301
G01 X86.6399Y86.3539
G01 X86.6395Y86.3821
G01 X86.6331Y86.5058
G01 X86.6298Y86.5338
G01 X86.6113Y86.6564
G01 X86.6054Y86.6839
G01 X86.5750Y86.8040
G01 X86.5663Y86.8309
G01 X86.5243Y86.9475
G01 X86.5131Y86.9734
G01 X86.4598Y87.0852
G01 X86.4461Y87.1099
G01 X86.3821Y87.2160
G01 X86.3661Y87.2392
G01 X86.2920Y87.3385
G01 X86.2737Y87.3600
G01 X86.1903Y87.4516
G01 X86.1700Y87.4712
G01 X86.0780Y87.5542
G01 X86.0559Y87.5718
G01 X85.9562Y87.6453
G01 X85.9325Y87.6606
G01 X85.8260Y87.7240
G01 X85.8009Y87.7369
G01 X85.6888Y87.7896
G01 X85.6626Y87.8000
G01 X85.5458Y87.8414
G01 X85.5187Y87.8491
G01 X85.3984Y87.8789
G01 X85.3706Y87.8840
G01 X85.2480Y87.9019
G01 X85.2199Y87.9042
G01 X85.0961Y87.9099
G01 X85.0679Y87.9095
G01 X84.9442Y87.9031
G01 X84.9162Y87.8998
G01 X84.7936Y87.8813
G01 X84.7661Y87.8754
G01 X84.6460Y87.8450
G01 X84.6191Y87.8363
G01 X84.5025Y87.7943
G01 X84.4766Y87.7831
G01 X84.3648Y87.7298
G01 X84.3401Y87.7161
G01 X84.2340Y87.6521
G01 X84.2108Y87.6361
G01 X84.1115Y87.5620
G01 X84.0900Y87.5437
G01 X83.9984Y87.4603
G01 X83.9788Y87.4400
G01 X83.8958Y87.3480
G01 X83.8782Y87.3259
G01 X83.8047Y87.2262
G01 X83.7894Y87.2025
G01 X83.7260Y87.0960
G01 X83.7131Y87.0709
G01 X83.6604Y86.9588
G01 X83.6500Y86.9326
G01 X83.6086Y86.8158
G01 X83.6009Y86.7887
G01 X83.5711Y86.6684
G01 X83.5660Y86.6406
G01 X83.5481Y86.5180
G01 X83.5458Y86.4899
G01 X83.5401Y86.3649
G01 X83.5405Y86.3379
G01 X83.5469Y86.2142
G01 X83.5502Y86.1862
G01 X83.5687Y86.0636
G01 X83.5746Y86.0361
G01 X83.6050Y85.9160
G01 X83.6137Y85.8891
G01 X83.6557Y85.7725
G01 X83.6669Y85.7466
G01 X83.7202Y85.6348
G01 X83.7339Y85.6101
G01 X83.7979Y85.5040
G01 X83.8139Y85.4808
G01 X83.8880Y85.3815
G01 X83.9063Y85.3600
G01 X83.9897Y85.2684
G01 X84.0100Y85.2488
G01 X84.1020Y85.1658
G01 X84.1241Y85.1482
G01 X84.2238Y85.0747
G01 X84.2475Y85.0594
G01 X84.3540Y84.9960
G01 X84.3791Y84.9831
G01 X84.4912Y84.9304
G01 X84.5174Y84.9200
G01 X84.6342Y84.8786
G01 X84.6613Y84.8709
G01 X84.7816Y84.8411
G01 X84.8094Y84.8360
G01 X84.9320Y84.8181
G01 X84.9601Y84.8158
G01 X85.0679Y84.8105
G00 Z20.0000
G00 X85.4160Y84.8451
G01 Z20.0000
G01 X86.9843Y83.6820
G00 Z20.0000
G00 X87.3339Y83.8890
G01 Z20.0000
G01 X85.8347Y85.0009
G01 X86.4462Y82.6821
G01 X83.9773Y84.5131
G01 X82.4966Y85.4007
G00 Z20.0000
G00 X82.2206Y85.1294
G01 Z20.0000
G01 X83.7690Y84.2013
G01 X86.4879Y82.1849
G00 Z20.0000
G00 X86.4401Y82.5611
G01 Z20.0000
G01 X86.4404Y82.5310
G01 X86.4465Y82.4140
G01 X86.4497Y82.3860
G01 X86.4667Y82.2731
G01 X86.4727Y82.2456
G01 X86.5007Y82.1350
G01 X86.5094Y82.1081
G01 X86.5481Y82.0008
G01 X86.5593Y81.9749
G01 X86.6084Y81.8719
G01 X86.6221Y81.8473
G01 X86.6810Y81.7496
G01 X86.6971Y81.7264
G01 X86.7653Y81.6349
G01 X86.7836Y81.6134
G01 X86.8604Y81.5291
G01 X86.8807Y81.5095
G01 X86.9654Y81.4331
G01 X86.9876Y81.4155
G01 X87.0794Y81.3478
G01 X87.1031Y81.3326
G01 X87.2011Y81.2742
G01 X87.2262Y81.2613
G01 X87.3295Y81.2128
G01 X87.3557Y81.2024
G01 X87.4632Y81.1643
G01 X87.4904Y81.1565
G01 X87.6011Y81.1291
G01 X87.6289Y81.1241
G01 X87.7418Y81.1077
G01 X87.7699Y81.1054
G01 X87.8839Y81.1001
G01 X87.9121Y81.1005
G01 X88.0260Y81.1065
G01 X88.0541Y81.1097
G01 X88.1669Y81.1267
G01 X88.1944Y81.1327
G01 X88.3050Y81.1607
G01 X88.3319Y81.1694
G01 X88.4392Y81.2081
G01 X88.4651Y81.2193
G01 X88.5681Y81.2684
G01 X88.5928Y81.2821
G01 X88.6904Y81.3410
G01 X88.7136Y81.3571
G01 X88.8051Y81.4253
G01 X88.8266Y81.4436
G01 X88.9109Y81.5204
G01 X88.9305Y81.5407
G01 X89.0069Y81.6254
G01 X89.0245Y81.6475
G01 X89.0922Y81.7394
G01 X89.1075Y81.7631
G01 X89.1658Y81.8611
G01 X89.1787Y81.8862
G01 X89.2272Y81.9895
G01 X89.2376Y82.0157
G01 X89.2757Y82.1232
G01 X89.2835Y82.1504
G01 X89.3109Y82.2611
G01 X89.3159Y82.2889
G01 X89.3324Y82.4018
G01 X89.3347Y82.4299
G01 X89.3399Y82.5439
G01 X89.3395Y82.5721
G01 X89.3336Y82.6860
G01 X89.3303Y82.7140
G01 X89.3133Y82.8269
G01 X89.3073Y82.8544
G01 X89.2793Y82.9650
G01 X89.2706Y82.9919
G01 X89.2319Y83.0992
G01 X89.2207Y83.1251
G01 X89.1716Y83.2281
G01 X89.1579Y83.2527
G01 X89.0990Y83.3504
G01 X89.0829Y83.3736
G01 X89.0147Y83.4651
G01 X88.9964Y83.4866
G01 X88.9196Y83.5709
G01 X88.8993Y83.5905
G01 X88.8146Y83.6669
G01 X88.7925Y83.6845
G01 X88.7006Y83.7522
G01 X88.6769Y83.7674
G01 X88.5789Y83.8258
G01 X88.5538Y83.8387
G01 X88.4505Y83.8872
G01 X88.4243Y83.8976
G01 X88.3168Y83.9357
G01 X88.2896Y83.9435
G01 X88.1789Y83.9709
G01 X88.1511Y83.9759
G01 X88.0382Y83.9923
G01 X88.0101Y83.9946
G01 X87.8961Y83.9999
G01 X87.8679Y83.9995
G01 X87.7540Y83.9935
G01 X87.7260Y83.9903
G01 X87.6132Y83.9733
G01 X87.5856Y83.9673
G01 X87.4750Y83.9393
G01 X87.4481Y83.9306
G01 X87.3408Y83.8919
G01 X87.3149Y83.8807
G01 X87.2119Y83.8316
G01 X87.1873Y83.8179
G01 X87.0896Y83.7590
G01 X87.0664Y83.7429
G01 X86.9749Y83.6747
G01 X86.9534Y83.6564
G01 X86.8691Y83.5796
G01 X86.8495Y83.5593
G01 X86.7731Y83.4746
G01 X86.7556Y83.4525
G01 X86.6878Y83.3606
G01 X86.6726Y83.3369
G01 X86.6142Y83.2389
G01 X86.6013Y83.2138
G01 X86.5528Y83.1105
G01 X86.5424Y83.0843
G01 X86.5043Y82.9768
G01 X86.4966Y82.9496
G01 X86.4691Y82.8389
G01 X86.4641Y82.8111
G01 X86.4477Y82.6982
G01 X86.4454Y82.6701
G01 X86.4401Y82.5611
G00 Z20.0000
G00 X88.5524Y84.8505
G01 Z20.0000
G01 X89.5606Y84.1029
G01 X93.1735Y80.8283
G01 X96.4481Y77.2153
G01 X97.0706Y76.3760
G00 Z20.0000
G00 X98.0600Y75.0419
G01 Z20.0000
G01 X99.3528Y73.2988
G01 X100.6700Y71.1012
G01 X100.6700Y71.8297
G01 X99.6646Y73.5071
G01 X96.7380Y77.4532
G01 X93.4387Y81.0934
G01 X89.7985Y84.3927
G01 X89.1970Y84.8388
G00 Z20.0000
G00 X88.8779Y84.8105
G01 Z20.0000
G01 X88.9221Y84.8105
G01 X89.0458Y84.8169
G01 X89.0738Y84.8202
G01 X89.1964Y84.8387
G01 X89.2239Y84.8446
G01 X89.3441Y84.8750
G01 X89.3709Y84.8837
G01 X89.4875Y84.9257
G01 X89.5134Y84.9369
G01 X89.6252Y84.9902
G01 X89.6499Y85.0039
G01 X89.7560Y85.0679
G01 X89.7792Y85.0839
G01 X89.8785Y85.1580
G01 X89.9000Y85.1763
G01 X89.9916Y85.2597
G01 X90.0112Y85.2800
G01 X90.0942Y85.3720
G01 X90.1118Y85.3941
G01 X90.1853Y85.4938
G01 X90.2006Y85.5175
G01 X90.2640Y85.6240
G01 X90.2769Y85.6491
G01 X90.3296Y85.7612
G01 X90.3400Y85.7874
G01 X90.3814Y85.9042
G01 X90.3891Y85.9313
G01 X90.4189Y86.0516
G01 X90.4240Y86.0794
G01 X90.4419Y86.2020
G01 X90.4442Y86.2301
G01 X90.4499Y86.3539
G01 X90.4495Y86.3821
G01 X90.4431Y86.5058
G01 X90.4398Y86.5338
G01 X90.4213Y86.6564
G01 X90.4154Y86.6839
G01 X90.3850Y86.8040
G01 X90.3763Y86.8309
G01 X90.3343Y86.9475
G01 X90.3231Y86.9734
G01 X90.2698Y87.0852
G01 X90.2561Y87.1099
G01 X90.1921Y87.2160
G01 X90.1761Y87.2392
G01 X90.1020Y87.3385
G01 X90.0837Y87.3600
G01 X90.0003Y87.4516
G01 X89.9800Y87.4712
G01 X89.8880Y87.5542
G01 X89.8659Y87.5718
G01 X89.7662Y87.6453
G01 X89.7425Y87.6606
G01 X89.6360Y87.7240
G01 X89.6109Y87.7369
G01 X89.4988Y87.7896
G01 X89.4726Y87.8000
G01 X89.3558Y87.8414
G01 X89.3287Y87.8491
G01 X89.2084Y87.8789
G01 X89.1806Y87.8840
G01 X89.0580Y87.9019
G01 X89.0299Y87.9042
G01 X88.9061Y87.9099
G01 X88.8779Y87.9095
G01 X88.7542Y87.9031
G01 X88.7262Y87.8998
G01 X88.6036Y87.8813
G01 X88.5761Y87.8754
G01 X88.4560Y87.8450
G01 X88.4291Y87.8363
G01 X88.3125Y87.7943
G01 X88.2866Y87.7831
G01 X88.1748Y87.7298
G01 X88.1501Y87.7161
G01 X88.0440Y87.6521
G01 X88.0208Y87.6361
G01 X87.9215Y87.5620
G01 X87.9000Y87.5437
G01 X87.8084Y87.4603
G01 X87.7888Y87.4400
G01 X87.7058Y87.3480
G01 X87.6882Y87.3259
G01 X87.6147Y87.2262
G01 X87.5994Y87.2025
G01 X87.5360Y87.0960
G01 X87.5231Y87.0709
G01 X87.4704Y86.9588
G01 X87.4600Y86.9326
G01 X87.4186Y86.8158
G01 X87.4109Y86.7887
G01 X87.3811Y86.6684
G01 X87.3760Y86.6406
G01 X87.3581Y86.5180
G01 X87.3558Y86.4899
G01 X87.3501Y86.3649
G01 X87.3505Y86.3379
G01 X87.3569Y86.2142
G01 X87.3602Y86.1862
G01 X87.3787Y86.0636
G01 X87.3846Y86.0361
G01 X87.4150Y85.9160
G01 X87.4237Y85.8891
G01 X87.4657Y85.7725
G01 X87.4769Y85.7466
G01 X87.5302Y85.6348
G01 X87.5439Y85.6101
G01 X87.6079Y85.5040
G01 X87.6239Y85.4808
G01 X87.6980Y85.3815
G01 X87.7163Y85.3600
G01 X87.7997Y85.2684
G01 X87.8200Y85.2488
G01 X87.9120Y85.1658
G01 X87.9341Y85.1482
G01 X88.0338Y85.0747
G01 X88.0575Y85.0594
G01 X88.1640Y84.9960
G01 X88.1891Y84.9831
G01 X88.3012Y84.9304
G01 X88.3274Y84.9200
G01 X88.4442Y84.8786
G01 X88.4713Y84.8709
G01 X88.5916Y84.8411
G01 X88.6194Y84.8360
G01 X88.7420Y84.8181
G01 X88.7701Y84.8158
G01 X88.8779Y84.8105
G00 Z20.0000
G00 X89.6231Y84.9891
G01 Z20.0000
G01 X90.0364Y84.6826
G01 X93.7038Y81.3586
G01 X97.0279Y77.6911
G01 X99.9764Y73.7155
G01 X100.6700Y72.5583
G01 X100.6700Y73.2868
G01 X100.2882Y73.9238
G01 X97.3177Y77.9290
G01 X93.9690Y81.6238
G01 X90.2743Y84.9725
G01 X89.9448Y85.2168
G00 Z20.0000
G00 X90.1902Y85.5011
G01 Z20.0000
G01 X90.5122Y85.2624
G01 X94.2342Y81.8889
G01 X97.6076Y78.1669
G01 X100.6000Y74.1322
G01 X100.6700Y74.0154
G01 X100.6700Y74.6665
G01 X97.8975Y78.4048
G01 X94.4993Y82.1541
G01 X90.7501Y85.5523
G01 X90.3595Y85.8419
G00 Z20.0000
G00 X90.4449Y86.2449
G01 Z20.0000
G01 X90.9880Y85.8421
G01 X94.7645Y82.4193
G01 X98.1874Y78.6427
G01 X100.6700Y75.2953
G01 X100.6700Y75.9240
G01 X98.4773Y78.8806
G01 X95.0297Y82.6844
G01 X91.2258Y86.1320
G01 X90.4003Y86.7443
G00 Z20.0000
G00 X88.8323Y87.9072
G01 Z20.0000
G01 X87.1024Y89.1902
G01 X82.7815Y91.7800
G01 X83.5101Y91.7800
G01 X87.3108Y89.5020
G01 X91.4637Y86.4219
G01 X95.2948Y82.9496
G01 X98.7671Y79.1185
G01 X100.6700Y76.5528
G01 X100.6700Y77.1815
G01 X99.0570Y79.3564
G01 X95.5600Y83.2148
G01 X91.7016Y86.7118
G01 X87.5191Y89.8138
G01 X84.2386Y91.7800
G01 X84.9672Y91.7800
G01 X87.7274Y90.1256
G01 X91.9395Y87.0017
G01 X95.8252Y83.4799
G01 X99.3469Y79.5943
G01 X100.6700Y77.8103
G01 X100.6700Y78.4391
G01 X99.6368Y79.8322
G01 X96.0903Y83.7451
G01 X92.1774Y87.2915
G01 X87.9358Y90.4374
G01 X85.6957Y91.7800
G01 X86.4243Y91.7800
G01 X88.1441Y90.7492
G01 X92.4153Y87.5814
G01 X96.3555Y84.0103
G01 X99.9267Y80.0701
G01 X100.6700Y79.0678
G01 X100.6700Y79.6966
G01 X100.2165Y80.3080
G01 X96.6207Y84.2754
G01 X92.6532Y87.8713
G01 X88.3525Y91.0610
G01 X87.1528Y91.7800
G01 X87.8814Y91.7800
G01 X88.5608Y91.3728
G01 X92.8911Y88.1612
G01 X95.0382Y86.2151
G00 Z20.0000
G00 X95.2572Y86.0167
G01 Z20.0000
G01 X96.8858Y84.5406
G01 X100.5064Y80.5459
G01 X100.6700Y80.3253
G01 X100.6700Y80.9231
G01 X97.1510Y84.8058
G01 X96.2801Y85.5951
G00 Z20.0000
G00 X96.8268Y85.6050
G01 Z20.0000
G01 X97.4162Y85.0709
G01 X100.6700Y81.4809
G01 X100.6700Y82.0386
G01 X97.6813Y85.3361
G01 X97.2587Y85.7191
G00 Z20.0000
G00 X97.6171Y85.8998
G01 Z20.0000
G01 X97.9465Y85.6012
G01 X100.6700Y82.5963
G01 X100.6700Y83.1540
G01 X98.2117Y85.8664
G01 X97.9178Y86.1328
G00 Z20.0000
G00 X98.1669Y86.4125
G01 Z20.0000
G01 X98.4768Y86.1316
G01 X100.6700Y83.7118
G01 X100.6700Y84.2695
G01 X98.7420Y86.3967
G01 X98.3642Y86.7391
G00 Z20.0000
G00 X98.5033Y87.1186
G01 Z20.0000
G01 X99.0071Y86.6619
G01 X100.6700Y84.8272
G01 X100.6700Y85.3850
G01 X99.2723Y86.9271
G01 X98.5674Y87.5660
G00 Z20.0000
G00 X98.5071Y88.1261
G01 Z20.0000
G01 X99.5375Y87.1922
G01 X100.6700Y85.9427
G01 X100.6700Y86.5004
G01 X99.8026Y87.4574
G01 X95.5080Y91.3498
G01 X94.9280Y91.7800
G01 X94.2992Y91.7800
G01 X95.2701Y91.0600
G01 X96.8190Y89.6561
G00 Z20.0000
G00 X96.2556Y89.6613
G01 Z20.0000
G01 X95.0322Y90.7701
G01 X93.6705Y91.7800
G01 X93.0417Y91.7800
G01 X94.7943Y90.4802
G01 X95.8167Y89.5536
G00 Z20.0000
G00 X95.4526Y89.3780
G01 Z20.0000
G01 X94.5564Y90.1903
G01 X92.4130Y91.7800
G01 X91.7842Y91.7800
G01 X94.3185Y89.9004
G01 X95.1469Y89.1496
G00 Z20.0000
G00 X94.8930Y88.8743
G01 Z20.0000
G01 X94.0806Y89.6106
G01 X91.1555Y91.7800
G01 X90.5267Y91.7800
G01 X93.8427Y89.3207
G01 X94.6906Y88.5522
G00 Z20.0000
G00 X94.5459Y88.1779
G01 Z20.0000
G01 X93.6048Y89.0308
G01 X89.8980Y91.7800
G01 X89.2692Y91.7800
G01 X93.3669Y88.7409
G01 X94.4747Y87.7369
G00 Z20.0000
G00 X94.4701Y87.6411
G01 Z20.0000
G01 X94.4705Y87.6079
G01 X94.4793Y87.4352
G01 X94.4826Y87.4071
G01 X94.5083Y87.2361
G01 X94.5142Y87.2085
G01 X94.5566Y87.0408
G01 X94.5652Y87.0139
G01 X94.6238Y86.8512
G01 X94.6350Y86.8253
G01 X94.7092Y86.6691
G01 X94.7229Y86.6444
G01 X94.8121Y86.4962
G01 X94.8282Y86.4730
G01 X94.9315Y86.3343
G01 X94.9498Y86.3128
G01 X95.0661Y86.1848
G01 X95.0864Y86.1652
G01 X95.2148Y86.0493
G01 X95.2369Y86.0317
G01 X95.3760Y85.9290
G01 X95.3997Y85.9137
G01 X95.5483Y85.8250
G01 X95.5734Y85.8121
G01 X95.7299Y85.7385
G01 X95.7561Y85.7281
G01 X95.9191Y85.6701
G01 X95.9462Y85.6624
G01 X96.1141Y85.6207
G01 X96.1418Y85.6156
G01 X96.3130Y85.5905
G01 X96.3411Y85.5882
G01 X96.5139Y85.5801
G01 X96.5421Y85.5805
G01 X96.7148Y85.5893
G01 X96.7429Y85.5926
G01 X96.9139Y85.6183
G01 X96.9415Y85.6242
G01 X97.1092Y85.6666
G01 X97.1361Y85.6752
G01 X97.2988Y85.7338
G01 X97.3247Y85.7450
G01 X97.4809Y85.8192
G01 X97.5056Y85.8329
G01 X97.6538Y85.9221
G01 X97.6770Y85.9382
G01 X97.8157Y86.0415
G01 X97.8372Y86.0598
G01 X97.9652Y86.1761
G01 X97.9848Y86.1964
G01 X98.1007Y86.3248
G01 X98.1183Y86.3469
G01 X98.2210Y86.4860
G01 X98.2363Y86.5097
G01 X98.3250Y86.6583
G01 X98.3379Y86.6834
G01 X98.4115Y86.8399
G01 X98.4219Y86.8661
G01 X98.4799Y87.0291
G01 X98.4876Y87.0562
G01 X98.5293Y87.2241
G01 X98.5344Y87.2518
G01 X98.5595Y87.4230
G01 X98.5618Y87.4511
G01 X98.5699Y87.6239
G01 X98.5695Y87.6521
G01 X98.5607Y87.8248
G01 X98.5574Y87.8529
G01 X98.5317Y88.0239
G01 X98.5258Y88.0515
G01 X98.4834Y88.2192
G01 X98.4748Y88.2461
G01 X98.4162Y88.4088
G01 X98.4050Y88.4347
G01 X98.3308Y88.5909
G01 X98.3171Y88.6156
G01 X98.2279Y88.7638
G01 X98.2118Y88.7870
G01 X98.1085Y88.9257
G01 X98.0902Y88.9472
G01 X97.9739Y89.0752
G01 X97.9536Y89.0948
G01 X97.8252Y89.2107
G01 X97.8031Y89.2283
G01 X97.6640Y89.3310
G01 X97.6403Y89.3463
G01 X97.4917Y89.4350
G01 X97.4666Y89.4479
G01 X97.3101Y89.5215
G01 X97.2839Y89.5319
G01 X97.1209Y89.5899
G01 X97.0938Y89.5976
G01 X96.9259Y89.6393
G01 X96.8982Y89.6444
G01 X96.7270Y89.6695
G01 X96.6989Y89.6718
G01 X96.5261Y89.6799
G01 X96.4979Y89.6795
G01 X96.3252Y89.6707
G01 X96.2971Y89.6674
G01 X96.1261Y89.6417
G01 X96.0985Y89.6358
G01 X95.9308Y89.5934
G01 X95.9039Y89.5848
G01 X95.7412Y89.5262
G01 X95.7153Y89.5150
G01 X95.5591Y89.4408
G01 X95.5344Y89.4271
G01 X95.3862Y89.3379
G01 X95.3630Y89.3218
G01 X95.2243Y89.2185
G01 X95.2028Y89.2002
G01 X95.0748Y89.0839
G01 X95.0552Y89.0636
G01 X94.9393Y88.9352
G01 X94.9217Y88.9131
G01 X94.8190Y88.7740
G01 X94.8037Y88.7503
G01 X94.7150Y88.6017
G01 X94.7021Y88.5766
G01 X94.6285Y88.4201
G01 X94.6181Y88.3939
G01 X94.5601Y88.2309
G01 X94.5524Y88.2038
G01 X94.5107Y88.0359
G01 X94.5056Y88.0082
G01 X94.4805Y87.8370
G01 X94.4782Y87.8089
G01 X94.4701Y87.6411
G00 Z20.0000
G00 X94.5184Y87.1918
G01 Z20.0000
G01 X93.1290Y88.4510
G01 X88.7691Y91.6846
G01 X88.6099Y91.7800
G01 X88.3414Y87.8050
G01 X86.8941Y88.8784
G01 X82.5223Y91.4987
G01 X81.9275Y91.7800
G01 X81.0515Y91.7800
G01 X82.3455Y91.1680
G01 X86.6857Y88.5666
G01 X87.9806Y87.6062
G00 Z20.0000
G00 X87.7036Y87.3453
G01 Z20.0000
G01 X86.4774Y88.2548
G01 X82.1688Y90.8373
G01 X80.1755Y91.7800
G01 X79.2995Y91.7800
G01 X81.9920Y90.5065
G01 X86.2691Y87.9430
G01 X87.5028Y87.0280
G00 Z20.0000
G00 X81.2276Y87.9080
G01 Z20.0000
G01 X80.7546Y88.1915
G01 X76.4797Y90.2134
G01 X72.1012Y91.7800
G01 X70.5914Y91.7800
G01 X71.9184Y91.4476
G01 X76.3362Y89.8669
G01 X80.5778Y87.8608
G01 X80.6903Y87.7934
G00 Z20.0000
G00 X80.3136Y87.5714
G01 Z20.0000
G01 X76.1927Y89.5204
G01 X71.8095Y91.0888
G01 X69.0500Y91.7800
G01 X67.5085Y91.7800
G01 X71.7007Y90.7299
G01 X76.0492Y89.1740
G01 X80.0393Y87.2868
G00 Z20.0000
G00 X79.8515Y86.9613
G01 Z20.0000
G01 X75.9057Y88.8275
G01 X71.5918Y90.3711
G01 X67.1474Y91.4843
G01 X65.1541Y91.7800
G01 X62.6015Y91.7800
G01 X67.0743Y91.1165
G01 X71.4830Y90.0122
G01 X75.7622Y88.4811
G01 X77.0786Y87.8585
G00 Z20.0000
G00 X76.6247Y87.6588
G01 Z20.0000
G01 X75.6187Y88.1346
G01 X71.3741Y89.6534
G01 X67.0011Y90.7487
G01 X62.5418Y91.4102
G01 X58.0391Y91.6314
G01 X53.5365Y91.4102
G01 X49.0772Y90.7487
G01 X44.7042Y89.6534
G01 X40.4596Y88.1346
G01 X39.8340Y87.8387
G00 Z20.0000
G00 X40.2618Y87.6267
G01 Z20.0000
G01 X40.6031Y87.7882
G01 X44.8131Y89.2945
G01 X49.1503Y90.3809
G01 X53.5732Y91.0370
G01 X58.0391Y91.2564
G01 X62.5051Y91.0370
G01 X66.9280Y90.3809
G01 X71.2652Y89.2945
G01 X75.4752Y87.7882
G01 X76.3145Y87.3912
G00 Z20.0000
G00 X76.0974Y87.0796
G01 Z20.0000
G01 X75.3317Y87.4417
G01 X71.1564Y88.9356
G01 X66.8548Y90.0131
G01 X62.4683Y90.6638
G01 X58.0391Y90.8814
G01 X53.6100Y90.6638
G01 X49.2235Y90.0131
G01 X44.9219Y88.9356
G01 X40.7466Y87.4417
G01 X40.5597Y87.3533
G00 Z20.0000
G00 X40.7637Y87.0355
G01 Z20.0000
G01 X40.8901Y87.0953
G01 X42.2073Y87.5665
G00 Z20.0000
G00 X41.7764Y87.0146
G01 Z20.0000
G01 X41.0337Y86.7488
G01 X40.8865Y86.6792
G00 Z20.0000
G00 X40.9166Y86.2791
G01 Z20.0000
G01 X41.1772Y86.4023
G01 X41.6455Y86.5699
G00 Z20.0000
G00 X41.6424Y86.1710
G01 Z20.0000
G01 X41.3207Y86.0559
G01 X40.8215Y85.8198
G00 Z20.0000
G00 X40.4062Y85.2091
G01 Z20.0000
G01 X41.4642Y85.7094
G01 X41.7335Y85.8058
G00 Z20.0000
G00 X41.9109Y85.4715
G01 Z20.0000
G01 X41.6077Y85.3630
G01 X37.7986Y83.5614
G01 X34.1844Y81.3951
G01 X30.7999Y78.8850
G01 X27.6778Y76.0553
G01 X24.8480Y72.9332
G01 X22.3379Y69.5487
G01 X20.1717Y65.9345
G01 X18.3701Y62.1254
G01 X16.9505Y58.1580
G01 X15.9267Y54.0706
G01 X15.3084Y49.9025
G01 X15.1016Y45.6939
G01 X15.3084Y41.4853
G01 X15.9267Y37.3172
G01 X16.9505Y33.2298
G01 X18.3701Y29.2624
G01 X20.1717Y25.4533
G01 X22.3379Y21.8391
G01 X24.8480Y18.4546
G01 X27.6778Y15.3325
G01 X30.2329Y13.0167
G00 Z20.0000
G00 X30.2001Y12.7110
G01 Z20.0000
G01 X30.2005Y12.6779
G01 X30.2069Y12.5542
G01 X30.2102Y12.5262
G01 X30.2287Y12.4036
G01 X30.2346Y12.3761
G01 X30.2650Y12.2559
G01 X30.2737Y12.2291
G01 X30.3157Y12.1125
G01 X30.3269Y12.0866
G01 X30.3802Y11.9748
G01 X30.3939Y11.9501
G01 X30.4579Y11.8440
G01 X30.4739Y11.8208
G01 X30.5480Y11.7215
G01 X30.5663Y11.7000
G01 X30.6497Y11.6084
G01 X30.6700Y11.5888
G01 X30.7620Y11.5058
G01 X30.7841Y11.4882
G01 X30.8838Y11.4147
G01 X30.9075Y11.3994
G01 X31.0140Y11.3360
G01 X31.0391Y11.3231
G01 X31.1512Y11.2704
G01 X31.1774Y11.2600
G01 X31.2942Y11.2186
G01 X31.3213Y11.2109
G01 X31.4416Y11.1811
G01 X31.4694Y11.1760
G01 X31.5920Y11.1581
G01 X31.6201Y11.1558
G01 X31.7439Y11.1501
G01 X31.7721Y11.1505
G01 X31.8799Y11.1558
G01 X31.9080Y11.1581
G01 X32.0306Y11.1760
G01 X32.0739Y11.1846
G01 X32.1787Y11.2109
G01 X32.2058Y11.2186
G01 X32.3226Y11.2600
G01 X32.3634Y11.2769
G01 X32.4752Y11.3302
G01 X32.4999Y11.3439
G01 X32.5925Y11.3994
G01 X32.6162Y11.4147
G01 X32.7159Y11.4882
G01 X32.7500Y11.5163
G01 X32.8300Y11.5888
G01 X32.8503Y11.6084
G01 X32.9337Y11.7000
G01 X32.9580Y11.7292
G01 X33.0300Y11.8263
G01 X33.0982Y11.7341
G01 X33.1158Y11.7120
G01 X33.1988Y11.6200
G01 X33.2300Y11.5888
G01 X33.3146Y11.5122
G01 X33.3441Y11.4882
G01 X33.4308Y11.4239
G01 X33.4540Y11.4079
G01 X33.5601Y11.3439
G01 X33.5991Y11.3231
G01 X33.7112Y11.2704
G01 X33.7374Y11.2600
G01 X33.8542Y11.2186
G01 X33.8813Y11.2109
G01 X34.0016Y11.1811
G01 X34.0294Y11.1760
G01 X34.1520Y11.1581
G01 X34.1801Y11.1558
G01 X34.3100Y11.1500
G01 X35.5880Y11.1501
G01 X35.7099Y11.1558
G01 X35.7380Y11.1581
G01 X35.8606Y11.1760
G01 X35.8980Y11.1832
G01 X36.0087Y11.2109
G01 X36.0358Y11.2186
G01 X36.1526Y11.2600
G01 X36.1788Y11.2704
G01 X36.2909Y11.3231
G01 X36.3160Y11.3360
G01 X36.4360Y11.4079
G01 X36.4592Y11.4239
G01 X36.5585Y11.4980
G01 X36.5800Y11.5163
G01 X36.6716Y11.5997
G01 X36.6912Y11.6200
G01 X36.7742Y11.7120
G01 X36.7918Y11.7341
G01 X36.8300Y11.7857
G01 X36.8682Y11.7341
G01 X36.8858Y11.7120
G01 X36.9688Y11.6200
G01 X36.9884Y11.5997
G01 X37.0800Y11.5163
G01 X37.1015Y11.4980
G01 X37.2008Y11.4239
G01 X37.2240Y11.4079
G01 X37.3301Y11.3439
G01 X37.3548Y11.3302
G01 X37.4812Y11.2704
G01 X37.5074Y11.2600
G01 X37.6242Y11.2186
G01 X37.6513Y11.2109
G01 X37.7620Y11.1832
G01 X37.7994Y11.1760
G01 X37.9220Y11.1581
G01 X37.9501Y11.1558
G01 X38.0720Y11.1501
G01 X39.3500Y11.1500
G01 X39.3721Y11.1505
G01 X39.4958Y11.1569
G01 X39.5238Y11.1602
G01 X39.6306Y11.1760
G01 X39.6584Y11.1811
G01 X39.7787Y11.2109
G01 X39.8209Y11.2237
G01 X39.9226Y11.2600
G01 X39.9488Y11.2704
G01 X40.0609Y11.3231
G01 X40.0999Y11.3439
G01 X40.2060Y11.4079
G01 X40.2292Y11.4239
G01 X40.3159Y11.4882
G01 X40.3380Y11.5058
G01 X40.4300Y11.5888
G01 X40.4571Y11.6155
G01 X40.5378Y11.7046
G01 X40.5618Y11.7341
G01 X40.6353Y11.8338
G01 X40.6506Y11.8575
G01 X40.6882Y11.9203
G01 X40.7010Y11.8996
G01 X40.7135Y11.8813
G01 X40.7853Y11.7849
G01 X40.8036Y11.7634
G01 X40.8695Y11.6907
G01 X40.9007Y11.6595
G01 X40.9734Y11.5936
G01 X40.9949Y11.5753
G01 X41.0913Y11.5035
G01 X41.1231Y11.4826
G01 X41.2073Y11.4321
G01 X41.2462Y11.4113
G01 X41.3495Y11.3628
G01 X41.3757Y11.3524
G01 X41.4681Y11.3194
G01 X41.5104Y11.3065
G01 X41.6056Y11.2827
G01 X41.6332Y11.2767
G01 X41.7618Y11.2577
G01 X41.7899Y11.2554
G01 X41.8879Y11.2505
G01 X41.9321Y11.2505
G01 X42.0301Y11.2554
G01 X42.0680Y11.2589
G01 X42.1711Y11.2741
G01 X42.1989Y11.2791
G01 X42.3096Y11.3065
G01 X42.3368Y11.3143
G01 X42.4443Y11.3524
G01 X42.4705Y11.3628
G01 X42.5881Y11.4184
G01 X42.6127Y11.4321
G01 X42.7104Y11.4910
G01 X42.7336Y11.5071
G01 X42.8251Y11.5753
G01 X42.8466Y11.5936
G01 X42.9309Y11.6704
G01 X42.9505Y11.6907
G01 X43.0164Y11.7634
G01 X43.0445Y11.7975
G01 X43.1122Y11.8894
G01 X43.1274Y11.9131
G01 X43.1779Y11.9973
G01 X43.1987Y12.0362
G01 X43.2432Y12.1305
G01 X43.2576Y12.1657
G01 X43.2906Y12.2581
G01 X43.2993Y12.2850
G01 X43.3273Y12.3956
G01 X43.3333Y12.4232
G01 X43.3503Y12.5360
G01 X43.3535Y12.5640
G01 X43.3599Y12.6939
G01 X43.3595Y12.7221
G01 X43.3546Y12.8201
G01 X43.3503Y12.8640
G01 X43.3359Y12.9611
G01 X43.3309Y12.9889
G01 X43.2993Y13.1150
G01 X43.2906Y13.1419
G01 X43.2576Y13.2343
G01 X43.2407Y13.2751
G01 X43.1987Y13.3638
G01 X43.1858Y13.3889
G01 X43.1274Y13.4869
G01 X43.1122Y13.5106
G01 X43.0347Y13.6151
G01 X43.0164Y13.6366
G01 X42.9505Y13.7093
G01 X42.9193Y13.7405
G01 X42.8466Y13.8064
G01 X42.8251Y13.8247
G01 X42.7206Y13.9022
G01 X42.6969Y13.9174
G01 X42.6127Y13.9679
G01 X42.5738Y13.9887
G01 X42.4851Y14.0307
G01 X42.4592Y14.0419
G01 X42.3519Y14.0806
G01 X42.3250Y14.0893
G01 X42.1989Y14.1209
G01 X42.1711Y14.1259
G01 X42.0582Y14.1423
G01 X42.0301Y14.1446
G01 X41.9321Y14.1495
G01 X41.8879Y14.1495
G01 X41.7838Y14.1443
G01 X41.7460Y14.1403
G01 X41.6489Y14.1259
G01 X41.6211Y14.1209
G01 X41.5104Y14.0935
G01 X41.4832Y14.0857
G01 X41.3757Y14.0476
G01 X41.3495Y14.0372
G01 X41.2319Y13.9816
G01 X41.2073Y13.9679
G01 X41.1096Y13.9090
G01 X41.0864Y13.8929
G01 X41.0027Y13.8307
G01 X40.9734Y13.8064
G01 X40.8891Y13.7296
G01 X40.8695Y13.7093
G01 X40.8036Y13.6366
G01 X40.7793Y13.6073
G01 X40.7171Y13.5236
G01 X40.7010Y13.5004
G01 X40.6882Y13.4797
G01 X40.6506Y13.5425
G01 X40.6353Y13.5662
G01 X40.5580Y13.6708
G01 X40.5337Y13.7000
G01 X40.4612Y13.7800
G01 X40.4416Y13.8003
G01 X40.3500Y13.8837
G01 X40.3159Y13.9118
G01 X40.2292Y13.9761
G01 X40.2060Y13.9921
G01 X40.0946Y14.0592
G01 X40.0609Y14.0769
G01 X39.9634Y14.1231
G01 X39.9375Y14.1343
G01 X39.8209Y14.1763
G01 X39.7787Y14.1891
G01 X39.6739Y14.2154
G01 X39.6464Y14.2213
G01 X39.5238Y14.2398
G01 X39.4799Y14.2442
G01 X39.3500Y14.2500
G01 X38.0659Y14.2498
G01 X37.9440Y14.2438
G01 X37.9062Y14.2398
G01 X37.7836Y14.2213
G01 X37.7561Y14.2154
G01 X37.6513Y14.1891
G01 X37.6091Y14.1763
G01 X37.5017Y14.1378
G01 X37.4666Y14.1231
G01 X37.3691Y14.0769
G01 X37.3440Y14.0640
G01 X37.2375Y14.0006
G01 X37.2138Y13.9853
G01 X37.1015Y13.9020
G01 X37.0800Y13.8837
G01 X36.9884Y13.8003
G01 X36.9688Y13.7800
G01 X36.8858Y13.6880
G01 X36.8682Y13.6659
G01 X36.8300Y13.6143
G01 X36.7918Y13.6659
G01 X36.7742Y13.6880
G01 X36.6912Y13.7800
G01 X36.6716Y13.8003
G01 X36.5800Y13.8837
G01 X36.5585Y13.9020
G01 X36.4592Y13.9761
G01 X36.4360Y13.9921
G01 X36.3160Y14.0640
G01 X36.2909Y14.0769
G01 X36.1788Y14.1296
G01 X36.1526Y14.1400
G01 X36.0358Y14.1814
G01 X36.0087Y14.1891
G01 X35.8980Y14.2168
G01 X35.8606Y14.2240
G01 X35.7380Y14.2419
G01 X35.7099Y14.2442
G01 X35.5880Y14.2499
G01 X34.3100Y14.2500
G01 X34.1801Y14.2442
G01 X34.1520Y14.2419
G01 X34.0294Y14.2240
G01 X34.0016Y14.2189
G01 X33.8813Y14.1891
G01 X33.8542Y14.1814
G01 X33.7374Y14.1400
G01 X33.7112Y14.1296
G01 X33.5991Y14.0769
G01 X33.5601Y14.0561
G01 X33.4540Y13.9921
G01 X33.4308Y13.9761
G01 X33.3441Y13.9118
G01 X33.3146Y13.8878
G01 X33.2300Y13.8112
G01 X33.1988Y13.7800
G01 X33.1158Y13.6880
G01 X33.0982Y13.6659
G01 X33.0300Y13.5737
G01 X32.9520Y13.6785
G01 X32.9337Y13.7000
G01 X32.8612Y13.7800
G01 X32.8300Y13.8112
G01 X32.7500Y13.8837
G01 X32.7285Y13.9020
G01 X32.6162Y13.9853
G01 X32.5925Y14.0006
G01 X32.4999Y14.0561
G01 X32.4609Y14.0769
G01 X32.3488Y14.1296
G01 X32.3226Y14.1400
G01 X32.2209Y14.1763
G01 X32.1787Y14.1891
G01 X32.0739Y14.2154
G01 X32.0464Y14.2213
G01 X31.9080Y14.2419
G01 X31.8799Y14.2442
G01 X31.7721Y14.2495
G01 X31.7279Y14.2495
G01 X31.6201Y14.2442
G01 X31.5920Y14.2419
G01 X31.4633Y14.2230
G01 X31.4261Y14.2154
G01 X31.3060Y14.1850
G01 X31.2791Y14.1763
G01 X31.1774Y14.1400
G01 X31.1366Y14.1231
G01 X31.0336Y14.0742
G01 X31.0001Y14.0561
G01 X30.9075Y14.0006
G01 X30.8838Y13.9853
G01 X30.7841Y13.9118
G01 X30.7620Y13.8942
G01 X30.6584Y13.8003
G01 X30.6388Y13.7800
G01 X30.5558Y13.6880
G01 X30.5382Y13.6659
G01 X30.4647Y13.5662
G01 X30.4494Y13.5425
G01 X30.3939Y13.4499
G01 X30.3758Y13.4164
G01 X30.3269Y13.3134
G01 X30.3100Y13.2726
G01 X30.2737Y13.1709
G01 X30.2650Y13.1441
G01 X30.2346Y13.0239
G01 X30.2287Y12.9964
G01 X30.2081Y12.8580
G01 X30.2058Y12.8299
G01 X30.2001Y12.7110
G00 Z20.0000
G00 X30.2093Y12.5325
G01 Z20.0000
G01 X27.4126Y15.0673
G01 X24.5581Y18.2167
G01 X22.0261Y21.6308
G01 X19.8409Y25.2765
G01 X18.0236Y29.1189
G01 X16.5917Y33.1210
G01 X15.5589Y37.2441
G01 X14.9352Y41.4485
G01 X14.7266Y45.6939
G01 X14.9352Y49.9393
G01 X15.5589Y54.1438
G01 X16.5917Y58.2669
G01 X18.0236Y62.2689
G01 X19.8409Y66.1113
G01 X22.0261Y69.7570
G01 X24.5581Y73.1711
G01 X27.4126Y76.3205
G01 X30.5620Y79.1749
G01 X30.5903Y79.1959
G00 Z20.0000
G00 X30.1242Y79.2836
G01 Z20.0000
G01 X27.1474Y76.5856
G01 X24.2683Y73.4090
G01 X21.7143Y69.9654
G01 X19.5102Y66.2881
G01 X17.6772Y62.4124
G01 X16.2328Y58.3757
G01 X15.1911Y54.2169
G01 X14.5620Y49.9760
G01 X14.3516Y45.6939
G01 X14.5620Y41.4118
G01 X15.1911Y37.1709
G01 X16.2328Y33.0121
G01 X17.6772Y28.9754
G01 X19.5102Y25.0998
G01 X21.7143Y21.4224
G01 X24.2683Y17.9789
G01 X27.1474Y14.8022
G01 X30.3241Y11.9230
G01 X30.4887Y11.8010
G00 Z20.0000
G00 X31.2558Y11.2320
G01 Z20.0000
G01 X33.7677Y9.3691
G01 X37.4450Y7.1650
G01 X41.3207Y5.3319
G01 X45.3573Y3.8876
G01 X49.5161Y2.8459
G01 X53.7570Y2.2168
G01 X58.0391Y2.0064
G01 X62.3213Y2.2168
G01 X66.5622Y2.8459
G01 X70.7210Y3.8876
G01 X74.0462Y5.0774
G00 Z20.0000
G00 X73.7345Y5.3636
G01 Z20.0000
G01 X73.5149Y5.2851
G00 Z20.0000
G00 X74.5317Y4.8533
G01 Z20.0000
G01 X70.8298Y3.5287
G01 X66.6353Y2.4781
G01 X62.3580Y1.8436
G01 X58.0391Y1.6314
G01 X53.7203Y1.8436
G01 X49.4430Y2.4781
G01 X45.2485Y3.5287
G01 X41.1772Y4.9855
G01 X37.2682Y6.8343
G01 X33.5593Y9.0573
G01 X30.0862Y11.6331
G01 X26.8823Y14.5370
G01 X23.9784Y17.7410
G01 X21.4025Y21.2141
G01 X19.1795Y24.9230
G01 X17.3307Y28.8319
G01 X15.8740Y32.9032
G01 X14.8233Y37.0977
G01 X14.1888Y41.3750
G01 X14.1296Y42.5811
G00 Z20.0000
G00 X13.7798Y42.0685
G01 Z20.0000
G01 X13.8156Y41.3383
G01 X14.4555Y37.0246
G01 X15.5151Y32.7944
G01 X16.9843Y28.6884
G01 X18.8488Y24.7462
G01 X21.0907Y21.0058
G01 X23.6885Y17.5031
G01 X26.6171Y14.2718
G01 X29.8483Y11.3433
G01 X33.3510Y8.7455
G01 X37.0915Y6.5035
G01 X41.0337Y4.6390
G01 X45.1396Y3.1699
G01 X49.3698Y2.1103
G01 X53.6835Y1.4704
G01 X58.0391Y1.2564
G01 X62.3948Y1.4704
G01 X66.7085Y2.1103
G01 X70.9387Y3.1699
G01 X75.0446Y4.6390
G01 X76.3649Y5.2634
G00 Z20.0000
G00 X76.6985Y5.0069
G01 Z20.0000
G01 X75.1882Y4.2926
G01 X71.0475Y2.8110
G01 X66.7816Y1.7425
G01 X62.4315Y1.0972
G01 X58.0391Y0.8814
G01 X53.6468Y1.0972
G01 X49.2967Y1.7425
G01 X45.0308Y2.8110
G01 X40.8901Y4.2926
G01 X36.9147Y6.1728
G01 X33.1427Y8.4337
G01 X29.6104Y11.0534
G01 X26.3519Y14.0067
G01 X23.3986Y17.2652
G01 X20.7789Y20.7974
G01 X18.5181Y24.5694
G01 X16.6378Y28.5449
G01 X15.1563Y32.6855
G01 X14.0877Y36.9514
G01 X13.4424Y41.3015
G01 X13.4176Y41.8064
G00 Z20.0000
G00 X13.0493Y41.6710
G01 Z20.0000
G01 X13.0692Y41.2648
G01 X13.7199Y36.8783
G01 X14.7974Y32.5767
G01 X16.2913Y28.4014
G01 X18.1873Y24.3927
G01 X20.4671Y20.5891
G01 X23.1087Y17.0273
G01 X26.0868Y13.7415
G01 X29.3725Y10.7635
G01 X32.9343Y8.1219
G01 X36.7379Y5.8421
G01 X40.7466Y3.9461
G01 X44.9219Y2.4522
G01 X49.2235Y1.3747
G01 X53.6100Y0.7240
G01 X58.0391Y0.5064
G01 X62.4683Y0.7240
G01 X66.8548Y1.3747
G01 X71.1564Y2.4522
G01 X75.3317Y3.9461
G01 X77.1914Y4.8257
G00 Z20.0000
G00 X79.7985Y4.8158
G01 Z20.0000
G01 X75.7622Y2.9067
G01 X71.4830Y1.3756
G01 X67.0743Y0.2713
G01 X62.9533Y-0.3400
G01 X65.5059Y-0.3400
G01 X67.1474Y-0.0965
G01 X71.5918Y1.0168
G01 X75.9057Y2.5603
G01 X80.0475Y4.5192
G01 X81.3899Y5.3238
G00 Z20.0000
G00 X81.6849Y5.0640
G01 Z20.0000
G01 X80.2243Y4.1885
G01 X76.0492Y2.2138
G01 X71.7007Y0.6579
G01 X67.7168Y-0.3400
G01 X69.2583Y-0.3400
G01 X71.8095Y0.2991
G01 X76.1927Y1.8674
G01 X80.4010Y3.8578
G01 X82.0899Y4.8700
G00 Z20.0000
G00 X82.7170Y4.8093
G01 Z20.0000
G01 X80.5778Y3.5270
G01 X76.3362Y1.5209
G01 X71.9184Y-0.0598
G01 X70.7998Y-0.3400
G01 X72.2471Y-0.3400
G01 X76.4797Y1.1745
G01 X80.7546Y3.1963
G01 X84.0706Y5.1838
G00 Z20.0000
G00 X84.4173Y4.9550
G01 Z20.0000
G01 X80.9314Y2.8656
G01 X76.6232Y0.8280
G01 X73.3589Y-0.3400
G01 X74.4706Y-0.3400
G01 X76.7667Y0.4816
G01 X81.1081Y2.5349
G01 X84.9066Y4.8116
G00 Z20.0000
G00 X85.8546Y5.0027
G01 Z20.0000
G01 X85.4357Y4.6921
G01 X81.2849Y2.2042
G01 X76.9102Y0.1351
G01 X75.5824Y-0.3400
G01 X76.6942Y-0.3400
G01 X77.0537Y-0.2114
G01 X81.4617Y1.8734
G01 X85.6440Y4.3803
G01 X86.6651Y5.1375
G00 Z20.0000
G00 X86.4007Y5.4078
G01 Z20.0000
G01 X86.1573Y5.2273
G01 X87.0125Y4.9289
G01 X85.8524Y4.0685
G01 X81.6384Y1.5427
G01 X77.6578Y-0.3400
G01 X78.5338Y-0.3400
G01 X81.8152Y1.2120
G01 X86.0607Y3.7567
G01 X87.4777Y4.8076
G00 Z20.0000
G00 X88.3098Y4.9584
G01 Z20.0000
G01 X86.2691Y3.4449
G01 X81.9920Y0.8813
G01 X79.4098Y-0.3400
G01 X80.2858Y-0.3400
G01 X82.1688Y0.5506
G01 X86.4774Y3.1331
G01 X90.5122Y6.1254
G01 X94.2342Y9.4989
G01 X97.6076Y13.2209
G01 X100.6000Y17.2557
G01 X100.6700Y17.3724
G01 X100.6700Y16.7213
G01 X97.8975Y12.9830
G01 X94.4993Y9.2337
G01 X90.7501Y5.8356
G01 X86.6857Y2.8213
G01 X82.3455Y0.2198
G01 X81.1619Y-0.3400
G01 X82.0379Y-0.3400
G01 X82.5223Y-0.1109
G01 X86.8941Y2.5095
G01 X90.9880Y5.5457
G01 X94.7645Y8.9685
G01 X98.1874Y12.7451
G01 X100.6700Y16.0925
G01 X100.6700Y15.4638
G01 X98.4773Y12.5072
G01 X95.0297Y8.7034
G01 X91.2258Y5.2558
G01 X87.1024Y2.1977
G01 X82.8686Y-0.3400
G01 X83.5971Y-0.3400
G01 X87.3108Y1.8859
G01 X91.4637Y4.9659
G01 X95.2948Y8.4382
G01 X98.7671Y12.2693
G01 X100.6700Y14.8350
G01 X100.6700Y14.2063
G01 X99.0570Y12.0314
G01 X95.5600Y8.1731
G01 X91.7016Y4.6760
G01 X87.5191Y1.5741
G01 X84.3257Y-0.3400
G01 X85.0542Y-0.3400
G01 X87.7274Y1.2623
G01 X91.9395Y4.3862
G01 X95.8252Y7.9079
G01 X99.3469Y11.7935
G01 X100.6700Y13.5775
G01 X100.6700Y12.9488
G01 X99.6368Y11.5556
G01 X96.0903Y7.6427
G01 X92.1774Y4.0963
G01 X87.9358Y0.9504
G01 X85.7828Y-0.3400
G01 X86.5113Y-0.3400
G01 X88.1441Y0.6386
G01 X92.4153Y3.8064
G01 X96.3555Y7.3776
G01 X99.9267Y11.3177
G01 X100.6700Y12.3200
G01 X100.6700Y11.6913
G01 X100.2165Y11.0798
G01 X96.6207Y7.1124
G01 X92.6532Y3.5165
G01 X88.3525Y0.3268
G01 X87.2399Y-0.3400
G01 X87.9684Y-0.3400
G01 X88.5608Y0.0150
G01 X92.8911Y3.2266
G01 X94.8629Y5.0137
G00 Z20.0000
G00 X95.4845Y5.5771
G01 Z20.0000
G01 X96.8858Y6.8472
G01 X100.5064Y10.8419
G01 X100.6700Y11.0625
G01 X100.6700Y10.4647
G01 X97.1510Y6.5821
G01 X96.3455Y5.8520
G00 Z20.0000
G00 X96.8763Y5.8276
G01 Z20.0000
G01 X97.4162Y6.3169
G01 X100.6700Y9.9070
G01 X100.6700Y9.3492
G01 X97.6813Y6.0517
G01 X97.2997Y5.7059
G00 Z20.0000
G00 X97.6516Y5.5193
G01 Z20.0000
G01 X97.9465Y5.7866
G01 X100.6700Y8.7915
G01 X100.6700Y8.2338
G01 X98.2117Y5.5214
G01 X97.9466Y5.2811
G00 Z20.0000
G00 X98.1900Y4.9963
G01 Z20.0000
G01 X98.4768Y5.2562
G01 X100.6700Y7.6760
G01 X100.6700Y7.1183
G01 X98.7420Y4.9911
G01 X98.3815Y4.6644
G00 Z20.0000
G00 X98.5139Y4.2789
G01 Z20.0000
G01 X99.0071Y4.7259
G01 X100.6700Y6.5606
G01 X100.6700Y6.0029
G01 X99.2723Y4.4607
G01 X98.5697Y3.8240
G00 Z20.0000
G00 X98.4902Y3.2463
G01 Z20.0000
G01 X99.5375Y4.1956
G01 X100.6700Y5.4451
G01 X100.6700Y4.8874
G01 X99.8026Y3.9304
G01 X95.5080Y0.0380
G01 X94.9984Y-0.3400
G01 X94.3696Y-0.3400
G01 X95.2701Y0.3279
G01 X96.8878Y1.7941
G00 Z20.0000
G00 X96.3052Y1.7715
G01 Z20.0000
G01 X95.0322Y0.6177
G01 X93.7409Y-0.3400
G01 X93.1121Y-0.3400
G01 X94.7943Y0.9076
G01 X95.8580Y1.8717
G00 Z20.0000
G00 X95.4873Y2.0412
G01 Z20.0000
G01 X94.5564Y1.1975
G01 X92.4833Y-0.3400
G01 X91.8546Y-0.3400
G01 X94.3185Y1.4874
G01 X95.1757Y2.2643
G00 Z20.0000
G00 X94.9161Y2.5345
G01 Z20.0000
G01 X94.0806Y1.7773
G01 X91.2258Y-0.3400
G01 X90.5971Y-0.3400
G01 X93.8427Y2.0671
G01 X94.7081Y2.8514
G00 Z20.0000
G00 X94.5568Y3.2199
G01 Z20.0000
G01 X93.6048Y2.3570
G01 X89.9683Y-0.3400
G01 X89.3396Y-0.3400
G01 X93.3669Y2.6469
G01 X94.4772Y3.6531
G00 Z20.0000
G00 X94.4701Y3.8210
G01 Z20.0000
G01 X94.4705Y3.7879
G01 X94.4793Y3.6152
G01 X94.4826Y3.5871
G01 X94.5083Y3.4161
G01 X94.5142Y3.3885
G01 X94.5566Y3.2208
G01 X94.5652Y3.1939
G01 X94.6238Y3.0312
G01 X94.6350Y3.0053
G01 X94.7092Y2.8491
G01 X94.7229Y2.8244
G01 X94.8121Y2.6762
G01 X94.8282Y2.6530
G01 X94.9315Y2.5143
G01 X94.9498Y2.4928
G01 X95.0661Y2.3648
G01 X95.0864Y2.3452
G01 X95.2148Y2.2293
G01 X95.2369Y2.2117
G01 X95.3760Y2.1090
G01 X95.3997Y2.0937
G01 X95.5483Y2.0050
G01 X95.5734Y1.9921
G01 X95.7299Y1.9185
G01 X95.7561Y1.9081
G01 X95.9191Y1.8501
G01 X95.9462Y1.8424
G01 X96.1141Y1.8007
G01 X96.1418Y1.7956
G01 X96.3130Y1.7705
G01 X96.3411Y1.7682
G01 X96.5139Y1.7601
G01 X96.5421Y1.7605
G01 X96.7148Y1.7693
G01 X96.7429Y1.7726
G01 X96.9139Y1.7983
G01 X96.9415Y1.8042
G01 X97.1092Y1.8466
G01 X97.1361Y1.8552
G01 X97.2988Y1.9138
G01 X97.3247Y1.9250
G01 X97.4809Y1.9992
G01 X97.5056Y2.0129
G01 X97.6538Y2.1021
G01 X97.6770Y2.1182
G01 X97.8157Y2.2215
G01 X97.8372Y2.2398
G01 X97.9652Y2.3561
G01 X97.9848Y2.3764
G01 X98.1007Y2.5048
G01 X98.1183Y2.5269
G01 X98.2210Y2.6660
G01 X98.2363Y2.6897
G01 X98.3250Y2.8383
G01 X98.3379Y2.8634
G01 X98.4115Y3.0199
G01 X98.4219Y3.0461
G01 X98.4799Y3.2091
G01 X98.4876Y3.2362
G01 X98.5293Y3.4041
G01 X98.5344Y3.4318
G01 X98.5595Y3.6030
G01 X98.5618Y3.6311
G01 X98.5699Y3.8039
G01 X98.5695Y3.8321
G01 X98.5607Y4.0048
G01 X98.5574Y4.0329
G01 X98.5317Y4.2039
G01 X98.5258Y4.2315
G01 X98.4834Y4.3992
G01 X98.4748Y4.4261
G01 X98.4162Y4.5888
G01 X98.4050Y4.6147
G01 X98.3308Y4.7709
G01 X98.3171Y4.7956
G01 X98.2279Y4.9438
G01 X98.2118Y4.9670
G01 X98.1085Y5.1057
G01 X98.0902Y5.1272
G01 X97.9739Y5.2552
G01 X97.9536Y5.2748
G01 X97.8252Y5.3907
G01 X97.8031Y5.4083
G01 X97.6640Y5.5110
G01 X97.6403Y5.5263
G01 X97.4917Y5.6150
G01 X97.4666Y5.6279
G01 X97.3101Y5.7015
G01 X97.2839Y5.7119
G01 X97.1209Y5.7699
G01 X97.0938Y5.7776
G01 X96.9259Y5.8193
G01 X96.8982Y5.8244
G01 X96.7270Y5.8495
G01 X96.6989Y5.8518
G01 X96.5261Y5.8599
G01 X96.4979Y5.8595
G01 X96.3252Y5.8507
G01 X96.2971Y5.8474
G01 X96.1261Y5.8217
G01 X96.0985Y5.8158
G01 X95.9308Y5.7734
G01 X95.9039Y5.7648
G01 X95.7412Y5.7062
G01 X95.7153Y5.6950
G01 X95.5591Y5.6208
G01 X95.5344Y5.6071
G01 X95.3862Y5.5179
G01 X95.3630Y5.5018
G01 X95.2243Y5.3985
G01 X95.2028Y5.3802
G01 X95.0748Y5.2639
G01 X95.0552Y5.2436
G01 X94.9393Y5.1152
G01 X94.9217Y5.0931
G01 X94.8190Y4.9540
G01 X94.8037Y4.9303
G01 X94.7150Y4.7817
G01 X94.7021Y4.7566
G01 X94.6285Y4.6001
G01 X94.6181Y4.5739
G01 X94.5601Y4.4109
G01 X94.5524Y4.3838
G01 X94.5107Y4.2159
G01 X94.5056Y4.1882
G01 X94.4805Y4.0170
G01 X94.4782Y3.9889
G01 X94.4701Y3.8210
G00 Z20.0000
G00 X94.5050Y4.1839
G01 Z20.0000
G01 X93.1290Y2.9368
G01 X88.7691Y-0.2968
G01 X88.6970Y-0.3400
G00 Z20.0000
G00 X88.7644Y5.2955
G01 Z20.0000
G01 X90.2743Y6.4153
G01 X93.9690Y9.7640
G01 X97.3177Y13.4588
G01 X100.2882Y17.4640
G01 X100.6700Y18.1010
G01 X100.6700Y18.8295
G01 X99.9764Y17.6723
G01 X97.0279Y13.6967
G01 X93.7038Y10.0292
G01 X90.0364Y6.7052
G01 X89.1502Y6.0480
G00 Z20.0000
G00 X89.1692Y6.5284
G01 Z20.0000
G01 X89.7985Y6.9951
G01 X93.4387Y10.2944
G01 X96.7380Y13.9346
G01 X99.6646Y17.8807
G01 X100.6700Y19.5581
G01 X100.6700Y20.2866
G01 X99.3528Y18.0890
G01 X96.4481Y14.1725
G01 X93.1735Y10.5595
G01 X89.5606Y7.2850
G01 X89.0704Y6.9214
G00 Z20.0000
G00 X88.8885Y7.2528
G01 Z20.0000
G01 X89.3227Y7.5748
G01 X92.9084Y10.8247
G01 X96.1582Y14.4104
G01 X99.0410Y18.2974
G01 X100.6700Y21.0152
G01 X100.6700Y21.7437
G01 X98.7292Y18.5057
G01 X95.8683Y14.6483
G01 X92.6432Y11.0899
G01 X89.0848Y7.8647
G01 X88.6338Y7.5303
G00 Z20.0000
G00 X88.2978Y7.7473
G01 Z20.0000
G01 X88.8469Y8.1546
G01 X92.3780Y11.3550
G01 X95.5785Y14.8862
G01 X98.4174Y18.7140
G01 X100.6700Y22.4723
G01 X100.6700Y23.2603
G01 X100.5367Y22.9785
G01 X98.1056Y18.9224
G01 X95.2886Y15.1241
G01 X92.1129Y11.6202
G01 X88.6090Y8.4445
G01 X87.8516Y7.8828
G00 Z20.0000
G00 X87.1353Y7.8178
G01 Z20.0000
G01 X88.3711Y8.7343
G01 X91.8477Y11.8854
G01 X94.9987Y15.3620
G01 X97.7938Y19.1307
G01 X100.2060Y23.1553
G01 X100.6700Y24.1363
G01 X100.6700Y25.0123
G01 X99.8753Y23.3320
G01 X97.4820Y19.3390
G01 X94.7088Y15.5999
G01 X91.5825Y12.1505
G01 X88.1332Y9.0242
G01 X86.1051Y7.5201
G00 Z20.0000
G00 X86.3574Y7.2409
G01 Z20.0000
G01 X86.3690Y7.2495
G00 Z20.0000
G00 X85.7730Y7.7401
G01 Z20.0000
G01 X87.8953Y9.3141
G01 X91.3174Y12.4157
G01 X94.4190Y15.8378
G01 X97.1702Y19.5474
G01 X99.5446Y23.5088
G01 X100.6700Y25.8883
G01 X100.6700Y26.7643
G01 X99.2138Y23.6856
G01 X96.8584Y19.7557
G01 X94.1291Y16.0757
G01 X94.0700Y16.0105
G00 Z20.0000
G00 X94.1430Y16.7232
G01 Z20.0000
G01 X96.5466Y19.9641
G01 X98.8831Y23.8623
G01 X100.6700Y27.6404
G01 X100.6700Y28.6458
G01 X100.4799Y28.1144
G01 X98.5524Y24.0391
G01 X96.2348Y20.1724
G01 X94.0034Y17.1638
G00 Z20.0000
G00 X93.7782Y17.4888
G01 Z20.0000
G01 X95.9230Y20.3807
G01 X98.2217Y24.2159
G01 X100.1334Y28.2579
G01 X100.6700Y29.7576
G01 X100.6700Y30.8693
G01 X99.7870Y28.4014
G01 X97.8910Y24.3927
G01 X95.6112Y20.5891
G01 X93.4913Y17.7308
G00 Z20.0000
G00 X93.1453Y17.8929
G01 Z20.0000
G01 X95.2994Y20.7974
G01 X97.5602Y24.5694
G01 X99.4405Y28.5449
G01 X100.6700Y31.9811
G01 X100.6700Y33.2208
G01 X100.5632Y32.7944
G01 X99.0940Y28.6884
G01 X97.2295Y24.7462
G01 X94.9876Y21.0058
G01 X92.7284Y17.9596
G00 Z20.0000
G00 X92.1903Y17.8628
G01 Z20.0000
G01 X94.6758Y21.2141
G01 X96.8988Y24.9230
G01 X98.7476Y28.8319
G01 X100.2043Y32.9032
G01 X100.6700Y34.7623
G01 X100.6700Y36.3038
G01 X99.8455Y33.0121
G01 X98.4011Y28.9754
G01 X96.5681Y25.0998
G01 X94.3640Y21.4224
G01 X91.8100Y17.9789
G01 X91.7159Y17.8750
G00 Z20.0000
G00 X91.6135Y18.3426
G01 Z20.0000
G01 X94.0522Y21.6308
G01 X96.2374Y25.2765
G01 X98.0547Y29.1189
G01 X99.4866Y33.1210
G01 X100.5194Y37.2441
G01 X100.6700Y38.2592
G01 X100.6700Y40.8119
G01 X100.1516Y37.3172
G01 X99.1278Y33.2298
G01 X97.7082Y29.2624
G01 X95.9066Y25.4533
G01 X93.7404Y21.8391
G01 X91.4140Y18.7024
G00 Z20.0000
G00 X91.1526Y18.9787
G01 Z20.0000
G01 X93.4286Y22.0474
G01 X95.5759Y25.6301
G01 X97.3618Y29.4059
G01 X98.7689Y33.3387
G01 X99.7838Y37.3904
G01 X100.3967Y41.5221
G01 X100.6016Y45.6939
G01 X100.3967Y49.8658
G01 X99.7838Y53.9974
G01 X98.7689Y58.0491
G01 X97.3618Y61.9819
G01 X95.5759Y65.7577
G01 X93.4286Y69.3404
G01 X90.9404Y72.6953
G01 X88.1354Y75.7901
G01 X85.0405Y78.5952
G01 X82.6213Y80.3894
G00 Z20.0000
G00 X82.4331Y80.0627
G01 Z20.0000
G01 X84.8026Y78.3053
G01 X87.8702Y75.5250
G01 X90.6505Y72.4574
G01 X93.1168Y69.1320
G01 X95.2452Y65.5810
G01 X97.0153Y61.8384
G01 X98.4101Y57.9403
G01 X99.4160Y53.9243
G01 X100.0235Y49.8290
G01 X100.2266Y45.6939
G01 X100.0235Y41.5588
G01 X99.4160Y37.4635
G01 X98.4101Y33.4475
G01 X97.0153Y29.5495
G01 X95.2452Y25.8069
G01 X93.1168Y22.2558
G01 X90.8347Y19.1788
G00 Z20.0000
G00 X90.4601Y19.3024
G01 Z20.0000
G01 X92.8050Y22.4641
G01 X94.9145Y25.9836
G01 X96.6689Y29.6930
G01 X98.0512Y33.5564
G01 X99.0482Y37.5367
G01 X99.6503Y41.5956
G01 X99.8516Y45.6939
G01 X99.6503Y49.7922
G01 X99.0482Y53.8511
G01 X98.0512Y57.8314
G01 X96.6689Y61.6949
G01 X94.9145Y65.4042
G01 X92.8050Y68.9237
G01 X90.3606Y72.2195
G01 X87.6051Y75.2598
G01 X84.5647Y78.0154
G01 X82.1667Y79.7939
G00 Z20.0000
G00 X81.8111Y79.5913
G01 Z20.0000
G01 X84.3268Y77.7255
G01 X87.3399Y74.9946
G01 X88.6190Y73.5833
G00 Z20.0000
G00 X88.9145Y73.2573
G01 Z20.0000
G01 X90.0708Y71.9816
G01 X92.4932Y68.7153
G01 X94.5838Y65.2274
G01 X96.3224Y61.5514
G01 X97.6924Y57.7226
G01 X98.6804Y53.7780
G01 X99.2771Y49.7555
G01 X99.4766Y45.6939
G01 X99.2771Y41.6323
G01 X98.6804Y37.6099
G01 X97.6924Y33.6652
G01 X96.3224Y29.8365
G01 X94.5838Y26.1604
G01 X92.4932Y22.6725
G01 X90.0708Y19.4062
G01 X89.9919Y19.3192
G00 Z20.0000
G00 X89.1378Y18.9346
G01 Z20.0000
G01 X89.7809Y19.6441
G01 X92.1814Y22.8808
G01 X94.2530Y26.3372
G01 X95.9760Y29.9800
G01 X97.3335Y33.7741
G01 X98.3126Y37.6830
G01 X98.9039Y41.6691
G01 X99.1016Y45.6939
G01 X98.9039Y49.7187
G01 X98.3126Y53.7048
G01 X97.3335Y57.6137
G01 X95.9760Y61.4078
G01 X94.2530Y65.0506
G01 X92.1814Y68.5070
G01 X89.7809Y71.7437
G01 X89.1796Y72.4071
G00 Z20.0000
G00 X89.1091Y71.9272
G01 Z20.0000
G01 X89.4910Y71.5058
G01 X91.8696Y68.2987
G01 X93.9223Y64.8739
G01 X95.6295Y61.2643
G01 X96.9747Y57.5049
G01 X97.9449Y53.6316
G01 X98.5307Y49.6820
G01 X98.7266Y45.6939
G01 X98.5307Y41.7058
G01 X97.9449Y37.7562
G01 X96.9747Y33.8829
G01 X95.6295Y30.1235
G01 X93.9223Y26.5140
G01 X91.8696Y23.0891
G01 X89.4910Y19.8820
G01 X88.6458Y18.9495
G00 Z20.0000
G00 X88.9198Y18.6941
G01 Z20.0000
G01 X88.8980Y18.6700
G00 Z20.0000
G00 X88.3321Y19.1611
G01 Z20.0000
G01 X89.2011Y20.1199
G01 X91.5578Y23.2975
G01 X93.5916Y26.6907
G01 X95.2830Y30.2670
G01 X96.6158Y33.9918
G01 X97.5771Y37.8293
G01 X98.1575Y41.7426
G01 X98.3516Y45.6939
G01 X98.1575Y49.6452
G01 X97.5771Y53.5585
G01 X96.6158Y57.3960
G01 X95.2830Y61.1208
G01 X93.5916Y64.6971
G01 X91.5578Y68.0903
G01 X89.2011Y71.2679
G01 X88.9374Y71.5589
G00 Z20.0000
G00 X88.6967Y71.2667
G01 Z20.0000
G01 X88.9113Y71.0300
G01 X91.2460Y67.8820
G01 X93.2609Y64.5203
G01 X94.9366Y60.9773
G01 X96.2570Y57.2872
G01 X97.2093Y53.4853
G01 X97.7843Y49.6085
G01 X97.9766Y45.6939
G01 X97.7843Y41.7793
G01 X97.2093Y37.9025
G01 X96.2570Y34.1007
G01 X94.9366Y30.4105
G01 X93.2609Y26.8675
G01 X91.2460Y23.5058
G01 X88.9113Y20.3578
G01 X87.9493Y19.2965
G00 Z20.0000
G00 X87.4662Y19.3211
G01 Z20.0000
G01 X88.6214Y20.5957
G01 X90.9342Y23.7142
G01 X92.9302Y27.0443
G01 X94.5901Y30.5540
G01 X95.8981Y34.2095
G01 X96.8415Y37.9756
G01 X97.4111Y41.8161
G01 X97.6016Y45.6939
G01 X97.4111Y49.5717
G01 X96.8415Y53.4122
G01 X95.8981Y57.1783
G01 X94.5901Y60.8338
G01 X92.9302Y64.3435
G01 X90.9342Y67.6737
G01 X89.1645Y70.0598
G00 Z20.0000
G00 X89.1324Y69.4743
G01 Z20.0000
G01 X90.6224Y67.4653
G01 X92.1843Y64.8593
G00 Z20.0000
G00 X91.6420Y65.0357
G01 Z20.0000
G01 X90.3106Y67.2570
G01 X88.9671Y69.0684
G00 Z20.0000
G00 X88.7305Y68.7586
G01 Z20.0000
G01 X89.9988Y67.0486
G01 X91.1967Y65.0500
G01 X90.7600Y65.0500
G01 X89.6870Y66.8403
G01 X88.4357Y68.5274
G00 Z20.0000
G00 X88.0869Y68.3690
G01 Z20.0000
G01 X89.3752Y66.6320
G01 X90.3234Y65.0500
G00 Z20.0000
G00 X89.9012Y65.0257
G01 Z20.0000
G01 X89.0634Y66.4236
G01 X87.6707Y68.3015
G00 Z20.0000
G00 X87.2054Y68.3000
G01 Z20.0000
G01 X88.7516Y66.2153
G01 X89.5328Y64.9118
G00 Z20.0000
G00 X89.2124Y64.7179
G01 Z20.0000
G01 X88.4398Y66.0069
G01 X86.7391Y68.3000
G00 Z20.0000
G00 X86.2699Y68.3039
G01 Z20.0000
G01 X88.1280Y65.7986
G01 X88.9408Y64.4424
G00 Z20.0000
G00 X88.7285Y64.0682
G01 Z20.0000
G01 X87.8162Y65.5903
G01 X85.7226Y68.4131
G01 X85.6826Y68.4572
G00 Z20.0000
G00 X84.9075Y69.3124
G01 Z20.0000
G01 X83.3624Y71.0172
G01 X80.7584Y73.3773
G01 X77.9355Y75.4709
G01 X74.9210Y77.2777
G01 X71.7440Y78.7803
G01 X71.0827Y79.0169
G00 Z20.0000
G00 X71.1036Y78.6117
G01 Z20.0000
G01 X71.6005Y78.4339
G01 X74.7443Y76.9470
G01 X77.7272Y75.1591
G01 X80.5205Y73.0875
G01 X83.0972Y70.7520
G01 X85.4327Y68.1752
G01 X87.5044Y65.3819
G01 X88.6204Y63.5198
G00 Z20.0000
G00 X89.2826Y62.2300
G01 Z20.0000
G01 X89.2041Y62.1718
G01 X89.1820Y62.1542
G01 X89.0900Y62.0712
G01 X89.0629Y62.0445
G01 X88.9863Y61.9600
G01 X88.9582Y61.9259
G01 X88.8847Y61.8262
G01 X88.8694Y61.8025
G01 X88.8139Y61.7099
G01 X88.8002Y61.6852
G01 X88.7469Y61.5734
G01 X88.7357Y61.5475
G01 X88.6937Y61.4309
G01 X88.6809Y61.3887
G01 X88.6511Y61.2684
G01 X88.6460Y61.2406
G01 X88.6302Y61.1338
G01 X88.6262Y61.0960
G01 X88.6205Y60.9821
G01 X88.6204Y60.9410
G01 X88.6269Y60.8142
G01 X88.6302Y60.7862
G01 X88.6487Y60.6636
G01 X88.6546Y60.6361
G01 X88.6809Y60.5313
G01 X88.6886Y60.5042
G01 X88.7300Y60.3874
G01 X88.7444Y60.3522
G01 X88.7931Y60.2491
G01 X88.8060Y60.2240
G01 X88.8694Y60.1175
G01 X88.8939Y60.0808
G01 X88.9680Y59.9815
G01 X88.9863Y59.9600
G01 X89.0588Y59.8800
G01 X89.0855Y59.8529
G01 X89.1700Y59.7763
G01 X89.1992Y59.7520
G01 X89.2908Y59.6839
G01 X89.3275Y59.6594
G01 X89.4201Y59.6039
G01 X89.4448Y59.5902
G01 X89.5712Y59.5304
G01 X89.5974Y59.5200
G01 X89.7142Y59.4786
G01 X89.7413Y59.4709
G01 X89.8461Y59.4446
G01 X89.8894Y59.4360
G01 X90.0022Y59.4193
G01 X90.0401Y59.4158
G01 X90.1700Y59.4100
G01 X91.4400Y59.4100
G01 X91.4621Y59.4105
G01 X91.5858Y59.4169
G01 X91.6138Y59.4202
G01 X91.7206Y59.4360
G01 X91.7484Y59.4411
G01 X91.8687Y59.4709
G01 X91.8958Y59.4786
G01 X92.0126Y59.5200
G01 X92.0388Y59.5304
G01 X92.1509Y59.5831
G01 X92.1846Y59.6008
G01 X92.2877Y59.6626
G01 X92.3192Y59.6839
G01 X92.4059Y59.7482
G01 X92.4280Y59.7658
G01 X92.5200Y59.8488
G01 X92.5512Y59.8800
G01 X92.6342Y59.9720
G01 X92.6518Y59.9941
G01 X92.7161Y60.0808
G01 X92.7321Y60.1040
G01 X92.7961Y60.2101
G01 X92.8098Y60.2348
G01 X92.8631Y60.3466
G01 X92.8800Y60.3874
G01 X92.9163Y60.4891
G01 X92.9250Y60.5159
G01 X92.9554Y60.6361
G01 X92.9630Y60.6733
G01 X92.9807Y60.7922
G01 X92.9842Y60.8301
G01 X92.9895Y60.9379
G01 X92.9895Y60.9821
G01 X92.9842Y61.0899
G01 X92.9819Y61.1180
G01 X92.9640Y61.2406
G01 X92.9554Y61.2839
G01 X92.9250Y61.4041
G01 X92.9163Y61.4309
G01 X92.8800Y61.5326
G01 X92.8656Y61.5678
G01 X92.8098Y61.6852
G01 X92.7961Y61.7099
G01 X92.7406Y61.8025
G01 X92.7161Y61.8392
G01 X92.6420Y61.9385
G01 X92.6237Y61.9600
G01 X92.5512Y62.0400
G01 X92.5200Y62.0712
G01 X92.4280Y62.1542
G01 X92.4059Y62.1718
G01 X92.3274Y62.2300
G01 X92.4059Y62.2882
G01 X92.4280Y62.3058
G01 X92.5200Y62.3888
G01 X92.5403Y62.4084
G01 X92.6237Y62.5000
G01 X92.6420Y62.5215
G01 X92.7161Y62.6208
G01 X92.7321Y62.6440
G01 X92.8040Y62.7640
G01 X92.8169Y62.7891
G01 X92.8696Y62.9012
G01 X92.8800Y62.9274
G01 X92.9214Y63.0442
G01 X92.9291Y63.0713
G01 X92.9568Y63.1820
G01 X92.9640Y63.2194
G01 X92.9819Y63.3420
G01 X92.9842Y63.3701
G01 X92.9895Y63.4779
G01 X92.9895Y63.5221
G01 X92.9838Y63.6360
G01 X92.9798Y63.6738
G01 X92.9640Y63.7806
G01 X92.9589Y63.8084
G01 X92.9291Y63.9287
G01 X92.9214Y63.9558
G01 X92.8800Y64.0726
G01 X92.8696Y64.0988
G01 X92.8169Y64.2109
G01 X92.7992Y64.2446
G01 X92.7406Y64.3425
G01 X92.7253Y64.3662
G01 X92.6518Y64.4659
G01 X92.6237Y64.5000
G01 X92.5512Y64.5800
G01 X92.5316Y64.6003
G01 X92.4400Y64.6837
G01 X92.4108Y64.7080
G01 X92.3192Y64.7761
G01 X92.2825Y64.8006
G01 X92.1760Y64.8640
G01 X92.1509Y64.8769
G01 X92.0388Y64.9296
G01 X92.0126Y64.9400
G01 X91.9109Y64.9763
G01 X91.8841Y64.9850
G01 X91.7639Y65.0154
G01 X91.7364Y65.0213
G01 X91.5980Y65.0419
G01 X91.5699Y65.0442
G01 X91.4480Y65.0499
G01 X90.1700Y65.0500
G01 X90.0340Y65.0438
G01 X89.9962Y65.0398
G01 X89.8736Y65.0213
G01 X89.8461Y65.0154
G01 X89.7260Y64.9850
G01 X89.6991Y64.9763
G01 X89.5974Y64.9400
G01 X89.5712Y64.9296
G01 X89.4591Y64.8769
G01 X89.4254Y64.8592
G01 X89.3223Y64.7974
G01 X89.2908Y64.7761
G01 X89.1915Y64.7020
G01 X89.1700Y64.6837
G01 X89.0900Y64.6112
G01 X89.0588Y64.5800
G01 X88.9758Y64.4880
G01 X88.9582Y64.4659
G01 X88.8939Y64.3792
G01 X88.8779Y64.3560
G01 X88.8139Y64.2499
G01 X88.7931Y64.2109
G01 X88.7404Y64.0988
G01 X88.7300Y64.0726
G01 X88.6937Y63.9709
G01 X88.6809Y63.9287
G01 X88.6511Y63.8084
G01 X88.6460Y63.7806
G01 X88.6302Y63.6738
G01 X88.6258Y63.6299
G01 X88.6201Y63.5049
G01 X88.6204Y63.4810
G01 X88.6258Y63.3701
G01 X88.6293Y63.3322
G01 X88.6470Y63.2133
G01 X88.6546Y63.1761
G01 X88.6809Y63.0713
G01 X88.6886Y63.0442
G01 X88.7300Y62.9274
G01 X88.7469Y62.8866
G01 X88.8002Y62.7748
G01 X88.8139Y62.7501
G01 X88.8694Y62.6575
G01 X88.8939Y62.6208
G01 X88.9680Y62.5215
G01 X88.9863Y62.5000
G01 X89.0588Y62.4200
G01 X89.0900Y62.3888
G01 X89.1820Y62.3058
G01 X89.2041Y62.2882
G01 X89.2826Y62.2300
G00 Z20.0000
G00 X89.0515Y62.0320
G01 Z20.0000
G01 X88.9615Y62.2223
G01 X87.1926Y65.1736
G01 X85.1428Y67.9373
G01 X82.8321Y70.4868
G01 X80.2826Y72.7976
G01 X77.5188Y74.8473
G01 X74.5675Y76.6163
G01 X71.4570Y78.0874
G01 X71.0206Y78.2436
G00 Z20.0000
G00 X70.8463Y77.9081
G01 Z20.0000
G01 X71.3135Y77.7410
G01 X74.3907Y76.2856
G01 X77.3105Y74.5355
G01 X80.0447Y72.5077
G01 X82.5669Y70.2217
G01 X84.8529Y67.6994
G01 X86.8808Y64.9652
G01 X88.6308Y62.0455
G01 X88.8007Y61.6862
G00 Z20.0000
G00 X88.6343Y61.1620
G01 Z20.0000
G01 X88.3001Y61.8687
G01 X86.5690Y64.7569
G01 X84.5631Y67.4615
G01 X82.3018Y69.9565
G01 X79.8068Y72.2178
G01 X77.1022Y74.2237
G01 X74.2139Y75.9548
G01 X71.1700Y77.3945
G01 X70.5678Y77.6100
G00 Z20.0000
G00 X70.1289Y77.3692
G01 Z20.0000
G01 X71.0265Y77.0481
G01 X74.0372Y75.6241
G01 X76.8938Y73.9119
G01 X79.5689Y71.9279
G01 X82.0366Y69.6913
G01 X84.2732Y67.2236
G01 X86.2571Y64.5486
G01 X87.9694Y61.6919
G01 X89.3933Y58.6812
G01 X90.2954Y56.1600
G00 Z20.0000
G00 X89.9060Y56.1365
G01 Z20.0000
G01 X89.0469Y58.5377
G01 X87.7897Y61.1958
G00 Z20.0000
G00 X87.7214Y60.4642
G01 Z20.0000
G01 X88.7004Y58.3942
G01 X89.5469Y56.0284
G00 Z20.0000
G00 X89.2191Y55.8329
G01 Z20.0000
G01 X88.3539Y58.2507
G01 X87.4975Y60.0616
G00 Z20.0000
G00 X87.2124Y59.7884
G01 Z20.0000
G01 X88.0075Y58.1072
G01 X88.9279Y55.5349
G00 Z20.0000
G00 X88.6931Y55.0793
G01 Z20.0000
G01 X87.6610Y57.9637
G01 X86.8831Y59.6084
G00 Z20.0000
G00 X86.5115Y59.5181
G01 Z20.0000
G01 X87.3146Y57.8202
G01 X88.3622Y54.8923
G01 X88.8614Y52.8992
G00 Z20.0000
G00 X89.1608Y53.2455
G01 Z20.0000
G01 X89.0996Y53.4901
G00 Z20.0000
G00 X89.2826Y53.3400
G01 Z20.0000
G01 X89.2041Y53.2818
G01 X89.1820Y53.2642
G01 X89.0900Y53.1812
G01 X89.0588Y53.1500
G01 X88.9863Y53.0700
G01 X88.9680Y53.0485
G01 X88.8939Y52.9492
G01 X88.8694Y52.9125
G01 X88.8139Y52.8199
G01 X88.8002Y52.7952
G01 X88.7469Y52.6834
G01 X88.7300Y52.6426
G01 X88.6886Y52.5258
G01 X88.6809Y52.4987
G01 X88.6546Y52.3939
G01 X88.6470Y52.3567
G01 X88.6293Y52.2378
G01 X88.6258Y52.1999
G01 X88.6201Y52.0749
G01 X88.6204Y52.0510
G01 X88.6258Y51.9401
G01 X88.6302Y51.8962
G01 X88.6487Y51.7736
G01 X88.6546Y51.7461
G01 X88.6809Y51.6413
G01 X88.6937Y51.5991
G01 X88.7357Y51.4825
G01 X88.7469Y51.4566
G01 X88.7931Y51.3591
G01 X88.8139Y51.3201
G01 X88.8779Y51.2140
G01 X88.8939Y51.1908
G01 X88.9582Y51.1041
G01 X88.9758Y51.0820
G01 X89.0588Y50.9900
G01 X89.0900Y50.9588
G01 X89.1700Y50.8863
G01 X89.1915Y50.8680
G01 X89.2908Y50.7939
G01 X89.3223Y50.7726
G01 X89.4254Y50.7108
G01 X89.4591Y50.6931
G01 X89.5712Y50.6404
G01 X89.5974Y50.6300
G01 X89.6991Y50.5937
G01 X89.7260Y50.5850
G01 X89.8461Y50.5546
G01 X89.8736Y50.5487
G01 X89.9962Y50.5302
G01 X90.0340Y50.5262
G01 X90.1700Y50.5200
G01 X91.4480Y50.5201
G01 X91.5699Y50.5258
G01 X91.5980Y50.5281
G01 X91.7364Y50.5487
G01 X91.7639Y50.5546
G01 X91.8687Y50.5809
G01 X91.8958Y50.5886
G01 X92.0126Y50.6300
G01 X92.0388Y50.6404
G01 X92.1509Y50.6931
G01 X92.1760Y50.7060
G01 X92.2825Y50.7694
G01 X92.3192Y50.7939
G01 X92.4108Y50.8620
G01 X92.4400Y50.8863
G01 X92.5200Y50.9588
G01 X92.5403Y50.9784
G01 X92.6237Y51.0700
G01 X92.6518Y51.1041
G01 X92.7253Y51.2038
G01 X92.7406Y51.2275
G01 X92.7992Y51.3254
G01 X92.8169Y51.3591
G01 X92.8696Y51.4712
G01 X92.8800Y51.4974
G01 X92.9214Y51.6142
G01 X92.9291Y51.6413
G01 X92.9589Y51.7616
G01 X92.9640Y51.7894
G01 X92.9798Y51.8962
G01 X92.9838Y51.9340
G01 X92.9895Y52.0479
G01 X92.9895Y52.0921
G01 X92.9842Y52.1999
G01 X92.9819Y52.2280
G01 X92.9640Y52.3506
G01 X92.9568Y52.3880
G01 X92.9291Y52.4987
G01 X92.9214Y52.5258
G01 X92.8800Y52.6426
G01 X92.8696Y52.6688
G01 X92.8169Y52.7809
G01 X92.8040Y52.8060
G01 X92.7321Y52.9260
G01 X92.7161Y52.9492
G01 X92.6420Y53.0485
G01 X92.6237Y53.0700
G01 X92.5403Y53.1616
G01 X92.5200Y53.1812
G01 X92.4280Y53.2642
G01 X92.4059Y53.2818
G01 X92.3274Y53.3400
G01 X92.4059Y53.3982
G01 X92.4280Y53.4158
G01 X92.5200Y53.4988
G01 X92.5512Y53.5300
G01 X92.6237Y53.6100
G01 X92.6420Y53.6315
G01 X92.7161Y53.7308
G01 X92.7406Y53.7675
G01 X92.7961Y53.8601
G01 X92.8098Y53.8848
G01 X92.8656Y54.0022
G01 X92.8800Y54.0374
G01 X92.9163Y54.1391
G01 X92.9250Y54.1659
G01 X92.9554Y54.2861
G01 X92.9640Y54.3294
G01 X92.9819Y54.4520
G01 X92.9842Y54.4801
G01 X92.9895Y54.5879
G01 X92.9895Y54.6321
G01 X92.9842Y54.7399
G01 X92.9807Y54.7778
G01 X92.9630Y54.8967
G01 X92.9554Y54.9339
G01 X92.9250Y55.0541
G01 X92.9163Y55.0809
G01 X92.8800Y55.1826
G01 X92.8631Y55.2234
G01 X92.8098Y55.3352
G01 X92.7961Y55.3599
G01 X92.7321Y55.4660
G01 X92.7161Y55.4892
G01 X92.6518Y55.5759
G01 X92.6342Y55.5980
G01 X92.5512Y55.6900
G01 X92.5200Y55.7212
G01 X92.4280Y55.8042
G01 X92.4059Y55.8218
G01 X92.3192Y55.8861
G01 X92.2877Y55.9074
G01 X92.1846Y55.9692
G01 X92.1509Y55.9869
G01 X92.0388Y56.0396
G01 X92.0126Y56.0500
G01 X91.8958Y56.0914
G01 X91.8687Y56.0991
G01 X91.7484Y56.1289
G01 X91.7206Y56.1340
G01 X91.6138Y56.1498
G01 X91.5858Y56.1531
G01 X91.4621Y56.1595
G01 X91.4400Y56.1600
G01 X90.1700Y56.1600
G01 X90.0401Y56.1542
G01 X90.0022Y56.1507
G01 X89.8894Y56.1340
G01 X89.8461Y56.1254
G01 X89.7413Y56.0991
G01 X89.7142Y56.0914
G01 X89.5974Y56.0500
G01 X89.5712Y56.0396
G01 X89.4448Y55.9798
G01 X89.4201Y55.9661
G01 X89.3275Y55.9106
G01 X89.2958Y55.8897
G01 X89.2041Y55.8218
G01 X89.1700Y55.7937
G01 X89.0900Y55.7212
G01 X89.0697Y55.7016
G01 X88.9863Y55.6100
G01 X88.9620Y55.5808
G01 X88.8939Y55.4892
G01 X88.8694Y55.4525
G01 X88.8060Y55.3460
G01 X88.7931Y55.3209
G01 X88.7444Y55.2178
G01 X88.7300Y55.1826
G01 X88.6886Y55.0658
G01 X88.6809Y55.0387
G01 X88.6546Y54.9339
G01 X88.6487Y54.9064
G01 X88.6302Y54.7838
G01 X88.6269Y54.7558
G01 X88.6204Y54.6290
G01 X88.6205Y54.5879
G01 X88.6262Y54.4740
G01 X88.6302Y54.4362
G01 X88.6487Y54.3136
G01 X88.6546Y54.2861
G01 X88.6809Y54.1813
G01 X88.6937Y54.1391
G01 X88.7357Y54.0225
G01 X88.7469Y53.9966
G01 X88.8002Y53.8848
G01 X88.8139Y53.8601
G01 X88.8694Y53.7675
G01 X88.8847Y53.7438
G01 X88.9582Y53.6441
G01 X88.9863Y53.6100
G01 X89.0629Y53.5255
G01 X89.0900Y53.4988
G01 X89.1820Y53.4158
G01 X89.2041Y53.3982
G01 X89.2826Y53.3400
G00 Z20.0000
G00 X88.6336Y52.2672
G01 Z20.0000
G01 X88.0033Y54.7834
G01 X86.9681Y57.6767
G01 X86.0889Y59.5357
G00 Z20.0000
G00 X85.5782Y59.7395
G01 Z20.0000
G01 X86.6217Y57.5332
G01 X87.6445Y54.6746
G01 X88.3822Y51.7295
G01 X88.8277Y48.7263
G01 X88.9766Y45.6939
G01 X88.9293Y44.7300
G01 X89.3043Y44.7300
G01 X89.3516Y45.6939
G01 X89.2009Y48.7631
G01 X88.8241Y51.3031
G00 Z20.0000
G00 X89.2767Y50.8044
G01 Z20.0000
G01 X89.5741Y48.7998
G01 X89.7266Y45.6939
G01 X89.6793Y44.7300
G01 X90.0543Y44.7300
G01 X90.1016Y45.6939
G01 X89.9473Y48.8366
G01 X89.6859Y50.5984
G00 Z20.0000
G00 X90.0756Y50.5241
G01 Z20.0000
G01 X90.3205Y48.8733
G01 X90.4766Y45.6939
G01 X90.4282Y44.7073
G00 Z20.0000
G00 X90.7977Y44.5963
G01 Z20.0000
G01 X90.8516Y45.6939
G01 X90.6936Y48.9101
G01 X90.4548Y50.5200
G01 X90.8335Y50.5200
G01 X91.0668Y48.9469
G01 X91.2266Y45.6939
G01 X91.1617Y44.3711
G00 Z20.0000
G00 X91.5158Y43.9470
G01 Z20.0000
G01 X91.6016Y45.6939
G01 X91.4400Y48.9836
G01 X91.2121Y50.5200
G00 Z20.0000
G00 X91.5897Y50.5273
G01 Z20.0000
G01 X91.8132Y49.0204
G01 X91.9766Y45.6939
G01 X91.8132Y42.3675
G01 X91.3245Y39.0730
G01 X90.5153Y35.8424
G01 X90.5014Y35.8035
G00 Z20.0000
G00 X90.8548Y35.6793
G01 Z20.0000
G01 X90.8742Y35.7335
G01 X91.6923Y38.9999
G01 X92.1864Y42.3307
G01 X92.3516Y45.6939
G01 X92.1864Y49.0571
G01 X91.9561Y50.6098
G00 Z20.0000
G00 X92.3086Y50.7864
G01 Z20.0000
G01 X92.5596Y49.0939
G01 X92.7266Y45.6939
G01 X92.6501Y44.1349
G00 Z20.0000
G00 X93.0425Y44.4896
G01 Z20.0000
G01 X93.1016Y45.6939
G01 X92.9328Y49.1306
G01 X92.6420Y51.0914
G00 Z20.0000
G00 X92.9354Y51.6661
G01 Z20.0000
G01 X93.3060Y49.1674
G01 X93.4766Y45.6939
G01 X93.4261Y44.6650
G00 Z20.0000
G00 X93.8042Y44.7273
G01 Z20.0000
G01 X93.8516Y45.6939
G01 X93.6792Y49.2041
G01 X93.1635Y52.6806
G01 X92.8440Y53.9563
G00 Z20.0000
G00 X92.5617Y53.5416
G01 Z20.0000
G01 X92.7071Y52.9613
G00 Z20.0000
G00 X92.3700Y55.8484
G01 Z20.0000
G01 X92.3096Y56.0897
G01 X91.1256Y59.3988
G01 X91.1203Y59.4100
G00 Z20.0000
G00 X91.5182Y59.4133
G01 Z20.0000
G01 X92.6684Y56.1986
G01 X93.5313Y52.7537
G01 X94.0524Y49.2409
G01 X94.2266Y45.6939
G01 X94.1793Y44.7300
G01 X94.5543Y44.7300
G01 X94.6016Y45.6939
G01 X94.4256Y49.2777
G01 X93.8991Y52.8269
G01 X93.0273Y56.3074
G01 X91.8929Y59.4777
G00 Z20.0000
G00 X92.2358Y59.6314
G01 Z20.0000
G01 X93.3861Y56.4163
G01 X94.2669Y52.9001
G01 X94.7988Y49.3144
G01 X94.9766Y45.6939
G01 X94.9293Y44.7300
G00 Z20.0000
G00 X95.3039Y44.7211
G01 Z20.0000
G01 X95.3516Y45.6939
G01 X95.1720Y49.3512
G01 X94.6347Y52.9732
G01 X93.7450Y56.5252
G01 X92.5465Y59.8748
G00 Z20.0000
G00 X92.8056Y60.2269
G01 Z20.0000
G01 X92.8579Y60.1163
G01 X94.1038Y56.6340
G01 X95.0025Y53.0464
G01 X95.5452Y49.3879
G01 X95.7266Y45.6939
G01 X95.6746Y44.6336
G00 Z20.0000
G00 X96.0401Y44.4406
G01 Z20.0000
G01 X96.1016Y45.6939
G01 X95.9184Y49.4247
G01 X95.3703Y53.1195
G01 X94.4627Y56.7429
G01 X93.2043Y60.2598
G01 X92.9740Y60.7468
G00 Z20.0000
G00 X92.5813Y62.4531
G01 Z20.0000
G01 X93.5508Y60.4033
G01 X94.8215Y56.8517
G01 X95.7381Y53.1927
G01 X96.2916Y49.4614
G01 X96.4766Y45.6939
G01 X96.3976Y44.0841
G01 X96.8516Y45.6939
G01 X96.6648Y41.8896
G01 X96.1059Y38.1220
G01 X95.1804Y34.4272
G01 X93.8972Y30.8410
G01 X92.2687Y27.3978
G01 X90.3106Y24.1308
G01 X88.0416Y21.0715
G01 X86.1127Y18.9432
G00 Z20.0000
G00 X85.8009Y19.1569
G01 Z20.0000
G01 X87.7517Y21.3094
G01 X89.9988Y24.3392
G01 X91.9380Y27.5746
G01 X93.5508Y30.9845
G01 X94.8215Y34.5361
G01 X95.7381Y38.1951
G01 X96.2916Y41.9264
G01 X96.3029Y42.1570
G00 Z20.0000
G00 X95.8985Y41.8291
G01 Z20.0000
G01 X95.3703Y38.2683
G01 X94.4627Y34.6449
G01 X94.0650Y33.5335
G00 Z20.0000
G00 X93.8180Y33.9549
G01 Z20.0000
G01 X94.1038Y34.7538
G01 X95.0025Y38.3414
G01 X95.4967Y41.6728
G00 Z20.0000
G00 X95.1400Y41.6300
G01 Z20.0000
G01 X95.2699Y41.6358
G01 X95.3138Y41.6402
G01 X95.4206Y41.6560
G01 X95.4484Y41.6611
G01 X95.5841Y41.6950
G01 X95.6109Y41.7037
G01 X95.7126Y41.7400
G01 X95.7534Y41.7569
G01 X95.8652Y41.8102
G01 X95.8899Y41.8239
G01 X95.9825Y41.8794
G01 X96.0192Y41.9039
G01 X96.1185Y41.9780
G01 X96.1400Y41.9963
G01 X96.2200Y42.0688
G01 X96.2512Y42.1000
G01 X96.3237Y42.1800
G01 X96.3420Y42.2015
G01 X96.4197Y42.3058
G01 X96.4406Y42.3375
G01 X96.4961Y42.4301
G01 X96.5169Y42.4691
G01 X96.5631Y42.5666
G01 X96.5743Y42.5925
G01 X96.6163Y42.7091
G01 X96.6291Y42.7513
G01 X96.6554Y42.8561
G01 X96.6613Y42.8836
G01 X96.6819Y43.0220
G01 X96.6842Y43.0501
G01 X96.6895Y43.1579
G01 X96.6895Y43.2021
G01 X96.6842Y43.3099
G01 X96.6819Y43.3380
G01 X96.6640Y43.4606
G01 X96.6554Y43.5039
G01 X96.6291Y43.6087
G01 X96.6214Y43.6358
G01 X96.5743Y43.7675
G01 X96.5631Y43.7934
G01 X96.5169Y43.8909
G01 X96.4961Y43.9299
G01 X96.4406Y44.0225
G01 X96.4253Y44.0462
G01 X96.3420Y44.1585
G01 X96.3237Y44.1800
G01 X96.2512Y44.2600
G01 X96.2316Y44.2803
G01 X96.1400Y44.3637
G01 X96.1185Y44.3820
G01 X96.0192Y44.4561
G01 X95.9960Y44.4721
G01 X95.8899Y44.5361
G01 X95.8652Y44.5498
G01 X95.7534Y44.6031
G01 X95.7275Y44.6143
G01 X95.6109Y44.6563
G01 X95.5840Y44.6650
G01 X95.4639Y44.6954
G01 X95.4364Y44.7013
G01 X95.3138Y44.7198
G01 X95.2760Y44.7238
G01 X95.1400Y44.7300
G01 X93.8700Y44.7300
G01 X93.7401Y44.7242
G01 X93.6962Y44.7198
G01 X93.5894Y44.7040
G01 X93.5616Y44.6989
G01 X93.4413Y44.6691
G01 X93.3991Y44.6563
G01 X93.2974Y44.6200
G01 X93.2712Y44.6096
G01 X93.1448Y44.5498
G01 X93.1201Y44.5361
G01 X93.0275Y44.4806
G01 X92.9908Y44.4561
G01 X92.8915Y44.3820
G01 X92.8700Y44.3637
G01 X92.7784Y44.2803
G01 X92.7588Y44.2600
G01 X92.6758Y44.1680
G01 X92.6582Y44.1459
G01 X92.5847Y44.0462
G01 X92.5694Y44.0225
G01 X92.5060Y43.9160
G01 X92.4931Y43.8909
G01 X92.4404Y43.7788
G01 X92.4300Y43.7526
G01 X92.3886Y43.6358
G01 X92.3809Y43.6087
G01 X92.3511Y43.4884
G01 X92.3460Y43.4606
G01 X92.3281Y43.3380
G01 X92.3258Y43.3099
G01 X92.3201Y43.1849
G01 X92.3205Y43.1579
G01 X92.3269Y43.0342
G01 X92.3302Y43.0062
G01 X92.3487Y42.8836
G01 X92.3546Y42.8561
G01 X92.3850Y42.7360
G01 X92.3937Y42.7091
G01 X92.4357Y42.5925
G01 X92.4469Y42.5666
G01 X92.5002Y42.4548
G01 X92.5139Y42.4301
G01 X92.5779Y42.3240
G01 X92.5939Y42.3008
G01 X92.6680Y42.2015
G01 X92.6863Y42.1800
G01 X92.7697Y42.0884
G01 X92.7900Y42.0688
G01 X92.8700Y41.9963
G01 X92.8992Y41.9720
G01 X92.9908Y41.9039
G01 X93.0275Y41.8794
G01 X93.1201Y41.8239
G01 X93.1448Y41.8102
G01 X93.2566Y41.7569
G01 X93.2825Y41.7457
G01 X93.4142Y41.6986
G01 X93.4413Y41.6909
G01 X93.5520Y41.6632
G01 X93.5894Y41.6560
G01 X93.7120Y41.6381
G01 X93.7401Y41.6358
G01 X93.8620Y41.6301
G01 X95.1400Y41.6300
G01 X95.1117Y41.6300
G01 X94.6347Y38.4146
G01 X93.7450Y34.8627
G01 X93.5167Y34.2248
G00 Z20.0000
G00 X93.1785Y34.3911
G01 Z20.0000
G01 X93.3861Y34.9715
G01 X94.2669Y38.4878
G01 X94.7330Y41.6300
G01 X94.3544Y41.6300
G01 X93.8991Y38.5609
G01 X93.0273Y35.0804
G01 X92.8074Y34.4658
G00 Z20.0000
G00 X92.3988Y34.4356
G01 Z20.0000
G01 X92.6684Y35.1892
G01 X93.5313Y38.6341
G01 X93.9757Y41.6300
G00 Z20.0000
G00 X93.6007Y41.6543
G01 Z20.0000
G01 X93.1635Y38.7072
G01 X92.3096Y35.2981
G01 X91.9320Y34.2428
G01 X91.6778Y34.6442
G01 X91.9507Y35.4069
G01 X92.7957Y38.7804
G01 X93.2385Y41.7655
G00 Z20.0000
G00 X92.8914Y41.9781
G01 Z20.0000
G01 X92.4279Y38.8536
G01 X91.5919Y35.5158
G01 X91.4604Y35.1485
G00 Z20.0000
G00 X91.1768Y35.4676
G01 Z20.0000
G01 X91.2330Y35.6247
G01 X92.0601Y38.9267
G01 X92.5596Y42.2939
G01 X92.5623Y42.3493
G01 X91.4194Y42.2648
G01 X90.9568Y39.1462
G01 X90.1565Y35.9512
G01 X90.1159Y35.8379
G00 Z20.0000
G00 X89.6915Y35.7636
G01 Z20.0000
G01 X89.7976Y36.0601
G01 X90.5890Y39.2193
G01 X90.9807Y41.8604
G00 Z20.0000
G00 X90.5761Y41.6852
G01 Z20.0000
G01 X90.2212Y39.2925
G01 X89.4388Y36.1689
G01 X89.1985Y35.4975
G01 X88.7512Y35.3591
G01 X89.0799Y36.2778
G01 X89.8534Y39.3657
G01 X90.1893Y41.6304
G00 Z20.0000
G00 X90.1700Y41.6300
G01 Z20.0000
G01 X90.2999Y41.6358
G01 X90.3438Y41.6402
G01 X90.4506Y41.6560
G01 X90.4784Y41.6611
G01 X90.6141Y41.6950
G01 X90.6409Y41.7037
G01 X90.7426Y41.7400
G01 X90.7834Y41.7569
G01 X90.8809Y41.8031
G01 X90.9060Y41.8160
G01 X91.0125Y41.8794
G01 X91.0492Y41.9039
G01 X91.1359Y41.9682
G01 X91.1580Y41.9858
G01 X91.2500Y42.0688
G01 X91.2812Y42.1000
G01 X91.3537Y42.1800
G01 X91.3720Y42.2015
G01 X91.4497Y42.3058
G01 X91.4706Y42.3375
G01 X91.5261Y42.4301
G01 X91.5469Y42.4691
G01 X91.5931Y42.5666
G01 X91.6043Y42.5925
G01 X91.6463Y42.7091
G01 X91.6591Y42.7513
G01 X91.6854Y42.8561
G01 X91.6913Y42.8836
G01 X91.7119Y43.0220
G01 X91.7142Y43.0501
G01 X91.7195Y43.1579
G01 X91.7195Y43.2021
G01 X91.7142Y43.3099
G01 X91.7119Y43.3380
G01 X91.6940Y43.4606
G01 X91.6854Y43.5039
G01 X91.6591Y43.6087
G01 X91.6514Y43.6358
G01 X91.6043Y43.7675
G01 X91.5931Y43.7934
G01 X91.5469Y43.8909
G01 X91.5261Y43.9299
G01 X91.4706Y44.0225
G01 X91.4553Y44.0462
G01 X91.3720Y44.1585
G01 X91.3537Y44.1800
G01 X91.2703Y44.2716
G01 X91.2500Y44.2912
G01 X91.1580Y44.3742
G01 X91.1359Y44.3918
G01 X91.0362Y44.4653
G01 X91.0125Y44.4806
G01 X90.9199Y44.5361
G01 X90.8952Y44.5498
G01 X90.7834Y44.6031
G01 X90.7575Y44.6143
G01 X90.6409Y44.6563
G01 X90.6140Y44.6650
G01 X90.4939Y44.6954
G01 X90.4664Y44.7013
G01 X90.3438Y44.7198
G01 X90.3060Y44.7238
G01 X90.1700Y44.7300
G01 X88.9000Y44.7300
G01 X88.7701Y44.7242
G01 X88.7262Y44.7198
G01 X88.6036Y44.7013
G01 X88.5761Y44.6954
G01 X88.4713Y44.6691
G01 X88.4291Y44.6563
G01 X88.3274Y44.6200
G01 X88.3012Y44.6096
G01 X88.1748Y44.5498
G01 X88.1501Y44.5361
G01 X88.0575Y44.4806
G01 X88.0208Y44.4561
G01 X87.9215Y44.3820
G01 X87.9000Y44.3637
G01 X87.8084Y44.2803
G01 X87.7888Y44.2600
G01 X87.7058Y44.1680
G01 X87.6882Y44.1459
G01 X87.6147Y44.0462
G01 X87.5994Y44.0225
G01 X87.5360Y43.9160
G01 X87.5231Y43.8909
G01 X87.4704Y43.7788
G01 X87.4600Y43.7526
G01 X87.4186Y43.6358
G01 X87.4109Y43.6087
G01 X87.3811Y43.4884
G01 X87.3760Y43.4606
G01 X87.3581Y43.3380
G01 X87.3558Y43.3099
G01 X87.3501Y43.1849
G01 X87.3505Y43.1579
G01 X87.3569Y43.0342
G01 X87.3602Y43.0062
G01 X87.3787Y42.8836
G01 X87.3846Y42.8561
G01 X87.4150Y42.7360
G01 X87.4237Y42.7091
G01 X87.4657Y42.5925
G01 X87.4769Y42.5666
G01 X87.5302Y42.4548
G01 X87.5439Y42.4301
G01 X87.6079Y42.3240
G01 X87.6239Y42.3008
G01 X87.6980Y42.2015
G01 X87.7163Y42.1800
G01 X87.7997Y42.0884
G01 X87.8200Y42.0688
G01 X87.9000Y41.9963
G01 X87.9292Y41.9720
G01 X88.0208Y41.9039
G01 X88.0575Y41.8794
G01 X88.1501Y41.8239
G01 X88.1748Y41.8102
G01 X88.2866Y41.7569
G01 X88.3125Y41.7457
G01 X88.4442Y41.6986
G01 X88.4713Y41.6909
G01 X88.5820Y41.6632
G01 X88.6194Y41.6560
G01 X88.7420Y41.6381
G01 X88.7701Y41.6358
G01 X88.8920Y41.6301
G01 X90.1700Y41.6300
G01 X89.8106Y41.6300
G01 X89.4856Y39.4388
G01 X88.7210Y36.3867
G01 X88.4426Y35.6085
G00 Z20.0000
G00 X88.1012Y35.7662
G01 Z20.0000
G01 X88.3622Y36.4955
G01 X89.1178Y39.5120
G01 X89.4320Y41.6300
G01 X89.0533Y41.6300
G01 X88.7500Y39.5851
G01 X88.0033Y36.6044
G01 X87.7283Y35.8357
G00 Z20.0000
G00 X87.3209Y35.8088
G01 Z20.0000
G01 X87.6445Y36.7132
G01 X88.3822Y39.6583
G01 X88.6773Y41.6474
G00 Z20.0000
G00 X88.3132Y41.7455
G01 Z20.0000
G01 X88.0144Y39.7315
G01 X87.2856Y36.8221
G01 X86.8607Y35.6345
G00 Z20.0000
G00 X86.3191Y35.2325
G01 Z20.0000
G01 X86.9268Y36.9309
G01 X87.6466Y39.8046
G01 X87.9642Y41.9459
G00 Z20.0000
G00 X87.6359Y42.2847
G01 Z20.0000
G01 X87.2788Y39.8778
G01 X86.5679Y37.0398
G01 X86.0256Y35.5242
G00 Z20.0000
G00 X85.6965Y35.7162
G01 Z20.0000
G01 X86.2091Y37.1487
G01 X86.9110Y39.9509
G01 X87.3349Y42.8085
G01 X87.3513Y43.1424
G00 Z20.0000
G00 X87.3624Y43.3692
G01 Z20.0000
G01 X87.4766Y45.6939
G01 X87.3349Y48.5793
G01 X87.1575Y49.7755
G00 Z20.0000
G00 X86.8164Y49.5221
G01 Z20.0000
G01 X86.9617Y48.5425
G01 X87.1016Y45.6939
G01 X86.9617Y42.8453
G01 X86.5432Y40.0241
G01 X85.8502Y37.2575
G01 X85.3356Y35.8192
G00 Z20.0000
G00 X84.9427Y35.8329
G01 Z20.0000
G01 X85.4914Y37.3664
G01 X86.1754Y40.0973
G01 X86.5885Y42.8820
G01 X86.7266Y45.6939
G01 X86.5885Y48.5058
G01 X86.4576Y49.3882
G00 Z20.0000
G00 X86.0844Y49.3518
G01 Z20.0000
G01 X86.2153Y48.4690
G01 X86.3516Y45.6939
G01 X86.3357Y45.3701
G00 Z20.0000
G00 X85.9753Y45.7215
G01 Z20.0000
G01 X85.8421Y48.4323
G01 X85.6960Y49.4171
G00 Z20.0000
G00 X85.2869Y49.6226
G01 Z20.0000
G01 X85.4689Y48.3955
G01 X85.5908Y45.9157
G00 Z20.0000
G00 X85.2119Y45.9946
G01 Z20.0000
G01 X85.0957Y48.3587
G01 X84.8272Y50.1689
G00 Z20.0000
G00 X84.6815Y50.8111
G01 Z20.0000
G01 X84.6818Y50.7810
G01 X84.6879Y50.6640
G01 X84.6911Y50.6360
G01 X84.7081Y50.5232
G01 X84.7141Y50.4956
G01 X84.7421Y50.3850
G01 X84.7508Y50.3581
G01 X84.7895Y50.2508
G01 X84.8007Y50.2249
G01 X84.8498Y50.1219
G01 X84.8635Y50.0973
G01 X84.9224Y49.9996
G01 X84.9385Y49.9764
G01 X85.0067Y49.8849
G01 X85.0250Y49.8634
G01 X85.1018Y49.7791
G01 X85.1221Y49.7595
G01 X85.2068Y49.6831
G01 X85.2289Y49.6655
G01 X85.3208Y49.5978
G01 X85.3445Y49.5826
G01 X85.4425Y49.5242
G01 X85.4676Y49.5113
G01 X85.5709Y49.4628
G01 X85.5971Y49.4524
G01 X85.7046Y49.4143
G01 X85.7318Y49.4065
G01 X85.8425Y49.3791
G01 X85.8703Y49.3741
G01 X85.9832Y49.3577
G01 X86.0113Y49.3554
G01 X86.1253Y49.3501
G01 X86.1535Y49.3505
G01 X86.2674Y49.3565
G01 X86.2954Y49.3597
G01 X86.4082Y49.3767
G01 X86.4358Y49.3827
G01 X86.5464Y49.4107
G01 X86.5733Y49.4194
G01 X86.6806Y49.4581
G01 X86.7065Y49.4693
G01 X86.8095Y49.5184
G01 X86.8341Y49.5321
G01 X86.9318Y49.5910
G01 X86.9550Y49.6071
G01 X87.0465Y49.6753
G01 X87.0680Y49.6936
G01 X87.1523Y49.7704
G01 X87.1719Y49.7907
G01 X87.2483Y49.8754
G01 X87.2659Y49.8975
G01 X87.3336Y49.9894
G01 X87.3488Y50.0131
G01 X87.4072Y50.1111
G01 X87.4201Y50.1362
G01 X87.4686Y50.2395
G01 X87.4790Y50.2657
G01 X87.5171Y50.3732
G01 X87.5249Y50.4004
G01 X87.5523Y50.5111
G01 X87.5573Y50.5389
G01 X87.5737Y50.6518
G01 X87.5760Y50.6799
G01 X87.5813Y50.7939
G01 X87.5809Y50.8221
G01 X87.5749Y50.9360
G01 X87.5717Y50.9640
G01 X87.5547Y51.0768
G01 X87.5487Y51.1044
G01 X87.5207Y51.2150
G01 X87.5120Y51.2419
G01 X87.4733Y51.3492
G01 X87.4621Y51.3751
G01 X87.4130Y51.4781
G01 X87.3993Y51.5027
G01 X87.3404Y51.6004
G01 X87.3243Y51.6236
G01 X87.2561Y51.7151
G01 X87.2378Y51.7366
G01 X87.1610Y51.8209
G01 X87.1407Y51.8405
G01 X87.0560Y51.9169
G01 X87.0339Y51.9345
G01 X86.9420Y52.0022
G01 X86.9183Y52.0174
G01 X86.8203Y52.0758
G01 X86.7952Y52.0887
G01 X86.6919Y52.1372
G01 X86.6657Y52.1476
G01 X86.5582Y52.1857
G01 X86.5310Y52.1935
G01 X86.4203Y52.2209
G01 X86.3925Y52.2259
G01 X86.2796Y52.2423
G01 X86.2515Y52.2446
G01 X86.1375Y52.2499
G01 X86.1093Y52.2495
G01 X85.9954Y52.2435
G01 X85.9674Y52.2403
G01 X85.8546Y52.2233
G01 X85.8270Y52.2173
G01 X85.7164Y52.1893
G01 X85.6895Y52.1806
G01 X85.5822Y52.1419
G01 X85.5563Y52.1307
G01 X85.4533Y52.0816
G01 X85.4287Y52.0679
G01 X85.3310Y52.0090
G01 X85.3078Y51.9929
G01 X85.2163Y51.9247
G01 X85.1948Y51.9064
G01 X85.1105Y51.8296
G01 X85.0909Y51.8093
G01 X85.0145Y51.7246
G01 X84.9969Y51.7025
G01 X84.9292Y51.6106
G01 X84.9140Y51.5869
G01 X84.8556Y51.4889
G01 X84.8427Y51.4638
G01 X84.7942Y51.3605
G01 X84.7838Y51.3343
G01 X84.7457Y51.2268
G01 X84.7379Y51.1996
G01 X84.7105Y51.0889
G01 X84.7055Y51.0611
G01 X84.6891Y50.9482
G01 X84.6868Y50.9201
G01 X84.6815Y50.8111
G00 Z20.0000
G00 X84.6991Y51.0183
G01 Z20.0000
G01 X84.0560Y53.5860
G01 X83.1571Y56.0981
G01 X82.1681Y58.1891
G00 Z20.0000
G00 X82.6047Y58.1421
G01 Z20.0000
G01 X83.5036Y56.2416
G01 X84.4148Y53.6949
G01 X84.9349Y51.6187
G00 Z20.0000
G00 X85.2399Y51.9426
G01 Z20.0000
G01 X84.7737Y53.8037
G01 X83.8500Y56.3851
G01 X82.9898Y58.2039
G00 Z20.0000
G00 X83.3332Y58.3539
G01 Z20.0000
G01 X84.1965Y56.5286
G01 X85.1325Y53.9126
G01 X85.5766Y52.1396
G00 Z20.0000
G00 X85.9386Y52.2360
G01 Z20.0000
G01 X85.4914Y54.0214
G01 X84.5429Y56.6721
G01 X83.6377Y58.5860
G00 Z20.0000
G00 X83.8941Y58.9201
G01 Z20.0000
G01 X84.8894Y56.8156
G01 X85.8502Y54.1303
G01 X86.3247Y52.2360
G00 Z20.0000
G00 X86.7414Y52.1142
G01 Z20.0000
G01 X86.2091Y54.2392
G01 X85.2359Y56.9592
G01 X84.0747Y59.4142
G01 X84.9101Y60.9676
G01 X83.7627Y62.8819
G01 X81.9542Y65.3204
G01 X79.9153Y67.5700
G01 X77.6657Y69.6089
G01 X75.2271Y71.4175
G01 X72.6230Y72.9783
G01 X69.8784Y74.2764
G01 X67.0198Y75.2992
G01 X64.0748Y76.0370
G01 X63.7747Y76.0815
G00 Z20.0000
G00 X63.7008Y75.7138
G01 Z20.0000
G01 X64.0016Y75.6692
G01 X66.9110Y74.9404
G01 X69.7349Y73.9300
G01 X72.4462Y72.6476
G01 X75.0188Y71.1057
G01 X77.4278Y69.3190
G01 X79.6501Y67.3049
G01 X80.6836Y66.1646
G00 Z20.0000
G00 X80.0380Y66.3192
G01 Z20.0000
G01 X79.3849Y67.0397
G01 X77.1899Y69.0292
G01 X74.8104Y70.7939
G01 X72.2694Y72.3169
G01 X69.5914Y73.5835
G01 X66.8021Y74.5815
G01 X63.9284Y75.3014
G01 X63.5322Y75.3601
G00 Z20.0000
G00 X63.2396Y75.0249
G01 Z20.0000
G01 X63.8553Y74.9336
G01 X66.6933Y74.2227
G01 X69.4479Y73.2371
G01 X72.0927Y71.9862
G01 X74.6021Y70.4821
G01 X76.9520Y68.7393
G01 X79.1198Y66.7745
G01 X79.5859Y66.2603
G00 Z20.0000
G00 X79.2224Y66.1035
G01 Z20.0000
G01 X78.8546Y66.5094
G01 X76.7141Y68.4494
G01 X74.3937Y70.1703
G01 X71.9159Y71.6555
G01 X69.3044Y72.8906
G01 X66.5844Y73.8638
G01 X63.7821Y74.5658
G01 X62.7058Y74.7254
G01 X63.3118Y73.4996
G01 X63.5626Y73.4624
G01 X66.2578Y72.7873
G01 X68.8739Y71.8512
G01 X71.3856Y70.6633
G01 X73.7687Y69.2349
G01 X76.0004Y67.5798
G01 X77.3939Y66.3168
G00 Z20.0000
G00 X76.9380Y66.2245
G01 Z20.0000
G01 X75.7625Y67.2899
G01 X73.5604Y68.9231
G01 X71.2088Y70.3326
G01 X68.7304Y71.5048
G01 X66.1490Y72.4284
G01 X63.6261Y73.0604
G00 Z20.0000
G00 X63.7584Y72.6411
G01 Z20.0000
G01 X66.0401Y72.0696
G01 X68.5869Y71.1583
G01 X71.0320Y70.0019
G01 X73.3521Y68.6113
G01 X75.5246Y67.0000
G01 X76.5833Y66.0405
G00 Z20.0000
G00 X76.3033Y65.7888
G01 Z20.0000
G01 X75.2867Y66.7101
G01 X73.1437Y68.2995
G01 X70.8552Y69.6711
G01 X68.4434Y70.8119
G01 X65.9313Y71.7107
G01 X63.7736Y72.2512
G00 Z20.0000
G00 X63.6941Y71.8850
G01 Z20.0000
G01 X65.8224Y71.3519
G01 X68.2998Y70.4654
G01 X70.6785Y69.3404
G01 X72.9354Y67.9877
G01 X75.0488Y66.4203
G01 X75.1837Y66.2980
G00 Z20.0000
G00 X74.6030Y66.2846
G01 Z20.0000
G01 X72.7270Y67.6759
G01 X70.5017Y69.0097
G01 X68.1563Y70.1190
G01 X65.7136Y70.9930
G01 X63.5265Y71.5409
G00 Z20.0000
G00 X63.2497Y71.2241
G01 Z20.0000
G01 X65.6047Y70.6342
G01 X68.0128Y69.7725
G01 X70.3249Y68.6790
G01 X72.5187Y67.3641
G01 X74.1845Y66.1286
G00 Z20.0000
G00 X73.8677Y65.8973
G01 Z20.0000
G01 X72.3104Y67.0523
G01 X70.1482Y68.3483
G01 X67.8693Y69.4261
G01 X65.4958Y70.2753
G01 X63.0505Y70.8878
G01 X62.7523Y70.9321
G00 Z20.0000
G00 X61.3070Y71.1465
G01 Z20.0000
G01 X60.5570Y71.2577
G01 X58.0391Y71.3814
G01 X55.5213Y71.2577
G01 X53.0278Y70.8878
G01 X50.5825Y70.2753
G01 X48.2090Y69.4261
G01 X45.9301Y68.3483
G01 X43.7679Y67.0523
G01 X42.6553Y66.2271
G00 Z20.0000
G00 X43.3887Y66.3047
G01 Z20.0000
G01 X43.9763Y66.7405
G01 X46.1069Y68.0175
G01 X48.3525Y69.0796
G01 X50.6913Y69.9165
G01 X53.1009Y70.5200
G01 X55.5581Y70.8845
G01 X58.0391Y71.0064
G01 X60.5202Y70.8845
G01 X62.9774Y70.5200
G01 X65.3870Y69.9165
G01 X67.7258Y69.0796
G01 X69.9714Y68.0175
G01 X72.1020Y66.7405
G01 X72.7165Y66.2847
G00 Z20.0000
G00 X72.0820Y66.2890
G01 Z20.0000
G01 X71.8937Y66.4287
G01 X69.7946Y67.6868
G01 X67.5823Y68.7332
G01 X65.2781Y69.5576
G01 X62.9042Y70.1522
G01 X60.4835Y70.5113
G01 X58.0391Y70.6314
G01 X55.5948Y70.5113
G01 X53.1741Y70.1522
G01 X50.8002Y69.5576
G01 X48.4960Y68.7332
G01 X46.2837Y67.6868
G01 X44.1846Y66.4287
G01 X43.8383Y66.1718
G00 Z20.0000
G00 X44.1768Y65.9566
G01 Z20.0000
G01 X44.3930Y66.1169
G01 X46.4605Y67.3561
G01 X48.6395Y68.3867
G01 X50.9090Y69.1988
G01 X53.2472Y69.7844
G01 X55.6316Y70.1381
G01 X58.0391Y70.2564
G01 X60.4467Y70.1381
G01 X62.8311Y69.7844
G01 X65.1693Y69.1988
G01 X67.4388Y68.3867
G01 X69.6178Y67.3561
G01 X71.6554Y66.1348
G00 Z20.0000
G00 X71.3259Y65.8957
G01 Z20.0000
G01 X69.4411Y67.0254
G01 X67.2953Y68.0402
G01 X65.0604Y68.8399
G01 X62.7579Y69.4167
G01 X60.4099Y69.7649
G01 X58.0391Y69.8814
G01 X55.6684Y69.7649
G01 X53.3204Y69.4167
G01 X51.0179Y68.8399
G01 X48.7830Y68.0402
G01 X46.6372Y67.0254
G01 X45.4068Y66.2879
G00 Z20.0000
G00 X46.1055Y66.2700
G01 Z20.0000
G01 X46.8140Y66.6947
G01 X48.9265Y67.6938
G01 X51.1267Y68.4810
G01 X53.3936Y69.0489
G01 X55.7051Y69.3917
G01 X58.0391Y69.5064
G01 X60.3732Y69.3917
G01 X62.6847Y69.0489
G01 X64.9516Y68.4810
G01 X67.1518Y67.6938
G01 X69.2643Y66.6947
G01 X69.8919Y66.3185
G00 Z20.0000
G00 X69.3194Y66.2250
G01 Z20.0000
G01 X69.0875Y66.3639
G01 X67.0083Y67.3473
G01 X64.8427Y68.1222
G01 X62.6116Y68.6811
G01 X60.3364Y69.0185
G01 X58.0391Y69.1314
G01 X55.7419Y69.0185
G01 X53.4667Y68.6811
G01 X51.2356Y68.1222
G01 X49.0700Y67.3473
G01 X46.9908Y66.3639
G01 X46.5319Y66.0889
G00 Z20.0000
G00 X46.8420Y65.8381
G01 Z20.0000
G01 X47.1676Y66.0332
G01 X49.2135Y67.0009
G01 X51.3445Y67.7633
G01 X53.5399Y68.3133
G01 X55.7786Y68.6454
G01 X58.0391Y68.7564
G01 X60.2997Y68.6454
G01 X62.5384Y68.3133
G01 X64.7338Y67.7633
G01 X66.8648Y67.0009
G01 X68.9107Y66.0332
G01 X68.9344Y66.0190
G00 Z20.0000
G00 X68.6449Y65.7446
G01 Z20.0000
G01 X68.4206Y65.8507
G00 Z20.0000
G00 X67.4408Y66.3141
G01 Z20.0000
G01 X66.7213Y66.6544
G01 X64.6250Y67.4045
G01 X62.4653Y67.9455
G01 X60.2629Y68.2722
G01 X58.0391Y68.3814
G01 X55.8154Y68.2722
G01 X53.6130Y67.9455
G01 X51.4533Y67.4045
G01 X49.3570Y66.6544
G01 X48.5791Y66.2865
G00 Z20.0000
G00 X49.0567Y66.0980
G01 Z20.0000
G01 X49.5005Y66.3080
G01 X51.5622Y67.0456
G01 X53.6862Y67.5777
G01 X55.8521Y67.8990
G01 X58.0391Y68.0064
G01 X60.2262Y67.8990
G01 X62.3921Y67.5777
G01 X64.5161Y67.0456
G01 X66.5778Y66.3080
G01 X66.7645Y66.2196
G00 Z20.0000
G00 X66.3550Y65.9899
G01 Z20.0000
G01 X64.4073Y66.6868
G01 X62.3189Y67.2099
G01 X60.1894Y67.5258
G01 X58.0391Y67.6314
G01 X55.8889Y67.5258
G01 X53.7594Y67.2099
G01 X51.6710Y66.6868
G01 X50.6114Y66.3076
G00 Z20.0000
G00 X49.9703Y66.0783
G01 Z20.0000
G01 X49.6440Y65.9615
G01 X49.3824Y65.8378
G00 Z20.0000
G00 X51.4088Y66.1952
G01 Z20.0000
G01 X51.7799Y66.3279
G01 X53.8325Y66.8421
G01 X55.9257Y67.1526
G01 X58.0391Y67.2564
G01 X60.1526Y67.1526
G01 X62.2458Y66.8421
G01 X64.2984Y66.3279
G01 X66.0678Y65.6948
G00 Z20.0000
G00 X67.6933Y63.2695
G01 Z20.0000
G01 X69.1853Y62.3753
G01 X70.7667Y61.2024
G01 X72.2255Y59.8802
G01 X73.5477Y58.4214
G01 X74.7205Y56.8400
G01 X75.7327Y55.1513
G01 X76.5745Y53.3715
G01 X77.2378Y51.5177
G01 X77.7162Y49.6079
G01 X78.0050Y47.6604
G01 X78.0931Y45.8685
G01 X78.4766Y45.6939
G01 X78.4735Y45.6306
G01 X78.4766Y45.6939
G01 X78.4766Y45.6939
G01 X78.3782Y47.6971
G01 X78.0839Y49.6811
G01 X77.5966Y51.6266
G01 X76.9209Y53.5150
G01 X76.0634Y55.3281
G01 X75.0323Y57.0484
G01 X73.8376Y58.6593
G01 X72.4906Y60.1454
G01 X71.0046Y61.4923
G01 X69.3936Y62.6871
G01 X68.1204Y63.4502
G00 Z20.0000
G00 X68.4310Y63.7007
G01 Z20.0000
G01 X69.6020Y62.9989
G01 X71.2425Y61.7822
G01 X72.7558Y60.4106
G01 X74.1274Y58.8972
G01 X75.3441Y57.2567
G01 X76.3941Y55.5049
G01 X77.2674Y53.6585
G01 X77.9555Y51.7355
G01 X78.4517Y49.7542
G01 X78.7514Y47.7339
G01 X78.8516Y45.6939
G01 X78.8273Y45.1978
G01 X79.2266Y45.6939
G01 X79.1246Y47.7706
G01 X78.8195Y49.8274
G01 X78.3143Y51.8443
G01 X77.6138Y53.8020
G01 X76.7249Y55.6816
G01 X75.6559Y57.4651
G01 X74.4173Y59.1351
G01 X73.0210Y60.6757
G01 X71.4804Y62.0721
G01 X69.9281Y63.2233
G00 Z20.0000
G00 X70.4161Y63.3277
G01 Z20.0000
G01 X71.7183Y62.3619
G01 X73.2861Y60.9409
G01 X74.7072Y59.3730
G01 X75.9677Y57.6734
G01 X77.0556Y55.8584
G01 X77.9603Y53.9455
G01 X78.6732Y51.9532
G01 X79.1873Y49.9005
G01 X79.4978Y47.8074
G01 X79.6016Y45.6939
G01 X79.4978Y43.5804
G01 X79.1873Y41.4873
G01 X78.6732Y39.4346
G01 X77.9603Y37.4423
G01 X77.7435Y36.9838
G00 Z20.0000
G00 X78.1012Y36.8641
G01 Z20.0000
G01 X78.3068Y37.2988
G01 X79.0320Y39.3258
G01 X79.5551Y41.4141
G01 X79.8710Y43.5437
G01 X79.9766Y45.6939
G01 X79.8710Y47.8442
G01 X79.5551Y49.9737
G01 X79.0320Y52.0620
G01 X78.3068Y54.0890
G01 X77.3863Y56.0352
G01 X76.2795Y57.8817
G01 X74.9971Y59.6109
G01 X73.5513Y61.2061
G01 X71.9562Y62.6518
G01 X70.7749Y63.5279
G00 Z20.0000
G00 X71.0506Y63.7898
G01 Z20.0000
G01 X72.1940Y62.9417
G01 X73.8165Y61.4712
G01 X75.2869Y59.8488
G01 X76.5913Y58.0901
G01 X77.7170Y56.2119
G01 X78.6532Y54.2325
G01 X79.3909Y52.1709
G01 X79.9229Y50.0469
G01 X80.2442Y47.8809
G01 X80.3516Y45.6939
G01 X80.2442Y43.5069
G01 X79.9229Y41.3410
G01 X79.3909Y39.2169
G01 X78.6532Y37.1553
G01 X78.4174Y36.6567
G00 Z20.0000
G00 X78.6862Y36.3490
G01 Z20.0000
G01 X78.9997Y37.0118
G01 X79.7497Y39.1081
G01 X80.2907Y41.2678
G01 X80.6174Y43.4701
G01 X80.7266Y45.6939
G01 X80.6174Y47.9177
G01 X80.2907Y50.1200
G01 X79.7497Y52.2797
G01 X78.9997Y54.3760
G01 X78.0477Y56.3887
G01 X76.9031Y58.2984
G01 X75.5768Y60.0867
G01 X74.0816Y61.7364
G01 X72.4425Y63.2220
G00 Z20.0000
G00 X72.9041Y63.3091
G01 Z20.0000
G01 X74.3468Y62.0016
G01 X75.8667Y60.3246
G01 X77.2149Y58.5067
G01 X78.3785Y56.5655
G01 X79.3461Y54.5195
G01 X80.1086Y52.3886
G01 X80.6585Y50.1932
G01 X80.9906Y47.9544
G01 X81.1016Y45.6939
G01 X80.9906Y43.4334
G01 X80.6585Y41.1946
G01 X80.1086Y38.9992
G01 X79.3461Y36.8683
G01 X78.8818Y35.8865
G01 X79.1513Y35.5803
G01 X79.6926Y36.7248
G01 X80.4674Y38.8904
G01 X81.0263Y41.1215
G01 X81.3638Y43.3966
G01 X81.4766Y45.6939
G01 X81.3638Y47.9912
G01 X81.0263Y50.2663
G01 X80.4674Y52.4975
G01 X79.6926Y54.6631
G01 X78.7092Y56.7423
G01 X77.5267Y58.7151
G01 X76.1566Y60.5625
G01 X74.6120Y62.2667
G01 X73.2629Y63.4894
G00 Z20.0000
G00 X73.5455Y63.7388
G01 Z20.0000
G01 X74.8771Y62.5319
G01 X76.4465Y60.8004
G01 X77.8385Y58.9234
G01 X79.0399Y56.9190
G01 X80.0390Y54.8066
G01 X80.8263Y52.6063
G01 X81.1258Y51.4108
G00 Z20.0000
G00 X81.4040Y51.8416
G01 Z20.0000
G01 X81.1851Y52.7152
G01 X80.3855Y54.9501
G01 X79.3706Y57.0958
G01 X78.1503Y59.1318
G01 X76.7363Y61.0383
G01 X75.1423Y62.7971
G01 X74.6464Y63.2465
G00 Z20.0000
G00 X75.2055Y63.2452
G01 Z20.0000
G01 X75.4075Y63.0622
G01 X77.0262Y61.2762
G01 X78.4621Y59.3401
G01 X79.7013Y57.2726
G01 X80.7319Y55.0936
G01 X81.5440Y52.8240
G01 X81.7229Y52.1098
G00 Z20.0000
G00 X82.0683Y52.2725
G01 Z20.0000
G01 X81.9028Y52.9329
G01 X81.0784Y55.2371
G01 X80.0321Y57.4494
G01 X78.7739Y59.5484
G01 X77.3161Y61.5141
G01 X75.6726Y63.3274
G01 X75.6141Y63.3804
G00 Z20.0000
G00 X75.9374Y63.5929
G01 Z20.0000
G01 X77.6060Y61.7520
G01 X79.0857Y59.7568
G01 X80.3628Y57.6261
G01 X81.4248Y55.3806
G01 X82.2617Y53.0417
G01 X82.4362Y52.3450
G00 Z20.0000
G00 X82.8275Y52.3245
G01 Z20.0000
G01 X82.6206Y53.1506
G01 X81.7713Y55.5241
G01 X80.6935Y57.8029
G01 X79.3975Y59.9651
G01 X77.8959Y61.9899
G01 X76.2030Y63.8577
G01 X76.1901Y63.8693
G00 Z20.0000
G00 X77.2743Y63.2334
G01 Z20.0000
G01 X78.1857Y62.2278
G01 X79.7093Y60.1735
G01 X81.0242Y57.9797
G01 X82.1178Y55.6676
G01 X82.9794Y53.2595
G01 X83.2492Y52.1825
G00 Z20.0000
G00 X83.7301Y51.8041
G01 Z20.0000
G01 X83.3383Y53.3683
G01 X82.4642Y55.8111
G01 X81.3549Y58.1565
G01 X80.0211Y60.3818
G01 X78.4756Y62.4657
G01 X77.7660Y63.2486
G00 Z20.0000
G00 X78.1527Y63.3797
G01 Z20.0000
G01 X78.7655Y62.7036
G01 X80.3329Y60.5901
G01 X81.0212Y59.4418
G00 Z20.0000
G00 X81.0001Y59.7011
G01 Z20.0000
G01 X81.0005Y59.6679
G01 X81.0069Y59.5442
G01 X81.0102Y59.5162
G01 X81.0287Y59.3937
G01 X81.0346Y59.3661
G01 X81.0650Y59.2460
G01 X81.0737Y59.2191
G01 X81.1157Y59.1025
G01 X81.1269Y59.0766
G01 X81.1802Y58.9648
G01 X81.1939Y58.9401
G01 X81.2579Y58.8340
G01 X81.2739Y58.8108
G01 X81.3480Y58.7115
G01 X81.3663Y58.6900
G01 X81.4497Y58.5984
G01 X81.4700Y58.5788
G01 X81.5620Y58.4958
G01 X81.5841Y58.4782
G01 X81.6838Y58.4047
G01 X81.7075Y58.3894
G01 X81.8140Y58.3260
G01 X81.8391Y58.3131
G01 X81.9512Y58.2604
G01 X81.9774Y58.2500
G01 X82.0942Y58.2086
G01 X82.1213Y58.2009
G01 X82.2416Y58.1711
G01 X82.2694Y58.1660
G01 X82.3920Y58.1481
G01 X82.4201Y58.1458
G01 X82.5439Y58.1401
G01 X82.5721Y58.1405
G01 X82.6958Y58.1469
G01 X82.7238Y58.1502
G01 X82.8464Y58.1687
G01 X82.8739Y58.1746
G01 X82.9940Y58.2050
G01 X83.0209Y58.2137
G01 X83.1375Y58.2557
G01 X83.1634Y58.2669
G01 X83.2752Y58.3202
G01 X83.2999Y58.3339
G01 X83.4060Y58.3979
G01 X83.4292Y58.4139
G01 X83.5285Y58.4880
G01 X83.5500Y58.5063
G01 X83.6416Y58.5897
G01 X83.6612Y58.6100
G01 X83.7442Y58.7020
G01 X83.7618Y58.7241
G01 X83.8353Y58.8238
G01 X83.8506Y58.8475
G01 X83.9140Y58.9540
G01 X83.9269Y58.9791
G01 X83.9796Y59.0912
G01 X83.9900Y59.1174
G01 X84.0314Y59.2342
G01 X84.0391Y59.2613
G01 X84.0689Y59.3816
G01 X84.0740Y59.4094
G01 X84.0919Y59.5320
G01 X84.0942Y59.5601
G01 X84.0999Y59.6839
G01 X84.0995Y59.7121
G01 X84.0931Y59.8358
G01 X84.0898Y59.8638
G01 X84.0713Y59.9864
G01 X84.0654Y60.0139
G01 X84.0350Y60.1341
G01 X84.0263Y60.1609
G01 X83.9843Y60.2775
G01 X83.9731Y60.3034
G01 X83.9198Y60.4152
G01 X83.9061Y60.4399
G01 X83.8421Y60.5460
G01 X83.8261Y60.5692
G01 X83.7520Y60.6685
G01 X83.7337Y60.6900
G01 X83.6503Y60.7816
G01 X83.6300Y60.8012
G01 X83.5380Y60.8842
G01 X83.5159Y60.9018
G01 X83.4162Y60.9753
G01 X83.3925Y60.9906
G01 X83.2860Y61.0540
G01 X83.2609Y61.0669
G01 X83.1488Y61.1196
G01 X83.1226Y61.1300
G01 X83.0058Y61.1714
G01 X82.9787Y61.1791
G01 X82.8584Y61.2089
G01 X82.8306Y61.2140
G01 X82.7080Y61.2319
G01 X82.6799Y61.2342
G01 X82.5561Y61.2399
G01 X82.5279Y61.2395
G01 X82.4042Y61.2331
G01 X82.3762Y61.2298
G01 X82.2536Y61.2113
G01 X82.2261Y61.2054
G01 X82.1060Y61.1750
G01 X82.0791Y61.1663
G01 X81.9625Y61.1243
G01 X81.9366Y61.1131
G01 X81.8248Y61.0598
G01 X81.8001Y61.0461
G01 X81.6940Y60.9821
G01 X81.6708Y60.9661
G01 X81.5715Y60.8920
G01 X81.5500Y60.8737
G01 X81.4584Y60.7903
G01 X81.4388Y60.7700
G01 X81.3558Y60.6780
G01 X81.3382Y60.6559
G01 X81.2647Y60.5562
G01 X81.2494Y60.5325
G01 X81.1860Y60.4260
G01 X81.1731Y60.4009
G01 X81.1204Y60.2888
G01 X81.1100Y60.2626
G01 X81.0686Y60.1458
G01 X81.0609Y60.1187
G01 X81.0311Y59.9984
G01 X81.0260Y59.9706
G01 X81.0081Y59.8480
G01 X81.0058Y59.8199
G01 X81.0001Y59.7011
G00 Z20.0000
G00 X81.0583Y60.1085
G01 Z20.0000
G01 X80.6447Y60.7985
G01 X79.0554Y62.9415
G01 X78.4705Y63.5867
G00 Z20.0000
G00 X78.7255Y63.8631
G01 Z20.0000
G01 X79.3452Y63.1794
G01 X80.9565Y61.0068
G01 X81.2451Y60.5253
G00 Z20.0000
G00 X81.5001Y60.8285
G01 Z20.0000
G01 X81.2683Y61.2152
G01 X79.7662Y63.2405
G00 Z20.0000
G00 X80.2346Y63.2377
G01 Z20.0000
G01 X81.5801Y61.4235
G01 X81.8047Y61.0488
G00 Z20.0000
G00 X82.1578Y61.1883
G01 Z20.0000
G01 X81.8919Y61.6318
G01 X80.6208Y63.3458
G00 Z20.0000
G00 X80.9460Y63.5361
G01 Z20.0000
G01 X82.2037Y61.8402
G01 X82.5636Y61.2397
G00 Z20.0000
G00 X83.0507Y61.1557
G01 Z20.0000
G01 X82.5155Y62.0485
G01 X81.2176Y63.7986
G00 Z20.0000
G00 X81.4273Y64.1445
G01 Z20.0000
G01 X82.8273Y62.2568
G01 X84.3314Y59.7474
G01 X85.5823Y57.1027
G01 X86.5679Y54.3480
G01 X87.2160Y51.7607
G00 Z20.0000
G00 X87.4676Y50.2372
G01 Z20.0000
G01 X87.7081Y48.6160
G01 X87.8516Y45.6939
G01 X87.7808Y44.2512
G00 Z20.0000
G00 X88.1703Y44.5474
G01 Z20.0000
G01 X88.2266Y45.6939
G01 X88.0813Y48.6528
G01 X87.6466Y51.5832
G01 X86.9268Y54.4569
G01 X85.9288Y57.2462
G01 X84.6621Y59.9242
G01 X83.1391Y62.4652
G01 X81.5512Y64.6063
G00 Z20.0000
G00 X81.4639Y65.3037
G01 Z20.0000
G01 X81.6643Y65.0826
G01 X83.4509Y62.6735
G01 X84.9929Y60.1010
G01 X86.2752Y57.3897
G01 X87.2856Y54.5657
G01 X88.0144Y51.6564
G01 X88.4545Y48.6896
G01 X88.6016Y45.6939
G01 X88.5523Y44.6894
G00 Z20.0000
G00 X86.2396Y43.4123
G01 Z20.0000
G01 X86.2153Y42.9188
G01 X85.8076Y40.1704
G01 X85.1325Y37.4752
G01 X84.5066Y35.7259
G00 Z20.0000
G00 X83.9832Y35.3748
G01 Z20.0000
G01 X84.7737Y37.5841
G01 X85.4398Y40.2436
G01 X85.8421Y42.9556
G01 X85.8492Y43.0995
G00 Z20.0000
G00 X85.4622Y42.9467
G01 Z20.0000
G01 X85.0720Y40.3167
G01 X84.4148Y37.6929
G01 X83.6035Y35.4253
G00 Z20.0000
G00 X83.2872Y35.6533
G01 Z20.0000
G01 X84.0560Y37.8018
G01 X84.7042Y40.3899
G01 X85.0766Y42.9003
G00 Z20.0000
G00 X84.7053Y42.9498
G01 Z20.0000
G01 X84.3365Y40.4630
G01 X83.6971Y37.9106
G01 X82.9381Y35.7893
G00 Z20.0000
G00 X82.5584Y35.8399
G01 Z20.0000
G01 X83.3383Y38.0195
G01 X83.9687Y40.5362
G01 X84.3474Y43.0897
G00 Z20.0000
G00 X83.9870Y43.3612
G01 Z20.0000
G01 X83.9762Y43.1393
G01 X83.6009Y40.6094
G01 X82.9794Y38.1284
G01 X82.1406Y35.7840
G00 Z20.0000
G00 X81.6088Y35.5200
G01 Z20.0000
G01 X81.7713Y35.8637
G01 X82.6206Y38.2372
G01 X83.2331Y40.6825
G01 X83.6030Y43.1761
G01 X83.6389Y43.9085
G00 Z20.0000
G00 X83.5401Y44.4611
G01 Z20.0000
G01 X83.5405Y44.4279
G01 X83.5469Y44.3042
G01 X83.5502Y44.2762
G01 X83.5687Y44.1536
G01 X83.5746Y44.1261
G01 X83.6050Y44.0060
G01 X83.6137Y43.9791
G01 X83.6557Y43.8625
G01 X83.6669Y43.8366
G01 X83.7202Y43.7248
G01 X83.7339Y43.7001
G01 X83.7979Y43.5940
G01 X83.8139Y43.5708
G01 X83.8880Y43.4715
G01 X83.9063Y43.4500
G01 X83.9897Y43.3584
G01 X84.0100Y43.3388
G01 X84.1020Y43.2558
G01 X84.1241Y43.2382
G01 X84.2238Y43.1647
G01 X84.2475Y43.1494
G01 X84.3540Y43.0860
G01 X84.3791Y43.0731
G01 X84.4912Y43.0204
G01 X84.5174Y43.0100
G01 X84.6342Y42.9686
G01 X84.6613Y42.9609
G01 X84.7816Y42.9311
G01 X84.8094Y42.9260
G01 X84.9320Y42.9081
G01 X84.9601Y42.9058
G01 X85.0839Y42.9001
G01 X85.1121Y42.9005
G01 X85.2358Y42.9069
G01 X85.2638Y42.9102
G01 X85.3864Y42.9287
G01 X85.4139Y42.9346
G01 X85.5341Y42.9650
G01 X85.5609Y42.9737
G01 X85.6775Y43.0157
G01 X85.7034Y43.0269
G01 X85.8152Y43.0802
G01 X85.8399Y43.0939
G01 X85.9460Y43.1579
G01 X85.9692Y43.1739
G01 X86.0685Y43.2480
G01 X86.0900Y43.2663
G01 X86.1816Y43.3497
G01 X86.2012Y43.3700
G01 X86.2842Y43.4620
G01 X86.3018Y43.4841
G01 X86.3753Y43.5838
G01 X86.3906Y43.6075
G01 X86.4540Y43.7140
G01 X86.4669Y43.7391
G01 X86.5196Y43.8512
G01 X86.5300Y43.8774
G01 X86.5714Y43.9942
G01 X86.5791Y44.0213
G01 X86.6089Y44.1416
G01 X86.6140Y44.1694
G01 X86.6319Y44.2920
G01 X86.6342Y44.3201
G01 X86.6399Y44.4439
G01 X86.6395Y44.4721
G01 X86.6331Y44.5958
G01 X86.6298Y44.6238
G01 X86.6113Y44.7464
G01 X86.6054Y44.7739
G01 X86.5750Y44.8940
G01 X86.5663Y44.9209
G01 X86.5243Y45.0375
G01 X86.5131Y45.0634
G01 X86.4598Y45.1752
G01 X86.4461Y45.1999
G01 X86.3821Y45.3060
G01 X86.3661Y45.3292
G01 X86.2920Y45.4285
G01 X86.2737Y45.4500
G01 X86.1903Y45.5416
G01 X86.1700Y45.5612
G01 X86.0780Y45.6442
G01 X86.0559Y45.6618
G01 X85.9562Y45.7353
G01 X85.9325Y45.7506
G01 X85.8260Y45.8140
G01 X85.8009Y45.8269
G01 X85.6888Y45.8796
G01 X85.6626Y45.8900
G01 X85.5458Y45.9314
G01 X85.5187Y45.9391
G01 X85.3984Y45.9689
G01 X85.3706Y45.9740
G01 X85.2480Y45.9919
G01 X85.2199Y45.9942
G01 X85.0961Y45.9999
G01 X85.0679Y45.9995
G01 X84.9442Y45.9931
G01 X84.9162Y45.9898
G01 X84.7936Y45.9713
G01 X84.7661Y45.9654
G01 X84.6460Y45.9350
G01 X84.6191Y45.9263
G01 X84.5025Y45.8843
G01 X84.4766Y45.8731
G01 X84.3648Y45.8198
G01 X84.3401Y45.8061
G01 X84.2340Y45.7421
G01 X84.2108Y45.7261
G01 X84.1115Y45.6520
G01 X84.0900Y45.6337
G01 X83.9984Y45.5503
G01 X83.9788Y45.5300
G01 X83.8958Y45.4380
G01 X83.8782Y45.4159
G01 X83.8047Y45.3162
G01 X83.7894Y45.2925
G01 X83.7260Y45.1860
G01 X83.7131Y45.1609
G01 X83.6604Y45.0488
G01 X83.6500Y45.0226
G01 X83.6086Y44.9058
G01 X83.6009Y44.8787
G01 X83.5711Y44.7584
G01 X83.5660Y44.7306
G01 X83.5481Y44.6080
G01 X83.5458Y44.5799
G01 X83.5401Y44.4611
G00 Z20.0000
G00 X83.6990Y45.1311
G01 Z20.0000
G01 X83.7266Y45.6939
G01 X83.6896Y46.4481
G00 Z20.0000
G00 X83.3206Y46.3263
G01 Z20.0000
G01 X83.3516Y45.6939
G01 X83.2298Y43.2128
G01 X82.8653Y40.7557
G01 X82.2617Y38.3461
G01 X81.4248Y36.0072
G01 X81.1227Y35.3684
G00 Z20.0000
G00 X80.8221Y35.6088
G01 Z20.0000
G01 X81.0784Y36.1507
G01 X81.9028Y38.4549
G01 X82.4975Y40.8288
G01 X82.8566Y43.2496
G01 X82.9766Y45.6939
G01 X82.9465Y46.3069
G00 Z20.0000
G00 X82.5675Y46.3888
G01 Z20.0000
G01 X82.6016Y45.6939
G01 X82.4834Y43.2864
G01 X82.1297Y40.9020
G01 X81.5440Y38.5638
G01 X80.7319Y36.2942
G01 X80.4821Y35.7659
G00 Z20.0000
G00 X80.1009Y35.8361
G01 Z20.0000
G01 X80.3855Y36.4378
G01 X81.1851Y38.6726
G01 X81.7619Y40.9752
G01 X82.1102Y43.3231
G01 X82.2266Y45.6939
G01 X82.1822Y46.5977
G00 Z20.0000
G00 X81.7846Y47.0588
G01 Z20.0000
G01 X81.8516Y45.6939
G01 X81.7370Y43.3599
G01 X81.3941Y41.0483
G01 X80.8263Y38.7815
G01 X80.0390Y36.5813
G01 X79.6702Y35.8014
G00 Z20.0000
G00 X77.3386Y37.0039
G01 Z20.0000
G01 X77.6138Y37.5858
G01 X78.3143Y39.5435
G01 X78.8195Y41.5604
G01 X79.1246Y43.6172
G01 X79.2266Y45.6939
G00 Z20.0000
G00 X78.7374Y43.5591
G01 Z20.0000
G01 X78.4517Y41.6336
G01 X77.9555Y39.6524
G01 X77.2674Y37.7293
G01 X76.8638Y36.8759
G00 Z20.0000
G00 X76.1764Y36.2986
G01 Z20.0000
G01 X76.9209Y37.8728
G01 X77.5966Y39.7612
G01 X78.0839Y41.7067
G01 X78.2965Y43.1398
G00 Z20.0000
G00 X77.8910Y42.9589
G01 Z20.0000
G01 X77.7162Y41.7799
G01 X77.2378Y39.8701
G01 X76.5745Y38.0163
G01 X75.9152Y36.6224
G00 Z20.0000
G00 X75.6052Y36.8430
G01 Z20.0000
G01 X76.2280Y38.1598
G01 X76.8789Y39.9789
G01 X77.3484Y41.8531
G01 X77.5038Y42.9011
G00 Z20.0000
G00 X77.1307Y42.9385
G01 Z20.0000
G01 X76.9806Y41.9262
G01 X76.5201Y40.0878
G01 X75.8816Y38.3033
G01 X75.2523Y36.9728
G00 Z20.0000
G00 X74.8540Y37.0068
G01 Z20.0000
G01 X75.5351Y38.4468
G01 X76.1612Y40.1966
G01 X76.6128Y41.9994
G01 X76.7712Y43.0674
G00 Z20.0000
G00 X76.4277Y43.3045
G01 Z20.0000
G01 X76.2450Y42.0725
G01 X75.8024Y40.3055
G01 X75.1887Y38.5903
G01 X74.4098Y36.9436
G01 X74.3860Y36.9039
G01 X73.8348Y36.7128
G01 X74.0791Y37.1204
G01 X74.8422Y38.7339
G01 X75.4435Y40.4144
G01 X75.8772Y42.1457
G01 X76.1090Y43.7086
G00 Z20.0000
G00 X75.9201Y44.4611
G01 Z20.0000
G01 X75.9205Y44.4279
G01 X75.9269Y44.3042
G01 X75.9302Y44.2762
G01 X75.9487Y44.1536
G01 X75.9546Y44.1261
G01 X75.9850Y44.0059
G01 X75.9937Y43.9791
G01 X76.0357Y43.8625
G01 X76.0469Y43.8366
G01 X76.1002Y43.7248
G01 X76.1139Y43.7001
G01 X76.1779Y43.5940
G01 X76.1939Y43.5708
G01 X76.2680Y43.4715
G01 X76.2863Y43.4500
G01 X76.3697Y43.3584
G01 X76.3900Y43.3388
G01 X76.4820Y43.2558
G01 X76.5041Y43.2382
G01 X76.6038Y43.1647
G01 X76.6275Y43.1494
G01 X76.7340Y43.0860
G01 X76.7591Y43.0731
G01 X76.8712Y43.0204
G01 X76.8974Y43.0100
G01 X77.0142Y42.9686
G01 X77.0413Y42.9609
G01 X77.1616Y42.9311
G01 X77.1894Y42.9260
G01 X77.3120Y42.9081
G01 X77.3401Y42.9058
G01 X77.4639Y42.9001
G01 X77.4921Y42.9005
G01 X77.6158Y42.9069
G01 X77.6438Y42.9102
G01 X77.7664Y42.9287
G01 X77.7939Y42.9346
G01 X77.9140Y42.9650
G01 X77.9409Y42.9737
G01 X78.0575Y43.0157
G01 X78.0834Y43.0269
G01 X78.1952Y43.0802
G01 X78.2199Y43.0939
G01 X78.3260Y43.1579
G01 X78.3492Y43.1739
G01 X78.4485Y43.2480
G01 X78.4700Y43.2663
G01 X78.5616Y43.3497
G01 X78.5812Y43.3700
G01 X78.6642Y43.4620
G01 X78.6818Y43.4841
G01 X78.7553Y43.5838
G01 X78.7706Y43.6075
G01 X78.8340Y43.7140
G01 X78.8469Y43.7391
G01 X78.8996Y43.8512
G01 X78.9100Y43.8774
G01 X78.9514Y43.9942
G01 X78.9591Y44.0213
G01 X78.9889Y44.1416
G01 X78.9940Y44.1694
G01 X79.0119Y44.2920
G01 X79.0142Y44.3201
G01 X79.0199Y44.4439
G01 X79.0195Y44.4721
G01 X79.0131Y44.5958
G01 X79.0098Y44.6238
G01 X78.9913Y44.7464
G01 X78.9854Y44.7739
G01 X78.9550Y44.8941
G01 X78.9463Y44.9209
G01 X78.9043Y45.0375
G01 X78.8931Y45.0634
G01 X78.8398Y45.1752
G01 X78.8261Y45.1999
G01 X78.7621Y45.3060
G01 X78.7461Y45.3292
G01 X78.6720Y45.4285
G01 X78.6537Y45.4500
G01 X78.5703Y45.5416
G01 X78.5500Y45.5612
G01 X78.4580Y45.6442
G01 X78.4359Y45.6618
G01 X78.3362Y45.7353
G01 X78.3125Y45.7506
G01 X78.2060Y45.8140
G01 X78.1809Y45.8269
G01 X78.0688Y45.8796
G01 X78.0426Y45.8900
G01 X77.9258Y45.9314
G01 X77.8987Y45.9391
G01 X77.7784Y45.9689
G01 X77.7506Y45.9740
G01 X77.6280Y45.9919
G01 X77.5999Y45.9942
G01 X77.4761Y45.9999
G01 X77.4479Y45.9995
G01 X77.3242Y45.9931
G01 X77.2962Y45.9898
G01 X77.1736Y45.9713
G01 X77.1461Y45.9654
G01 X77.0260Y45.9350
G01 X76.9991Y45.9263
G01 X76.8825Y45.8843
G01 X76.8566Y45.8731
G01 X76.7448Y45.8198
G01 X76.7201Y45.8061
G01 X76.6140Y45.7421
G01 X76.5908Y45.7261
G01 X76.4915Y45.6520
G01 X76.4700Y45.6337
G01 X76.3784Y45.5503
G01 X76.3588Y45.5300
G01 X76.2758Y45.4380
G01 X76.2582Y45.4159
G01 X76.1847Y45.3162
G01 X76.1694Y45.2925
G01 X76.1060Y45.1860
G01 X76.0931Y45.1609
G01 X76.0404Y45.0488
G01 X76.0300Y45.0226
G01 X75.9886Y44.9058
G01 X75.9809Y44.8787
G01 X75.9511Y44.7584
G01 X75.9460Y44.7306
G01 X75.9281Y44.6080
G01 X75.9258Y44.5799
G01 X75.9201Y44.4611
G00 Z20.0000
G00 X76.2098Y45.3505
G01 Z20.0000
G01 X76.2266Y45.6939
G01 X76.1391Y47.4766
G01 X75.8772Y49.2421
G01 X75.4435Y50.9735
G01 X74.8422Y52.6540
G01 X74.0791Y54.2674
G01 X73.1615Y55.7983
G01 X72.0983Y57.2319
G01 X70.8997Y58.5544
G01 X69.5772Y59.7530
G01 X68.6768Y60.4208
G00 Z20.0000
G00 X68.8540Y59.8231
G01 Z20.0000
G01 X69.3393Y59.4632
G01 X70.6345Y58.2892
G01 X71.8084Y56.9940
G01 X72.8497Y55.5900
G01 X73.7484Y54.0907
G01 X74.4958Y52.5105
G01 X75.0846Y50.8646
G01 X75.5094Y49.1690
G01 X75.7659Y47.4398
G01 X75.8516Y45.6939
G01 X75.7659Y43.9480
G01 X75.5094Y42.2189
G01 X75.0846Y40.5232
G01 X74.4958Y38.8774
G01 X73.7559Y37.3131
G00 Z20.0000
G00 X73.5339Y37.7197
G01 Z20.0000
G01 X74.1493Y39.0209
G01 X74.7258Y40.6321
G01 X75.1416Y42.2920
G01 X75.3927Y43.9847
G01 X75.4766Y45.6939
G01 X75.3927Y47.4031
G01 X75.1416Y49.0958
G01 X74.7258Y50.7557
G01 X74.1493Y52.3669
G01 X73.4177Y53.9139
G01 X72.5379Y55.3817
G01 X71.5185Y56.7561
G01 X70.3693Y58.0241
G01 X69.1014Y59.1733
G01 X68.8277Y59.3762
G00 Z20.0000
G00 X68.6993Y59.0052
G01 Z20.0000
G01 X68.8635Y58.8834
G01 X70.1042Y57.7589
G01 X71.2286Y56.5182
G01 X72.2261Y55.1733
G01 X73.0869Y53.7371
G01 X73.8028Y52.2234
G01 X74.3669Y50.6469
G01 X74.7738Y49.0226
G01 X75.0195Y47.3663
G01 X75.1016Y45.6939
G01 X75.0195Y44.0215
G01 X74.7738Y42.3652
G01 X74.3669Y40.7409
G01 X73.8028Y39.1644
G01 X73.2502Y37.9958
G00 Z20.0000
G00 X72.9222Y38.1783
G01 Z20.0000
G01 X73.4564Y39.3079
G01 X74.0081Y40.8498
G01 X74.4060Y42.4383
G01 X74.6463Y44.0582
G01 X74.7266Y45.6939
G01 X74.6463Y47.3296
G01 X74.4060Y48.9495
G01 X74.0081Y50.5380
G01 X73.4564Y52.0799
G01 X72.7562Y53.5603
G01 X71.9143Y54.9650
G01 X70.9388Y56.2803
G01 X69.8390Y57.4938
G01 X68.6256Y58.5935
G01 X68.4945Y58.6908
G00 Z20.0000
G00 X68.2141Y58.4324
G01 Z20.0000
G01 X68.3877Y58.3036
G01 X69.5738Y57.2286
G01 X70.6489Y56.0424
G01 X71.6025Y54.7566
G01 X72.4255Y53.3836
G01 X73.1099Y51.9364
G01 X73.6492Y50.4292
G01 X74.0382Y48.8763
G01 X74.2731Y47.2928
G01 X74.3516Y45.6939
G01 X74.2731Y44.0950
G01 X74.0382Y42.5115
G01 X73.6492Y40.9586
G01 X73.1099Y39.4514
G01 X72.5515Y38.2707
G00 Z20.0000
G00 X72.1303Y38.2561
G01 Z20.0000
G01 X72.7635Y39.5949
G01 X73.2904Y41.0675
G01 X73.6704Y42.5847
G01 X73.8999Y44.1318
G01 X73.9766Y45.6939
G01 X73.8999Y47.2561
G01 X73.6704Y48.8032
G01 X73.2904Y50.3203
G01 X72.7635Y51.7929
G01 X72.0948Y53.2068
G01 X71.2907Y54.5483
G01 X70.3590Y55.8046
G01 X69.3087Y56.9634
G01 X68.1498Y58.0138
G01 X67.8479Y58.2376
G00 Z20.0000
G00 X67.3490Y58.1414
G01 Z20.0000
G01 X67.9119Y57.7239
G01 X69.0435Y56.6983
G01 X70.0691Y55.5667
G01 X70.9789Y54.3400
G01 X71.7640Y53.0300
G01 X72.4170Y51.6494
G01 X72.9315Y50.2115
G01 X73.3026Y48.7300
G01 X73.5267Y47.2193
G01 X73.6016Y45.6939
G01 X73.5267Y44.1685
G01 X73.3026Y42.6578
G01 X72.9315Y41.1764
G01 X72.4170Y39.7384
G01 X71.7640Y38.3578
G01 X71.5609Y38.0189
G01 X70.8961Y38.3669
G01 X70.3553Y37.4645
G01 X69.4894Y36.2970
G01 X68.5326Y35.2413
G00 Z20.0000
G00 X68.2683Y35.5074
G01 Z20.0000
G01 X69.1995Y36.5349
G01 X70.0435Y37.6729
G01 X70.2213Y37.9694
G00 Z20.0000
G00 X69.7573Y37.9240
G01 Z20.0000
G01 X69.7317Y37.8812
G01 X68.9096Y36.7728
G01 X67.9828Y35.7502
G01 X67.9355Y35.7073
G00 Z20.0000
G00 X67.5089Y35.8261
G01 Z20.0000
G01 X67.7177Y36.0154
G01 X68.6197Y37.0106
G01 X69.3587Y38.0070
G00 Z20.0000
G00 X69.0213Y38.1808
G01 Z20.0000
G01 X68.3299Y37.2485
G01 X67.4525Y36.2805
G01 X66.9062Y35.7854
G00 Z20.0000
G00 X65.8514Y35.4000
G01 Z20.0000
G01 X66.2466Y35.6931
G01 X67.1873Y36.5457
G01 X68.0400Y37.4864
G01 X68.7429Y38.4342
G00 Z20.0000
G00 X68.5252Y38.7825
G01 Z20.0000
G01 X68.4845Y38.7146
G01 X67.7501Y37.7243
G01 X66.9222Y36.8109
G01 X66.0087Y35.9830
G01 X65.5390Y35.6346
G00 Z20.0000
G00 X65.1288Y35.7967
G01 Z20.0000
G01 X65.7708Y36.2728
G01 X66.6570Y37.0760
G01 X67.4602Y37.9622
G01 X68.1727Y38.9229
G01 X68.4026Y39.3065
G00 Z20.0000
G00 X68.4001Y39.3811
G01 Z20.0000
G01 X68.4004Y39.3510
G01 X68.4065Y39.2340
G01 X68.4097Y39.2060
G01 X68.4267Y39.0932
G01 X68.4327Y39.0656
G01 X68.4607Y38.9550
G01 X68.4694Y38.9281
G01 X68.5081Y38.8208
G01 X68.5193Y38.7949
G01 X68.5684Y38.6919
G01 X68.5821Y38.6673
G01 X68.6410Y38.5696
G01 X68.6571Y38.5464
G01 X68.7253Y38.4549
G01 X68.7436Y38.4334
G01 X68.8204Y38.3491
G01 X68.8407Y38.3295
G01 X68.9254Y38.2531
G01 X68.9475Y38.2355
G01 X69.0394Y38.1678
G01 X69.0631Y38.1526
G01 X69.1611Y38.0942
G01 X69.1862Y38.0813
G01 X69.2895Y38.0328
G01 X69.3157Y38.0224
G01 X69.4232Y37.9843
G01 X69.4504Y37.9765
G01 X69.5611Y37.9491
G01 X69.5889Y37.9441
G01 X69.7018Y37.9277
G01 X69.7299Y37.9254
G01 X69.8439Y37.9201
G01 X69.8721Y37.9205
G01 X69.9860Y37.9265
G01 X70.0140Y37.9297
G01 X70.1268Y37.9467
G01 X70.1544Y37.9527
G01 X70.2650Y37.9807
G01 X70.2919Y37.9894
G01 X70.3992Y38.0281
G01 X70.4251Y38.0393
G01 X70.5281Y38.0884
G01 X70.5527Y38.1021
G01 X70.6504Y38.1610
G01 X70.6736Y38.1771
G01 X70.7651Y38.2453
G01 X70.7866Y38.2636
G01 X70.8709Y38.3404
G01 X70.8905Y38.3607
G01 X70.9669Y38.4454
G01 X70.9845Y38.4675
G01 X71.0522Y38.5594
G01 X71.0674Y38.5831
G01 X71.1258Y38.6811
G01 X71.1387Y38.7062
G01 X71.1872Y38.8095
G01 X71.1976Y38.8357
G01 X71.2357Y38.9432
G01 X71.2435Y38.9704
G01 X71.2709Y39.0811
G01 X71.2759Y39.1089
G01 X71.2923Y39.2218
G01 X71.2946Y39.2499
G01 X71.2999Y39.3639
G01 X71.2995Y39.3921
G01 X71.2935Y39.5060
G01 X71.2903Y39.5340
G01 X71.2733Y39.6468
G01 X71.2673Y39.6744
G01 X71.2393Y39.7850
G01 X71.2306Y39.8119
G01 X71.1919Y39.9192
G01 X71.1807Y39.9451
G01 X71.1316Y40.0481
G01 X71.1179Y40.0727
G01 X71.0590Y40.1704
G01 X71.0429Y40.1936
G01 X70.9747Y40.2851
G01 X70.9564Y40.3066
G01 X70.8796Y40.3909
G01 X70.8593Y40.4105
G01 X70.7746Y40.4869
G01 X70.7525Y40.5045
G01 X70.6606Y40.5722
G01 X70.6369Y40.5874
G01 X70.5389Y40.6458
G01 X70.5138Y40.6587
G01 X70.4105Y40.7072
G01 X70.3843Y40.7176
G01 X70.2768Y40.7557
G01 X70.2496Y40.7635
G01 X70.1389Y40.7909
G01 X70.1111Y40.7959
G01 X69.9982Y40.8123
G01 X69.9701Y40.8146
G01 X69.8561Y40.8199
G01 X69.8279Y40.8195
G01 X69.7140Y40.8135
G01 X69.6860Y40.8103
G01 X69.5732Y40.7933
G01 X69.5456Y40.7873
G01 X69.4350Y40.7593
G01 X69.4081Y40.7506
G01 X69.3008Y40.7119
G01 X69.2749Y40.7007
G01 X69.1719Y40.6516
G01 X69.1473Y40.6379
G01 X69.0496Y40.5790
G01 X69.0264Y40.5629
G01 X68.9349Y40.4947
G01 X68.9134Y40.4764
G01 X68.8291Y40.3996
G01 X68.8095Y40.3793
G01 X68.7331Y40.2946
G01 X68.7155Y40.2725
G01 X68.6478Y40.1806
G01 X68.6326Y40.1569
G01 X68.5742Y40.0589
G01 X68.5613Y40.0338
G01 X68.5128Y39.9305
G01 X68.5024Y39.9043
G01 X68.4643Y39.7968
G01 X68.4565Y39.7696
G01 X68.4291Y39.6589
G01 X68.4241Y39.6311
G01 X68.4077Y39.5182
G01 X68.4054Y39.4901
G01 X68.4001Y39.3811
G00 Z20.0000
G00 X69.1001Y40.6097
G01 Z20.0000
G01 X69.2989Y41.0300
G01 X69.7019Y42.1561
G01 X69.9925Y43.3162
G01 X70.1680Y44.4993
G01 X70.2266Y45.6939
G01 X70.1680Y46.8885
G01 X69.9925Y48.0716
G01 X69.7019Y49.2318
G01 X69.2989Y50.3579
G01 X68.7876Y51.4391
G01 X68.1727Y52.4649
G01 X67.4602Y53.4256
G01 X66.6570Y54.3118
G01 X65.7708Y55.1150
G01 X64.8102Y55.8274
G01 X63.7843Y56.4423
G01 X62.7031Y56.9537
G01 X61.5770Y57.3566
G01 X60.4168Y57.6472
G01 X59.2337Y57.8227
G01 X58.0391Y57.8814
G01 X56.8446Y57.8227
G01 X55.6615Y57.6472
G01 X54.5013Y57.3566
G01 X53.3752Y56.9537
G01 X52.2940Y56.4423
G01 X51.2681Y55.8274
G01 X50.3075Y55.1150
G01 X49.4213Y54.3118
G01 X48.6181Y53.4256
G01 X47.9056Y52.4649
G01 X47.2907Y51.4391
G01 X46.7794Y50.3579
G01 X46.3764Y49.2318
G01 X46.0858Y48.0716
G01 X45.9103Y46.8885
G01 X45.8516Y45.6939
G01 X45.9103Y44.4993
G01 X46.0858Y43.3162
G01 X46.3764Y42.1561
G01 X46.7794Y41.0300
G01 X47.2907Y39.9488
G01 X47.9056Y38.9229
G01 X48.6208Y37.9593
G00 Z20.0000
G00 X48.3619Y37.6871
G01 Z20.0000
G01 X48.3282Y37.7243
G01 X47.5938Y38.7146
G01 X46.9600Y39.7720
G01 X46.4329Y40.8864
G01 X46.0176Y42.0472
G01 X45.7180Y43.2431
G01 X45.5371Y44.4626
G01 X45.4766Y45.6939
G01 X45.5371Y46.9252
G01 X45.7180Y48.1447
G01 X46.0176Y49.3406
G01 X46.4329Y50.5014
G01 X46.9600Y51.6158
G01 X47.5938Y52.6733
G01 X48.3282Y53.6635
G01 X49.1561Y54.5769
G01 X50.0696Y55.4049
G01 X51.0598Y56.1392
G01 X52.1172Y56.7730
G01 X53.2317Y57.3001
G01 X54.3924Y57.7155
G01 X55.5883Y58.0150
G01 X56.8078Y58.1959
G01 X58.0391Y58.2564
G01 X59.2705Y58.1959
G01 X60.4900Y58.0150
G01 X61.6859Y57.7155
G01 X62.8466Y57.3001
G01 X63.9611Y56.7730
G01 X65.0185Y56.1392
G01 X66.0087Y55.4049
G01 X66.9222Y54.5769
G01 X67.7501Y53.6635
G01 X68.4845Y52.6733
G01 X69.1183Y51.6158
G01 X69.6454Y50.5014
G01 X70.0607Y49.3406
G01 X70.3603Y48.1447
G01 X70.5412Y46.9252
G01 X70.6016Y45.6939
G01 X70.5412Y44.4626
G01 X70.3603Y43.2431
G01 X70.0607Y42.0472
G01 X69.6454Y40.8864
G01 X69.6036Y40.7981
G00 Z20.0000
G00 X70.0159Y40.8100
G01 Z20.0000
G01 X70.4196Y41.9383
G01 X70.7281Y43.1699
G01 X70.9144Y44.4258
G01 X70.9766Y45.6939
G01 X70.9144Y46.9620
G01 X70.7281Y48.2179
G01 X70.4196Y49.4495
G01 X69.9918Y50.6449
G01 X69.4490Y51.7926
G01 X68.7963Y52.8816
G01 X68.0400Y53.9014
G01 X67.1873Y54.8421
G01 X66.2466Y55.6947
G01 X65.2268Y56.4510
G01 X64.1378Y57.1038
G01 X62.9901Y57.6466
G01 X61.7947Y58.0743
G01 X60.5631Y58.3828
G01 X59.3072Y58.5691
G01 X58.0391Y58.6314
G01 X56.7711Y58.5691
G01 X55.5152Y58.3828
G01 X54.2836Y58.0743
G01 X53.0882Y57.6466
G01 X51.9405Y57.1038
G01 X50.8515Y56.4510
G01 X49.8317Y55.6947
G01 X48.8910Y54.8421
G01 X48.0383Y53.9014
G01 X47.2820Y52.8816
G01 X46.6293Y51.7926
G01 X46.0865Y50.6449
G01 X45.6587Y49.4495
G01 X45.3502Y48.2179
G01 X45.1639Y46.9620
G01 X45.1016Y45.6939
G01 X45.1639Y44.4258
G01 X45.3502Y43.1699
G01 X45.6587Y41.9383
G01 X46.0865Y40.7429
G01 X46.6293Y39.5952
G01 X47.2820Y38.5062
G01 X48.0383Y37.4864
G01 X48.1730Y37.3379
G00 Z20.0000
G00 X48.0819Y36.8806
G01 Z20.0000
G01 X47.7484Y37.2485
G01 X46.9702Y38.2979
G01 X46.2986Y39.4184
G01 X45.7400Y40.5994
G01 X45.2999Y41.8295
G01 X44.9824Y43.0968
G01 X44.7908Y44.3891
G01 X44.7266Y45.6939
G01 X44.7908Y46.9988
G01 X44.9824Y48.2910
G01 X45.2999Y49.5583
G01 X45.7400Y50.7884
G01 X46.2986Y51.9694
G01 X46.9702Y53.0899
G01 X47.7484Y54.1393
G01 X48.6258Y55.1073
G01 X49.5938Y55.9846
G01 X50.6431Y56.7628
G01 X51.7637Y57.4345
G01 X52.9447Y57.9931
G01 X54.1747Y58.4332
G01 X55.4420Y58.7506
G01 X56.7343Y58.9423
G01 X58.0391Y59.0064
G01 X59.3440Y58.9423
G01 X60.6363Y58.7506
G01 X61.9036Y58.4332
G01 X63.1336Y57.9931
G01 X64.3146Y57.4345
G01 X65.4352Y56.7628
G01 X66.4845Y55.9846
G01 X67.4525Y55.1073
G01 X68.3299Y54.1393
G01 X69.1081Y53.0899
G01 X69.7797Y51.9694
G01 X70.3383Y50.7884
G01 X70.7784Y49.5583
G01 X71.0959Y48.2910
G01 X71.2875Y46.9988
G01 X71.3516Y45.6939
G01 X71.2875Y44.3891
G01 X71.0959Y43.0968
G01 X70.7784Y41.8295
G01 X70.3810Y40.7188
G00 Z20.0000
G00 X70.7127Y40.5340
G01 Z20.0000
G01 X71.1373Y41.7206
G01 X71.4636Y43.0236
G01 X71.6607Y44.3523
G01 X71.7266Y45.6939
G01 X71.6607Y47.0355
G01 X71.4636Y48.3642
G01 X71.1373Y49.6672
G01 X70.6848Y50.9319
G01 X70.1104Y52.1462
G01 X69.4199Y53.2983
G01 X68.6197Y54.3772
G01 X67.7177Y55.3724
G01 X66.7224Y56.2745
G01 X65.6435Y57.0746
G01 X64.4914Y57.7652
G01 X63.2771Y58.3395
G01 X62.0124Y58.7920
G01 X60.7094Y59.1184
G01 X59.3808Y59.3155
G01 X58.0391Y59.3814
G01 X56.6975Y59.3155
G01 X55.3689Y59.1184
G01 X54.0659Y58.7920
G01 X52.8012Y58.3395
G01 X51.5869Y57.7652
G01 X50.4348Y57.0746
G01 X49.3559Y56.2745
G01 X48.3606Y55.3724
G01 X47.4586Y54.3772
G01 X46.6584Y53.2983
G01 X45.9679Y52.1462
G01 X45.3935Y50.9319
G01 X44.9410Y49.6672
G01 X44.6147Y48.3642
G01 X44.4176Y47.0355
G01 X44.3516Y45.6939
G01 X44.4176Y44.3523
G01 X44.6147Y43.0236
G01 X44.9410Y41.7206
G01 X45.3935Y40.4559
G01 X45.9679Y39.2417
G01 X46.6584Y38.0895
G01 X47.4586Y37.0106
G01 X48.2677Y36.1179
G00 Z20.0000
G00 X48.0801Y36.8410
G01 Z20.0000
G01 X48.0805Y36.8079
G01 X48.0865Y36.6940
G01 X48.0897Y36.6660
G01 X48.1067Y36.5532
G01 X48.1127Y36.5256
G01 X48.1407Y36.4150
G01 X48.1494Y36.3881
G01 X48.1881Y36.2808
G01 X48.1993Y36.2549
G01 X48.2484Y36.1519
G01 X48.2621Y36.1273
G01 X48.3210Y36.0296
G01 X48.3371Y36.0064
G01 X48.4053Y35.9149
G01 X48.4236Y35.8934
G01 X48.5004Y35.8091
G01 X48.5207Y35.7895
G01 X48.6054Y35.7131
G01 X48.6275Y35.6955
G01 X48.7194Y35.6278
G01 X48.7431Y35.6126
G01 X48.8411Y35.5542
G01 X48.8662Y35.5413
G01 X48.9695Y35.4928
G01 X48.9957Y35.4824
G01 X49.1032Y35.4443
G01 X49.1304Y35.4365
G01 X49.2411Y35.4091
G01 X49.2689Y35.4041
G01 X49.3818Y35.3877
G01 X49.4099Y35.3854
G01 X49.5239Y35.3801
G01 X49.5521Y35.3805
G01 X49.6660Y35.3865
G01 X49.6940Y35.3897
G01 X49.8068Y35.4067
G01 X49.8344Y35.4127
G01 X49.9450Y35.4407
G01 X49.9719Y35.4494
G01 X50.0792Y35.4881
G01 X50.1051Y35.4993
G01 X50.2081Y35.5484
G01 X50.2327Y35.5621
G01 X50.3304Y35.6210
G01 X50.3536Y35.6371
G01 X50.4451Y35.7053
G01 X50.4666Y35.7236
G01 X50.5509Y35.8004
G01 X50.5705Y35.8207
G01 X50.6469Y35.9054
G01 X50.6645Y35.9275
G01 X50.7322Y36.0194
G01 X50.7474Y36.0431
G01 X50.8058Y36.1411
G01 X50.8187Y36.1662
G01 X50.8672Y36.2695
G01 X50.8776Y36.2957
G01 X50.9157Y36.4032
G01 X50.9235Y36.4304
G01 X50.9509Y36.5411
G01 X50.9559Y36.5689
G01 X50.9723Y36.6818
G01 X50.9746Y36.7099
G01 X50.9799Y36.8239
G01 X50.9795Y36.8521
G01 X50.9735Y36.9660
G01 X50.9703Y36.9940
G01 X50.9533Y37.1068
G01 X50.9473Y37.1344
G01 X50.9193Y37.2450
G01 X50.9106Y37.2719
G01 X50.8719Y37.3792
G01 X50.8607Y37.4051
G01 X50.8116Y37.5081
G01 X50.7979Y37.5327
G01 X50.7390Y37.6304
G01 X50.7229Y37.6536
G01 X50.6547Y37.7451
G01 X50.6364Y37.7666
G01 X50.5596Y37.8509
G01 X50.5393Y37.8705
G01 X50.4546Y37.9469
G01 X50.4325Y37.9645
G01 X50.3406Y38.0322
G01 X50.3169Y38.0474
G01 X50.2189Y38.1058
G01 X50.1938Y38.1187
G01 X50.0905Y38.1672
G01 X50.0643Y38.1776
G01 X49.9568Y38.2157
G01 X49.9296Y38.2235
G01 X49.8189Y38.2509
G01 X49.7911Y38.2559
G01 X49.6782Y38.2723
G01 X49.6501Y38.2746
G01 X49.5361Y38.2799
G01 X49.5079Y38.2795
G01 X49.3940Y38.2735
G01 X49.3660Y38.2703
G01 X49.2532Y38.2533
G01 X49.2256Y38.2473
G01 X49.1150Y38.2193
G01 X49.0881Y38.2106
G01 X48.9808Y38.1719
G01 X48.9549Y38.1607
G01 X48.8519Y38.1116
G01 X48.8273Y38.0979
G01 X48.7296Y38.0390
G01 X48.7064Y38.0229
G01 X48.6149Y37.9547
G01 X48.5934Y37.9364
G01 X48.5091Y37.8596
G01 X48.4895Y37.8393
G01 X48.4131Y37.7546
G01 X48.3955Y37.7325
G01 X48.3278Y37.6406
G01 X48.3126Y37.6169
G01 X48.2542Y37.5189
G01 X48.2413Y37.4938
G01 X48.1928Y37.3905
G01 X48.1824Y37.3643
G01 X48.1443Y37.2568
G01 X48.1365Y37.2296
G01 X48.1091Y37.1189
G01 X48.1041Y37.0911
G01 X48.0877Y36.9782
G01 X48.0854Y36.9501
G01 X48.0801Y36.8410
G00 Z20.0000
G00 X48.9028Y35.5240
G01 Z20.0000
G01 X49.3559Y35.1133
G01 X50.4348Y34.3132
G01 X50.9868Y33.9823
G00 Z20.0000
G00 X51.2864Y34.2394
G01 Z20.0000
G01 X50.6431Y34.6250
G01 X49.6199Y35.3839
G00 Z20.0000
G00 X50.0976Y35.4959
G01 Z20.0000
G01 X50.8515Y34.9368
G01 X51.7086Y34.4230
G01 X50.4445Y35.7049
G01 X51.0598Y35.2486
G01 X52.1172Y34.6148
G01 X53.2317Y34.0877
G01 X53.5267Y33.9821
G00 Z20.0000
G00 X53.8611Y34.2603
G01 Z20.0000
G01 X53.3752Y34.4341
G01 X52.2940Y34.9455
G01 X51.2681Y35.5604
G01 X50.7030Y35.9795
G00 Z20.0000
G00 X50.8834Y36.3120
G01 Z20.0000
G01 X51.4765Y35.8722
G01 X52.4708Y35.2762
G01 X53.5187Y34.7806
G01 X54.4232Y34.4569
G00 Z20.0000
G00 X55.4929Y34.1689
G01 Z20.0000
G01 X55.6000Y34.1421
G00 Z20.0000
G00 X55.6190Y34.5235
G01 Z20.0000
G01 X54.7190Y34.7489
G01 X53.6622Y35.1270
G01 X52.6475Y35.6069
G01 X51.6848Y36.1840
G01 X50.9747Y36.7106
G00 Z20.0000
G00 X50.9230Y37.2315
G01 Z20.0000
G01 X51.0212Y37.1425
G01 X51.8932Y36.4958
G01 X52.8243Y35.9377
G01 X53.8057Y35.4735
G01 X54.8279Y35.1078
G01 X55.7187Y34.8846
G00 Z20.0000
G00 X55.9131Y35.2220
G01 Z20.0000
G01 X54.9367Y35.4666
G01 X53.9492Y35.8199
G01 X53.0011Y36.2684
G01 X52.1015Y36.8076
G01 X51.2591Y37.4324
G01 X50.4819Y38.1367
G01 X49.7776Y38.9138
G01 X49.1528Y39.7563
G01 X48.6136Y40.6559
G01 X48.1652Y41.6040
G01 X47.8118Y42.5915
G01 X47.5570Y43.6089
G01 X47.4031Y44.6463
G01 X47.3516Y45.6939
G01 X47.4031Y46.7415
G01 X47.5088Y47.4539
G00 Z20.0000
G00 X47.4451Y47.8900
G01 Z20.0000
G01 X47.4455Y47.8569
G01 X47.4515Y47.7430
G01 X47.4547Y47.7150
G01 X47.4717Y47.6022
G01 X47.4777Y47.5746
G01 X47.5057Y47.4640
G01 X47.5144Y47.4371
G01 X47.5531Y47.3298
G01 X47.5643Y47.3039
G01 X47.6134Y47.2009
G01 X47.6271Y47.1763
G01 X47.6860Y47.0786
G01 X47.7021Y47.0554
G01 X47.7703Y46.9639
G01 X47.7886Y46.9424
G01 X47.8654Y46.8581
G01 X47.8857Y46.8385
G01 X47.9704Y46.7621
G01 X47.9925Y46.7445
G01 X48.0844Y46.6768
G01 X48.1081Y46.6616
G01 X48.2061Y46.6032
G01 X48.2312Y46.5903
G01 X48.3345Y46.5418
G01 X48.3607Y46.5314
G01 X48.4682Y46.4933
G01 X48.4954Y46.4855
G01 X48.6061Y46.4581
G01 X48.6339Y46.4531
G01 X48.7468Y46.4367
G01 X48.7749Y46.4344
G01 X48.8889Y46.4291
G01 X48.9171Y46.4295
G01 X49.0310Y46.4355
G01 X49.0590Y46.4387
G01 X49.1718Y46.4557
G01 X49.1994Y46.4617
G01 X49.3100Y46.4897
G01 X49.3369Y46.4984
G01 X49.4442Y46.5371
G01 X49.4701Y46.5483
G01 X49.5731Y46.5974
G01 X49.5977Y46.6111
G01 X49.6954Y46.6700
G01 X49.7186Y46.6861
G01 X49.8101Y46.7543
G01 X49.8316Y46.7726
G01 X49.9159Y46.8494
G01 X49.9355Y46.8697
G01 X50.0119Y46.9544
G01 X50.0295Y46.9765
G01 X50.0972Y47.0684
G01 X50.1124Y47.0921
G01 X50.1708Y47.1901
G01 X50.1837Y47.2152
G01 X50.2322Y47.3185
G01 X50.2426Y47.3447
G01 X50.2807Y47.4522
G01 X50.2885Y47.4794
G01 X50.3159Y47.5901
G01 X50.3209Y47.6179
G01 X50.3373Y47.7308
G01 X50.3396Y47.7589
G01 X50.3449Y47.8729
G01 X50.3445Y47.9011
G01 X50.3385Y48.0150
G01 X50.3353Y48.0430
G01 X50.3183Y48.1558
G01 X50.3123Y48.1834
G01 X50.2843Y48.2940
G01 X50.2756Y48.3209
G01 X50.2369Y48.4282
G01 X50.2257Y48.4541
G01 X50.1766Y48.5571
G01 X50.1629Y48.5817
G01 X50.1040Y48.6794
G01 X50.0879Y48.7026
G01 X50.0197Y48.7941
G01 X50.0014Y48.8156
G01 X49.9246Y48.8999
G01 X49.9043Y48.9195
G01 X49.8196Y48.9959
G01 X49.7975Y49.0135
G01 X49.7056Y49.0812
G01 X49.6819Y49.0964
G01 X49.5839Y49.1548
G01 X49.5588Y49.1677
G01 X49.4555Y49.2162
G01 X49.4293Y49.2266
G01 X49.3218Y49.2647
G01 X49.2946Y49.2725
G01 X49.1839Y49.2999
G01 X49.1561Y49.3049
G01 X49.0432Y49.3213
G01 X49.0151Y49.3236
G01 X48.9011Y49.3289
G01 X48.8729Y49.3285
G01 X48.7590Y49.3225
G01 X48.7310Y49.3193
G01 X48.6182Y49.3023
G01 X48.5906Y49.2963
G01 X48.4800Y49.2683
G01 X48.4531Y49.2596
G01 X48.3458Y49.2209
G01 X48.3199Y49.2097
G01 X48.2169Y49.1606
G01 X48.1923Y49.1469
G01 X48.0946Y49.0880
G01 X48.0714Y49.0719
G01 X47.9799Y49.0037
G01 X47.9584Y48.9854
G01 X47.8741Y48.9086
G01 X47.8545Y48.8883
G01 X47.7781Y48.8036
G01 X47.7605Y48.7815
G01 X47.6928Y48.6896
G01 X47.6776Y48.6659
G01 X47.6192Y48.5679
G01 X47.6063Y48.5428
G01 X47.5578Y48.4395
G01 X47.5474Y48.4133
G01 X47.5093Y48.3058
G01 X47.5015Y48.2786
G01 X47.4741Y48.1679
G01 X47.4691Y48.1401
G01 X47.4527Y48.0272
G01 X47.4504Y47.9991
G01 X47.4451Y47.8900
G00 Z20.0000
G00 X47.8083Y46.9206
G01 Z20.0000
G01 X47.7763Y46.7047
G01 X47.7266Y45.6939
G01 X47.7763Y44.6831
G01 X47.9248Y43.6820
G01 X48.1707Y42.7003
G01 X48.5116Y41.7475
G01 X48.9443Y40.8326
G01 X49.4646Y39.9646
G01 X50.0675Y39.1517
G01 X50.7471Y38.4019
G01 X51.4970Y37.7222
G01 X52.3098Y37.1194
G01 X53.1779Y36.5991
G01 X54.0927Y36.1664
G01 X55.0456Y35.8255
G01 X56.0273Y35.5796
G01 X56.2454Y35.5472
G00 Z20.0000
G00 X56.9344Y35.8236
G01 Z20.0000
G01 X56.1004Y35.9474
G01 X55.1544Y36.1843
G01 X54.2362Y36.5129
G01 X53.3546Y36.9298
G01 X52.5182Y37.4312
G01 X51.8310Y37.9408
G00 Z20.0000
G00 X52.4262Y37.9657
G01 Z20.0000
G01 X52.7265Y37.7430
G01 X53.5314Y37.2605
G01 X54.3797Y36.8593
G01 X55.2633Y36.5432
G01 X56.1736Y36.3151
G01 X57.1019Y36.1775
G01 X58.0391Y36.1314
G01 X58.9764Y36.1775
G01 X59.9047Y36.3151
G01 X60.8150Y36.5432
G01 X61.6986Y36.8593
G01 X62.5469Y37.2605
G01 X63.3518Y37.7430
G01 X64.1055Y38.3020
G01 X64.8009Y38.9322
G01 X65.4311Y39.6275
G01 X65.9901Y40.3813
G01 X66.4725Y41.1862
G01 X66.8737Y42.0345
G01 X67.1899Y42.9181
G01 X67.4179Y43.8284
G01 X67.5556Y44.7566
G01 X67.6016Y45.6939
G01 X67.5556Y46.6312
G01 X67.4179Y47.5595
G01 X67.1899Y48.4698
G01 X66.8897Y49.3088
G00 Z20.0000
G00 X67.3085Y49.2501
G01 Z20.0000
G01 X67.5487Y48.5786
G01 X67.7857Y47.6326
G01 X67.9288Y46.6680
G01 X67.9766Y45.6939
G01 X67.9288Y44.7199
G01 X67.7857Y43.7552
G01 X67.5487Y42.8092
G01 X67.2202Y41.8910
G01 X66.8032Y41.0094
G01 X66.3019Y40.1729
G01 X65.7209Y39.3896
G01 X65.0660Y38.6670
G01 X64.3434Y38.0121
G01 X63.5601Y37.4312
G01 X62.7237Y36.9298
G01 X61.8421Y36.5129
G01 X60.9239Y36.1843
G01 X59.9779Y35.9474
G01 X59.0132Y35.8043
G01 X58.0391Y35.7564
G01 X57.5792Y35.7790
G00 Z20.0000
G00 X58.2406Y35.3913
G01 Z20.0000
G01 X58.6196Y35.4099
G00 Z20.0000
G00 X60.4005Y35.6671
G01 Z20.0000
G01 X61.0327Y35.8255
G01 X61.9856Y36.1664
G01 X62.9004Y36.5991
G01 X63.7685Y37.1194
G01 X64.5813Y37.7222
G01 X65.3312Y38.4019
G01 X66.0108Y39.1517
G01 X66.6137Y39.9646
G01 X67.1340Y40.8326
G01 X67.5667Y41.7475
G01 X67.9076Y42.7003
G01 X68.1535Y43.6820
G01 X68.3020Y44.6831
G01 X68.3516Y45.6939
G01 X68.3020Y46.7047
G01 X68.1535Y47.7058
G01 X67.9076Y48.6875
G01 X67.6890Y49.2984
G00 Z20.0000
G00 X68.0389Y49.4322
G01 Z20.0000
G01 X68.2664Y48.7963
G01 X68.5213Y47.7789
G01 X68.6752Y46.7415
G01 X68.7266Y45.6939
G01 X68.6752Y44.6463
G01 X68.5213Y43.6089
G01 X68.2664Y42.5915
G01 X67.9131Y41.6040
G01 X67.4647Y40.6559
G01 X66.9255Y39.7563
G01 X66.3007Y38.9138
G01 X65.5964Y38.1367
G01 X64.8192Y37.4324
G01 X63.9768Y36.8076
G01 X63.0772Y36.2684
G01 X62.1660Y35.8374
G00 Z20.0000
G00 X62.8094Y35.7274
G01 Z20.0000
G01 X63.2540Y35.9377
G01 X64.1851Y36.4958
G01 X65.0571Y37.1425
G01 X65.8615Y37.8715
G01 X66.5906Y38.6759
G01 X67.2373Y39.5479
G01 X67.7954Y40.4791
G01 X68.2596Y41.4605
G01 X68.6253Y42.4826
G01 X68.8891Y43.5357
G01 X69.0484Y44.6096
G01 X69.1016Y45.6939
G01 X69.0484Y46.7782
G01 X68.8891Y47.8521
G01 X68.6253Y48.9052
G01 X68.3560Y49.6579
G00 Z20.0000
G00 X68.6331Y49.9951
G01 Z20.0000
G01 X68.9842Y49.0140
G01 X69.2569Y47.9253
G01 X69.4216Y46.8150
G01 X69.4766Y45.6939
G01 X69.4216Y44.5728
G01 X69.2569Y43.4626
G01 X68.9842Y42.3738
G01 X68.6060Y41.3170
G01 X68.1261Y40.3023
G01 X67.5491Y39.3396
G01 X66.8805Y38.4380
G01 X66.1267Y37.6064
G01 X65.2950Y36.8526
G01 X64.3935Y36.1840
G01 X63.4307Y35.6069
G01 X63.2007Y35.4981
G00 Z20.0000
G00 X63.4736Y35.2129
G01 Z20.0000
G01 X63.5548Y35.2513
G00 Z20.0000
G00 X64.5098Y35.8170
G01 Z20.0000
G01 X64.6018Y35.8722
G01 X65.5329Y36.5627
G01 X66.3918Y37.3412
G01 X67.1703Y38.2001
G01 X67.8609Y39.1312
G01 X68.4568Y40.1255
G01 X68.9525Y41.1735
G01 X69.3430Y42.2649
G01 X69.6247Y43.3894
G01 X69.7948Y44.5361
G01 X69.8516Y45.6939
G01 X69.7948Y46.8517
G01 X69.6247Y47.9984
G01 X69.3430Y49.1229
G01 X68.9525Y50.2144
G01 X68.8265Y50.4807
G00 Z20.0000
G00 X67.8676Y52.2453
G01 Z20.0000
G01 X67.8609Y52.2566
G01 X67.1703Y53.1877
G01 X66.3918Y54.0466
G01 X65.5329Y54.8251
G01 X64.6018Y55.5156
G01 X63.6075Y56.1116
G01 X62.5596Y56.6072
G01 X61.4681Y56.9978
G01 X60.3437Y57.2794
G01 X59.1970Y57.4495
G01 X58.0391Y57.5064
G01 X56.8813Y57.4495
G01 X55.7346Y57.2794
G01 X54.6102Y56.9978
G01 X53.5187Y56.6072
G01 X52.4708Y56.1116
G01 X51.4765Y55.5156
G01 X50.5454Y54.8251
G01 X49.6865Y54.0466
G01 X48.9080Y53.1877
G01 X48.2174Y52.2566
G01 X47.6215Y51.2623
G01 X47.1258Y50.2144
G01 X46.7353Y49.1229
G01 X46.4536Y47.9984
G01 X46.2835Y46.8517
G01 X46.2266Y45.6939
G01 X46.2835Y44.5361
G01 X46.4536Y43.3894
G01 X46.7353Y42.2649
G01 X47.1258Y41.1735
G01 X47.6215Y40.1255
G01 X48.2174Y39.1312
G01 X48.9080Y38.2001
G01 X48.9471Y38.1570
G00 Z20.0000
G00 X49.3518Y38.2682
G01 Z20.0000
G01 X49.1978Y38.4380
G01 X48.5292Y39.3396
G01 X47.9522Y40.3023
G01 X47.4723Y41.3170
G01 X47.0941Y42.3738
G01 X46.8214Y43.4626
G01 X46.6567Y44.5728
G01 X46.6016Y45.6939
G01 X46.6567Y46.8150
G01 X46.8214Y47.9253
G01 X47.0941Y49.0140
G01 X47.4723Y50.0708
G01 X47.9522Y51.0855
G01 X48.5292Y52.0482
G01 X49.1978Y52.9498
G01 X49.9516Y53.7814
G01 X50.7833Y54.5352
G01 X51.6848Y55.2038
G01 X52.6475Y55.7809
G01 X53.6622Y56.2608
G01 X54.7190Y56.6389
G01 X55.8078Y56.9116
G01 X56.9181Y57.0763
G01 X58.0391Y57.1314
G01 X59.1602Y57.0763
G01 X60.2705Y56.9116
G01 X61.3593Y56.6389
G01 X62.4161Y56.2608
G01 X63.4307Y55.7809
G01 X64.3935Y55.2038
G01 X65.2950Y54.5352
G01 X66.1267Y53.7814
G01 X66.8805Y52.9498
G01 X67.3255Y52.3497
G00 Z20.0000
G00 X66.9005Y52.2940
G01 Z20.0000
G01 X66.5906Y52.7119
G01 X65.8615Y53.5163
G01 X65.0571Y54.2453
G01 X64.1851Y54.8920
G01 X63.2540Y55.4502
G01 X62.2726Y55.9143
G01 X61.2504Y56.2801
G01 X60.1973Y56.5438
G01 X59.1235Y56.7031
G01 X58.0391Y56.7564
G01 X56.9548Y56.7031
G01 X55.8810Y56.5438
G01 X54.8279Y56.2801
G01 X53.8057Y55.9143
G01 X52.8243Y55.4502
G01 X51.8932Y54.8920
G01 X51.0212Y54.2453
G01 X50.2168Y53.5163
G01 X49.4877Y52.7119
G01 X48.8410Y51.8399
G01 X48.2829Y50.9087
G01 X47.8187Y49.9273
G01 X47.4530Y48.9052
G01 X47.1892Y47.8521
G01 X47.0299Y46.7782
G01 X46.9766Y45.6939
G01 X47.0299Y44.6096
G01 X47.1892Y43.5357
G01 X47.4530Y42.4826
G01 X47.8187Y41.4605
G01 X48.2829Y40.4791
G01 X48.8410Y39.5479
G01 X49.4877Y38.6759
G01 X49.8885Y38.2338
G01 X50.6533Y39.0631
G01 X50.3574Y39.3896
G01 X49.7764Y40.1729
G01 X49.2751Y41.0094
G01 X48.8581Y41.8910
G01 X48.5296Y42.8092
G01 X48.2926Y43.7552
G01 X48.1495Y44.7199
G01 X48.1016Y45.6939
G01 X48.1480Y46.6376
G00 Z20.0000
G00 X48.5153Y46.4806
G01 Z20.0000
G01 X48.4766Y45.6939
G01 X48.5227Y44.7566
G01 X48.6604Y43.8284
G01 X48.8884Y42.9181
G01 X49.2046Y42.0345
G01 X49.6058Y41.1862
G01 X50.0882Y40.3813
G01 X50.6442Y39.6317
G00 Z20.0000
G00 X50.6201Y39.3810
G01 Z20.0000
G01 X50.6205Y39.3479
G01 X50.6265Y39.2340
G01 X50.6297Y39.2060
G01 X50.6467Y39.0932
G01 X50.6527Y39.0656
G01 X50.6807Y38.9550
G01 X50.6894Y38.9281
G01 X50.7281Y38.8208
G01 X50.7393Y38.7949
G01 X50.7884Y38.6919
G01 X50.8021Y38.6673
G01 X50.8610Y38.5696
G01 X50.8771Y38.5464
G01 X50.9453Y38.4549
G01 X50.9636Y38.4334
G01 X51.0404Y38.3491
G01 X51.0607Y38.3295
G01 X51.1454Y38.2531
G01 X51.1675Y38.2355
G01 X51.2594Y38.1678
G01 X51.2831Y38.1526
G01 X51.3811Y38.0942
G01 X51.4062Y38.0813
G01 X51.5095Y38.0328
G01 X51.5357Y38.0224
G01 X51.6432Y37.9843
G01 X51.6704Y37.9765
G01 X51.7811Y37.9491
G01 X51.8089Y37.9441
G01 X51.9218Y37.9277
G01 X51.9499Y37.9254
G01 X52.0639Y37.9201
G01 X52.0921Y37.9205
G01 X52.2060Y37.9265
G01 X52.2340Y37.9297
G01 X52.3468Y37.9467
G01 X52.3744Y37.9527
G01 X52.4850Y37.9807
G01 X52.5119Y37.9894
G01 X52.6192Y38.0281
G01 X52.6451Y38.0393
G01 X52.7481Y38.0884
G01 X52.7727Y38.1021
G01 X52.8704Y38.1610
G01 X52.8936Y38.1771
G01 X52.9851Y38.2453
G01 X53.0066Y38.2636
G01 X53.0909Y38.3404
G01 X53.1105Y38.3607
G01 X53.1869Y38.4454
G01 X53.2045Y38.4675
G01 X53.2722Y38.5594
G01 X53.2874Y38.5831
G01 X53.3458Y38.6811
G01 X53.3587Y38.7062
G01 X53.4072Y38.8095
G01 X53.4176Y38.8357
G01 X53.4557Y38.9432
G01 X53.4635Y38.9704
G01 X53.4909Y39.0811
G01 X53.4959Y39.1089
G01 X53.5123Y39.2218
G01 X53.5146Y39.2499
G01 X53.5199Y39.3639
G01 X53.5195Y39.3921
G01 X53.5135Y39.5060
G01 X53.5103Y39.5340
G01 X53.4933Y39.6468
G01 X53.4873Y39.6744
G01 X53.4593Y39.7850
G01 X53.4506Y39.8119
G01 X53.4119Y39.9192
G01 X53.4007Y39.9451
G01 X53.3516Y40.0481
G01 X53.3379Y40.0727
G01 X53.2790Y40.1704
G01 X53.2629Y40.1936
G01 X53.1947Y40.2851
G01 X53.1764Y40.3066
G01 X53.0996Y40.3909
G01 X53.0793Y40.4105
G01 X52.9946Y40.4869
G01 X52.9725Y40.5045
G01 X52.8806Y40.5722
G01 X52.8569Y40.5874
G01 X52.7589Y40.6458
G01 X52.7338Y40.6587
G01 X52.6305Y40.7072
G01 X52.6043Y40.7176
G01 X52.4968Y40.7557
G01 X52.4696Y40.7635
G01 X52.3589Y40.7909
G01 X52.3311Y40.7959
G01 X52.2182Y40.8123
G01 X52.1901Y40.8146
G01 X52.0761Y40.8199
G01 X52.0479Y40.8195
G01 X51.9340Y40.8135
G01 X51.9060Y40.8103
G01 X51.7932Y40.7933
G01 X51.7656Y40.7873
G01 X51.6550Y40.7593
G01 X51.6281Y40.7506
G01 X51.5208Y40.7119
G01 X51.4949Y40.7007
G01 X51.3919Y40.6516
G01 X51.3673Y40.6379
G01 X51.2696Y40.5790
G01 X51.2464Y40.5629
G01 X51.1549Y40.4947
G01 X51.1334Y40.4764
G01 X51.0491Y40.3996
G01 X51.0295Y40.3793
G01 X50.9531Y40.2946
G01 X50.9355Y40.2725
G01 X50.8678Y40.1806
G01 X50.8526Y40.1569
G01 X50.7942Y40.0589
G01 X50.7813Y40.0338
G01 X50.7328Y39.9305
G01 X50.7224Y39.9043
G01 X50.6843Y39.7968
G01 X50.6765Y39.7696
G01 X50.6491Y39.6589
G01 X50.6441Y39.6311
G01 X50.6277Y39.5182
G01 X50.6254Y39.4901
G01 X50.6201Y39.3810
G00 Z20.0000
G00 X50.7939Y40.0585
G01 Z20.0000
G01 X50.4000Y40.5896
G01 X49.9365Y41.3629
G01 X49.5510Y42.1780
G01 X49.2473Y43.0269
G01 X49.0282Y43.9015
G01 X48.8959Y44.7934
G01 X48.8516Y45.6939
G01 X48.8878Y46.4291
G00 Z20.0000
G00 X49.2652Y46.4782
G01 Z20.0000
G01 X49.2266Y45.6939
G01 X49.2691Y44.8301
G01 X49.3960Y43.9747
G01 X49.6061Y43.1358
G01 X49.8975Y42.3215
G01 X50.2672Y41.5397
G01 X50.7118Y40.7979
G01 X51.0255Y40.3750
G00 Z20.0000
G00 X51.3185Y40.6087
G01 Z20.0000
G01 X51.0236Y41.0063
G01 X50.5979Y41.7165
G01 X50.2439Y42.4650
G01 X49.9650Y43.2446
G01 X49.7638Y44.0478
G01 X49.6423Y44.8669
G01 X49.6016Y45.6939
G01 X49.6423Y46.5209
G01 X49.6613Y46.6492
G00 Z20.0000
G00 X50.1035Y47.0779
G01 Z20.0000
G01 X50.0155Y46.4842
G01 X49.9766Y45.6939
G01 X50.0155Y44.9036
G01 X50.1316Y44.1210
G01 X50.3238Y43.3535
G01 X50.5904Y42.6085
G01 X50.9287Y41.8933
G01 X51.3354Y41.2146
G01 X51.6701Y40.7634
G00 Z20.0000
G00 X52.0949Y40.8193
G01 Z20.0000
G01 X51.6472Y41.4230
G01 X51.2594Y42.0700
G01 X50.9368Y42.7520
G01 X50.6827Y43.4623
G01 X50.4994Y44.1942
G01 X50.3887Y44.9404
G01 X50.3516Y45.6939
G01 X50.3887Y46.4474
G01 X50.4994Y47.1937
G01 X50.6827Y47.9255
G01 X50.9368Y48.6358
G01 X51.2594Y49.3178
G01 X51.6472Y49.9649
G01 X52.0966Y50.5708
G01 X52.6033Y51.1298
G01 X53.1623Y51.6364
G01 X53.7682Y52.0858
G01 X54.4153Y52.4737
G01 X55.0973Y52.7962
G01 X55.8076Y53.0504
G01 X56.5394Y53.2337
G01 X57.2856Y53.3444
G01 X58.0391Y53.3814
G01 X58.7927Y53.3444
G01 X59.5389Y53.2337
G01 X60.2707Y53.0504
G01 X60.9810Y52.7962
G01 X61.6630Y52.4737
G01 X62.3101Y52.0858
G01 X62.9160Y51.6364
G01 X63.4750Y51.1298
G01 X63.9817Y50.5708
G01 X64.4311Y49.9649
G01 X64.8189Y49.3178
G01 X65.1415Y48.6358
G01 X65.3956Y47.9255
G01 X65.5789Y47.1937
G01 X65.6896Y46.4474
G01 X65.7266Y45.6939
G01 X65.6896Y44.9404
G01 X65.5789Y44.1942
G01 X65.3956Y43.4623
G01 X65.1415Y42.7520
G01 X64.8189Y42.0700
G01 X64.4311Y41.4230
G01 X63.9817Y40.8170
G01 X63.4750Y40.2580
G01 X62.9160Y39.7514
G01 X62.3101Y39.3020
G01 X61.6630Y38.9141
G01 X60.9810Y38.5916
G01 X60.2707Y38.3374
G01 X59.5389Y38.1541
G01 X58.7927Y38.0434
G01 X58.0391Y38.0064
G01 X57.2856Y38.0434
G01 X56.5394Y38.1541
G01 X55.8076Y38.3374
G01 X55.0973Y38.5916
G01 X54.4153Y38.9141
G01 X53.7682Y39.3020
G01 X53.5146Y39.4900
G00 Z20.0000
G00 X53.4827Y39.0474
G01 Z20.0000
G01 X53.5599Y38.9902
G01 X54.2385Y38.5834
G01 X54.9538Y38.2451
G01 X55.6987Y37.9786
G01 X56.4662Y37.7863
G01 X57.2489Y37.6702
G01 X58.0391Y37.6314
G01 X58.8294Y37.6702
G01 X59.6121Y37.7863
G01 X60.3796Y37.9786
G01 X61.1245Y38.2451
G01 X61.8398Y38.5834
G01 X62.5184Y38.9902
G01 X63.1539Y39.4615
G01 X63.7402Y39.9929
G01 X64.2715Y40.5791
G01 X64.7429Y41.2146
G01 X65.1496Y41.8933
G01 X65.4879Y42.6085
G01 X65.7545Y43.3535
G01 X65.9467Y44.1210
G01 X66.0628Y44.9036
G01 X66.1016Y45.6939
G01 X66.0628Y46.4842
G01 X65.9467Y47.2668
G01 X65.7545Y48.0343
G01 X65.4879Y48.7793
G01 X65.1496Y49.4945
G01 X64.7429Y50.1732
G01 X64.2715Y50.8087
G01 X63.7402Y51.3950
G01 X63.1539Y51.9263
G01 X62.5184Y52.3976
G01 X61.8398Y52.8044
G01 X61.1245Y53.1427
G01 X60.3796Y53.4092
G01 X59.6121Y53.6015
G01 X58.8294Y53.7176
G01 X58.0391Y53.7564
G01 X57.2489Y53.7176
G01 X56.4662Y53.6015
G01 X55.6987Y53.4092
G01 X54.9538Y53.1427
G01 X54.2385Y52.8044
G01 X53.5599Y52.3976
G01 X52.9244Y51.9263
G01 X52.3381Y51.3950
G01 X51.8068Y50.8087
G01 X51.3354Y50.1732
G01 X50.9287Y49.4945
G01 X50.5904Y48.7793
G01 X50.3329Y48.0596
G00 Z20.0000
G00 X50.1372Y48.6246
G01 Z20.0000
G01 X50.2439Y48.9228
G01 X50.5979Y49.6713
G01 X51.0236Y50.3815
G01 X51.5169Y51.0466
G01 X52.0729Y51.6601
G01 X52.6865Y52.2162
G01 X53.3515Y52.7094
G01 X54.0617Y53.1351
G01 X54.8103Y53.4891
G01 X55.5899Y53.7681
G01 X56.3931Y53.9693
G01 X57.2121Y54.0908
G01 X58.0391Y54.1314
G01 X58.8662Y54.0908
G01 X59.6852Y53.9693
G01 X60.4884Y53.7681
G01 X61.2680Y53.4891
G01 X62.0166Y53.1351
G01 X62.7268Y52.7094
G01 X63.3918Y52.2162
G01 X64.0054Y51.6601
G01 X64.5614Y51.0466
G01 X65.0547Y50.3815
G01 X65.4804Y49.6713
G01 X65.8344Y48.9228
G01 X66.1133Y48.1432
G01 X66.3145Y47.3400
G01 X66.4360Y46.5209
G01 X66.4766Y45.6939
G01 X66.4360Y44.8669
G01 X66.3145Y44.0478
G01 X66.1133Y43.2446
G01 X65.8344Y42.4650
G01 X65.4804Y41.7165
G01 X65.0547Y41.0063
G01 X64.5614Y40.3412
G01 X64.0054Y39.7277
G01 X63.3918Y39.1716
G01 X62.7268Y38.6784
G01 X62.0166Y38.2527
G01 X61.2680Y37.8987
G01 X60.4884Y37.6197
G01 X59.6852Y37.4185
G01 X58.8662Y37.2970
G01 X58.0391Y37.2564
G01 X57.2121Y37.2970
G01 X56.3931Y37.4185
G01 X55.5899Y37.6197
G01 X54.8103Y37.8987
G01 X54.0617Y38.2527
G01 X53.3515Y38.6784
G01 X53.3464Y38.6822
G00 Z20.0000
G00 X53.1269Y38.3787
G01 Z20.0000
G01 X53.1432Y38.3666
G01 X53.8850Y37.9220
G01 X54.6668Y37.5522
G01 X55.4810Y37.2609
G01 X56.3199Y37.0507
G01 X57.1754Y36.9238
G01 X58.0391Y36.8814
G01 X58.9029Y36.9238
G01 X59.7584Y37.0507
G01 X60.5973Y37.2609
G01 X61.4115Y37.5522
G01 X62.1933Y37.9220
G01 X62.9351Y38.3666
G01 X63.6297Y38.8818
G01 X64.2705Y39.4625
G01 X64.8513Y40.1033
G01 X65.3665Y40.7979
G01 X65.8111Y41.5397
G01 X66.1808Y42.3215
G01 X66.4722Y43.1358
G01 X66.6823Y43.9747
G01 X66.8092Y44.8301
G01 X66.8516Y45.6939
G01 X66.8092Y46.5577
G01 X66.6823Y47.4131
G01 X66.4722Y48.2520
G01 X66.1808Y49.0663
G01 X65.8111Y49.8481
G01 X65.3665Y50.5899
G01 X64.8513Y51.2845
G01 X64.2705Y51.9253
G01 X63.6297Y52.5061
G01 X62.9351Y53.0212
G01 X62.1933Y53.4658
G01 X61.4115Y53.8356
G01 X60.5973Y54.1269
G01 X59.7584Y54.3371
G01 X58.9029Y54.4640
G01 X58.0391Y54.5064
G01 X57.1754Y54.4640
G01 X56.3199Y54.3371
G01 X55.4810Y54.1269
G01 X54.6668Y53.8356
G01 X53.8850Y53.4658
G01 X53.1432Y53.0212
G01 X52.4486Y52.5061
G01 X51.8078Y51.9253
G01 X51.2270Y51.2845
G01 X50.7118Y50.5899
G01 X50.2672Y49.8481
G01 X49.8975Y49.0663
G01 X49.8595Y48.9602
G00 Z20.0000
G00 X49.5393Y49.1770
G01 Z20.0000
G01 X49.5510Y49.2098
G01 X49.9365Y50.0249
G01 X50.4000Y50.7982
G01 X50.9371Y51.5224
G01 X51.5426Y52.1905
G01 X52.2107Y52.7959
G01 X52.9348Y53.3330
G01 X53.7082Y53.7966
G01 X54.5232Y54.1821
G01 X55.3722Y54.4858
G01 X56.2468Y54.7049
G01 X57.1386Y54.8372
G01 X58.0391Y54.8814
G01 X58.9397Y54.8372
G01 X59.8315Y54.7049
G01 X60.7061Y54.4858
G01 X61.5551Y54.1821
G01 X62.3701Y53.7966
G01 X63.1435Y53.3330
G01 X63.8676Y52.7959
G01 X64.5357Y52.1905
G01 X65.1412Y51.5224
G01 X65.6783Y50.7982
G01 X65.7674Y50.6495
G00 Z20.0000
G00 X65.7601Y50.8110
G01 Z20.0000
G01 X65.7605Y50.7779
G01 X65.7669Y50.6542
G01 X65.7702Y50.6262
G01 X65.7887Y50.5036
G01 X65.7946Y50.4761
G01 X65.8250Y50.3560
G01 X65.8337Y50.3291
G01 X65.8757Y50.2125
G01 X65.8869Y50.1866
G01 X65.9402Y50.0748
G01 X65.9539Y50.0501
G01 X66.0179Y49.9440
G01 X66.0339Y49.9208
G01 X66.1080Y49.8215
G01 X66.1263Y49.8000
G01 X66.2097Y49.7084
G01 X66.2300Y49.6888
G01 X66.3220Y49.6058
G01 X66.3441Y49.5882
G01 X66.4438Y49.5147
G01 X66.4675Y49.4994
G01 X66.5740Y49.4360
G01 X66.5991Y49.4231
G01 X66.7112Y49.3704
G01 X66.7374Y49.3600
G01 X66.8542Y49.3186
G01 X66.8813Y49.3109
G01 X67.0016Y49.2811
G01 X67.0294Y49.2760
G01 X67.1520Y49.2581
G01 X67.1801Y49.2558
G01 X67.3039Y49.2501
G01 X67.3321Y49.2505
G01 X67.4558Y49.2569
G01 X67.4838Y49.2602
G01 X67.6064Y49.2787
G01 X67.6339Y49.2846
G01 X67.7540Y49.3150
G01 X67.7809Y49.3237
G01 X67.8975Y49.3657
G01 X67.9234Y49.3769
G01 X68.0352Y49.4302
G01 X68.0599Y49.4439
G01 X68.1660Y49.5079
G01 X68.1892Y49.5239
G01 X68.2885Y49.5980
G01 X68.3100Y49.6163
G01 X68.4016Y49.6997
G01 X68.4212Y49.7200
G01 X68.5042Y49.8120
G01 X68.5218Y49.8341
G01 X68.5953Y49.9338
G01 X68.6106Y49.9575
G01 X68.6740Y50.0640
G01 X68.6869Y50.0891
G01 X68.7396Y50.2012
G01 X68.7500Y50.2274
G01 X68.7914Y50.3442
G01 X68.7991Y50.3713
G01 X68.8289Y50.4916
G01 X68.8340Y50.5194
G01 X68.8519Y50.6420
G01 X68.8542Y50.6701
G01 X68.8599Y50.7939
G01 X68.8595Y50.8221
G01 X68.8531Y50.9458
G01 X68.8498Y50.9738
G01 X68.8313Y51.0964
G01 X68.8254Y51.1239
G01 X68.7950Y51.2441
G01 X68.7863Y51.2709
G01 X68.7443Y51.3875
G01 X68.7331Y51.4134
G01 X68.6798Y51.5252
G01 X68.6661Y51.5499
G01 X68.6021Y51.6560
G01 X68.5861Y51.6792
G01 X68.5120Y51.7785
G01 X68.4937Y51.8000
G01 X68.4103Y51.8916
G01 X68.3900Y51.9112
G01 X68.2980Y51.9942
G01 X68.2759Y52.0118
G01 X68.1762Y52.0853
G01 X68.1525Y52.1006
G01 X68.0460Y52.1640
G01 X68.0209Y52.1769
G01 X67.9088Y52.2296
G01 X67.8826Y52.2400
G01 X67.7658Y52.2814
G01 X67.7387Y52.2891
G01 X67.6184Y52.3189
G01 X67.5906Y52.3240
G01 X67.4680Y52.3419
G01 X67.4399Y52.3442
G01 X67.3161Y52.3499
G01 X67.2879Y52.3495
G01 X67.1642Y52.3431
G01 X67.1362Y52.3398
G01 X67.0136Y52.3213
G01 X66.9861Y52.3154
G01 X66.8660Y52.2850
G01 X66.8391Y52.2763
G01 X66.7225Y52.2343
G01 X66.6966Y52.2231
G01 X66.5848Y52.1698
G01 X66.5601Y52.1561
G01 X66.4540Y52.0921
G01 X66.4308Y52.0761
G01 X66.3315Y52.0020
G01 X66.3100Y51.9837
G01 X66.2184Y51.9003
G01 X66.1988Y51.8800
G01 X66.1158Y51.7880
G01 X66.0982Y51.7659
G01 X66.0247Y51.6662
G01 X66.0094Y51.6425
G01 X65.9460Y51.5360
G01 X65.9331Y51.5109
G01 X65.8804Y51.3988
G01 X65.8700Y51.3726
G01 X65.8286Y51.2558
G01 X65.8209Y51.2287
G01 X65.7911Y51.1084
G01 X65.7860Y51.0806
G01 X65.7681Y50.9580
G01 X65.7658Y50.9299
G01 X65.7601Y50.8110
G00 Z20.0000
G00 X65.8220Y51.2331
G01 Z20.0000
G01 X65.4311Y51.7603
G01 X64.8009Y52.4556
G01 X64.1055Y53.0858
G01 X63.3518Y53.6448
G01 X62.5469Y54.1273
G01 X61.6986Y54.5285
G01 X60.8150Y54.8446
G01 X59.9047Y55.0727
G01 X58.9764Y55.2104
G01 X58.0391Y55.2564
G01 X57.1019Y55.2104
G01 X56.1736Y55.0727
G01 X55.2633Y54.8446
G01 X54.3797Y54.5285
G01 X53.5314Y54.1273
G01 X52.7265Y53.6448
G01 X51.9728Y53.0858
G01 X51.2774Y52.4556
G01 X50.6472Y51.7603
G01 X50.0882Y51.0065
G01 X49.6058Y50.2016
G01 X49.2046Y49.3533
G01 X49.1853Y49.2995
G00 Z20.0000
G00 X48.7965Y49.3247
G01 Z20.0000
G01 X48.8581Y49.4968
G01 X49.2751Y50.3784
G01 X49.7764Y51.2149
G01 X50.3574Y51.9982
G01 X51.0123Y52.7208
G01 X51.7349Y53.3757
G01 X52.5182Y53.9566
G01 X53.3546Y54.4580
G01 X54.2362Y54.8750
G01 X55.1544Y55.2035
G01 X56.1004Y55.4405
G01 X57.0651Y55.5836
G01 X58.0391Y55.6314
G01 X59.0132Y55.5836
G01 X59.9779Y55.4405
G01 X60.9239Y55.2035
G01 X61.8421Y54.8750
G01 X62.7237Y54.4580
G01 X63.5601Y53.9566
G01 X64.3434Y53.3757
G01 X65.0660Y52.7208
G01 X65.7209Y51.9982
G01 X65.9984Y51.6241
G00 Z20.0000
G00 X66.2430Y51.9230
G01 Z20.0000
G01 X66.0108Y52.2361
G01 X65.3312Y52.9859
G01 X64.5813Y53.6656
G01 X63.7685Y54.2684
G01 X62.9004Y54.7887
G01 X61.9856Y55.2214
G01 X61.0327Y55.5624
G01 X60.0510Y55.8083
G01 X59.0500Y55.9567
G01 X58.0391Y56.0064
G01 X57.0283Y55.9567
G01 X56.0273Y55.8083
G01 X55.0456Y55.5624
G01 X54.0927Y55.2214
G01 X53.1779Y54.7887
G01 X52.3098Y54.2684
G01 X51.4970Y53.6656
G01 X50.7471Y52.9859
G01 X50.0675Y52.2361
G01 X49.4646Y51.4232
G01 X48.9443Y50.5552
G01 X48.5116Y49.6403
G01 X48.3640Y49.2278
G00 Z20.0000
G00 X47.8384Y48.8706
G01 Z20.0000
G01 X48.1652Y49.7838
G01 X48.6136Y50.7320
G01 X49.1528Y51.6316
G01 X49.7776Y52.4740
G01 X50.4819Y53.2511
G01 X51.2591Y53.9555
G01 X52.1015Y54.5802
G01 X53.0011Y55.1194
G01 X53.9492Y55.5679
G01 X54.9367Y55.9212
G01 X55.9541Y56.1761
G01 X56.9916Y56.3299
G01 X58.0391Y56.3814
G01 X59.0867Y56.3299
G01 X60.1242Y56.1761
G01 X61.1416Y55.9212
G01 X62.1291Y55.5679
G01 X63.0772Y55.1194
G01 X63.9768Y54.5802
G01 X64.8192Y53.9555
G01 X65.5964Y53.2511
G01 X66.3007Y52.4740
G01 X66.5437Y52.1463
G00 Z20.0000
G00 X66.3506Y49.5834
G01 Z20.0000
G01 X66.5273Y49.2098
G01 X66.8310Y48.3609
G01 X67.0501Y47.4863
G01 X67.1824Y46.5944
G01 X67.2266Y45.6939
G01 X67.1824Y44.7934
G01 X67.0501Y43.9015
G01 X66.8310Y43.0269
G01 X66.5273Y42.1780
G01 X66.1418Y41.3629
G01 X65.6783Y40.5896
G01 X65.1412Y39.8654
G01 X64.5357Y39.1974
G01 X63.8676Y38.5919
G01 X63.1435Y38.0548
G01 X62.3701Y37.5913
G01 X61.5551Y37.2058
G01 X60.7061Y36.9020
G01 X59.8315Y36.6829
G01 X58.9397Y36.5506
G01 X58.0391Y36.5064
G01 X57.1386Y36.5506
G01 X56.2468Y36.6829
G01 X55.3722Y36.9020
G01 X54.5232Y37.2058
G01 X53.7082Y37.5913
G01 X52.9348Y38.0548
G01 X52.8271Y38.1347
G00 Z20.0000
G00 X53.3052Y40.1274
G01 Z20.0000
G01 X53.4001Y40.0413
G01 X53.9765Y39.6138
G01 X54.5921Y39.2449
G01 X55.2408Y38.9380
G01 X55.9164Y38.6963
G01 X56.6126Y38.5219
G01 X57.3224Y38.4166
G01 X58.0391Y38.3814
G01 X58.7559Y38.4166
G01 X59.4657Y38.5219
G01 X60.1619Y38.6963
G01 X60.8375Y38.9380
G01 X61.4862Y39.2449
G01 X62.1018Y39.6138
G01 X62.6782Y40.0413
G01 X63.2099Y40.5232
G01 X63.6918Y41.0549
G01 X64.1193Y41.6313
G01 X64.4882Y42.2468
G01 X64.7950Y42.8955
G01 X65.0368Y43.5712
G01 X65.2111Y44.2673
G01 X65.3164Y44.9772
G01 X65.3516Y45.6939
G01 X65.3164Y46.4107
G01 X65.2111Y47.1205
G01 X65.0368Y47.8166
G01 X64.7950Y48.4923
G01 X64.4882Y49.1410
G01 X64.1193Y49.7565
G01 X63.6918Y50.3329
G01 X63.2099Y50.8646
G01 X62.6782Y51.3465
G01 X62.1018Y51.7740
G01 X61.4862Y52.1430
G01 X60.8375Y52.4498
G01 X60.1619Y52.6915
G01 X59.4657Y52.8659
G01 X58.7559Y52.9712
G01 X58.0391Y53.0064
G01 X57.3224Y52.9712
G01 X56.6126Y52.8659
G01 X55.9164Y52.6915
G01 X55.2408Y52.4498
G01 X54.5921Y52.1430
G01 X53.9765Y51.7740
G01 X53.4001Y51.3465
G01 X52.8684Y50.8646
G01 X52.3865Y50.3329
G01 X51.9590Y49.7565
G01 X51.5901Y49.1410
G01 X51.2833Y48.4923
G01 X51.0415Y47.8166
G01 X50.8672Y47.1205
G01 X50.7619Y46.4107
G01 X50.7266Y45.6939
G01 X50.7619Y44.9772
G01 X50.8672Y44.2673
G01 X51.0415Y43.5712
G01 X51.2833Y42.8955
G01 X51.5901Y42.2468
G01 X51.9590Y41.6313
G01 X52.3865Y41.0549
G01 X52.7558Y40.6475
G00 Z20.0000
G00 X49.5984Y34.4672
G01 Z20.0000
G01 X49.1180Y34.8234
G01 X48.0955Y35.7502
G01 X47.1687Y36.7728
G01 X46.3466Y37.8812
G01 X45.6371Y39.0649
G01 X45.0471Y40.3124
G01 X44.5822Y41.6118
G01 X44.2469Y42.9504
G01 X44.0444Y44.3155
G01 X43.9766Y45.6939
G01 X44.0444Y47.0723
G01 X44.2469Y48.4374
G01 X44.5822Y49.7760
G01 X45.0471Y51.0754
G01 X45.6371Y52.3229
G01 X46.3466Y53.5066
G01 X47.1687Y54.6151
G01 X48.0955Y55.6376
G01 X49.1180Y56.5644
G01 X50.2264Y57.3864
G01 X51.4101Y58.0959
G01 X52.6577Y58.6860
G01 X53.9570Y59.1509
G01 X55.2082Y59.4643
G00 Z20.0000
G00 X55.8883Y59.5741
G01 Z20.0000
G01 X56.6608Y59.6887
G01 X58.0391Y59.7564
G01 X59.4175Y59.6887
G01 X60.7826Y59.4862
G01 X62.1213Y59.1509
G01 X63.4206Y58.6860
G01 X64.6682Y58.0959
G01 X65.8519Y57.3864
G01 X66.9603Y56.5644
G01 X67.9828Y55.6376
G01 X68.9096Y54.6151
G01 X69.7317Y53.5066
G01 X70.4412Y52.3229
G01 X71.0312Y51.0754
G01 X71.4961Y49.7760
G01 X71.8314Y48.4374
G01 X72.0339Y47.0723
G01 X72.1016Y45.6939
G01 X72.0339Y44.3155
G01 X71.8314Y42.9504
G01 X71.4961Y41.6118
G01 X71.0312Y40.3124
G01 X71.0015Y40.2495
G00 Z20.0000
G00 X71.2212Y39.8382
G01 Z20.0000
G01 X71.3777Y40.1689
G01 X71.8550Y41.5029
G01 X72.1992Y42.8773
G01 X72.4071Y44.2788
G01 X72.4766Y45.6939
G01 X72.4071Y47.1090
G01 X72.1992Y48.5105
G01 X71.8550Y49.8849
G01 X71.3777Y51.2189
G01 X70.7719Y52.4997
G01 X70.0435Y53.7150
G01 X69.1995Y54.8530
G01 X68.2480Y55.9028
G01 X67.1982Y56.8542
G01 X66.0602Y57.6982
G01 X64.8449Y58.4266
G01 X63.5641Y59.0324
G01 X62.2301Y59.5097
G01 X60.8558Y59.8540
G01 X59.4543Y60.0619
G01 X58.0391Y60.1314
G01 X56.6240Y60.0619
G01 X56.4828Y60.0409
G00 Z20.0000
G00 X56.6940Y60.4403
G01 Z20.0000
G01 X58.0391Y60.5064
G01 X59.4910Y60.4351
G01 X60.9289Y60.2218
G01 X62.3390Y59.8686
G01 X63.7076Y59.3789
G01 X65.0217Y58.7574
G01 X66.2685Y58.0101
G01 X67.4361Y57.1441
G01 X68.5132Y56.1679
G01 X69.4894Y55.0909
G01 X70.3553Y53.9233
G01 X71.1026Y52.6765
G01 X71.7241Y51.3624
G01 X72.2138Y49.9937
G01 X72.5670Y48.5837
G01 X72.7803Y47.1458
G01 X72.8516Y45.6939
G01 X72.7803Y44.2420
G01 X72.5670Y42.8041
G01 X72.2138Y41.3941
G01 X71.7241Y40.0254
G01 X71.2641Y39.0528
G00 Z20.0000
G00 X70.9524Y37.0121
G01 Z20.0000
G01 X70.0704Y35.8229
G00 Z20.0000
G00 X70.4573Y35.7158
G01 Z20.0000
G01 X70.9942Y36.4397
G00 Z20.0000
G00 X71.1698Y36.0477
G01 Z20.0000
G01 X70.7830Y35.5262
G00 Z20.0000
G00 X71.0552Y35.2644
G01 Z20.0000
G01 X71.4189Y35.7548
G00 Z20.0000
G00 X69.5549Y35.8116
G01 Z20.0000
G01 X69.7792Y36.0591
G01 X70.6671Y37.2562
G01 X71.4333Y38.5346
G01 X72.0706Y39.8819
G01 X72.5727Y41.2852
G01 X72.9348Y42.7310
G01 X73.1535Y44.2053
G01 X73.2266Y45.6939
G01 X73.1535Y47.1825
G01 X72.9348Y48.6568
G01 X72.5727Y50.1026
G01 X72.0706Y51.5059
G01 X71.4333Y52.8532
G01 X70.6671Y54.1316
G01 X69.7792Y55.3288
G01 X68.7783Y56.4331
G01 X67.6740Y57.4340
G01 X66.4769Y58.3219
G01 X65.1985Y59.0881
G01 X63.8512Y59.7253
G01 X62.4478Y60.2274
G01 X61.0021Y60.5896
G01 X59.5278Y60.8083
G01 X58.0391Y60.8814
G01 X56.7691Y60.8190
G00 Z20.0000
G00 X56.7449Y61.1928
G01 Z20.0000
G01 X58.0391Y61.2564
G01 X59.5645Y61.1815
G01 X61.0752Y60.9574
G01 X62.5567Y60.5863
G01 X63.9947Y60.0718
G01 X65.3753Y59.4188
G01 X65.8679Y59.1236
G00 Z20.0000
G00 X65.7627Y59.6232
G01 Z20.0000
G01 X65.5520Y59.7495
G01 X64.1382Y60.4182
G01 X62.6656Y60.9451
G01 X61.1484Y61.3252
G01 X59.6013Y61.5547
G01 X58.0391Y61.6314
G01 X56.6171Y61.5615
G00 Z20.0000
G00 X56.3651Y61.9167
G01 Z20.0000
G01 X56.4402Y61.9279
G01 X58.0391Y62.0064
G01 X59.6381Y61.9279
G01 X61.2216Y61.6930
G01 X62.7744Y61.3040
G01 X64.2817Y60.7647
G01 X65.7288Y60.0802
G01 X65.8005Y60.0373
G00 Z20.0000
G00 X65.7601Y59.7010
G01 Z20.0000
G01 X65.7605Y59.6679
G01 X65.7669Y59.5442
G01 X65.7702Y59.5162
G01 X65.7887Y59.3936
G01 X65.7946Y59.3661
G01 X65.8250Y59.2460
G01 X65.8337Y59.2191
G01 X65.8757Y59.1025
G01 X65.8869Y59.0766
G01 X65.9402Y58.9648
G01 X65.9539Y58.9401
G01 X66.0179Y58.8340
G01 X66.0339Y58.8108
G01 X66.1080Y58.7115
G01 X66.1263Y58.6900
G01 X66.2097Y58.5984
G01 X66.2300Y58.5788
G01 X66.3220Y58.4958
G01 X66.3441Y58.4782
G01 X66.4438Y58.4047
G01 X66.4675Y58.3894
G01 X66.5740Y58.3260
G01 X66.5991Y58.3131
G01 X66.7112Y58.2604
G01 X66.7374Y58.2500
G01 X66.8542Y58.2086
G01 X66.8813Y58.2009
G01 X67.0016Y58.1711
G01 X67.0294Y58.1660
G01 X67.1520Y58.1481
G01 X67.1801Y58.1458
G01 X67.3039Y58.1401
G01 X67.3321Y58.1405
G01 X67.4558Y58.1469
G01 X67.4838Y58.1502
G01 X67.6064Y58.1687
G01 X67.6339Y58.1746
G01 X67.7540Y58.2050
G01 X67.7809Y58.2137
G01 X67.8975Y58.2557
G01 X67.9234Y58.2669
G01 X68.0352Y58.3202
G01 X68.0599Y58.3339
G01 X68.1660Y58.3979
G01 X68.1892Y58.4139
G01 X68.2885Y58.4880
G01 X68.3100Y58.5063
G01 X68.4016Y58.5897
G01 X68.4212Y58.6100
G01 X68.5042Y58.7020
G01 X68.5218Y58.7241
G01 X68.5953Y58.8238
G01 X68.6106Y58.8475
G01 X68.6740Y58.9540
G01 X68.6869Y58.9791
G01 X68.7396Y59.0912
G01 X68.7500Y59.1174
G01 X68.7914Y59.2342
G01 X68.7991Y59.2613
G01 X68.8289Y59.3816
G01 X68.8340Y59.4094
G01 X68.8519Y59.5320
G01 X68.8542Y59.5601
G01 X68.8599Y59.6839
G01 X68.8595Y59.7121
G01 X68.8531Y59.8358
G01 X68.8498Y59.8638
G01 X68.8313Y59.9864
G01 X68.8254Y60.0139
G01 X68.7950Y60.1341
G01 X68.7863Y60.1609
G01 X68.7443Y60.2775
G01 X68.7331Y60.3034
G01 X68.6798Y60.4152
G01 X68.6661Y60.4399
G01 X68.6021Y60.5460
G01 X68.5861Y60.5692
G01 X68.5120Y60.6685
G01 X68.4937Y60.6900
G01 X68.4103Y60.7816
G01 X68.3900Y60.8012
G01 X68.2980Y60.8842
G01 X68.2759Y60.9018
G01 X68.1762Y60.9753
G01 X68.1525Y60.9906
G01 X68.0460Y61.0540
G01 X68.0209Y61.0669
G01 X67.9088Y61.1196
G01 X67.8826Y61.1300
G01 X67.7658Y61.1714
G01 X67.7387Y61.1791
G01 X67.6184Y61.2089
G01 X67.5906Y61.2140
G01 X67.4680Y61.2319
G01 X67.4399Y61.2342
G01 X67.3161Y61.2399
G01 X67.2879Y61.2395
G01 X67.1642Y61.2331
G01 X67.1362Y61.2298
G01 X67.0136Y61.2113
G01 X66.9861Y61.2054
G01 X66.8660Y61.1750
G01 X66.8391Y61.1663
G01 X66.7225Y61.1243
G01 X66.6966Y61.1131
G01 X66.5848Y61.0598
G01 X66.5601Y61.0461
G01 X66.4540Y60.9821
G01 X66.4308Y60.9661
G01 X66.3315Y60.8920
G01 X66.3100Y60.8737
G01 X66.2184Y60.7903
G01 X66.1988Y60.7700
G01 X66.1158Y60.6780
G01 X66.0982Y60.6559
G01 X66.0247Y60.5562
G01 X66.0094Y60.5325
G01 X65.9460Y60.4260
G01 X65.9331Y60.4009
G01 X65.8804Y60.2888
G01 X65.8700Y60.2626
G01 X65.8286Y60.1458
G01 X65.8209Y60.1187
G01 X65.7911Y59.9984
G01 X65.7860Y59.9706
G01 X65.7681Y59.8480
G01 X65.7658Y59.8199
G01 X65.7601Y59.7010
G00 Z20.0000
G00 X65.9307Y60.3959
G01 Z20.0000
G01 X65.9056Y60.4110
G01 X64.4252Y61.1111
G01 X62.8833Y61.6628
G01 X61.2947Y62.0608
G01 X59.6748Y62.3011
G01 X58.0391Y62.3814
G01 X56.4035Y62.3011
G01 X55.9203Y62.2294
G00 Z20.0000
G00 X54.2055Y59.9854
G01 Z20.0000
G01 X53.7393Y59.8686
G01 X52.3707Y59.3789
G01 X51.0566Y58.7574
G01 X49.8098Y58.0101
G01 X48.6422Y57.1441
G01 X47.5651Y56.1679
G01 X46.5889Y55.0909
G01 X45.7230Y53.9233
G01 X44.9757Y52.6765
G01 X44.3542Y51.3624
G01 X43.8645Y49.9937
G01 X43.5113Y48.5837
G01 X43.2980Y47.1458
G01 X43.2266Y45.6939
G01 X43.2980Y44.2420
G01 X43.5113Y42.8041
G01 X43.8645Y41.3941
G01 X44.3542Y40.0254
G01 X44.9757Y38.7113
G01 X45.7230Y37.4645
G01 X46.5889Y36.2970
G01 X47.5651Y35.2199
G01 X48.6422Y34.2437
G01 X48.6950Y34.2045
G00 Z20.0000
G00 X49.0687Y34.3937
G01 Z20.0000
G01 X48.8801Y34.5336
G01 X47.8303Y35.4851
G01 X46.8788Y36.5349
G01 X46.0348Y37.6729
G01 X45.3064Y38.8881
G01 X44.7006Y40.1689
G01 X44.2233Y41.5029
G01 X43.8791Y42.8773
G01 X43.6712Y44.2788
G01 X43.6016Y45.6939
G01 X43.6712Y47.1090
G01 X43.8791Y48.5105
G01 X44.2233Y49.8849
G01 X44.7006Y51.2189
G01 X45.3064Y52.4997
G01 X46.0348Y53.7150
G01 X46.8788Y54.8530
G01 X47.8303Y55.9028
G01 X48.8801Y56.8542
G01 X50.0181Y57.6982
G01 X51.2334Y58.4266
G01 X52.5142Y59.0324
G01 X53.8482Y59.5097
G01 X54.5475Y59.6849
G00 Z20.0000
G00 X52.2192Y63.7005
G01 Z20.0000
G01 X51.7140Y63.5197
G00 Z20.0000
G00 X50.8867Y63.2237
G01 Z20.0000
G01 X50.7921Y63.1899
G01 X49.1121Y62.3953
G01 X48.8725Y62.2517
G00 Z20.0000
G00 X51.8130Y65.9420
G01 Z20.0000
G01 X51.8887Y65.9691
G01 X52.6633Y66.1631
G00 Z20.0000
G00 X44.5085Y65.7363
G01 Z20.0000
G01 X44.4330Y65.6803
G00 Z20.0000
G00 X41.9380Y65.6951
G01 Z20.0000
G01 X41.9019Y65.6683
G00 Z20.0000
G00 X41.6481Y65.9464
G01 Z20.0000
G01 X43.5596Y67.3641
G01 X45.7534Y68.6790
G01 X48.0655Y69.7725
G01 X50.4736Y70.6342
G01 X52.9546Y71.2556
G01 X55.4846Y71.6309
G01 X58.0391Y71.7564
G01 X60.5937Y71.6309
G01 X60.9073Y71.5844
G00 Z20.0000
G00 X60.7340Y71.9887
G01 Z20.0000
G01 X60.6305Y72.0041
G01 X58.0391Y72.1314
G01 X55.4478Y72.0041
G01 X52.8814Y71.6234
G01 X50.3647Y70.9930
G01 X47.9220Y70.1190
G01 X45.5766Y69.0097
G01 X43.3513Y67.6759
G01 X41.3135Y66.1646
G00 Z20.0000
G00 X40.8945Y66.2979
G01 Z20.0000
G01 X41.0295Y66.4203
G01 X43.1429Y67.9877
G01 X45.3998Y69.3404
G01 X47.7784Y70.4654
G01 X50.2559Y71.3519
G01 X52.8083Y71.9912
G01 X55.4111Y72.3773
G01 X58.0391Y72.5064
G01 X60.6672Y72.3773
G01 X60.6802Y72.3754
G00 Z20.0000
G00 X60.6801Y72.4010
G01 Z20.0000
G01 X60.6805Y72.3679
G01 X60.6869Y72.2442
G01 X60.6902Y72.2162
G01 X60.7087Y72.0936
G01 X60.7146Y72.0661
G01 X60.7450Y71.9460
G01 X60.7537Y71.9191
G01 X60.7957Y71.8025
G01 X60.8069Y71.7766
G01 X60.8602Y71.6648
G01 X60.8739Y71.6401
G01 X60.9379Y71.5340
G01 X60.9539Y71.5108
G01 X61.0280Y71.4115
G01 X61.0463Y71.3900
G01 X61.1297Y71.2984
G01 X61.1500Y71.2788
G01 X61.2420Y71.1958
G01 X61.2641Y71.1782
G01 X61.3638Y71.1047
G01 X61.3875Y71.0894
G01 X61.4940Y71.0260
G01 X61.5191Y71.0131
G01 X61.6312Y70.9604
G01 X61.6574Y70.9500
G01 X61.7742Y70.9086
G01 X61.8013Y70.9009
G01 X61.9216Y70.8711
G01 X61.9494Y70.8660
G01 X62.0720Y70.8481
G01 X62.1001Y70.8458
G01 X62.2239Y70.8401
G01 X62.2521Y70.8405
G01 X62.3758Y70.8469
G01 X62.4038Y70.8502
G01 X62.5264Y70.8687
G01 X62.5539Y70.8746
G01 X62.6741Y70.9050
G01 X62.7009Y70.9137
G01 X62.8175Y70.9557
G01 X62.8434Y70.9669
G01 X62.9552Y71.0202
G01 X62.9799Y71.0339
G01 X63.0860Y71.0979
G01 X63.1092Y71.1139
G01 X63.2085Y71.1880
G01 X63.2300Y71.2063
G01 X63.3216Y71.2897
G01 X63.3412Y71.3100
G01 X63.4242Y71.4020
G01 X63.4418Y71.4241
G01 X63.5153Y71.5238
G01 X63.5306Y71.5475
G01 X63.5940Y71.6540
G01 X63.6069Y71.6791
G01 X63.6596Y71.7912
G01 X63.6700Y71.8174
G01 X63.7114Y71.9342
G01 X63.7191Y71.9613
G01 X63.7489Y72.0816
G01 X63.7540Y72.1094
G01 X63.7719Y72.2320
G01 X63.7742Y72.2601
G01 X63.7799Y72.3839
G01 X63.7795Y72.4121
G01 X63.7731Y72.5358
G01 X63.7698Y72.5638
G01 X63.7513Y72.6864
G01 X63.7454Y72.7139
G01 X63.7150Y72.8340
G01 X63.7063Y72.8609
G01 X63.6643Y72.9775
G01 X63.6531Y73.0034
G01 X63.5998Y73.1152
G01 X63.5861Y73.1399
G01 X63.5221Y73.2460
G01 X63.5061Y73.2692
G01 X63.4320Y73.3685
G01 X63.4137Y73.3900
G01 X63.3303Y73.4816
G01 X63.3100Y73.5012
G01 X63.2180Y73.5842
G01 X63.1959Y73.6018
G01 X63.0962Y73.6753
G01 X63.0725Y73.6906
G01 X62.9660Y73.7540
G01 X62.9409Y73.7669
G01 X62.8288Y73.8196
G01 X62.8026Y73.8300
G01 X62.6858Y73.8714
G01 X62.6587Y73.8791
G01 X62.5384Y73.9089
G01 X62.5106Y73.9140
G01 X62.3880Y73.9319
G01 X62.3599Y73.9342
G01 X62.2361Y73.9399
G01 X62.2079Y73.9395
G01 X62.0842Y73.9331
G01 X62.0562Y73.9298
G01 X61.9336Y73.9113
G01 X61.9061Y73.9054
G01 X61.7859Y73.8750
G01 X61.7591Y73.8663
G01 X61.6425Y73.8243
G01 X61.6166Y73.8131
G01 X61.5048Y73.7598
G01 X61.4801Y73.7461
G01 X61.3740Y73.6821
G01 X61.3508Y73.6661
G01 X61.2515Y73.5920
G01 X61.2300Y73.5737
G01 X61.1384Y73.4903
G01 X61.1188Y73.4700
G01 X61.0358Y73.3780
G01 X61.0182Y73.3559
G01 X60.9447Y73.2562
G01 X60.9294Y73.2325
G01 X60.8660Y73.1260
G01 X60.8531Y73.1009
G01 X60.8004Y72.9888
G01 X60.7900Y72.9626
G01 X60.7486Y72.8458
G01 X60.7409Y72.8187
G01 X60.7111Y72.6984
G01 X60.7060Y72.6706
G01 X60.6881Y72.5480
G01 X60.6858Y72.5199
G01 X60.6801Y72.4010
G00 Z20.0000
G00 X60.7231Y72.7477
G01 Z20.0000
G01 X60.7040Y72.7505
G01 X58.0391Y72.8814
G01 X55.3743Y72.7505
G01 X52.7351Y72.3590
G01 X50.1470Y71.7107
G01 X47.6349Y70.8119
G01 X45.2231Y69.6711
G01 X42.9346Y68.2995
G01 X40.7916Y66.7101
G01 X40.3253Y66.2875
G00 Z20.0000
G00 X39.2444Y65.8134
G01 Z20.0000
G01 X40.5537Y67.0000
G01 X42.7262Y68.6113
G01 X45.0463Y70.0019
G01 X47.4914Y71.1583
G01 X50.0382Y72.0696
G01 X52.6620Y72.7268
G01 X55.3376Y73.1237
G01 X58.0391Y73.2564
G01 X60.7407Y73.1237
G01 X60.8559Y73.1066
G00 Z20.0000
G00 X61.0998Y73.4491
G01 Z20.0000
G01 X60.7775Y73.4969
G01 X58.0391Y73.6314
G01 X55.3008Y73.4969
G01 X52.5888Y73.0946
G01 X49.9293Y72.4284
G01 X47.3479Y71.5048
G01 X44.8695Y70.3326
G01 X42.5179Y68.9231
G01 X40.3158Y67.2899
G01 X38.9590Y66.0601
G00 Z20.0000
G00 X38.5965Y66.2372
G01 Z20.0000
G01 X40.0779Y67.5798
G01 X42.3096Y69.2349
G01 X44.6927Y70.6633
G01 X47.2044Y71.8512
G01 X49.8205Y72.7873
G01 X52.5157Y73.4624
G01 X55.2640Y73.8701
G01 X58.0391Y74.0064
G01 X60.8143Y73.8701
G01 X61.5169Y73.7658
G00 Z20.0000
G00 X59.9357Y75.0382
G01 Z20.0000
G01 X58.0391Y75.1314
G01 X55.1538Y74.9897
G01 X52.2962Y74.5658
G01 X49.4939Y73.8638
G01 X46.7739Y72.8906
G01 X44.1624Y71.6555
G01 X41.6846Y70.1703
G01 X39.3642Y68.4494
G01 X37.2237Y66.5094
G01 X36.6478Y65.8740
G00 Z20.0000
G00 X36.3494Y66.1024
G01 Z20.0000
G01 X36.9585Y66.7745
G01 X39.1263Y68.7393
G01 X41.4762Y70.4821
G01 X43.9856Y71.9862
G01 X46.6304Y73.2371
G01 X49.3850Y74.2227
G01 X52.2230Y74.9336
G01 X55.1170Y75.3629
G01 X58.0391Y75.5064
G01 X59.6166Y75.4289
G00 Z20.0000
G00 X59.4608Y75.8116
G01 Z20.0000
G01 X58.0391Y75.8814
G01 X55.0803Y75.7360
G01 X52.1499Y75.3014
G01 X49.2762Y74.5815
G01 X46.4869Y73.5835
G01 X43.8089Y72.3169
G01 X41.2679Y70.7939
G01 X38.8884Y69.0292
G01 X36.6934Y67.0397
G01 X35.9864Y66.2597
G00 Z20.0000
G00 X35.5350Y66.3193
G01 Z20.0000
G01 X36.4282Y67.3049
G01 X38.6505Y69.3190
G01 X41.0595Y71.1057
G01 X43.6321Y72.6476
G01 X46.3434Y73.9300
G01 X49.1673Y74.9404
G01 X52.0767Y75.6692
G01 X55.0435Y76.1092
G01 X58.0391Y76.2564
G01 X59.4102Y76.1891
G00 Z20.0000
G00 X59.4541Y76.5619
G01 Z20.0000
G01 X58.0391Y76.6314
G01 X55.0067Y76.4824
G01 X52.0035Y76.0370
G01 X49.0585Y75.2992
G01 X46.1999Y74.2764
G01 X43.4553Y72.9783
G01 X40.8512Y71.4175
G01 X38.4126Y69.6089
G01 X36.1630Y67.5700
G01 X34.8913Y66.1669
G01 X34.1144Y65.8675
G01 X35.8979Y67.8352
G01 X38.1747Y69.8988
G01 X40.6429Y71.7293
G01 X43.2785Y73.3091
G01 X46.0564Y74.6229
G01 X48.9496Y75.6581
G01 X51.9304Y76.4047
G01 X54.9700Y76.8556
G01 X58.0391Y77.0064
G01 X59.5928Y76.9301
G00 Z20.0000
G00 X59.8600Y77.2920
G01 Z20.0000
G01 X58.0391Y77.3814
G01 X54.9332Y77.2288
G01 X51.8572Y76.7725
G01 X48.8408Y76.0170
G01 X45.9129Y74.9693
G01 X43.1018Y73.6398
G01 X40.4345Y72.0411
G01 X37.9368Y70.1887
G01 X35.6327Y68.1004
G01 X33.8175Y66.0976
G00 Z20.0000
G00 X33.4565Y66.2570
G01 Z20.0000
G01 X35.3675Y68.3655
G01 X37.6989Y70.4786
G01 X40.2262Y72.3529
G01 X42.9250Y73.9705
G01 X45.7694Y75.3158
G01 X48.7319Y76.3758
G01 X51.7841Y77.1403
G01 X54.8965Y77.6020
G01 X58.0391Y77.7564
G01 X59.8416Y77.6679
G00 Z20.0000
G00 X60.0726Y77.4700
G01 Z20.0000
G01 X59.9941Y77.4118
G01 X59.9720Y77.3942
G01 X59.8800Y77.3112
G01 X59.8529Y77.2845
G01 X59.7763Y77.2000
G01 X59.7482Y77.1659
G01 X59.6747Y77.0662
G01 X59.6594Y77.0425
G01 X59.6039Y76.9499
G01 X59.5831Y76.9109
G01 X59.5304Y76.7988
G01 X59.5200Y76.7726
G01 X59.4786Y76.6558
G01 X59.4709Y76.6287
G01 X59.4411Y76.5084
G01 X59.4360Y76.4806
G01 X59.4202Y76.3738
G01 X59.4169Y76.3458
G01 X59.4105Y76.2221
G01 X59.4101Y76.1951
G01 X59.4158Y76.0701
G01 X59.4181Y76.0420
G01 X59.4360Y75.9194
G01 X59.4411Y75.8916
G01 X59.4709Y75.7713
G01 X59.4837Y75.7291
G01 X59.5200Y75.6274
G01 X59.5304Y75.6012
G01 X59.5831Y75.4891
G01 X59.6008Y75.4554
G01 X59.6594Y75.3575
G01 X59.6839Y75.3208
G01 X59.7580Y75.2215
G01 X59.7763Y75.2000
G01 X59.8529Y75.1155
G01 X59.8800Y75.0888
G01 X59.9720Y75.0058
G01 X59.9941Y74.9882
G01 X60.0808Y74.9239
G01 X60.1175Y74.8994
G01 X60.2154Y74.8408
G01 X60.2491Y74.8231
G01 X60.3466Y74.7769
G01 X60.3725Y74.7657
G01 X60.4891Y74.7237
G01 X60.5159Y74.7150
G01 X60.6516Y74.6811
G01 X60.6794Y74.6760
G01 X60.7862Y74.6602
G01 X60.8301Y74.6558
G01 X60.9569Y74.6500
G01 X62.2441Y74.6502
G01 X62.3660Y74.6562
G01 X62.4038Y74.6602
G01 X62.5106Y74.6760
G01 X62.5384Y74.6811
G01 X62.6646Y74.7124
G01 X62.7009Y74.7237
G01 X62.8026Y74.7600
G01 X62.8434Y74.7769
G01 X62.9409Y74.8231
G01 X62.9660Y74.8360
G01 X63.0860Y74.9079
G01 X63.1092Y74.9239
G01 X63.1959Y74.9882
G01 X63.2300Y75.0163
G01 X63.3100Y75.0888
G01 X63.3303Y75.1084
G01 X63.4137Y75.2000
G01 X63.4418Y75.2341
G01 X63.5061Y75.3208
G01 X63.5221Y75.3440
G01 X63.5861Y75.4501
G01 X63.6069Y75.4891
G01 X63.6596Y75.6012
G01 X63.6700Y75.6274
G01 X63.7063Y75.7291
G01 X63.7191Y75.7713
G01 X63.7454Y75.8761
G01 X63.7530Y75.9133
G01 X63.7719Y76.0420
G01 X63.7742Y76.0701
G01 X63.7795Y76.1779
G01 X63.7795Y76.2221
G01 X63.7742Y76.3299
G01 X63.7719Y76.3580
G01 X63.7513Y76.4964
G01 X63.7454Y76.5239
G01 X63.7191Y76.6287
G01 X63.7063Y76.6709
G01 X63.6643Y76.7875
G01 X63.6531Y76.8134
G01 X63.6069Y76.9109
G01 X63.5861Y76.9499
G01 X63.5306Y77.0425
G01 X63.5153Y77.0662
G01 X63.4320Y77.1785
G01 X63.4137Y77.2000
G01 X63.3412Y77.2800
G01 X63.3100Y77.3112
G01 X63.2180Y77.3942
G01 X63.1959Y77.4118
G01 X63.1174Y77.4700
G01 X63.1959Y77.5282
G01 X63.2180Y77.5458
G01 X63.3100Y77.6288
G01 X63.3371Y77.6555
G01 X63.4137Y77.7400
G01 X63.4380Y77.7692
G01 X63.5153Y77.8738
G01 X63.5306Y77.8975
G01 X63.5583Y77.9438
G01 X63.5771Y77.9164
G01 X63.6453Y77.8249
G01 X63.6636Y77.8034
G01 X63.7404Y77.7191
G01 X63.7607Y77.6995
G01 X63.8454Y77.6231
G01 X63.8675Y77.6055
G01 X63.9464Y77.5471
G01 X63.9831Y77.5226
G01 X64.0811Y77.4642
G01 X64.1062Y77.4513
G01 X64.1949Y77.4093
G01 X64.2357Y77.3924
G01 X64.3339Y77.3574
G01 X64.3704Y77.3465
G01 X64.4656Y77.3227
G01 X64.4932Y77.3167
G01 X64.6060Y77.2997
G01 X64.6340Y77.2965
G01 X64.7479Y77.2905
G01 X64.7761Y77.2901
G01 X64.8901Y77.2954
G01 X64.9182Y77.2977
G01 X65.0311Y77.3141
G01 X65.0589Y77.3191
G01 X65.1696Y77.3465
G01 X65.1968Y77.3543
G01 X65.3043Y77.3924
G01 X65.3305Y77.4028
G01 X65.4338Y77.4513
G01 X65.4589Y77.4642
G01 X65.5704Y77.5310
G01 X65.5936Y77.5471
G01 X65.6851Y77.6153
G01 X65.7066Y77.6336
G01 X65.7909Y77.7104
G01 X65.8105Y77.7307
G01 X65.8764Y77.8034
G01 X65.9045Y77.8375
G01 X65.9665Y77.9213
G01 X65.9874Y77.9531
G01 X66.0379Y78.0373
G01 X66.0516Y78.0619
G01 X66.1072Y78.1795
G01 X66.1176Y78.2057
G01 X66.1557Y78.3132
G01 X66.1635Y78.3404
G01 X66.1873Y78.4356
G01 X66.1959Y78.4789
G01 X66.2111Y78.5820
G01 X66.2146Y78.6199
G01 X66.2195Y78.7179
G01 X66.2199Y78.7461
G01 X66.2146Y78.8601
G01 X66.2123Y78.8882
G01 X66.1933Y79.0168
G01 X66.1873Y79.0444
G01 X66.1619Y79.1456
G01 X66.1506Y79.1819
G01 X66.1176Y79.2743
G01 X66.1032Y79.3095
G01 X66.0516Y79.4181
G01 X66.0379Y79.4427
G01 X65.9874Y79.5269
G01 X65.9629Y79.5636
G01 X65.9045Y79.6425
G01 X65.8869Y79.6646
G01 X65.8105Y79.7493
G01 X65.7793Y79.7805
G01 X65.7066Y79.8464
G01 X65.6851Y79.8647
G01 X65.5936Y79.9329
G01 X65.5569Y79.9574
G01 X65.4727Y80.0079
G01 X65.4481Y80.0216
G01 X65.3305Y80.0772
G01 X65.3043Y80.0876
G01 X65.2119Y80.1206
G01 X65.1696Y80.1335
G01 X65.0744Y80.1573
G01 X65.0469Y80.1633
G01 X64.9182Y80.1823
G01 X64.8901Y80.1846
G01 X64.7921Y80.1895
G01 X64.7479Y80.1895
G01 X64.6499Y80.1846
G01 X64.6218Y80.1823
G01 X64.4932Y80.1633
G01 X64.4656Y80.1573
G01 X64.3704Y80.1335
G01 X64.3281Y80.1206
G01 X64.2357Y80.0876
G01 X64.2095Y80.0772
G01 X64.0919Y80.0216
G01 X64.0673Y80.0079
G01 X63.9831Y79.9574
G01 X63.9464Y79.9329
G01 X63.8675Y79.8745
G01 X63.8454Y79.8569
G01 X63.7491Y79.7696
G01 X63.7295Y79.7493
G01 X63.6636Y79.6766
G01 X63.6355Y79.6425
G01 X63.5771Y79.5636
G01 X63.5583Y79.5362
G01 X63.5306Y79.5825
G01 X63.5153Y79.6062
G01 X63.4380Y79.7108
G01 X63.4137Y79.7400
G01 X63.3371Y79.8245
G01 X63.3100Y79.8512
G01 X63.2180Y79.9342
G01 X63.1959Y79.9518
G01 X63.1042Y80.0197
G01 X63.0725Y80.0406
G01 X62.9660Y80.1040
G01 X62.9409Y80.1169
G01 X62.8288Y80.1696
G01 X62.8026Y80.1800
G01 X62.6858Y80.2214
G01 X62.6587Y80.2291
G01 X62.5480Y80.2568
G01 X62.5106Y80.2640
G01 X62.3880Y80.2819
G01 X62.3599Y80.2842
G01 X62.2380Y80.2899
G01 X60.9520Y80.2899
G01 X60.8301Y80.2842
G01 X60.7862Y80.2798
G01 X60.6794Y80.2640
G01 X60.6516Y80.2589
G01 X60.5254Y80.2276
G01 X60.4891Y80.2163
G01 X60.3874Y80.1800
G01 X60.3466Y80.1631
G01 X60.2491Y80.1169
G01 X60.2240Y80.1040
G01 X60.1040Y80.0321
G01 X60.0808Y80.0161
G01 X59.9941Y79.9518
G01 X59.9600Y79.9237
G01 X59.8800Y79.8512
G01 X59.8597Y79.8316
G01 X59.7763Y79.7400
G01 X59.7482Y79.7059
G01 X59.6839Y79.6192
G01 X59.6679Y79.5960
G01 X59.6039Y79.4899
G01 X59.5831Y79.4509
G01 X59.5304Y79.3388
G01 X59.5200Y79.3126
G01 X59.4837Y79.2109
G01 X59.4709Y79.1687
G01 X59.4446Y79.0639
G01 X59.4370Y79.0267
G01 X59.4181Y78.8980
G01 X59.4158Y78.8699
G01 X59.4104Y78.7590
G01 X59.4105Y78.7179
G01 X59.4158Y78.6101
G01 X59.4181Y78.5820
G01 X59.4387Y78.4436
G01 X59.4446Y78.4161
G01 X59.4709Y78.3113
G01 X59.4837Y78.2691
G01 X59.5257Y78.1525
G01 X59.5369Y78.1266
G01 X59.5831Y78.0291
G01 X59.6039Y77.9901
G01 X59.6594Y77.8975
G01 X59.6747Y77.8738
G01 X59.7580Y77.7615
G01 X59.7763Y77.7400
G01 X59.8488Y77.6600
G01 X59.8800Y77.6288
G01 X59.9720Y77.5458
G01 X59.9941Y77.5282
G01 X60.0726Y77.4700
G00 Z20.0000
G00 X59.5703Y78.0562
G01 Z20.0000
G01 X58.0391Y78.1314
G01 X54.8597Y77.9752
G01 X51.7109Y77.5081
G01 X48.6230Y76.7347
G01 X45.6259Y75.6622
G01 X42.7482Y74.3012
G01 X40.0178Y72.6647
G01 X37.4610Y70.7684
G01 X35.1024Y68.6307
G01 X33.0079Y66.3198
G00 Z20.0000
G00 X32.4540Y66.2123
G01 Z20.0000
G01 X32.6747Y66.5099
G01 X34.8372Y68.8958
G01 X37.2231Y71.0583
G01 X39.8095Y72.9765
G01 X42.5714Y74.6319
G01 X45.4823Y76.0087
G01 X48.5142Y77.0935
G01 X51.6377Y77.8759
G01 X54.8230Y78.3484
G01 X58.0391Y78.5064
G01 X59.4399Y78.4376
G00 Z20.0000
G00 X59.4131Y78.8139
G01 Z20.0000
G01 X58.0391Y78.8814
G01 X54.7862Y78.7216
G01 X51.5646Y78.2437
G01 X48.4053Y77.4524
G01 X45.3388Y76.3552
G01 X42.3947Y74.9627
G01 X39.6012Y73.2883
G01 X36.9852Y71.3482
G01 X34.5720Y69.1610
G01 X32.3849Y66.7478
G01 X31.6615Y65.7725
G00 Z20.0000
G00 X31.3843Y66.0275
G01 Z20.0000
G01 X32.0950Y66.9857
G01 X34.3069Y69.4262
G01 X36.7473Y71.6381
G01 X39.3928Y73.6001
G01 X42.2179Y75.2934
G01 X45.1953Y76.7016
G01 X48.2965Y77.8112
G01 X51.4914Y78.6115
G01 X54.7494Y79.0948
G01 X58.0391Y79.2564
G01 X59.4756Y79.1858
G00 Z20.0000
G00 X59.6416Y79.5527
G01 Z20.0000
G01 X58.0391Y79.6314
G01 X54.7127Y79.4680
G01 X51.4183Y78.9793
G01 X48.1876Y78.1701
G01 X45.0518Y77.0481
G01 X42.0411Y75.6241
G01 X39.1845Y73.9119
G01 X36.5094Y71.9279
G01 X34.0417Y69.6913
G01 X31.8051Y67.2236
G01 X31.0532Y66.2097
G00 Z20.0000
G00 X30.6604Y66.3089
G01 Z20.0000
G01 X31.5152Y67.4615
G01 X33.7765Y69.9565
G01 X36.2715Y72.2178
G01 X38.9761Y74.2237
G01 X41.8643Y75.9548
G01 X44.9083Y77.3945
G01 X48.0788Y78.5289
G01 X51.3451Y79.3471
G01 X54.6759Y79.8412
G01 X58.0391Y80.0064
G01 X59.9477Y79.9126
G00 Z20.0000
G00 X60.6309Y80.2541
G01 Z20.0000
G01 X58.0391Y80.3814
G01 X54.6392Y80.2144
G01 X51.2720Y79.7149
G01 X47.9699Y78.8878
G01 X44.7648Y77.7410
G01 X41.6876Y76.2856
G01 X38.7678Y74.5355
G01 X36.0336Y72.5077
G01 X33.5114Y70.2217
G01 X31.2253Y67.6994
G01 X30.1806Y66.2907
G00 Z20.0000
G00 X29.4323Y65.9105
G01 Z20.0000
G01 X30.9355Y67.9373
G01 X33.2462Y70.4868
G01 X35.7957Y72.7976
G01 X38.5595Y74.8473
G01 X41.5108Y76.6163
G01 X44.6213Y78.0874
G01 X47.8610Y79.2466
G01 X51.1988Y80.0827
G01 X54.6024Y80.5876
G01 X58.0391Y80.7564
G01 X61.4759Y80.5876
G01 X64.4325Y80.1490
G00 Z20.0000
G00 X63.8460Y79.8574
G01 Z20.0000
G01 X63.1925Y79.9543
G00 Z20.0000
G00 X63.3415Y77.6603
G01 Z20.0000
G01 X63.9068Y77.5765
G01 X63.3394Y77.2820
G01 X64.2942Y77.1403
G01 X67.3464Y76.3758
G01 X70.3089Y75.3158
G01 X73.1533Y73.9705
G01 X75.8521Y72.3529
G01 X78.3794Y70.4786
G01 X80.7108Y68.3655
G01 X82.8238Y66.0341
G01 X84.6981Y63.5069
G01 X85.5179Y62.1392
G00 Z20.0000
G00 X85.8487Y62.3158
G01 Z20.0000
G01 X85.0099Y63.7152
G01 X83.1137Y66.2720
G01 X80.9759Y68.6307
G01 X78.6173Y70.7684
G01 X76.0605Y72.6647
G01 X73.3301Y74.3012
G01 X70.4524Y75.6622
G01 X67.4553Y76.7347
G01 X65.0910Y77.3269
G00 Z20.0000
G00 X65.6340Y77.5770
G01 Z20.0000
G01 X67.5641Y77.0935
G01 X70.5959Y76.0087
G01 X73.5069Y74.6319
G01 X76.2688Y72.9765
G01 X78.8552Y71.0583
G01 X81.2411Y68.8958
G01 X83.4036Y66.5099
G01 X85.3217Y63.9236
G01 X86.2324Y62.4042
G00 Z20.0000
G00 X86.6889Y62.3712
G01 Z20.0000
G01 X85.6335Y64.1319
G01 X83.6934Y66.7478
G01 X81.5063Y69.1610
G01 X79.0931Y71.3482
G01 X76.4771Y73.2883
G01 X73.6836Y74.9627
G01 X70.7395Y76.3552
G01 X67.6730Y77.4524
G01 X65.9406Y77.8863
G00 Z20.0000
G00 X66.1249Y78.2263
G01 Z20.0000
G01 X67.7818Y77.8112
G01 X70.8830Y76.7016
G01 X73.8604Y75.2934
G01 X76.6855Y73.6001
G01 X79.3310Y71.6381
G01 X81.7714Y69.4262
G01 X83.9833Y66.9857
G01 X85.9453Y64.3402
G01 X87.3220Y62.0434
G00 Z20.0000
G00 X85.2377Y61.8781
G01 Z20.0000
G01 X84.3863Y63.2985
G01 X82.5339Y65.7962
G01 X80.4456Y68.1004
G01 X78.1415Y70.1887
G01 X75.6438Y72.0411
G01 X72.9765Y73.6398
G01 X70.1654Y74.9693
G01 X67.2375Y76.0170
G01 X64.2211Y76.7725
G01 X63.6310Y76.8601
G00 Z20.0000
G00 X63.7566Y76.4628
G01 Z20.0000
G01 X64.1479Y76.4047
G01 X67.1287Y75.6581
G01 X70.0219Y74.6229
G01 X72.7998Y73.3091
G01 X75.4354Y71.7293
G01 X77.9036Y69.8988
G01 X80.1804Y67.8352
G01 X82.2440Y65.5583
G01 X84.0745Y63.0902
G01 X85.0198Y61.5132
G00 Z20.0000
G00 X84.9101Y60.9711
G01 Z20.0000
G01 X84.9104Y60.9410
G01 X84.9165Y60.8240
G01 X84.9197Y60.7960
G01 X84.9367Y60.6832
G01 X84.9427Y60.6556
G01 X84.9707Y60.5450
G01 X84.9794Y60.5181
G01 X85.0181Y60.4108
G01 X85.0293Y60.3849
G01 X85.0784Y60.2819
G01 X85.0921Y60.2573
G01 X85.1510Y60.1596
G01 X85.1671Y60.1364
G01 X85.2353Y60.0449
G01 X85.2536Y60.0234
G01 X85.3304Y59.9391
G01 X85.3507Y59.9195
G01 X85.4354Y59.8431
G01 X85.4575Y59.8255
G01 X85.5494Y59.7578
G01 X85.5731Y59.7426
G01 X85.6711Y59.6842
G01 X85.6962Y59.6713
G01 X85.7995Y59.6228
G01 X85.8257Y59.6124
G01 X85.9332Y59.5743
G01 X85.9604Y59.5665
G01 X86.0711Y59.5391
G01 X86.0989Y59.5341
G01 X86.2118Y59.5177
G01 X86.2399Y59.5154
G01 X86.3539Y59.5101
G01 X86.3821Y59.5105
G01 X86.4960Y59.5165
G01 X86.5240Y59.5197
G01 X86.6368Y59.5367
G01 X86.6644Y59.5427
G01 X86.7750Y59.5707
G01 X86.8019Y59.5794
G01 X86.9092Y59.6181
G01 X86.9351Y59.6293
G01 X87.0381Y59.6784
G01 X87.0627Y59.6921
G01 X87.1604Y59.7510
G01 X87.1836Y59.7671
G01 X87.2751Y59.8353
G01 X87.2966Y59.8536
G01 X87.3809Y59.9304
G01 X87.4005Y59.9507
G01 X87.4769Y60.0354
G01 X87.4945Y60.0575
G01 X87.5622Y60.1494
G01 X87.5774Y60.1731
G01 X87.6358Y60.2711
G01 X87.6487Y60.2962
G01 X87.6972Y60.3995
G01 X87.7076Y60.4257
G01 X87.7457Y60.5332
G01 X87.7535Y60.5604
G01 X87.7809Y60.6711
G01 X87.7859Y60.6989
G01 X87.8023Y60.8118
G01 X87.8046Y60.8399
G01 X87.8099Y60.9539
G01 X87.8095Y60.9821
G01 X87.8035Y61.0960
G01 X87.8003Y61.1240
G01 X87.7833Y61.2368
G01 X87.7773Y61.2644
G01 X87.7493Y61.3750
G01 X87.7406Y61.4019
G01 X87.7019Y61.5092
G01 X87.6907Y61.5351
G01 X87.6416Y61.6381
G01 X87.6279Y61.6627
G01 X87.5690Y61.7604
G01 X87.5529Y61.7836
G01 X87.4847Y61.8751
G01 X87.4664Y61.8966
G01 X87.3896Y61.9809
G01 X87.3693Y62.0005
G01 X87.2846Y62.0769
G01 X87.2625Y62.0945
G01 X87.1706Y62.1622
G01 X87.1469Y62.1774
G01 X87.0489Y62.2358
G01 X87.0238Y62.2487
G01 X86.9205Y62.2972
G01 X86.8943Y62.3076
G01 X86.7868Y62.3457
G01 X86.7596Y62.3535
G01 X86.6489Y62.3809
G01 X86.6211Y62.3859
G01 X86.5082Y62.4023
G01 X86.4801Y62.4046
G01 X86.3661Y62.4099
G01 X86.3379Y62.4095
G01 X86.2240Y62.4035
G01 X86.1960Y62.4003
G01 X86.0832Y62.3833
G01 X86.0556Y62.3773
G01 X85.9450Y62.3493
G01 X85.9181Y62.3406
G01 X85.8108Y62.3019
G01 X85.7849Y62.2907
G01 X85.6819Y62.2416
G01 X85.6573Y62.2279
G01 X85.5596Y62.1690
G01 X85.5364Y62.1529
G01 X85.4449Y62.0847
G01 X85.4234Y62.0664
G01 X85.3391Y61.9896
G01 X85.3195Y61.9693
G01 X85.2431Y61.8846
G01 X85.2255Y61.8625
G01 X85.1578Y61.7706
G01 X85.1426Y61.7469
G01 X85.0842Y61.6489
G01 X85.0713Y61.6238
G01 X85.0228Y61.5205
G01 X85.0124Y61.4943
G01 X84.9743Y61.3868
G01 X84.9665Y61.3596
G01 X84.9391Y61.2489
G01 X84.9341Y61.2211
G01 X84.9177Y61.1082
G01 X84.9154Y61.0801
G01 X84.9101Y60.9711
G00 Z20.0000
G00 X81.6105Y58.4587
G01 Z20.0000
G01 X81.6857Y58.3332
G01 X82.8107Y55.9546
G01 X83.6971Y53.4772
G01 X84.3365Y50.9248
G01 X84.7225Y48.3220
G01 X84.8377Y45.9782
G00 Z20.0000
G00 X84.4680Y45.8690
G01 Z20.0000
G01 X84.4022Y47.2088
G00 Z20.0000
G00 X84.0523Y46.6979
G01 Z20.0000
G01 X84.1016Y45.6939
G01 X84.0991Y45.6417
G00 Z20.0000
G00 X84.3236Y48.4585
G01 Z20.0000
G01 X84.0396Y50.3732
G00 Z20.0000
G00 X83.7442Y49.8120
G01 Z20.0000
G01 X83.8718Y48.9519
G00 Z20.0000
G00 X83.4647Y49.1436
G01 Z20.0000
G01 X83.4103Y49.5107
G00 Z20.0000
G00 X83.0574Y49.3367
G01 Z20.0000
G01 X83.0775Y49.2016
G00 Z20.0000
G00 X82.7054Y49.1572
G01 Z20.0000
G01 X82.6907Y49.2566
G00 Z20.0000
G00 X82.3100Y49.2700
G01 Z20.0000
G01 X82.3478Y49.0154
G00 Z20.0000
G00 X82.0083Y48.7512
G01 Z20.0000
G01 X81.9139Y49.3877
G00 Z20.0000
G00 X81.4938Y49.6671
G01 Z20.0000
G01 X81.7021Y48.2630
G00 Z20.0000
G00 X81.6081Y47.7631
G01 Z20.0000
G01 X81.6084Y47.7330
G01 X81.6145Y47.6160
G01 X81.6177Y47.5880
G01 X81.6347Y47.4752
G01 X81.6407Y47.4476
G01 X81.6687Y47.3370
G01 X81.6774Y47.3101
G01 X81.7161Y47.2028
G01 X81.7273Y47.1769
G01 X81.7764Y47.0739
G01 X81.7901Y47.0493
G01 X81.8490Y46.9516
G01 X81.8651Y46.9284
G01 X81.9333Y46.8369
G01 X81.9516Y46.8154
G01 X82.0284Y46.7311
G01 X82.0487Y46.7115
G01 X82.1334Y46.6351
G01 X82.1555Y46.6175
G01 X82.2474Y46.5498
G01 X82.2711Y46.5346
G01 X82.3691Y46.4762
G01 X82.3942Y46.4633
G01 X82.4975Y46.4148
G01 X82.5237Y46.4044
G01 X82.6312Y46.3663
G01 X82.6584Y46.3585
G01 X82.7691Y46.3311
G01 X82.7969Y46.3261
G01 X82.9098Y46.3097
G01 X82.9379Y46.3074
G01 X83.0519Y46.3021
G01 X83.0801Y46.3025
G01 X83.1940Y46.3085
G01 X83.2220Y46.3117
G01 X83.3348Y46.3287
G01 X83.3624Y46.3347
G01 X83.4730Y46.3627
G01 X83.4999Y46.3714
G01 X83.6072Y46.4101
G01 X83.6331Y46.4213
G01 X83.7361Y46.4704
G01 X83.7607Y46.4841
G01 X83.8584Y46.5430
G01 X83.8816Y46.5591
G01 X83.9731Y46.6273
G01 X83.9946Y46.6456
G01 X84.0789Y46.7224
G01 X84.0985Y46.7427
G01 X84.1749Y46.8274
G01 X84.1925Y46.8495
G01 X84.2602Y46.9414
G01 X84.2754Y46.9651
G01 X84.3338Y47.0631
G01 X84.3467Y47.0882
G01 X84.3952Y47.1915
G01 X84.4056Y47.2177
G01 X84.4437Y47.3252
G01 X84.4515Y47.3524
G01 X84.4789Y47.4631
G01 X84.4839Y47.4909
G01 X84.5003Y47.6038
G01 X84.5026Y47.6319
G01 X84.5079Y47.7459
G01 X84.5075Y47.7741
G01 X84.5015Y47.8880
G01 X84.4983Y47.9160
G01 X84.4813Y48.0288
G01 X84.4753Y48.0564
G01 X84.4473Y48.1670
G01 X84.4386Y48.1939
G01 X84.3999Y48.3012
G01 X84.3887Y48.3271
G01 X84.3396Y48.4301
G01 X84.3259Y48.4547
G01 X84.2670Y48.5524
G01 X84.2509Y48.5756
G01 X84.1827Y48.6671
G01 X84.1644Y48.6886
G01 X84.0876Y48.7729
G01 X84.0673Y48.7925
G01 X83.9826Y48.8689
G01 X83.9605Y48.8865
G01 X83.8686Y48.9542
G01 X83.8449Y48.9694
G01 X83.7469Y49.0278
G01 X83.7218Y49.0407
G01 X83.6185Y49.0892
G01 X83.5923Y49.0996
G01 X83.4848Y49.1377
G01 X83.4576Y49.1455
G01 X83.3469Y49.1729
G01 X83.3191Y49.1779
G01 X83.2062Y49.1943
G01 X83.1781Y49.1966
G01 X83.0641Y49.2019
G01 X83.0359Y49.2015
G01 X82.9220Y49.1955
G01 X82.8940Y49.1923
G01 X82.7812Y49.1753
G01 X82.7536Y49.1693
G01 X82.6430Y49.1413
G01 X82.6161Y49.1326
G01 X82.5088Y49.0939
G01 X82.4829Y49.0827
G01 X82.3799Y49.0336
G01 X82.3553Y49.0199
G01 X82.2576Y48.9610
G01 X82.2344Y48.9449
G01 X82.1429Y48.8767
G01 X82.1214Y48.8584
G01 X82.0371Y48.7816
G01 X82.0175Y48.7613
G01 X81.9411Y48.6766
G01 X81.9235Y48.6545
G01 X81.8558Y48.5626
G01 X81.8406Y48.5389
G01 X81.7822Y48.4409
G01 X81.7693Y48.4158
G01 X81.7208Y48.3125
G01 X81.7104Y48.2863
G01 X81.6723Y48.1788
G01 X81.6645Y48.1516
G01 X81.6371Y48.0409
G01 X81.6321Y48.0131
G01 X81.6157Y47.9002
G01 X81.6134Y47.8721
G01 X81.6081Y47.7631
G00 Z20.0000
G00 X81.0001Y50.8111
G01 Z20.0000
G01 X81.0005Y50.7779
G01 X81.0069Y50.6542
G01 X81.0102Y50.6262
G01 X81.0287Y50.5037
G01 X81.0346Y50.4761
G01 X81.0650Y50.3560
G01 X81.0737Y50.3291
G01 X81.1157Y50.2125
G01 X81.1269Y50.1866
G01 X81.1802Y50.0748
G01 X81.1939Y50.0501
G01 X81.2579Y49.9440
G01 X81.2739Y49.9208
G01 X81.3480Y49.8215
G01 X81.3663Y49.8000
G01 X81.4497Y49.7084
G01 X81.4700Y49.6888
G01 X81.5620Y49.6058
G01 X81.5841Y49.5882
G01 X81.6838Y49.5147
G01 X81.7075Y49.4994
G01 X81.8140Y49.4360
G01 X81.8391Y49.4231
G01 X81.9512Y49.3704
G01 X81.9774Y49.3600
G01 X82.0942Y49.3186
G01 X82.1213Y49.3109
G01 X82.2416Y49.2811
G01 X82.2694Y49.2760
G01 X82.3920Y49.2581
G01 X82.4201Y49.2558
G01 X82.5439Y49.2501
G01 X82.5721Y49.2505
G01 X82.6958Y49.2569
G01 X82.7238Y49.2602
G01 X82.8464Y49.2787
G01 X82.8739Y49.2846
G01 X82.9940Y49.3150
G01 X83.0209Y49.3237
G01 X83.1375Y49.3657
G01 X83.1634Y49.3769
G01 X83.2752Y49.4302
G01 X83.2999Y49.4439
G01 X83.4060Y49.5079
G01 X83.4292Y49.5239
G01 X83.5285Y49.5980
G01 X83.5500Y49.6163
G01 X83.6416Y49.6997
G01 X83.6612Y49.7200
G01 X83.7442Y49.8120
G01 X83.7618Y49.8341
G01 X83.8353Y49.9338
G01 X83.8506Y49.9575
G01 X83.9140Y50.0640
G01 X83.9269Y50.0891
G01 X83.9796Y50.2012
G01 X83.9900Y50.2274
G01 X84.0314Y50.3442
G01 X84.0391Y50.3713
G01 X84.0689Y50.4916
G01 X84.0740Y50.5194
G01 X84.0919Y50.6420
G01 X84.0942Y50.6701
G01 X84.0999Y50.7939
G01 X84.0995Y50.8221
G01 X84.0931Y50.9458
G01 X84.0898Y50.9738
G01 X84.0713Y51.0964
G01 X84.0654Y51.1239
G01 X84.0350Y51.2441
G01 X84.0263Y51.2709
G01 X83.9843Y51.3875
G01 X83.9731Y51.4134
G01 X83.9198Y51.5252
G01 X83.9061Y51.5499
G01 X83.8421Y51.6560
G01 X83.8261Y51.6792
G01 X83.7520Y51.7785
G01 X83.7337Y51.8000
G01 X83.6503Y51.8916
G01 X83.6300Y51.9112
G01 X83.5380Y51.9942
G01 X83.5159Y52.0118
G01 X83.4162Y52.0853
G01 X83.3925Y52.1006
G01 X83.2860Y52.1640
G01 X83.2609Y52.1769
G01 X83.1488Y52.2296
G01 X83.1226Y52.2400
G01 X83.0058Y52.2814
G01 X82.9787Y52.2891
G01 X82.8584Y52.3189
G01 X82.8306Y52.3240
G01 X82.7080Y52.3419
G01 X82.6799Y52.3442
G01 X82.5561Y52.3499
G01 X82.5279Y52.3495
G01 X82.4042Y52.3431
G01 X82.3762Y52.3398
G01 X82.2536Y52.3213
G01 X82.2261Y52.3154
G01 X82.1060Y52.2850
G01 X82.0791Y52.2763
G01 X81.9625Y52.2343
G01 X81.9366Y52.2231
G01 X81.8248Y52.1698
G01 X81.8001Y52.1561
G01 X81.6940Y52.0921
G01 X81.6708Y52.0761
G01 X81.5715Y52.0020
G01 X81.5500Y51.9837
G01 X81.4584Y51.9003
G01 X81.4388Y51.8800
G01 X81.3558Y51.7880
G01 X81.3382Y51.7659
G01 X81.2647Y51.6662
G01 X81.2494Y51.6425
G01 X81.1860Y51.5360
G01 X81.1731Y51.5109
G01 X81.1204Y51.3988
G01 X81.1100Y51.3726
G01 X81.0686Y51.2558
G01 X81.0609Y51.2287
G01 X81.0311Y51.1084
G01 X81.0260Y51.0806
G01 X81.0081Y50.9580
G01 X81.0058Y50.9299
G01 X81.0001Y50.8111
G00 Z20.0000
G00 X90.6932Y56.1600
G01 Z20.0000
G01 X89.7398Y58.8247
G01 X89.3519Y59.6448
G00 Z20.0000
G00 X89.8627Y59.4408
G01 Z20.0000
G01 X90.0862Y58.9682
G01 X91.0910Y56.1600
G00 Z20.0000
G00 X91.4895Y56.1581
G01 Z20.0000
G01 X90.4327Y59.1117
G01 X90.2916Y59.4100
G01 X90.7059Y59.4100
G01 X90.7791Y59.2553
G01 X91.9133Y56.0855
G00 Z20.0000
G00 X92.8268Y62.8100
G01 Z20.0000
G01 X93.8972Y60.5468
G01 X95.1804Y56.9606
G01 X96.1059Y53.2659
G01 X96.6648Y49.4982
G01 X96.8516Y45.6939
G01 X97.2266Y45.6939
G01 X97.0380Y49.5350
G01 X96.4737Y53.3390
G01 X95.5392Y57.0694
G01 X94.2437Y60.6903
G01 X92.9832Y63.3555
G00 Z20.0000
G00 X95.0277Y69.5866
G01 Z20.0000
G01 X96.8988Y66.4648
G01 X98.7476Y62.5559
G01 X100.2043Y58.4846
G01 X100.6700Y56.6255
G01 X100.6700Y55.0840
G01 X99.8455Y58.3757
G01 X98.4011Y62.4124
G01 X96.5681Y66.2881
G01 X94.4789Y69.7736
G00 Z20.0000
G00 X95.4743Y69.5700
G01 Z20.0000
G01 X97.2295Y66.6416
G01 X99.0940Y62.6994
G01 X100.5632Y58.5934
G01 X100.6700Y58.1670
G01 X100.6700Y59.4067
G01 X99.4405Y62.8429
G01 X97.5602Y66.8184
G01 X95.9110Y69.5700
G01 X96.3477Y69.5700
G01 X97.8910Y66.9951
G01 X99.7870Y62.9864
G01 X100.6700Y60.5185
G01 X100.6700Y61.6303
G01 X100.1334Y63.1299
G01 X98.2217Y67.1719
G01 X96.7709Y69.5923
G00 Z20.0000
G00 X96.5150Y69.5700
G01 Z20.0000
G01 X96.6449Y69.5758
G01 X96.6888Y69.5802
G01 X96.7956Y69.5960
G01 X96.8234Y69.6011
G01 X96.9590Y69.6350
G01 X96.9859Y69.6437
G01 X97.0876Y69.6800
G01 X97.1284Y69.6969
G01 X97.2259Y69.7431
G01 X97.2510Y69.7560
G01 X97.3575Y69.8194
G01 X97.3942Y69.8439
G01 X97.4809Y69.9082
G01 X97.5104Y69.9322
G01 X97.6066Y70.0197
G01 X97.6262Y70.0400
G01 X97.6987Y70.1200
G01 X97.7268Y70.1541
G01 X97.8003Y70.2538
G01 X97.8156Y70.2775
G01 X97.8711Y70.3701
G01 X97.8919Y70.4091
G01 X97.9446Y70.5212
G01 X97.9550Y70.5474
G01 X97.9913Y70.6491
G01 X98.0041Y70.6913
G01 X98.0304Y70.7961
G01 X98.0363Y70.8236
G01 X98.0569Y70.9620
G01 X98.0592Y70.9901
G01 X98.0645Y71.0979
G01 X98.0645Y71.1421
G01 X98.0592Y71.2499
G01 X98.0569Y71.2780
G01 X98.0390Y71.4006
G01 X98.0304Y71.4439
G01 X98.0041Y71.5487
G01 X97.9964Y71.5758
G01 X97.9493Y71.7075
G01 X97.9381Y71.7334
G01 X97.8919Y71.8309
G01 X97.8711Y71.8699
G01 X97.8156Y71.9625
G01 X97.8003Y71.9862
G01 X97.7170Y72.0985
G01 X97.6987Y72.1200
G01 X97.6153Y72.2116
G01 X97.5950Y72.2312
G01 X97.5030Y72.3142
G01 X97.4809Y72.3318
G01 X97.3942Y72.3961
G01 X97.3710Y72.4121
G01 X97.2649Y72.4761
G01 X97.2402Y72.4898
G01 X97.1284Y72.5431
G01 X97.1025Y72.5543
G01 X96.9859Y72.5963
G01 X96.9590Y72.6050
G01 X96.8389Y72.6354
G01 X96.8114Y72.6413
G01 X96.6888Y72.6598
G01 X96.6510Y72.6638
G01 X96.5150Y72.6700
G01 X95.2450Y72.6700
G01 X95.1151Y72.6642
G01 X95.0712Y72.6598
G01 X94.9486Y72.6413
G01 X94.9211Y72.6354
G01 X94.8163Y72.6091
G01 X94.7741Y72.5963
G01 X94.6724Y72.5600
G01 X94.6462Y72.5496
G01 X94.5198Y72.4898
G01 X94.4951Y72.4761
G01 X94.4025Y72.4206
G01 X94.3658Y72.3961
G01 X94.2665Y72.3220
G01 X94.2450Y72.3037
G01 X94.1534Y72.2203
G01 X94.1338Y72.2000
G01 X94.0508Y72.1080
G01 X94.0332Y72.0859
G01 X93.9597Y71.9862
G01 X93.9444Y71.9625
G01 X93.8810Y71.8560
G01 X93.8681Y71.8309
G01 X93.8154Y71.7188
G01 X93.8050Y71.6926
G01 X93.7636Y71.5758
G01 X93.7559Y71.5487
G01 X93.7261Y71.4284
G01 X93.7210Y71.4006
G01 X93.7031Y71.2780
G01 X93.7008Y71.2499
G01 X93.6951Y71.1249
G01 X93.6955Y71.0979
G01 X93.7019Y70.9742
G01 X93.7052Y70.9462
G01 X93.7237Y70.8236
G01 X93.7296Y70.7961
G01 X93.7600Y70.6760
G01 X93.7687Y70.6491
G01 X93.8107Y70.5325
G01 X93.8219Y70.5066
G01 X93.8752Y70.3948
G01 X93.8889Y70.3701
G01 X93.9529Y70.2640
G01 X93.9689Y70.2408
G01 X94.0430Y70.1415
G01 X94.0613Y70.1200
G01 X94.1447Y70.0284
G01 X94.1650Y70.0088
G01 X94.2450Y69.9363
G01 X94.2742Y69.9120
G01 X94.3658Y69.8439
G01 X94.4025Y69.8194
G01 X94.4951Y69.7639
G01 X94.5198Y69.7502
G01 X94.6316Y69.6969
G01 X94.6575Y69.6857
G01 X94.7892Y69.6386
G01 X94.8163Y69.6309
G01 X94.9270Y69.6032
G01 X94.9644Y69.5960
G01 X95.0870Y69.5781
G01 X95.1151Y69.5758
G01 X95.2370Y69.5701
G01 X96.5150Y69.5700
G00 Z20.0000
G00 X97.1413Y69.7030
G01 Z20.0000
G01 X98.5524Y67.3487
G01 X100.4799Y63.2734
G01 X100.6700Y62.7420
G01 X100.6700Y63.7474
G01 X98.8831Y67.5255
G01 X97.4629Y69.8949
G00 Z20.0000
G00 X97.7364Y70.1672
G01 Z20.0000
G01 X99.2138Y67.7022
G01 X100.6700Y64.6235
G01 X100.6700Y65.4995
G01 X99.5446Y67.8790
G01 X97.9512Y70.5374
G00 Z20.0000
G00 X98.0635Y71.0786
G01 Z20.0000
G01 X99.8753Y68.0558
G01 X100.6700Y66.3755
G01 X100.6700Y67.2515
G01 X100.2060Y68.2326
G01 X97.7938Y72.2571
G01 X96.9202Y73.4350
G00 Z20.0000
G00 X97.2778Y73.5816
G01 Z20.0000
G01 X98.1056Y72.4654
G01 X100.5367Y68.4093
G01 X100.6700Y68.1276
G01 X100.6700Y68.9155
G01 X98.4174Y72.6738
G01 X97.5790Y73.8042
G00 Z20.0000
G00 X97.8244Y74.1022
G01 Z20.0000
G01 X98.7292Y72.8821
G01 X100.6700Y69.6441
G01 X100.6700Y70.3726
G01 X99.0410Y73.0905
G01 X98.0016Y74.4919
G00 Z20.0000
G00 X96.5150Y73.3800
G01 Z20.0000
G01 X96.6449Y73.3858
G01 X96.6888Y73.3902
G01 X96.7956Y73.4060
G01 X96.8234Y73.4111
G01 X96.9590Y73.4450
G01 X96.9859Y73.4537
G01 X97.0876Y73.4900
G01 X97.1284Y73.5069
G01 X97.2259Y73.5531
G01 X97.2510Y73.5660
G01 X97.3575Y73.6294
G01 X97.3942Y73.6539
G01 X97.4809Y73.7182
G01 X97.5104Y73.7422
G01 X97.6066Y73.8297
G01 X97.6262Y73.8500
G01 X97.6987Y73.9300
G01 X97.7268Y73.9641
G01 X97.8003Y74.0638
G01 X97.8156Y74.0875
G01 X97.8711Y74.1801
G01 X97.8919Y74.2191
G01 X97.9446Y74.3312
G01 X97.9550Y74.3574
G01 X97.9913Y74.4591
G01 X98.0041Y74.5013
G01 X98.0304Y74.6061
G01 X98.0363Y74.6336
G01 X98.0569Y74.7720
G01 X98.0592Y74.8001
G01 X98.0645Y74.9079
G01 X98.0645Y74.9521
G01 X98.0592Y75.0599
G01 X98.0569Y75.0880
G01 X98.0390Y75.2106
G01 X98.0304Y75.2539
G01 X98.0041Y75.3587
G01 X97.9964Y75.3858
G01 X97.9493Y75.5175
G01 X97.9381Y75.5434
G01 X97.8919Y75.6409
G01 X97.8711Y75.6799
G01 X97.8156Y75.7725
G01 X97.8003Y75.7962
G01 X97.7170Y75.9085
G01 X97.6987Y75.9300
G01 X97.6153Y76.0216
G01 X97.5950Y76.0412
G01 X97.5030Y76.1242
G01 X97.4809Y76.1418
G01 X97.3942Y76.2061
G01 X97.3710Y76.2221
G01 X97.2649Y76.2861
G01 X97.2402Y76.2998
G01 X97.1284Y76.3531
G01 X97.1025Y76.3643
G01 X96.9859Y76.4063
G01 X96.9590Y76.4150
G01 X96.8389Y76.4454
G01 X96.8114Y76.4513
G01 X96.6888Y76.4698
G01 X96.6510Y76.4738
G01 X96.5150Y76.4800
G01 X95.2450Y76.4800
G01 X95.1151Y76.4742
G01 X95.0712Y76.4698
G01 X94.9486Y76.4513
G01 X94.9211Y76.4454
G01 X94.8163Y76.4191
G01 X94.7741Y76.4063
G01 X94.6724Y76.3700
G01 X94.6462Y76.3596
G01 X94.5198Y76.2998
G01 X94.4951Y76.2861
G01 X94.4025Y76.2306
G01 X94.3658Y76.2061
G01 X94.2665Y76.1320
G01 X94.2450Y76.1137
G01 X94.1534Y76.0303
G01 X94.1338Y76.0100
G01 X94.0508Y75.9180
G01 X94.0332Y75.8959
G01 X93.9597Y75.7962
G01 X93.9444Y75.7725
G01 X93.8810Y75.6660
G01 X93.8681Y75.6409
G01 X93.8154Y75.5288
G01 X93.8050Y75.5026
G01 X93.7636Y75.3858
G01 X93.7559Y75.3587
G01 X93.7261Y75.2384
G01 X93.7210Y75.2106
G01 X93.7031Y75.0880
G01 X93.7008Y75.0599
G01 X93.6951Y74.9349
G01 X93.6955Y74.9079
G01 X93.7019Y74.7842
G01 X93.7052Y74.7562
G01 X93.7237Y74.6336
G01 X93.7296Y74.6061
G01 X93.7600Y74.4860
G01 X93.7687Y74.4591
G01 X93.8107Y74.3425
G01 X93.8219Y74.3166
G01 X93.8752Y74.2048
G01 X93.8889Y74.1801
G01 X93.9529Y74.0740
G01 X93.9689Y74.0508
G01 X94.0430Y73.9515
G01 X94.0613Y73.9300
G01 X94.1447Y73.8384
G01 X94.1650Y73.8188
G01 X94.2450Y73.7463
G01 X94.2742Y73.7220
G01 X94.3658Y73.6539
G01 X94.4025Y73.6294
G01 X94.4951Y73.5739
G01 X94.5198Y73.5602
G01 X94.6316Y73.5069
G01 X94.6575Y73.4957
G01 X94.7892Y73.4486
G01 X94.8163Y73.4409
G01 X94.9270Y73.4132
G01 X94.9644Y73.4060
G01 X95.0870Y73.3881
G01 X95.1151Y73.3858
G01 X95.2370Y73.3801
G01 X96.5150Y73.3800
G01 X96.4947Y73.3800
G01 X97.1091Y72.5515
G00 Z20.0000
G00 X96.5560Y72.6685
G01 Z20.0000
G01 X96.0284Y73.3800
G01 X95.5621Y73.3800
G01 X96.0886Y72.6700
G01 X95.6223Y72.6700
G01 X95.0899Y73.3879
G00 Z20.0000
G00 X94.4780Y73.5842
G01 Z20.0000
G01 X95.1587Y72.6663
G00 Z20.0000
G00 X87.7989Y73.9305
G01 Z20.0000
G01 X87.0747Y74.7295
G01 X84.0889Y77.4356
G01 X81.3172Y79.4913
G00 Z20.0000
G00 X79.9418Y80.3818
G01 Z20.0000
G01 X78.3030Y81.3641
G00 Z20.0000
G00 X78.5898Y81.6289
G01 Z20.0000
G01 X79.8322Y80.8842
G00 Z20.0000
G00 X79.8301Y80.9511
G01 Z20.0000
G01 X79.8304Y80.9210
G01 X79.8365Y80.8040
G01 X79.8397Y80.7760
G01 X79.8567Y80.6632
G01 X79.8627Y80.6356
G01 X79.8907Y80.5250
G01 X79.8994Y80.4981
G01 X79.9381Y80.3908
G01 X79.9493Y80.3649
G01 X79.9984Y80.2619
G01 X80.0121Y80.2373
G01 X80.0710Y80.1396
G01 X80.0871Y80.1164
G01 X80.1553Y80.0249
G01 X80.1736Y80.0034
G01 X80.2504Y79.9191
G01 X80.2707Y79.8995
G01 X80.3554Y79.8231
G01 X80.3775Y79.8056
G01 X80.4694Y79.7379
G01 X80.4931Y79.7226
G01 X80.5911Y79.6642
G01 X80.6162Y79.6513
G01 X80.7195Y79.6028
G01 X80.7457Y79.5924
G01 X80.8532Y79.5543
G01 X80.8804Y79.5466
G01 X80.9911Y79.5191
G01 X81.0189Y79.5141
G01 X81.1318Y79.4977
G01 X81.1599Y79.4954
G01 X81.2739Y79.4901
G01 X81.3021Y79.4906
G01 X81.4160Y79.4965
G01 X81.4440Y79.4997
G01 X81.5568Y79.5167
G01 X81.5844Y79.5227
G01 X81.6950Y79.5507
G01 X81.7219Y79.5594
G01 X81.8292Y79.5981
G01 X81.8551Y79.6093
G01 X81.9581Y79.6584
G01 X81.9827Y79.6721
G01 X82.0804Y79.7310
G01 X82.1036Y79.7471
G01 X82.1951Y79.8153
G01 X82.2166Y79.8336
G01 X82.3009Y79.9104
G01 X82.3205Y79.9307
G01 X82.3969Y80.0154
G01 X82.4145Y80.0376
G01 X82.4822Y80.1294
G01 X82.4974Y80.1531
G01 X82.5558Y80.2511
G01 X82.5687Y80.2762
G01 X82.6172Y80.3795
G01 X82.6276Y80.4057
G01 X82.6657Y80.5132
G01 X82.6735Y80.5404
G01 X82.7009Y80.6511
G01 X82.7059Y80.6789
G01 X82.7223Y80.7918
G01 X82.7246Y80.8199
G01 X82.7299Y80.9339
G01 X82.7295Y80.9621
G01 X82.7235Y81.0760
G01 X82.7203Y81.1041
G01 X82.7033Y81.2169
G01 X82.6973Y81.2444
G01 X82.6693Y81.3550
G01 X82.6606Y81.3819
G01 X82.6219Y81.4892
G01 X82.6107Y81.5151
G01 X82.5616Y81.6181
G01 X82.5479Y81.6428
G01 X82.4890Y81.7404
G01 X82.4729Y81.7636
G01 X82.4047Y81.8551
G01 X82.3864Y81.8766
G01 X82.3096Y81.9609
G01 X82.2893Y81.9805
G01 X82.2046Y82.0569
G01 X82.1825Y82.0745
G01 X82.0906Y82.1422
G01 X82.0669Y82.1575
G01 X81.9689Y82.2158
G01 X81.9438Y82.2287
G01 X81.8405Y82.2772
G01 X81.8143Y82.2876
G01 X81.7068Y82.3257
G01 X81.6796Y82.3335
G01 X81.5689Y82.3609
G01 X81.5411Y82.3659
G01 X81.4282Y82.3824
G01 X81.4001Y82.3847
G01 X81.2861Y82.3899
G01 X81.2579Y82.3895
G01 X81.1440Y82.3836
G01 X81.1160Y82.3803
G01 X81.0032Y82.3633
G01 X80.9756Y82.3573
G01 X80.8650Y82.3293
G01 X80.8381Y82.3206
G01 X80.7308Y82.2819
G01 X80.7049Y82.2707
G01 X80.6019Y82.2216
G01 X80.5773Y82.2079
G01 X80.4796Y82.1490
G01 X80.4564Y82.1329
G01 X80.3649Y82.0647
G01 X80.3434Y82.0464
G01 X80.2591Y81.9696
G01 X80.2395Y81.9493
G01 X80.1631Y81.8646
G01 X80.1455Y81.8425
G01 X80.0778Y81.7507
G01 X80.0626Y81.7269
G01 X80.0042Y81.6289
G01 X79.9913Y81.6038
G01 X79.9428Y81.5005
G01 X79.9324Y81.4743
G01 X79.8943Y81.3668
G01 X79.8865Y81.3396
G01 X79.8591Y81.2289
G01 X79.8541Y81.2011
G01 X79.8377Y81.0882
G01 X79.8354Y81.0601
G01 X79.8301Y80.9511
G00 Z20.0000
G00 X79.8754Y81.2950
G01 Z20.0000
G01 X78.7875Y81.9470
G00 Z20.0000
G00 X78.9000Y82.3163
G01 Z20.0000
G01 X80.0152Y81.6479
G00 Z20.0000
G00 X80.2399Y81.9498
G01 Z20.0000
G01 X78.9050Y82.7500
G00 Z20.0000
G00 X78.7060Y83.3059
G01 Z20.0000
G01 X80.5576Y82.1961
G00 Z20.0000
G00 X81.0063Y82.3638
G01 Z20.0000
G01 X78.4565Y83.8921
G01 X74.6141Y85.7094
G01 X71.3038Y86.8939
G00 Z20.0000
G00 X70.9958Y87.4019
G01 Z20.0000
G01 X74.7576Y86.0559
G01 X76.3292Y85.3126
G00 Z20.0000
G00 X75.9952Y85.8849
G01 Z20.0000
G01 X74.9011Y86.4023
G01 X70.8298Y87.8591
G01 X66.6353Y88.9098
G01 X62.3580Y89.5442
G01 X58.0391Y89.7564
G01 X53.7203Y89.5442
G01 X49.4430Y88.9098
G01 X45.2485Y87.8591
G01 X44.2330Y87.4957
G00 Z20.0000
G00 X44.4885Y87.1893
G01 Z20.0000
G01 X45.3573Y87.5002
G01 X46.2568Y87.7255
G00 Z20.0000
G00 X46.9929Y87.9099
G01 Z20.0000
G01 X49.5161Y88.5420
G01 X53.7570Y89.1710
G01 X58.0391Y89.3814
G01 X62.3213Y89.1710
G01 X66.5622Y88.5420
G01 X69.3791Y87.8363
G00 Z20.0000
G00 X68.8866Y87.5736
G01 Z20.0000
G01 X66.4890Y88.1742
G01 X62.2845Y88.7978
G01 X58.0391Y89.0064
G01 X53.7938Y88.7978
G01 X49.5893Y88.1742
G01 X47.7460Y87.7124
G00 Z20.0000
G00 X48.1195Y87.4199
G01 Z20.0000
G01 X49.6625Y87.8064
G01 X53.8305Y88.4247
G01 X58.0391Y88.6314
G01 X62.2478Y88.4247
G01 X65.8260Y87.8939
G00 Z20.0000
G00 X65.1359Y87.6176
G01 Z20.0000
G01 X62.2110Y88.0515
G01 X58.0391Y88.2564
G01 X53.8673Y88.0515
G01 X49.7356Y87.4386
G01 X48.3557Y87.0929
G00 Z20.0000
G00 X48.4912Y86.7407
G01 Z20.0000
G01 X49.8088Y87.0708
G01 X53.9041Y87.6783
G01 X58.0391Y87.8814
G01 X58.1076Y87.8780
G00 Z20.0000
G00 X58.8797Y87.8401
G01 Z20.0000
G01 X61.4744Y87.7126
G00 Z20.0000
G00 X61.0451Y87.3587
G01 Z20.0000
G01 X59.5378Y87.4328
G00 Z20.0000
G00 X59.8094Y87.0444
G01 Z20.0000
G01 X60.8171Y86.9949
G00 Z20.0000
G00 X60.7038Y86.6255
G01 Z20.0000
G01 X59.9400Y86.6630
G00 Z20.0000
G00 X59.9669Y86.2867
G01 Z20.0000
G01 X60.6848Y86.2514
G00 Z20.0000
G00 X60.7595Y85.8728
G01 Z20.0000
G01 X59.9046Y85.9148
G00 Z20.0000
G00 X59.7388Y85.5479
G01 Z20.0000
G01 X60.9484Y85.4885
G00 Z20.0000
G00 X61.3367Y85.0944
G01 Z20.0000
G01 X59.4329Y85.1879
G00 Z20.0000
G00 X58.3979Y84.8105
G01 Z20.0000
G01 X58.4421Y84.8105
G01 X58.5658Y84.8169
G01 X58.5938Y84.8202
G01 X58.7164Y84.8387
G01 X58.7439Y84.8446
G01 X58.8641Y84.8750
G01 X58.8909Y84.8837
G01 X59.0075Y84.9257
G01 X59.0334Y84.9369
G01 X59.1452Y84.9902
G01 X59.1699Y85.0039
G01 X59.2760Y85.0679
G01 X59.2992Y85.0839
G01 X59.3985Y85.1580
G01 X59.4200Y85.1763
G01 X59.5116Y85.2597
G01 X59.5312Y85.2800
G01 X59.6142Y85.3720
G01 X59.6318Y85.3941
G01 X59.7053Y85.4938
G01 X59.7206Y85.5175
G01 X59.7840Y85.6240
G01 X59.7969Y85.6491
G01 X59.8496Y85.7612
G01 X59.8600Y85.7874
G01 X59.9014Y85.9042
G01 X59.9091Y85.9313
G01 X59.9389Y86.0516
G01 X59.9440Y86.0794
G01 X59.9619Y86.2020
G01 X59.9642Y86.2301
G01 X59.9699Y86.3539
G01 X59.9695Y86.3821
G01 X59.9631Y86.5058
G01 X59.9598Y86.5338
G01 X59.9413Y86.6564
G01 X59.9354Y86.6839
G01 X59.9050Y86.8040
G01 X59.8963Y86.8309
G01 X59.8543Y86.9475
G01 X59.8431Y86.9734
G01 X59.7898Y87.0852
G01 X59.7761Y87.1099
G01 X59.7121Y87.2160
G01 X59.6961Y87.2392
G01 X59.6220Y87.3385
G01 X59.6037Y87.3600
G01 X59.5203Y87.4516
G01 X59.5000Y87.4712
G01 X59.4080Y87.5542
G01 X59.3859Y87.5718
G01 X59.2862Y87.6453
G01 X59.2625Y87.6606
G01 X59.1560Y87.7240
G01 X59.1309Y87.7369
G01 X59.0188Y87.7896
G01 X58.9926Y87.8000
G01 X58.8758Y87.8414
G01 X58.8487Y87.8491
G01 X58.7284Y87.8789
G01 X58.7006Y87.8840
G01 X58.5780Y87.9019
G01 X58.5499Y87.9042
G01 X58.4261Y87.9099
G01 X58.3979Y87.9095
G01 X58.2742Y87.9031
G01 X58.2462Y87.8998
G01 X58.1236Y87.8813
G01 X58.0961Y87.8754
G01 X57.9759Y87.8450
G01 X57.9491Y87.8363
G01 X57.8325Y87.7943
G01 X57.8066Y87.7831
G01 X57.6948Y87.7298
G01 X57.6701Y87.7161
G01 X57.5640Y87.6521
G01 X57.5408Y87.6361
G01 X57.4415Y87.5620
G01 X57.4200Y87.5437
G01 X57.3284Y87.4603
G01 X57.3088Y87.4400
G01 X57.2258Y87.3480
G01 X57.2082Y87.3259
G01 X57.1347Y87.2262
G01 X57.1194Y87.2025
G01 X57.0560Y87.0960
G01 X57.0431Y87.0709
G01 X56.9904Y86.9588
G01 X56.9800Y86.9326
G01 X56.9386Y86.8158
G01 X56.9309Y86.7887
G01 X56.9011Y86.6684
G01 X56.8960Y86.6406
G01 X56.8781Y86.5180
G01 X56.8758Y86.4899
G01 X56.8701Y86.3649
G01 X56.8705Y86.3379
G01 X56.8769Y86.2142
G01 X56.8802Y86.1862
G01 X56.8987Y86.0636
G01 X56.9046Y86.0361
G01 X56.9350Y85.9160
G01 X56.9437Y85.8891
G01 X56.9857Y85.7725
G01 X56.9969Y85.7466
G01 X57.0502Y85.6348
G01 X57.0639Y85.6101
G01 X57.1279Y85.5040
G01 X57.1439Y85.4808
G01 X57.2180Y85.3815
G01 X57.2363Y85.3600
G01 X57.3197Y85.2684
G01 X57.3400Y85.2488
G01 X57.4320Y85.1658
G01 X57.4541Y85.1482
G01 X57.5538Y85.0747
G01 X57.5775Y85.0594
G01 X57.6840Y84.9960
G01 X57.7091Y84.9831
G01 X57.8212Y84.9304
G01 X57.8474Y84.9200
G01 X57.9642Y84.8786
G01 X57.9913Y84.8709
G01 X58.1116Y84.8411
G01 X58.1394Y84.8360
G01 X58.2620Y84.8181
G01 X58.2901Y84.8158
G01 X58.3979Y84.8105
G00 Z20.0000
G00 X57.9667Y84.8778
G01 Z20.0000
G01 X54.1981Y84.6927
G01 X50.3940Y84.1284
G01 X46.6636Y83.1940
G01 X43.4940Y82.0599
G00 Z20.0000
G00 X43.9976Y81.8423
G01 Z20.0000
G01 X46.7725Y82.8352
G01 X50.4672Y83.7606
G01 X54.2349Y84.3195
G01 X58.0391Y84.5064
G01 X61.8434Y84.3195
G01 X65.6111Y83.7606
G01 X69.3058Y82.8352
G01 X72.8921Y81.5520
G01 X76.3352Y79.9235
G01 X79.6022Y77.9653
G01 X82.6615Y75.6964
G01 X85.1898Y73.4049
G00 Z20.0000
G00 X85.4690Y73.6573
G01 Z20.0000
G01 X82.8994Y75.9863
G01 X79.8106Y78.2771
G01 X76.5120Y80.2542
G01 X74.6746Y81.1232
G00 Z20.0000
G00 X75.4181Y81.1859
G01 Z20.0000
G01 X76.6888Y80.5849
G01 X80.0189Y78.5889
G01 X83.1373Y76.2761
G01 X85.8224Y73.8425
G00 Z20.0000
G00 X86.2765Y73.9364
G01 Z20.0000
G01 X83.3752Y76.5660
G01 X80.2272Y78.9007
G01 X76.8656Y80.9156
G01 X75.8232Y81.4087
G00 Z20.0000
G00 X76.0981Y81.6929
G01 Z20.0000
G01 X76.4370Y81.5326
G00 Z20.0000
G00 X77.2586Y81.1167
G01 Z20.0000
G01 X80.4356Y79.2125
G01 X83.6131Y76.8559
G01 X86.5444Y74.1991
G01 X86.7793Y73.9400
G01 X87.2848Y73.9400
G01 X86.8096Y74.4643
G01 X83.8510Y77.1458
G01 X80.6439Y79.5243
G01 X77.9039Y81.1666
G00 Z20.0000
G00 X77.4479Y84.8105
G01 Z20.0000
G01 X77.4921Y84.8105
G01 X77.6158Y84.8169
G01 X77.6438Y84.8202
G01 X77.7664Y84.8387
G01 X77.7939Y84.8446
G01 X77.9140Y84.8750
G01 X77.9409Y84.8837
G01 X78.0575Y84.9257
G01 X78.0834Y84.9369
G01 X78.1952Y84.9902
G01 X78.2199Y85.0039
G01 X78.3260Y85.0679
G01 X78.3492Y85.0839
G01 X78.4485Y85.1580
G01 X78.4700Y85.1763
G01 X78.5616Y85.2597
G01 X78.5812Y85.2800
G01 X78.6642Y85.3720
G01 X78.6818Y85.3941
G01 X78.7553Y85.4938
G01 X78.7706Y85.5175
G01 X78.8340Y85.6240
G01 X78.8469Y85.6491
G01 X78.8996Y85.7612
G01 X78.9100Y85.7874
G01 X78.9514Y85.9042
G01 X78.9591Y85.9313
G01 X78.9889Y86.0516
G01 X78.9940Y86.0794
G01 X79.0119Y86.2020
G01 X79.0142Y86.2301
G01 X79.0199Y86.3539
G01 X79.0195Y86.3821
G01 X79.0131Y86.5058
G01 X79.0098Y86.5338
G01 X78.9913Y86.6564
G01 X78.9854Y86.6839
G01 X78.9550Y86.8041
G01 X78.9463Y86.8309
G01 X78.9043Y86.9475
G01 X78.8931Y86.9734
G01 X78.8398Y87.0852
G01 X78.8261Y87.1099
G01 X78.7621Y87.2160
G01 X78.7461Y87.2392
G01 X78.6720Y87.3385
G01 X78.6537Y87.3600
G01 X78.5703Y87.4516
G01 X78.5500Y87.4712
G01 X78.4580Y87.5542
G01 X78.4359Y87.5718
G01 X78.3362Y87.6453
G01 X78.3125Y87.6606
G01 X78.2060Y87.7240
G01 X78.1809Y87.7369
G01 X78.0688Y87.7896
G01 X78.0426Y87.8000
G01 X77.9258Y87.8414
G01 X77.8987Y87.8491
G01 X77.7784Y87.8789
G01 X77.7506Y87.8840
G01 X77.6280Y87.9019
G01 X77.5999Y87.9042
G01 X77.4761Y87.9099
G01 X77.4479Y87.9095
G01 X77.3242Y87.9031
G01 X77.2962Y87.8998
G01 X77.1736Y87.8813
G01 X77.1461Y87.8754
G01 X77.0260Y87.8450
G01 X76.9991Y87.8363
G01 X76.8825Y87.7943
G01 X76.8566Y87.7831
G01 X76.7448Y87.7298
G01 X76.7201Y87.7161
G01 X76.6140Y87.6521
G01 X76.5908Y87.6361
G01 X76.4915Y87.5620
G01 X76.4700Y87.5437
G01 X76.3784Y87.4603
G01 X76.3588Y87.4400
G01 X76.2758Y87.3480
G01 X76.2582Y87.3259
G01 X76.1847Y87.2262
G01 X76.1694Y87.2025
G01 X76.1060Y87.0960
G01 X76.0931Y87.0709
G01 X76.0404Y86.9588
G01 X76.0300Y86.9326
G01 X75.9886Y86.8158
G01 X75.9809Y86.7887
G01 X75.9511Y86.6684
G01 X75.9460Y86.6406
G01 X75.9281Y86.5180
G01 X75.9258Y86.4899
G01 X75.9201Y86.3649
G01 X75.9205Y86.3379
G01 X75.9269Y86.2142
G01 X75.9302Y86.1862
G01 X75.9487Y86.0636
G01 X75.9546Y86.0361
G01 X75.9850Y85.9159
G01 X75.9937Y85.8891
G01 X76.0357Y85.7725
G01 X76.0469Y85.7466
G01 X76.1002Y85.6348
G01 X76.1139Y85.6101
G01 X76.1779Y85.5040
G01 X76.1939Y85.4808
G01 X76.2680Y85.3815
G01 X76.2863Y85.3600
G01 X76.3697Y85.2684
G01 X76.3900Y85.2488
G01 X76.4820Y85.1658
G01 X76.5041Y85.1482
G01 X76.6038Y85.0747
G01 X76.6275Y85.0594
G01 X76.7340Y84.9960
G01 X76.7591Y84.9831
G01 X76.8712Y84.9304
G01 X76.8974Y84.9200
G01 X77.0142Y84.8786
G01 X77.0413Y84.8709
G01 X77.1616Y84.8411
G01 X77.1894Y84.8360
G01 X77.3120Y84.8181
G01 X77.3401Y84.8158
G01 X77.4479Y84.8105
G00 Z20.0000
G00 X79.0002Y86.1210
G01 Z20.0000
G01 X79.5172Y85.8764
G01 X79.9058Y85.6435
G00 Z20.0000
G00 X79.7413Y86.1788
G01 Z20.0000
G01 X79.6939Y86.2072
G01 X79.0103Y86.5305
G00 Z20.0000
G00 X78.8767Y87.0080
G01 Z20.0000
G01 X79.7493Y86.5953
G00 Z20.0000
G00 X75.9656Y86.7276
G01 Z20.0000
G01 X75.1882Y87.0953
G01 X71.0475Y88.5768
G01 X66.7816Y89.6453
G01 X62.4315Y90.2906
G01 X58.0391Y90.5064
G01 X53.6468Y90.2906
G01 X49.2967Y89.6453
G01 X45.0308Y88.5768
G01 X43.1665Y87.9097
G00 Z20.0000
G00 X43.8497Y87.7564
G01 Z20.0000
G01 X45.1396Y88.2179
G01 X49.3698Y89.2776
G01 X53.6835Y89.9174
G01 X58.0391Y90.1314
G01 X62.3948Y89.9174
G01 X66.7085Y89.2776
G01 X70.9387Y88.2179
G01 X75.0446Y86.7488
G01 X75.9207Y86.3345
G00 Z20.0000
G00 X68.7224Y85.2980
G01 Z20.0000
G01 X67.4060Y85.6277
G00 Z20.0000
G00 X67.5413Y85.9800
G01 Z20.0000
G01 X68.4211Y85.7596
G00 Z20.0000
G00 X68.3121Y86.1730
G01 Z20.0000
G01 X67.5899Y86.3539
G00 Z20.0000
G00 X67.5381Y86.7530
G01 Z20.0000
G01 X68.3139Y86.5587
G00 Z20.0000
G00 X68.4062Y86.9217
G01 Z20.0000
G01 X67.3504Y87.1862
G00 Z20.0000
G00 X66.7997Y87.7102
G01 Z20.0000
G01 X68.5906Y87.2616
G00 Z20.0000
G00 X64.8006Y87.2887
G01 Z20.0000
G01 X63.2592Y87.5173
G00 Z20.0000
G00 X63.5981Y87.0884
G01 Z20.0000
G01 X64.6026Y86.9394
G00 Z20.0000
G00 X64.5063Y86.5750
G01 Z20.0000
G01 X63.7443Y86.6881
G00 Z20.0000
G00 X63.7778Y86.3045
G01 Z20.0000
G01 X64.4987Y86.1975
G00 Z20.0000
G00 X64.5938Y85.8048
G01 Z20.0000
G01 X63.7199Y85.9344
G00 Z20.0000
G00 X63.5671Y85.5784
G01 Z20.0000
G01 X64.8306Y85.3910
G00 Z20.0000
G00 X62.2079Y84.8105
G01 Z20.0000
G01 X62.2521Y84.8105
G01 X62.3758Y84.8169
G01 X62.4038Y84.8202
G01 X62.5264Y84.8387
G01 X62.5539Y84.8446
G01 X62.6741Y84.8750
G01 X62.7009Y84.8837
G01 X62.8175Y84.9257
G01 X62.8434Y84.9369
G01 X62.9552Y84.9902
G01 X62.9799Y85.0039
G01 X63.0860Y85.0679
G01 X63.1092Y85.0839
G01 X63.2085Y85.1580
G01 X63.2300Y85.1763
G01 X63.3216Y85.2597
G01 X63.3412Y85.2800
G01 X63.4242Y85.3720
G01 X63.4418Y85.3941
G01 X63.5153Y85.4938
G01 X63.5306Y85.5175
G01 X63.5940Y85.6240
G01 X63.6069Y85.6491
G01 X63.6596Y85.7612
G01 X63.6700Y85.7874
G01 X63.7114Y85.9042
G01 X63.7191Y85.9313
G01 X63.7489Y86.0516
G01 X63.7540Y86.0794
G01 X63.7719Y86.2020
G01 X63.7742Y86.2301
G01 X63.7799Y86.3539
G01 X63.7795Y86.3821
G01 X63.7731Y86.5058
G01 X63.7698Y86.5338
G01 X63.7513Y86.6564
G01 X63.7454Y86.6839
G01 X63.7150Y86.8040
G01 X63.7063Y86.8309
G01 X63.6643Y86.9475
G01 X63.6531Y86.9734
G01 X63.5998Y87.0852
G01 X63.5861Y87.1099
G01 X63.5221Y87.2160
G01 X63.5061Y87.2392
G01 X63.4320Y87.3385
G01 X63.4137Y87.3600
G01 X63.3303Y87.4516
G01 X63.3100Y87.4712
G01 X63.2180Y87.5542
G01 X63.1959Y87.5718
G01 X63.0962Y87.6453
G01 X63.0725Y87.6606
G01 X62.9660Y87.7240
G01 X62.9409Y87.7369
G01 X62.8288Y87.7896
G01 X62.8026Y87.8000
G01 X62.6858Y87.8414
G01 X62.6587Y87.8491
G01 X62.5384Y87.8789
G01 X62.5106Y87.8840
G01 X62.3880Y87.9019
G01 X62.3599Y87.9042
G01 X62.2361Y87.9099
G01 X62.2079Y87.9095
G01 X62.0842Y87.9031
G01 X62.0562Y87.8998
G01 X61.9336Y87.8813
G01 X61.9061Y87.8754
G01 X61.7859Y87.8450
G01 X61.7591Y87.8363
G01 X61.6425Y87.7943
G01 X61.6166Y87.7831
G01 X61.5048Y87.7298
G01 X61.4801Y87.7161
G01 X61.3740Y87.6521
G01 X61.3508Y87.6361
G01 X61.2515Y87.5620
G01 X61.2300Y87.5437
G01 X61.1384Y87.4603
G01 X61.1188Y87.4400
G01 X61.0358Y87.3480
G01 X61.0182Y87.3259
G01 X60.9447Y87.2262
G01 X60.9294Y87.2025
G01 X60.8660Y87.0960
G01 X60.8531Y87.0709
G01 X60.8004Y86.9588
G01 X60.7900Y86.9326
G01 X60.7486Y86.8158
G01 X60.7409Y86.7887
G01 X60.7111Y86.6684
G01 X60.7060Y86.6406
G01 X60.6881Y86.5180
G01 X60.6858Y86.4899
G01 X60.6801Y86.3649
G01 X60.6805Y86.3379
G01 X60.6869Y86.2142
G01 X60.6902Y86.1862
G01 X60.7087Y86.0636
G01 X60.7146Y86.0361
G01 X60.7450Y85.9160
G01 X60.7537Y85.8891
G01 X60.7957Y85.7725
G01 X60.8069Y85.7466
G01 X60.8602Y85.6348
G01 X60.8739Y85.6101
G01 X60.9379Y85.5040
G01 X60.9539Y85.4808
G01 X61.0280Y85.3815
G01 X61.0463Y85.3600
G01 X61.1297Y85.2684
G01 X61.1500Y85.2488
G01 X61.2420Y85.1658
G01 X61.2641Y85.1482
G01 X61.3638Y85.0747
G01 X61.3875Y85.0594
G01 X61.4940Y84.9960
G01 X61.5191Y84.9831
G01 X61.6312Y84.9304
G01 X61.6574Y84.9200
G01 X61.7742Y84.8786
G01 X61.8013Y84.8709
G01 X61.9216Y84.8411
G01 X61.9494Y84.8360
G01 X62.0720Y84.8181
G01 X62.1001Y84.8158
G01 X62.2079Y84.8105
G00 Z20.0000
G00 X57.5844Y83.7341
G01 Z20.0000
G01 X56.7695Y83.6940
G00 Z20.0000
G00 X57.0985Y83.3352
G01 Z20.0000
G01 X57.2047Y83.3404
G00 Z20.0000
G00 X57.1576Y81.8381
G01 Z20.0000
G01 X57.1420Y81.8373
G00 Z20.0000
G00 X57.4462Y81.4773
G01 Z20.0000
G01 X56.8198Y81.4465
G00 Z20.0000
G00 X55.0528Y81.3597
G01 Z20.0000
G01 X54.5289Y81.3340
G01 X51.0525Y80.8183
G01 X47.6433Y79.9643
G01 X44.3343Y78.7803
G01 X41.1573Y77.2777
G01 X38.1428Y75.4709
G01 X35.3199Y73.3773
G01 X32.7159Y71.0172
G01 X30.3557Y68.4131
G01 X28.2621Y65.5903
G01 X26.4553Y62.5758
G01 X24.9527Y59.3988
G01 X24.5671Y58.3209
G00 Z20.0000
G00 X24.3240Y58.7533
G01 Z20.0000
G01 X24.6063Y59.5423
G01 X26.1246Y62.7526
G01 X27.9503Y65.7986
G01 X30.0658Y68.6510
G01 X32.4507Y71.2823
G01 X35.0820Y73.6672
G01 X37.9345Y75.7827
G01 X40.9805Y77.6084
G01 X44.1908Y79.1268
G01 X47.5345Y80.3232
G01 X50.9793Y81.1861
G01 X54.4922Y81.7072
G01 X54.6940Y81.7171
G00 Z20.0000
G00 X54.5084Y82.0830
G01 Z20.0000
G01 X54.4554Y82.0803
G01 X50.9062Y81.5539
G01 X47.4256Y80.6820
G01 X44.0473Y79.4733
G01 X44.0056Y79.4535
G00 Z20.0000
G00 X43.5773Y79.2510
G01 Z20.0000
G01 X40.8037Y77.9392
G01 X37.7261Y76.0945
G01 X34.8441Y73.9571
G01 X32.1856Y71.5475
G01 X29.7760Y68.8889
G01 X27.6385Y66.0069
G01 X25.7939Y62.9294
G01 X24.2598Y59.6858
G01 X24.0272Y59.0358
G00 Z20.0000
G00 X23.6959Y59.2215
G01 Z20.0000
G01 X23.9133Y59.8293
G01 X25.4632Y63.1061
G01 X27.3267Y66.2153
G01 X29.4861Y69.1268
G01 X31.9204Y71.8127
G01 X34.6062Y74.2470
G01 X37.5178Y76.4063
G01 X40.6269Y78.2699
G01 X42.7333Y79.2661
G00 Z20.0000
G00 X42.3151Y79.4827
G01 Z20.0000
G01 X40.4502Y78.6006
G01 X39.2804Y77.8994
G00 Z20.0000
G00 X39.5266Y78.4837
G01 Z20.0000
G01 X40.2734Y78.9313
G01 X42.0308Y79.7625
G00 Z20.0000
G00 X41.8416Y80.0874
G01 Z20.0000
G01 X40.0966Y79.2620
G01 X39.5370Y78.9266
G00 Z20.0000
G00 X39.4362Y79.3029
G01 Z20.0000
G01 X39.9198Y79.5928
G01 X41.7435Y80.4553
G00 Z20.0000
G00 X41.7301Y80.6560
G01 Z20.0000
G01 X41.7305Y80.6229
G01 X41.7365Y80.5090
G01 X41.7397Y80.4810
G01 X41.7567Y80.3682
G01 X41.7627Y80.3406
G01 X41.7907Y80.2300
G01 X41.7994Y80.2031
G01 X41.8381Y80.0958
G01 X41.8493Y80.0699
G01 X41.8984Y79.9669
G01 X41.9121Y79.9423
G01 X41.9710Y79.8446
G01 X41.9871Y79.8214
G01 X42.0553Y79.7299
G01 X42.0736Y79.7084
G01 X42.1504Y79.6241
G01 X42.1707Y79.6045
G01 X42.2554Y79.5281
G01 X42.2775Y79.5105
G01 X42.3694Y79.4428
G01 X42.3931Y79.4276
G01 X42.4911Y79.3692
G01 X42.5162Y79.3563
G01 X42.6195Y79.3078
G01 X42.6457Y79.2974
G01 X42.7532Y79.2593
G01 X42.7804Y79.2515
G01 X42.8911Y79.2241
G01 X42.9189Y79.2191
G01 X43.0318Y79.2027
G01 X43.0599Y79.2004
G01 X43.1739Y79.1951
G01 X43.2021Y79.1955
G01 X43.3160Y79.2015
G01 X43.3440Y79.2047
G01 X43.4569Y79.2217
G01 X43.4844Y79.2277
G01 X43.5950Y79.2557
G01 X43.6219Y79.2644
G01 X43.7292Y79.3031
G01 X43.7551Y79.3143
G01 X43.8581Y79.3634
G01 X43.8827Y79.3771
G01 X43.9804Y79.4360
G01 X44.0036Y79.4521
G01 X44.0951Y79.5203
G01 X44.1166Y79.5386
G01 X44.2009Y79.6154
G01 X44.2205Y79.6357
G01 X44.2969Y79.7204
G01 X44.3145Y79.7425
G01 X44.3822Y79.8344
G01 X44.3974Y79.8581
G01 X44.4558Y79.9561
G01 X44.4687Y79.9812
G01 X44.5172Y80.0845
G01 X44.5276Y80.1107
G01 X44.5657Y80.2182
G01 X44.5735Y80.2454
G01 X44.6009Y80.3561
G01 X44.6059Y80.3839
G01 X44.6223Y80.4968
G01 X44.6246Y80.5249
G01 X44.6299Y80.6389
G01 X44.6295Y80.6671
G01 X44.6235Y80.7810
G01 X44.6203Y80.8090
G01 X44.6033Y80.9218
G01 X44.5973Y80.9494
G01 X44.5693Y81.0600
G01 X44.5606Y81.0869
G01 X44.5219Y81.1942
G01 X44.5107Y81.2201
G01 X44.4616Y81.3231
G01 X44.4479Y81.3477
G01 X44.3890Y81.4454
G01 X44.3729Y81.4686
G01 X44.3047Y81.5601
G01 X44.2864Y81.5816
G01 X44.2096Y81.6659
G01 X44.1893Y81.6855
G01 X44.1046Y81.7619
G01 X44.0825Y81.7795
G01 X43.9906Y81.8472
G01 X43.9669Y81.8624
G01 X43.8689Y81.9208
G01 X43.8438Y81.9337
G01 X43.7405Y81.9822
G01 X43.7143Y81.9926
G01 X43.6068Y82.0307
G01 X43.5796Y82.0385
G01 X43.4689Y82.0659
G01 X43.4411Y82.0709
G01 X43.3282Y82.0873
G01 X43.3001Y82.0896
G01 X43.1861Y82.0949
G01 X43.1579Y82.0945
G01 X43.0440Y82.0885
G01 X43.0160Y82.0853
G01 X42.9032Y82.0683
G01 X42.8756Y82.0623
G01 X42.7650Y82.0343
G01 X42.7381Y82.0256
G01 X42.6308Y81.9869
G01 X42.6049Y81.9757
G01 X42.5019Y81.9266
G01 X42.4773Y81.9129
G01 X42.3796Y81.8540
G01 X42.3564Y81.8379
G01 X42.2649Y81.7697
G01 X42.2434Y81.7514
G01 X42.1591Y81.6746
G01 X42.1395Y81.6543
G01 X42.0631Y81.5696
G01 X42.0455Y81.5475
G01 X41.9778Y81.4556
G01 X41.9626Y81.4319
G01 X41.9042Y81.3339
G01 X41.8913Y81.3088
G01 X41.8428Y81.2055
G01 X41.8324Y81.1793
G01 X41.7943Y81.0718
G01 X41.7865Y81.0446
G01 X41.7591Y80.9339
G01 X41.7541Y80.9061
G01 X41.7377Y80.7932
G01 X41.7354Y80.7651
G01 X41.7301Y80.6560
G00 Z20.0000
G00 X41.7491Y80.8722
G01 Z20.0000
G01 X39.7431Y79.9235
G01 X39.2467Y79.6260
G00 Z20.0000
G00 X38.9713Y79.8976
G01 Z20.0000
G01 X39.5663Y80.2542
G01 X41.9254Y81.3700
G00 Z20.0000
G00 X44.3082Y81.5556
G01 Z20.0000
G01 X46.8813Y82.4763
G01 X50.5404Y83.3928
G01 X54.2716Y83.9463
G01 X58.0391Y84.1314
G01 X61.8067Y83.9463
G01 X65.5379Y83.3928
G01 X69.1970Y82.4763
G01 X72.7485Y81.2055
G01 X76.1585Y79.5928
G01 X79.3939Y77.6535
G01 X82.4236Y75.4065
G01 X84.9784Y73.0910
G00 Z20.0000
G00 X85.4726Y71.1200
G01 Z20.0000
G01 X85.3941Y71.0618
G01 X85.3720Y71.0442
G01 X85.2800Y70.9612
G01 X85.2488Y70.9300
G01 X85.1763Y70.8500
G01 X85.1580Y70.8285
G01 X85.0839Y70.7292
G01 X85.0594Y70.6925
G01 X84.9960Y70.5860
G01 X84.9831Y70.5609
G01 X84.9369Y70.4634
G01 X84.9200Y70.4226
G01 X84.8786Y70.3058
G01 X84.8709Y70.2787
G01 X84.8446Y70.1739
G01 X84.8370Y70.1367
G01 X84.8193Y70.0178
G01 X84.8158Y69.9799
G01 X84.8101Y69.8549
G01 X84.8104Y69.8310
G01 X84.8158Y69.7201
G01 X84.8202Y69.6762
G01 X84.8387Y69.5536
G01 X84.8446Y69.5261
G01 X84.8709Y69.4213
G01 X84.8837Y69.3791
G01 X84.9200Y69.2774
G01 X84.9304Y69.2512
G01 X84.9831Y69.1391
G01 X85.0039Y69.1001
G01 X85.0679Y68.9940
G01 X85.0839Y68.9708
G01 X85.1482Y68.8841
G01 X85.1658Y68.8620
G01 X85.2488Y68.7700
G01 X85.2800Y68.7388
G01 X85.3600Y68.6663
G01 X85.3815Y68.6480
G01 X85.4808Y68.5739
G01 X85.5123Y68.5526
G01 X85.6154Y68.4908
G01 X85.6491Y68.4731
G01 X85.7612Y68.4204
G01 X85.7874Y68.4100
G01 X85.8891Y68.3737
G01 X85.9160Y68.3650
G01 X86.0361Y68.3346
G01 X86.0636Y68.3287
G01 X86.1862Y68.3102
G01 X86.2240Y68.3062
G01 X86.3600Y68.3000
G01 X87.6380Y68.3001
G01 X87.7599Y68.3058
G01 X87.7880Y68.3081
G01 X87.9264Y68.3287
G01 X87.9539Y68.3346
G01 X88.0741Y68.3650
G01 X88.1009Y68.3737
G01 X88.2026Y68.4100
G01 X88.2288Y68.4204
G01 X88.3409Y68.4731
G01 X88.3660Y68.4860
G01 X88.4725Y68.5494
G01 X88.5092Y68.5739
G01 X88.6008Y68.6420
G01 X88.6300Y68.6663
G01 X88.7100Y68.7388
G01 X88.7303Y68.7584
G01 X88.8137Y68.8500
G01 X88.8418Y68.8841
G01 X88.9153Y68.9838
G01 X88.9306Y69.0075
G01 X88.9892Y69.1054
G01 X89.0069Y69.1391
G01 X89.0596Y69.2512
G01 X89.0700Y69.2774
G01 X89.1114Y69.3942
G01 X89.1191Y69.4213
G01 X89.1489Y69.5416
G01 X89.1540Y69.5694
G01 X89.1698Y69.6762
G01 X89.1742Y69.7201
G01 X89.1797Y69.8341
G01 X89.1795Y69.8721
G01 X89.1742Y69.9799
G01 X89.1719Y70.0080
G01 X89.1540Y70.1306
G01 X89.1468Y70.1680
G01 X89.1191Y70.2787
G01 X89.1114Y70.3058
G01 X89.0700Y70.4226
G01 X89.0596Y70.4488
G01 X89.0069Y70.5609
G01 X88.9940Y70.5860
G01 X88.9221Y70.7060
G01 X88.9061Y70.7292
G01 X88.8320Y70.8285
G01 X88.8137Y70.8500
G01 X88.7303Y70.9416
G01 X88.7100Y70.9612
G01 X88.6180Y71.0442
G01 X88.5959Y71.0618
G01 X88.5174Y71.1200
G01 X88.5959Y71.1782
G01 X88.6180Y71.1958
G01 X88.7100Y71.2788
G01 X88.7412Y71.3100
G01 X88.8137Y71.3900
G01 X88.8320Y71.4115
G01 X88.9061Y71.5108
G01 X88.9306Y71.5475
G01 X88.9861Y71.6401
G01 X88.9998Y71.6648
G01 X89.0556Y71.7822
G01 X89.0700Y71.8174
G01 X89.1063Y71.9191
G01 X89.1191Y71.9613
G01 X89.1454Y72.0661
G01 X89.1513Y72.0936
G01 X89.1698Y72.2162
G01 X89.1742Y72.2601
G01 X89.1799Y72.3839
G01 X89.1795Y72.4121
G01 X89.1742Y72.5199
G01 X89.1707Y72.5578
G01 X89.1530Y72.6767
G01 X89.1454Y72.7139
G01 X89.1191Y72.8187
G01 X89.1114Y72.8458
G01 X89.0700Y72.9626
G01 X89.0531Y73.0034
G01 X88.9998Y73.1152
G01 X88.9861Y73.1399
G01 X88.9221Y73.2460
G01 X88.9061Y73.2692
G01 X88.8418Y73.3559
G01 X88.8242Y73.3780
G01 X88.7412Y73.4700
G01 X88.7100Y73.5012
G01 X88.6300Y73.5737
G01 X88.6085Y73.5920
G01 X88.5092Y73.6661
G01 X88.4777Y73.6874
G01 X88.3746Y73.7492
G01 X88.3409Y73.7669
G01 X88.2288Y73.8196
G01 X88.2026Y73.8300
G01 X88.0858Y73.8714
G01 X88.0587Y73.8791
G01 X87.9384Y73.9089
G01 X87.9106Y73.9140
G01 X87.8038Y73.9298
G01 X87.7758Y73.9331
G01 X87.6521Y73.9395
G01 X87.6300Y73.9400
G01 X86.3600Y73.9400
G01 X86.2301Y73.9342
G01 X86.1922Y73.9307
G01 X86.0794Y73.9140
G01 X86.0361Y73.9054
G01 X85.9313Y73.8791
G01 X85.9042Y73.8714
G01 X85.7874Y73.8300
G01 X85.7612Y73.8196
G01 X85.6348Y73.7598
G01 X85.6101Y73.7461
G01 X85.5175Y73.6906
G01 X85.4858Y73.6697
G01 X85.3941Y73.6018
G01 X85.3600Y73.5737
G01 X85.2800Y73.5012
G01 X85.2597Y73.4816
G01 X85.1763Y73.3900
G01 X85.1520Y73.3608
G01 X85.0839Y73.2692
G01 X85.0594Y73.2325
G01 X84.9960Y73.1260
G01 X84.9831Y73.1009
G01 X84.9344Y72.9978
G01 X84.9200Y72.9626
G01 X84.8786Y72.8458
G01 X84.8709Y72.8187
G01 X84.8446Y72.7139
G01 X84.8387Y72.6864
G01 X84.8202Y72.5638
G01 X84.8169Y72.5358
G01 X84.8104Y72.4090
G01 X84.8105Y72.3679
G01 X84.8162Y72.2540
G01 X84.8202Y72.2162
G01 X84.8387Y72.0936
G01 X84.8446Y72.0661
G01 X84.8709Y71.9613
G01 X84.8837Y71.9191
G01 X84.9257Y71.8025
G01 X84.9369Y71.7766
G01 X84.9902Y71.6648
G01 X85.0039Y71.6401
G01 X85.0594Y71.5475
G01 X85.0747Y71.5238
G01 X85.1482Y71.4241
G01 X85.1763Y71.3900
G01 X85.2529Y71.3055
G01 X85.2800Y71.2788
G01 X85.3720Y71.1958
G01 X85.3941Y71.1782
G01 X85.4726Y71.1200
G00 Z20.0000
G00 X85.3652Y71.0384
G01 Z20.0000
G01 X84.4231Y72.0778
G01 X81.7099Y74.5369
G01 X78.7689Y76.7181
G01 X75.6281Y78.6006
G01 X72.3180Y80.1662
G01 X68.8704Y81.3997
G01 X68.4818Y81.4971
G00 Z20.0000
G00 X68.7003Y81.0562
G01 Z20.0000
G01 X68.7615Y81.0409
G01 X72.1745Y79.8197
G01 X75.4514Y78.2699
G01 X78.5605Y76.4063
G01 X81.4721Y74.2470
G01 X84.1579Y71.8127
G01 X85.1091Y70.7632
G00 Z20.0000
G00 X84.9179Y70.4165
G01 Z20.0000
G01 X83.8927Y71.5475
G01 X81.2342Y73.9571
G01 X78.3522Y76.0945
G01 X75.2746Y77.9392
G01 X72.0310Y79.4733
G01 X68.7599Y80.6437
G00 Z20.0000
G00 X68.7082Y80.2644
G01 Z20.0000
G01 X69.1638Y80.1014
G00 Z20.0000
G00 X68.7350Y79.8570
G01 Z20.0000
G01 X68.5636Y79.9183
G01 X68.4618Y79.5569
G01 X68.3216Y79.6066
G01 X68.2924Y79.2197
G01 X68.2173Y79.2466
G01 X67.9065Y79.3245
G01 X68.2144Y78.8499
G01 X68.1084Y78.8878
G01 X66.0601Y79.4008
G01 X66.1614Y79.7616
G01 X65.6529Y79.8890
G00 Z20.0000
G00 X66.1991Y78.9799
G01 Z20.0000
G01 X67.9995Y78.5289
G01 X68.2405Y78.4427
G00 Z20.0000
G00 X68.2096Y78.7511
G01 Z20.0000
G01 X68.2099Y78.7210
G01 X68.2160Y78.6040
G01 X68.2192Y78.5760
G01 X68.2362Y78.4631
G01 X68.2422Y78.4356
G01 X68.2702Y78.3250
G01 X68.2789Y78.2981
G01 X68.3176Y78.1908
G01 X68.3288Y78.1649
G01 X68.3779Y78.0619
G01 X68.3916Y78.0373
G01 X68.4505Y77.9396
G01 X68.4666Y77.9164
G01 X68.5348Y77.8249
G01 X68.5531Y77.8034
G01 X68.6299Y77.7191
G01 X68.6502Y77.6995
G01 X68.7349Y77.6231
G01 X68.7570Y77.6055
G01 X68.8489Y77.5378
G01 X68.8726Y77.5226
G01 X68.9706Y77.4642
G01 X68.9957Y77.4513
G01 X69.0990Y77.4028
G01 X69.1252Y77.3924
G01 X69.2327Y77.3543
G01 X69.2599Y77.3465
G01 X69.3706Y77.3191
G01 X69.3984Y77.3141
G01 X69.5113Y77.2977
G01 X69.5394Y77.2954
G01 X69.6534Y77.2901
G01 X69.6816Y77.2905
G01 X69.7955Y77.2965
G01 X69.8235Y77.2997
G01 X69.9363Y77.3167
G01 X69.9639Y77.3227
G01 X70.0745Y77.3507
G01 X70.1014Y77.3594
G01 X70.2087Y77.3981
G01 X70.2346Y77.4093
G01 X70.3376Y77.4584
G01 X70.3622Y77.4721
G01 X70.4599Y77.5310
G01 X70.4831Y77.5471
G01 X70.5746Y77.6153
G01 X70.5961Y77.6336
G01 X70.6804Y77.7104
G01 X70.7000Y77.7307
G01 X70.7764Y77.8154
G01 X70.7940Y77.8375
G01 X70.8617Y77.9294
G01 X70.8769Y77.9531
G01 X70.9353Y78.0511
G01 X70.9482Y78.0762
G01 X70.9967Y78.1795
G01 X71.0071Y78.2057
G01 X71.0452Y78.3132
G01 X71.0530Y78.3404
G01 X71.0804Y78.4511
G01 X71.0854Y78.4789
G01 X71.1018Y78.5918
G01 X71.1041Y78.6199
G01 X71.1094Y78.7339
G01 X71.1090Y78.7621
G01 X71.1030Y78.8760
G01 X71.0998Y78.9040
G01 X71.0828Y79.0168
G01 X71.0768Y79.0444
G01 X71.0488Y79.1550
G01 X71.0401Y79.1819
G01 X71.0014Y79.2892
G01 X70.9902Y79.3151
G01 X70.9411Y79.4181
G01 X70.9274Y79.4427
G01 X70.8685Y79.5404
G01 X70.8524Y79.5636
G01 X70.7842Y79.6551
G01 X70.7659Y79.6766
G01 X70.6891Y79.7609
G01 X70.6688Y79.7805
G01 X70.5841Y79.8569
G01 X70.5620Y79.8745
G01 X70.4701Y79.9422
G01 X70.4464Y79.9574
G01 X70.3484Y80.0158
G01 X70.3233Y80.0287
G01 X70.2200Y80.0772
G01 X70.1938Y80.0876
G01 X70.0863Y80.1257
G01 X70.0591Y80.1335
G01 X69.9484Y80.1609
G01 X69.9206Y80.1659
G01 X69.8077Y80.1823
G01 X69.7796Y80.1846
G01 X69.6656Y80.1899
G01 X69.6374Y80.1895
G01 X69.5235Y80.1835
G01 X69.4955Y80.1803
G01 X69.3827Y80.1633
G01 X69.3551Y80.1573
G01 X69.2445Y80.1293
G01 X69.2176Y80.1206
G01 X69.1103Y80.0819
G01 X69.0844Y80.0707
G01 X68.9814Y80.0216
G01 X68.9568Y80.0079
G01 X68.8591Y79.9490
G01 X68.8359Y79.9329
G01 X68.7444Y79.8647
G01 X68.7229Y79.8464
G01 X68.6386Y79.7696
G01 X68.6190Y79.7493
G01 X68.5426Y79.6646
G01 X68.5250Y79.6425
G01 X68.4573Y79.5506
G01 X68.4421Y79.5269
G01 X68.3837Y79.4289
G01 X68.3708Y79.4038
G01 X68.3223Y79.3005
G01 X68.3119Y79.2743
G01 X68.2738Y79.1668
G01 X68.2660Y79.1396
G01 X68.2386Y79.0289
G01 X68.2336Y79.0011
G01 X68.2172Y78.8882
G01 X68.2149Y78.8601
G01 X68.2096Y78.7511
G00 Z20.0000
G00 X68.4270Y77.9782
G01 Z20.0000
G01 X67.8907Y78.1701
G01 X66.2122Y78.5905
G00 Z20.0000
G00 X70.9064Y79.4779
G01 Z20.0000
G01 X71.8875Y79.1268
G01 X75.0978Y77.6084
G01 X78.1438Y75.7827
G01 X80.9963Y73.6672
G01 X83.6276Y71.2823
G01 X84.8154Y69.9717
G00 Z20.0000
G00 X78.9237Y65.8754
G01 Z20.0000
G01 X78.5894Y66.2442
G01 X76.4762Y68.1595
G01 X74.1854Y69.8585
G01 X71.7391Y71.3247
G01 X69.1609Y72.5442
G01 X66.4755Y73.5050
G01 X63.7090Y74.1980
G01 X60.8878Y74.6165
G01 X58.0391Y74.7564
G01 X55.1905Y74.6165
G01 X52.3693Y74.1980
G01 X49.6028Y73.5050
G01 X46.9174Y72.5442
G01 X44.3392Y71.3247
G01 X41.8929Y69.8585
G01 X39.6021Y68.1595
G01 X37.4889Y66.2442
G01 X37.4094Y66.1565
G00 Z20.0000
G00 X38.1292Y66.3191
G01 Z20.0000
G01 X39.8400Y67.8696
G01 X42.1012Y69.5467
G01 X44.5160Y70.9940
G01 X47.0609Y72.1977
G01 X49.7116Y73.1461
G01 X52.4425Y73.8302
G01 X55.2273Y74.2433
G01 X58.0391Y74.3814
G01 X60.8510Y74.2433
G01 X63.6358Y73.8302
G01 X66.3667Y73.1461
G01 X69.0174Y72.1977
G01 X71.5623Y70.9940
G01 X73.9771Y69.5467
G01 X76.2383Y67.8696
G01 X78.0933Y66.1883
G00 Z20.0000
G00 X82.7211Y80.7817
G01 Z20.0000
G01 X85.2784Y78.8850
G01 X88.4005Y76.0553
G01 X91.2303Y72.9332
G01 X93.7404Y69.5487
G01 X95.9066Y65.9345
G01 X97.7082Y62.1254
G01 X99.1278Y58.1580
G01 X100.1516Y54.0706
G01 X100.6700Y50.5759
G01 X100.6700Y53.1286
G01 X100.5194Y54.1438
G01 X99.4866Y58.2669
G01 X98.0547Y62.2689
G01 X96.2374Y66.1113
G01 X94.0522Y69.7570
G01 X91.5202Y73.1711
G01 X88.6657Y76.3205
G01 X85.5163Y79.1749
G01 X82.6908Y81.2705
G00 Z20.0000
G00 X95.5567Y91.7800
G01 Z20.0000
G01 X95.7459Y91.6397
G01 X100.0678Y87.7226
G01 X100.6700Y87.0581
G01 X100.6700Y87.6159
G01 X100.3330Y87.9877
G01 X96.1489Y91.7800
G01 X96.7066Y91.7800
G01 X100.5981Y88.2529
G01 X100.6700Y88.1736
G01 X100.6700Y88.6933
G01 X97.2643Y91.7800
G01 X97.8220Y91.7800
G01 X100.6700Y89.1988
G01 X100.6700Y89.7043
G01 X98.3798Y91.7800
G01 X98.9375Y91.7800
G01 X100.6700Y90.2098
G01 X100.6700Y90.7152
G01 X99.4952Y91.7800
G01 X100.0530Y91.7800
G01 X100.6700Y91.2207
G01 X100.6700Y91.7262
G01 X100.6107Y91.7800
G00 Z20.0000
G00 X57.3409Y87.4721
G01 Z20.0000
G01 X53.9408Y87.3051
G01 X49.8819Y86.7030
G01 X48.5399Y86.3668
G00 Z20.0000
G00 X48.4883Y85.9678
G01 Z20.0000
G01 X49.9551Y86.3352
G01 X53.9776Y86.9319
G01 X57.0490Y87.0828
G00 Z20.0000
G00 X56.9089Y86.7009
G01 Z20.0000
G01 X54.0143Y86.5587
G01 X50.0283Y85.9674
G01 X48.3009Y85.5347
G00 Z20.0000
G00 X47.7518Y85.0111
G01 Z20.0000
G01 X50.1014Y85.5996
G01 X54.0511Y86.1855
G01 X56.8712Y86.3240
G00 Z20.0000
G00 X56.9258Y85.9517
G01 Z20.0000
G01 X54.0878Y85.8123
G01 X50.1746Y85.2318
G01 X46.3370Y84.2706
G01 X42.6122Y82.9378
G01 X39.0360Y81.2464
G01 X35.6427Y79.2125
G01 X32.4652Y76.8559
G01 X29.5339Y74.1991
G01 X26.8772Y71.2679
G01 X24.5205Y68.0903
G01 X22.4867Y64.6971
G01 X20.7953Y61.1208
G01 X20.0784Y59.1174
G00 Z20.0000
G00 X19.7168Y59.2186
G01 Z20.0000
G01 X20.4488Y61.2643
G01 X22.1560Y64.8739
G01 X24.2087Y68.2987
G01 X26.5873Y71.5058
G01 X29.2687Y74.4643
G01 X32.2273Y77.1458
G01 X35.4344Y79.5243
G01 X38.8592Y81.5771
G01 X42.4687Y83.2843
G01 X46.2282Y84.6294
G01 X46.9540Y84.8112
G01 X46.9679Y84.8105
G01 X46.9839Y84.8101
G01 X47.0121Y84.8105
G01 X47.1260Y84.8162
G01 X47.1638Y84.8202
G01 X47.2706Y84.8360
G01 X47.2984Y84.8411
G01 X47.4187Y84.8709
G01 X47.4551Y84.8817
G01 X47.5626Y84.9200
G01 X47.5888Y84.9304
G01 X47.7152Y84.9902
G01 X47.7399Y85.0039
G01 X47.8460Y85.0679
G01 X47.8692Y85.0839
G01 X47.9559Y85.1482
G01 X47.9900Y85.1763
G01 X48.0745Y85.2529
G01 X48.1012Y85.2800
G01 X48.1737Y85.3600
G01 X48.1920Y85.3815
G01 X48.2753Y85.4938
G01 X48.2906Y85.5175
G01 X48.3461Y85.6101
G01 X48.3669Y85.6491
G01 X48.4131Y85.7466
G01 X48.4243Y85.7725
G01 X48.4714Y85.9042
G01 X48.4791Y85.9313
G01 X48.5089Y86.0516
G01 X48.5140Y86.0794
G01 X48.5298Y86.1862
G01 X48.5342Y86.2301
G01 X48.5395Y86.3379
G01 X48.5399Y86.3661
G01 X48.5331Y86.5058
G01 X48.5298Y86.5338
G01 X48.5140Y86.6406
G01 X48.5068Y86.6780
G01 X48.4791Y86.7887
G01 X48.4663Y86.8309
G01 X48.4300Y86.9326
G01 X48.4196Y86.9588
G01 X48.3669Y87.0709
G01 X48.3540Y87.0960
G01 X48.2821Y87.2160
G01 X48.2661Y87.2392
G01 X48.2018Y87.3259
G01 X48.1737Y87.3600
G01 X48.1012Y87.4400
G01 X48.0745Y87.4671
G01 X47.9780Y87.5542
G01 X47.9559Y87.5718
G01 X47.8692Y87.6361
G01 X47.8325Y87.6606
G01 X47.7346Y87.7192
G01 X47.7009Y87.7369
G01 X47.6034Y87.7831
G01 X47.5775Y87.7943
G01 X47.4458Y87.8414
G01 X47.4187Y87.8491
G01 X47.3139Y87.8754
G01 X47.2706Y87.8840
G01 X47.1638Y87.8998
G01 X47.1358Y87.9031
G01 X46.9961Y87.9099
G01 X46.9679Y87.9095
G01 X46.8442Y87.9031
G01 X46.8162Y87.8998
G01 X46.6936Y87.8813
G01 X46.6661Y87.8754
G01 X46.5459Y87.8450
G01 X46.5191Y87.8363
G01 X46.4025Y87.7943
G01 X46.3766Y87.7831
G01 X46.2648Y87.7298
G01 X46.2401Y87.7161
G01 X46.1340Y87.6521
G01 X46.1108Y87.6361
G01 X46.0115Y87.5620
G01 X45.9900Y87.5437
G01 X45.8984Y87.4603
G01 X45.8788Y87.4400
G01 X45.7958Y87.3480
G01 X45.7782Y87.3259
G01 X45.7047Y87.2262
G01 X45.6894Y87.2025
G01 X45.6260Y87.0960
G01 X45.6131Y87.0709
G01 X45.5604Y86.9588
G01 X45.5500Y86.9326
G01 X45.5086Y86.8158
G01 X45.5009Y86.7887
G01 X45.4711Y86.6684
G01 X45.4660Y86.6406
G01 X45.4481Y86.5180
G01 X45.4458Y86.4899
G01 X45.4401Y86.3649
G01 X45.4405Y86.3379
G01 X45.4469Y86.2142
G01 X45.4502Y86.1862
G01 X45.4687Y86.0636
G01 X45.4746Y86.0361
G01 X45.5050Y85.9160
G01 X45.5137Y85.8891
G01 X45.5557Y85.7725
G01 X45.5669Y85.7466
G01 X45.6202Y85.6348
G01 X45.6339Y85.6101
G01 X45.6979Y85.5040
G01 X45.7139Y85.4808
G01 X45.7880Y85.3815
G01 X45.8063Y85.3600
G01 X45.8897Y85.2684
G01 X45.9100Y85.2488
G01 X46.0020Y85.1658
G01 X46.0241Y85.1482
G01 X46.1238Y85.0747
G01 X46.1475Y85.0594
G01 X46.2540Y84.9960
G01 X46.2791Y84.9831
G01 X46.3912Y84.9304
G01 X46.4174Y84.9200
G01 X46.5342Y84.8786
G01 X46.5613Y84.8709
G01 X46.6816Y84.8411
G01 X46.7094Y84.8360
G01 X46.8320Y84.8181
G01 X46.8601Y84.8158
G01 X46.9679Y84.8105
G00 Z20.0000
G00 X46.2229Y85.0142
G01 Z20.0000
G01 X46.1193Y84.9883
G01 X42.3252Y83.6307
G01 X38.6824Y81.9078
G01 X35.2260Y79.8361
G01 X31.9894Y77.4356
G01 X29.0036Y74.7295
G01 X26.2974Y71.7437
G01 X23.8969Y68.5070
G01 X21.8253Y65.0506
G01 X20.1023Y61.4078
G01 X19.3202Y59.2219
G00 Z20.0000
G00 X18.8747Y59.0885
G01 Z20.0000
G01 X19.7559Y61.5514
G01 X21.4945Y65.2274
G01 X23.5851Y68.7153
G01 X26.0075Y71.9816
G01 X28.7384Y74.9946
G01 X31.7515Y77.7255
G01 X35.0177Y80.1479
G01 X38.5056Y82.2385
G01 X42.1817Y83.9772
G01 X45.8651Y85.2951
G00 Z20.0000
G00 X45.6339Y85.6102
G01 Z20.0000
G01 X43.9135Y84.9946
G00 Z20.0000
G00 X44.5398Y85.6165
G01 Z20.0000
G01 X45.4942Y85.9580
G00 Z20.0000
G00 X45.4406Y86.3366
G01 Z20.0000
G01 X44.7029Y86.0727
G00 Z20.0000
G00 X44.7247Y86.4783
G01 Z20.0000
G01 X45.4919Y86.7528
G00 Z20.0000
G00 X45.6858Y87.1964
G01 Z20.0000
G01 X45.4662Y87.1414
G01 X44.6498Y86.8493
G00 Z20.0000
G00 X42.1851Y85.1718
G01 Z20.0000
G01 X41.7512Y85.0165
G01 X37.9753Y83.2307
G01 X34.3927Y81.0833
G01 X31.0378Y78.5952
G01 X27.9429Y75.7901
G01 X25.1379Y72.6953
G01 X22.6497Y69.3404
G01 X20.5024Y65.7577
G01 X18.7165Y61.9819
G01 X17.3094Y58.0491
G01 X16.2945Y53.9974
G01 X15.6816Y49.8658
G01 X15.4766Y45.6939
G01 X15.6816Y41.5221
G01 X16.2945Y37.3904
G01 X17.3094Y33.3387
G01 X18.7165Y29.4059
G01 X20.5024Y25.6301
G01 X22.6497Y22.0474
G01 X25.1379Y18.6925
G01 X27.9429Y15.5977
G01 X30.3678Y13.3998
G00 Z20.0000
G00 X31.9718Y11.1673
G01 Z20.0000
G01 X33.9760Y9.6809
G01 X37.6218Y7.4957
G01 X41.4642Y5.6784
G01 X45.4662Y4.2464
G01 X49.5893Y3.2136
G01 X53.7938Y2.5900
G01 X58.0391Y2.3814
G01 X62.2845Y2.5900
G01 X66.4890Y3.2136
G01 X70.6121Y4.2464
G01 X72.1960Y4.8132
G00 Z20.0000
G00 X71.6212Y5.0053
G01 Z20.0000
G01 X70.5032Y4.6053
G01 X66.4158Y3.5814
G01 X62.2478Y2.9632
G01 X58.0391Y2.7564
G01 X53.8305Y2.9632
G01 X49.6625Y3.5814
G01 X45.5751Y4.6053
G01 X41.6077Y6.0248
G01 X37.7986Y7.8264
G01 X34.1844Y9.9927
G01 X32.4179Y11.3027
G00 Z20.0000
G00 X32.7540Y11.5198
G01 Z20.0000
G01 X34.3927Y10.3045
G01 X37.9753Y8.1571
G01 X41.7512Y6.3713
G01 X45.6839Y4.9641
G01 X49.7356Y3.9492
G01 X53.8673Y3.3364
G01 X58.0391Y3.1314
G01 X62.2110Y3.3364
G01 X66.3427Y3.9492
G01 X69.7555Y4.8041
G00 Z20.0000
G00 X69.0623Y5.0166
G01 Z20.0000
G01 X66.2695Y4.3170
G01 X62.1742Y3.7096
G01 X58.0391Y3.5064
G01 X53.9041Y3.7096
G01 X49.8088Y4.3170
G01 X45.7928Y5.3230
G01 X41.8947Y6.7177
G01 X38.1521Y8.4879
G01 X34.6010Y10.6163
G01 X33.7285Y11.2634
G00 Z20.0000
G00 X33.1041Y11.7265
G01 Z20.0000
G01 X33.0086Y11.7973
G00 Z20.0000
G00 X34.5102Y11.1500
G01 Z20.0000
G01 X34.8094Y10.9281
G01 X38.3289Y8.8186
G01 X42.0382Y7.0642
G01 X45.9016Y5.6818
G01 X49.8819Y4.6848
G01 X53.9408Y4.0827
G01 X58.0391Y3.8814
G01 X62.1375Y4.0827
G01 X66.1964Y4.6848
G01 X68.7006Y5.3121
G00 Z20.0000
G00 X68.4722Y5.6410
G01 Z20.0000
G01 X66.1232Y5.0526
G01 X62.1007Y4.4559
G01 X58.0391Y4.2564
G01 X53.9776Y4.4559
G01 X49.9551Y5.0526
G01 X46.0105Y6.0407
G01 X42.1817Y7.4106
G01 X38.5056Y9.1493
G01 X35.1677Y11.1500
G00 Z20.0000
G00 X35.8544Y11.1751
G01 Z20.0000
G01 X38.6824Y9.4800
G01 X42.3252Y7.7571
G01 X46.1193Y6.3995
G01 X50.0283Y5.4204
G01 X54.0143Y4.8291
G01 X58.0391Y4.6314
G01 X62.0640Y4.8291
G01 X66.0500Y5.4204
G01 X68.3425Y5.9946
G00 Z20.0000
G00 X68.3001Y6.3611
G01 Z20.0000
G01 X68.3005Y6.3279
G01 X68.3069Y6.2042
G01 X68.3102Y6.1762
G01 X68.3287Y6.0536
G01 X68.3346Y6.0261
G01 X68.3650Y5.9059
G01 X68.3737Y5.8791
G01 X68.4157Y5.7625
G01 X68.4269Y5.7366
G01 X68.4802Y5.6248
G01 X68.4939Y5.6001
G01 X68.5579Y5.4940
G01 X68.5739Y5.4708
G01 X68.6480Y5.3715
G01 X68.6663Y5.3500
G01 X68.7497Y5.2584
G01 X68.7700Y5.2388
G01 X68.8620Y5.1558
G01 X68.8841Y5.1382
G01 X68.9838Y5.0647
G01 X69.0075Y5.0494
G01 X69.1140Y4.9860
G01 X69.1391Y4.9731
G01 X69.2512Y4.9204
G01 X69.2774Y4.9100
G01 X69.3942Y4.8686
G01 X69.4213Y4.8609
G01 X69.5416Y4.8311
G01 X69.5694Y4.8260
G01 X69.6920Y4.8081
G01 X69.7201Y4.8058
G01 X69.8439Y4.8001
G01 X69.8721Y4.8005
G01 X69.9799Y4.8058
G01 X70.0080Y4.8081
G01 X70.1306Y4.8260
G01 X70.1739Y4.8346
G01 X70.2940Y4.8650
G01 X70.3209Y4.8737
G01 X70.4226Y4.9100
G01 X70.4634Y4.9269
G01 X70.5752Y4.9802
G01 X70.5999Y4.9939
G01 X70.6925Y5.0494
G01 X70.7162Y5.0647
G01 X70.8159Y5.1382
G01 X70.8500Y5.1663
G01 X70.9345Y5.2429
G01 X70.9612Y5.2700
G01 X71.0442Y5.3620
G01 X71.0618Y5.3841
G01 X71.1200Y5.4626
G01 X71.1782Y5.3841
G01 X71.1958Y5.3620
G01 X71.2788Y5.2700
G01 X71.3055Y5.2429
G01 X71.3900Y5.1663
G01 X71.4241Y5.1382
G01 X71.5238Y5.0647
G01 X71.5475Y5.0494
G01 X71.6401Y4.9939
G01 X71.6648Y4.9802
G01 X71.7766Y4.9269
G01 X71.8025Y4.9157
G01 X71.9191Y4.8737
G01 X71.9613Y4.8609
G01 X72.0720Y4.8332
G01 X72.1094Y4.8260
G01 X72.2162Y4.8102
G01 X72.2442Y4.8069
G01 X72.3679Y4.8005
G01 X72.4121Y4.8005
G01 X72.5199Y4.8058
G01 X72.5480Y4.8081
G01 X72.6706Y4.8260
G01 X72.7139Y4.8346
G01 X72.8340Y4.8650
G01 X72.8609Y4.8737
G01 X72.9626Y4.9100
G01 X73.0034Y4.9269
G01 X73.1152Y4.9802
G01 X73.1399Y4.9939
G01 X73.2325Y5.0494
G01 X73.2562Y5.0647
G01 X73.3559Y5.1382
G01 X73.3900Y5.1663
G01 X73.4745Y5.2429
G01 X73.5012Y5.2700
G01 X73.5842Y5.3620
G01 X73.6018Y5.3841
G01 X73.6600Y5.4626
G01 X73.7182Y5.3841
G01 X73.7358Y5.3620
G01 X73.8188Y5.2700
G01 X73.8455Y5.2429
G01 X73.9300Y5.1663
G01 X73.9641Y5.1382
G01 X74.0638Y5.0647
G01 X74.0875Y5.0494
G01 X74.1801Y4.9939
G01 X74.2048Y4.9802
G01 X74.3166Y4.9269
G01 X74.3425Y4.9157
G01 X74.4591Y4.8737
G01 X74.5013Y4.8609
G01 X74.6216Y4.8311
G01 X74.6494Y4.8260
G01 X74.7562Y4.8102
G01 X74.7940Y4.8062
G01 X74.9079Y4.8005
G01 X74.9521Y4.8005
G01 X75.0758Y4.8069
G01 X75.1038Y4.8102
G01 X75.2106Y4.8260
G01 X75.2539Y4.8346
G01 X75.3587Y4.8609
G01 X75.3858Y4.8686
G01 X75.5026Y4.9100
G01 X75.5434Y4.9269
G01 X75.6552Y4.9802
G01 X75.6799Y4.9939
G01 X75.7725Y5.0494
G01 X75.7962Y5.0647
G01 X75.8959Y5.1382
G01 X75.9300Y5.1663
G01 X76.0145Y5.2429
G01 X76.0412Y5.2700
G01 X76.1242Y5.3620
G01 X76.1418Y5.3841
G01 X76.2000Y5.4626
G01 X76.2582Y5.3841
G01 X76.2758Y5.3620
G01 X76.3588Y5.2700
G01 X76.3855Y5.2429
G01 X76.4700Y5.1663
G01 X76.5041Y5.1382
G01 X76.6038Y5.0647
G01 X76.6275Y5.0494
G01 X76.7254Y4.9908
G01 X76.7591Y4.9731
G01 X76.8712Y4.9204
G01 X76.8974Y4.9100
G01 X76.9991Y4.8737
G01 X77.0260Y4.8650
G01 X77.1461Y4.8346
G01 X77.1736Y4.8287
G01 X77.2962Y4.8102
G01 X77.3401Y4.8058
G01 X77.4479Y4.8005
G01 X77.4761Y4.8001
G01 X77.5999Y4.8058
G01 X77.6378Y4.8093
G01 X77.7567Y4.8270
G01 X77.7939Y4.8346
G01 X77.8987Y4.8609
G01 X77.9258Y4.8686
G01 X78.0426Y4.9100
G01 X78.0834Y4.9269
G01 X78.1809Y4.9731
G01 X78.2060Y4.9860
G01 X78.3125Y5.0494
G01 X78.3492Y5.0739
G01 X78.4485Y5.1480
G01 X78.4700Y5.1663
G01 X78.5500Y5.2388
G01 X78.5812Y5.2700
G01 X78.6642Y5.3620
G01 X78.6818Y5.3841
G01 X78.7400Y5.4626
G01 X78.7982Y5.3841
G01 X78.8158Y5.3620
G01 X78.8988Y5.2700
G01 X78.9255Y5.2429
G01 X79.0100Y5.1663
G01 X79.0441Y5.1382
G01 X79.1438Y5.0647
G01 X79.1675Y5.0494
G01 X79.2654Y4.9908
G01 X79.2991Y4.9731
G01 X79.4112Y4.9204
G01 X79.4374Y4.9100
G01 X79.5542Y4.8686
G01 X79.5813Y4.8609
G01 X79.6861Y4.8346
G01 X79.7136Y4.8287
G01 X79.8362Y4.8102
G01 X79.8740Y4.8062
G01 X79.9941Y4.8003
G01 X80.0321Y4.8005
G01 X80.1399Y4.8058
G01 X80.1680Y4.8081
G01 X80.2967Y4.8270
G01 X80.3339Y4.8346
G01 X80.4387Y4.8609
G01 X80.4658Y4.8686
G01 X80.5826Y4.9100
G01 X80.6234Y4.9269
G01 X80.7352Y4.9802
G01 X80.7599Y4.9939
G01 X80.8525Y5.0494
G01 X80.8892Y5.0739
G01 X80.9885Y5.1480
G01 X81.0100Y5.1663
G01 X81.0900Y5.2388
G01 X81.1212Y5.2700
G01 X81.2042Y5.3620
G01 X81.2218Y5.3841
G01 X81.2800Y5.4626
G01 X81.3382Y5.3841
G01 X81.3558Y5.3620
G01 X81.4388Y5.2700
G01 X81.4655Y5.2429
G01 X81.5500Y5.1663
G01 X81.5841Y5.1382
G01 X81.6838Y5.0647
G01 X81.7075Y5.0494
G01 X81.8001Y4.9939
G01 X81.8391Y4.9731
G01 X81.9512Y4.9204
G01 X81.9774Y4.9100
G01 X82.0942Y4.8686
G01 X82.1213Y4.8609
G01 X82.2416Y4.8311
G01 X82.2694Y4.8260
G01 X82.3920Y4.8081
G01 X82.4201Y4.8058
G01 X82.5279Y4.8005
G01 X82.5721Y4.8005
G01 X82.6958Y4.8069
G01 X82.7238Y4.8102
G01 X82.8306Y4.8260
G01 X82.8739Y4.8346
G01 X82.9940Y4.8650
G01 X83.0209Y4.8737
G01 X83.1226Y4.9100
G01 X83.1634Y4.9269
G01 X83.2752Y4.9802
G01 X83.2999Y4.9939
G01 X83.3925Y5.0494
G01 X83.4292Y5.0739
G01 X83.5285Y5.1480
G01 X83.5500Y5.1663
G01 X83.6300Y5.2388
G01 X83.6612Y5.2700
G01 X83.7442Y5.3620
G01 X83.7618Y5.3841
G01 X83.8200Y5.4626
G01 X83.8782Y5.3841
G01 X83.8958Y5.3620
G01 X83.9788Y5.2700
G01 X84.0100Y5.2388
G01 X84.0900Y5.1663
G01 X84.1115Y5.1480
G01 X84.2238Y5.0647
G01 X84.2475Y5.0494
G01 X84.3401Y4.9939
G01 X84.3791Y4.9731
G01 X84.4766Y4.9269
G01 X84.5025Y4.9157
G01 X84.6342Y4.8686
G01 X84.6613Y4.8609
G01 X84.7661Y4.8346
G01 X84.8094Y4.8260
G01 X84.9320Y4.8081
G01 X84.9601Y4.8058
G01 X85.0679Y4.8005
G01 X85.1121Y4.8005
G01 X85.2199Y4.8058
G01 X85.2480Y4.8081
G01 X85.3767Y4.8270
G01 X85.4139Y4.8346
G01 X85.5340Y4.8650
G01 X85.5609Y4.8737
G01 X85.6775Y4.9157
G01 X85.7034Y4.9269
G01 X85.8152Y4.9802
G01 X85.8399Y4.9939
G01 X85.9460Y5.0579
G01 X85.9692Y5.0739
G01 X86.0685Y5.1480
G01 X86.0900Y5.1663
G01 X86.1816Y5.2497
G01 X86.2012Y5.2700
G01 X86.2842Y5.3620
G01 X86.3018Y5.3841
G01 X86.3600Y5.4626
G01 X86.4182Y5.3841
G01 X86.4358Y5.3620
G01 X86.5188Y5.2700
G01 X86.5500Y5.2388
G01 X86.6300Y5.1663
G01 X86.6515Y5.1480
G01 X86.7508Y5.0739
G01 X86.7875Y5.0494
G01 X86.8940Y4.9860
G01 X86.9191Y4.9731
G01 X87.0166Y4.9269
G01 X87.0574Y4.9100
G01 X87.1591Y4.8737
G01 X87.1860Y4.8650
G01 X87.3061Y4.8346
G01 X87.3494Y4.8260
G01 X87.4562Y4.8102
G01 X87.4842Y4.8069
G01 X87.6079Y4.8005
G01 X87.6521Y4.8005
G01 X87.7758Y4.8069
G01 X87.8038Y4.8102
G01 X87.9264Y4.8287
G01 X87.9539Y4.8346
G01 X88.0740Y4.8650
G01 X88.1009Y4.8737
G01 X88.2175Y4.9157
G01 X88.2434Y4.9269
G01 X88.3409Y4.9731
G01 X88.3799Y4.9939
G01 X88.4777Y5.0526
G01 X88.5092Y5.0739
G01 X88.5959Y5.1382
G01 X88.6180Y5.1558
G01 X88.7100Y5.2388
G01 X88.7412Y5.2700
G01 X88.8137Y5.3500
G01 X88.8320Y5.3715
G01 X88.9061Y5.4708
G01 X88.9221Y5.4940
G01 X88.9861Y5.6001
G01 X88.9998Y5.6248
G01 X89.0531Y5.7366
G01 X89.0643Y5.7625
G01 X89.1063Y5.8791
G01 X89.1150Y5.9060
G01 X89.1454Y6.0261
G01 X89.1513Y6.0536
G01 X89.1698Y6.1762
G01 X89.1731Y6.2042
G01 X89.1799Y6.3439
G01 X89.1795Y6.3721
G01 X89.1731Y6.4958
G01 X89.1698Y6.5238
G01 X89.1513Y6.6464
G01 X89.1454Y6.6739
G01 X89.1150Y6.7940
G01 X89.1063Y6.8209
G01 X89.0643Y6.9375
G01 X89.0531Y6.9634
G01 X88.9998Y7.0752
G01 X88.9861Y7.0999
G01 X88.9221Y7.2060
G01 X88.9061Y7.2292
G01 X88.8320Y7.3285
G01 X88.8137Y7.3500
G01 X88.7303Y7.4416
G01 X88.7100Y7.4612
G01 X88.6180Y7.5442
G01 X88.5959Y7.5618
G01 X88.4962Y7.6353
G01 X88.4725Y7.6506
G01 X88.3660Y7.7140
G01 X88.3409Y7.7269
G01 X88.2288Y7.7796
G01 X88.2026Y7.7900
G01 X88.0858Y7.8314
G01 X88.0587Y7.8391
G01 X87.9384Y7.8689
G01 X87.9106Y7.8740
G01 X87.7880Y7.8919
G01 X87.7599Y7.8942
G01 X87.6361Y7.8999
G01 X87.6079Y7.8995
G01 X87.5001Y7.8942
G01 X87.4720Y7.8919
G01 X87.3494Y7.8740
G01 X87.3061Y7.8654
G01 X87.2013Y7.8391
G01 X87.1742Y7.8314
G01 X87.0574Y7.7900
G01 X87.0166Y7.7731
G01 X86.9048Y7.7198
G01 X86.8801Y7.7061
G01 X86.7875Y7.6506
G01 X86.7638Y7.6353
G01 X86.6641Y7.5618
G01 X86.6300Y7.5337
G01 X86.5455Y7.4571
G01 X86.5188Y7.4300
G01 X86.4358Y7.3380
G01 X86.4182Y7.3159
G01 X86.3600Y7.2374
G01 X86.3018Y7.3159
G01 X86.2842Y7.3380
G01 X86.2012Y7.4300
G01 X86.1745Y7.4571
G01 X86.0900Y7.5337
G01 X86.0559Y7.5618
G01 X85.9562Y7.6353
G01 X85.9325Y7.6506
G01 X85.8399Y7.7061
G01 X85.8152Y7.7198
G01 X85.7034Y7.7731
G01 X85.6775Y7.7843
G01 X85.5609Y7.8263
G01 X85.5187Y7.8391
G01 X85.4080Y7.8668
G01 X85.3706Y7.8740
G01 X85.2638Y7.8898
G01 X85.2358Y7.8931
G01 X85.1121Y7.8995
G01 X85.0679Y7.8995
G01 X84.9442Y7.8931
G01 X84.9162Y7.8898
G01 X84.8094Y7.8740
G01 X84.7661Y7.8654
G01 X84.6460Y7.8350
G01 X84.6191Y7.8263
G01 X84.5174Y7.7900
G01 X84.4766Y7.7731
G01 X84.3648Y7.7198
G01 X84.3401Y7.7061
G01 X84.2475Y7.6506
G01 X84.2238Y7.6353
G01 X84.1241Y7.5618
G01 X84.0900Y7.5337
G01 X84.0055Y7.4571
G01 X83.9788Y7.4300
G01 X83.8958Y7.3380
G01 X83.8782Y7.3159
G01 X83.8200Y7.2374
G01 X83.7618Y7.3159
G01 X83.7442Y7.3380
G01 X83.6612Y7.4300
G01 X83.6345Y7.4571
G01 X83.5500Y7.5337
G01 X83.5159Y7.5618
G01 X83.4162Y7.6353
G01 X83.3925Y7.6506
G01 X83.2999Y7.7061
G01 X83.2752Y7.7198
G01 X83.1634Y7.7731
G01 X83.1375Y7.7843
G01 X83.0209Y7.8263
G01 X82.9787Y7.8391
G01 X82.8680Y7.8668
G01 X82.8306Y7.8740
G01 X82.7238Y7.8898
G01 X82.6958Y7.8931
G01 X82.5721Y7.8995
G01 X82.5279Y7.8995
G01 X82.4042Y7.8931
G01 X82.3762Y7.8898
G01 X82.2694Y7.8740
G01 X82.2261Y7.8654
G01 X82.1060Y7.8350
G01 X82.0791Y7.8263
G01 X81.9774Y7.7900
G01 X81.9366Y7.7731
G01 X81.8248Y7.7198
G01 X81.8001Y7.7061
G01 X81.7075Y7.6506
G01 X81.6838Y7.6353
G01 X81.5841Y7.5618
G01 X81.5500Y7.5337
G01 X81.4655Y7.4571
G01 X81.4388Y7.4300
G01 X81.3558Y7.3380
G01 X81.3382Y7.3159
G01 X81.2800Y7.2374
G01 X81.2218Y7.3159
G01 X81.2042Y7.3380
G01 X81.1212Y7.4300
G01 X81.0945Y7.4571
G01 X81.0100Y7.5337
G01 X80.9759Y7.5618
G01 X80.8762Y7.6353
G01 X80.8525Y7.6506
G01 X80.7546Y7.7092
G01 X80.7209Y7.7269
G01 X80.6088Y7.7796
G01 X80.5826Y7.7900
G01 X80.4809Y7.8263
G01 X80.4540Y7.8350
G01 X80.3339Y7.8654
G01 X80.3064Y7.8713
G01 X80.1838Y7.8898
G01 X80.1399Y7.8942
G01 X80.0321Y7.8995
G01 X80.0039Y7.8999
G01 X79.8801Y7.8942
G01 X79.8422Y7.8907
G01 X79.7233Y7.8730
G01 X79.6861Y7.8654
G01 X79.5813Y7.8391
G01 X79.5542Y7.8314
G01 X79.4374Y7.7900
G01 X79.3966Y7.7731
G01 X79.2848Y7.7198
G01 X79.2601Y7.7061
G01 X79.1675Y7.6506
G01 X79.1308Y7.6261
G01 X79.0315Y7.5520
G01 X79.0100Y7.5337
G01 X78.9300Y7.4612
G01 X78.8988Y7.4300
G01 X78.8158Y7.3380
G01 X78.7982Y7.3159
G01 X78.7400Y7.2374
G01 X78.6818Y7.3159
G01 X78.6642Y7.3380
G01 X78.5812Y7.4300
G01 X78.5545Y7.4571
G01 X78.4700Y7.5337
G01 X78.4359Y7.5618
G01 X78.3362Y7.6353
G01 X78.3125Y7.6506
G01 X78.2146Y7.7092
G01 X78.1809Y7.7269
G01 X78.0688Y7.7796
G01 X78.0426Y7.7900
G01 X77.9258Y7.8314
G01 X77.8987Y7.8391
G01 X77.7939Y7.8654
G01 X77.7664Y7.8713
G01 X77.6438Y7.8898
G01 X77.6060Y7.8938
G01 X77.4859Y7.8997
G01 X77.4479Y7.8995
G01 X77.3401Y7.8942
G01 X77.3120Y7.8919
G01 X77.1833Y7.8730
G01 X77.1461Y7.8654
G01 X77.0413Y7.8391
G01 X77.0142Y7.8314
G01 X76.8974Y7.7900
G01 X76.8566Y7.7731
G01 X76.7591Y7.7269
G01 X76.7340Y7.7140
G01 X76.6275Y7.6506
G01 X76.5908Y7.6261
G01 X76.4915Y7.5520
G01 X76.4700Y7.5337
G01 X76.3900Y7.4612
G01 X76.3588Y7.4300
G01 X76.2758Y7.3380
G01 X76.2582Y7.3159
G01 X76.2000Y7.2374
G01 X76.1418Y7.3159
G01 X76.1242Y7.3380
G01 X76.0412Y7.4300
G01 X76.0145Y7.4571
G01 X75.9300Y7.5337
G01 X75.8959Y7.5618
G01 X75.7962Y7.6353
G01 X75.7725Y7.6506
G01 X75.6799Y7.7061
G01 X75.6409Y7.7269
G01 X75.5288Y7.7796
G01 X75.5026Y7.7900
G01 X75.3858Y7.8314
G01 X75.3587Y7.8391
G01 X75.2384Y7.8689
G01 X75.2106Y7.8740
G01 X75.0880Y7.8919
G01 X75.0599Y7.8942
G01 X74.9521Y7.8995
G01 X74.9079Y7.8995
G01 X74.7842Y7.8931
G01 X74.7562Y7.8898
G01 X74.6494Y7.8740
G01 X74.6061Y7.8654
G01 X74.5013Y7.8391
G01 X74.4742Y7.8314
G01 X74.3574Y7.7900
G01 X74.3166Y7.7731
G01 X74.2191Y7.7269
G01 X74.1940Y7.7140
G01 X74.0875Y7.6506
G01 X74.0508Y7.6261
G01 X73.9515Y7.5520
G01 X73.9300Y7.5337
G01 X73.8500Y7.4612
G01 X73.8188Y7.4300
G01 X73.7358Y7.3380
G01 X73.7182Y7.3159
G01 X73.6600Y7.2374
G01 X73.6018Y7.3159
G01 X73.5842Y7.3380
G01 X73.5012Y7.4300
G01 X73.4700Y7.4612
G01 X73.3900Y7.5337
G01 X73.3685Y7.5520
G01 X73.2562Y7.6353
G01 X73.2325Y7.6506
G01 X73.1399Y7.7061
G01 X73.1009Y7.7269
G01 X73.0034Y7.7731
G01 X72.9775Y7.7843
G01 X72.8458Y7.8314
G01 X72.8187Y7.8391
G01 X72.7139Y7.8654
G01 X72.6706Y7.8740
G01 X72.5480Y7.8919
G01 X72.5199Y7.8942
G01 X72.4121Y7.8995
G01 X72.3679Y7.8995
G01 X72.2601Y7.8942
G01 X72.2320Y7.8919
G01 X72.1033Y7.8730
G01 X72.0661Y7.8654
G01 X71.9460Y7.8350
G01 X71.9191Y7.8263
G01 X71.8025Y7.7843
G01 X71.7766Y7.7731
G01 X71.6648Y7.7198
G01 X71.6401Y7.7061
G01 X71.5340Y7.6421
G01 X71.5108Y7.6261
G01 X71.4115Y7.5520
G01 X71.3900Y7.5337
G01 X71.2984Y7.4503
G01 X71.2788Y7.4300
G01 X71.1958Y7.3380
G01 X71.1782Y7.3159
G01 X71.1200Y7.2374
G01 X71.0618Y7.3159
G01 X71.0442Y7.3380
G01 X70.9612Y7.4300
G01 X70.9300Y7.4612
G01 X70.8500Y7.5337
G01 X70.8285Y7.5520
G01 X70.7292Y7.6261
G01 X70.6925Y7.6506
G01 X70.5999Y7.7061
G01 X70.5752Y7.7198
G01 X70.4634Y7.7731
G01 X70.4226Y7.7900
G01 X70.3209Y7.8263
G01 X70.2940Y7.8350
G01 X70.1739Y7.8654
G01 X70.1306Y7.8740
G01 X70.0080Y7.8919
G01 X69.9799Y7.8942
G01 X69.8721Y7.8995
G01 X69.8279Y7.8995
G01 X69.7042Y7.8931
G01 X69.6762Y7.8898
G01 X69.5536Y7.8713
G01 X69.5261Y7.8654
G01 X69.4060Y7.8350
G01 X69.3791Y7.8263
G01 X69.2625Y7.7843
G01 X69.2366Y7.7731
G01 X69.1391Y7.7269
G01 X69.1001Y7.7061
G01 X68.9940Y7.6421
G01 X68.9708Y7.6261
G01 X68.8841Y7.5618
G01 X68.8546Y7.5378
G01 X68.7700Y7.4612
G01 X68.7388Y7.4300
G01 X68.6663Y7.3500
G01 X68.6480Y7.3285
G01 X68.5739Y7.2292
G01 X68.5579Y7.2060
G01 X68.4939Y7.0999
G01 X68.4802Y7.0752
G01 X68.4269Y6.9634
G01 X68.4157Y6.9375
G01 X68.3737Y6.8209
G01 X68.3650Y6.7941
G01 X68.3311Y6.6584
G01 X68.3260Y6.6306
G01 X68.3081Y6.5080
G01 X68.3058Y6.4799
G01 X68.3001Y6.3611
G00 Z20.0000
G00 X68.3005Y6.3702
G01 Z20.0000
G01 X65.9769Y5.7882
G01 X62.0272Y5.2023
G01 X58.0391Y5.0064
G01 X54.0511Y5.2023
G01 X50.1014Y5.7882
G01 X46.2282Y6.7584
G01 X42.4687Y8.1036
G01 X38.8592Y9.8107
G01 X36.3152Y11.3355
G00 Z20.0000
G00 X36.6446Y11.5748
G01 Z20.0000
G01 X39.0360Y10.1415
G01 X42.6122Y8.4500
G01 X46.3370Y7.1173
G01 X50.1746Y6.1560
G01 X54.0878Y5.5755
G01 X58.0391Y5.3814
G01 X61.9905Y5.5755
G01 X65.9037Y6.1560
G01 X68.3589Y6.7710
G00 Z20.0000
G00 X68.5586Y7.2071
G01 Z20.0000
G01 X65.8306Y6.5238
G01 X61.9537Y5.9487
G01 X58.0391Y5.7564
G01 X54.1246Y5.9487
G01 X50.2477Y6.5238
G01 X46.4459Y7.4761
G01 X42.7557Y8.7965
G01 X39.2127Y10.4722
G01 X38.0819Y11.1500
G01 X38.8104Y11.1500
G01 X39.3895Y10.8029
G01 X42.8992Y9.1429
G01 X46.5548Y7.8350
G01 X50.3209Y6.8916
G01 X54.1613Y6.3219
G01 X58.0391Y6.1314
G01 X61.9170Y6.3219
G01 X65.7574Y6.8916
G01 X69.1918Y7.7519
G00 Z20.0000
G00 X69.6774Y7.8900
G01 Z20.0000
G01 X73.1791Y9.1429
G01 X76.6888Y10.8029
G01 X80.0189Y12.7989
G01 X83.0426Y15.0414
G00 Z20.0000
G00 X82.3275Y14.9774
G01 Z20.0000
G01 X79.8106Y13.1107
G01 X76.5120Y11.1336
G01 X73.0356Y9.4894
G01 X69.4147Y8.1938
G01 X65.6843Y7.2594
G01 X61.8802Y6.6951
G01 X58.0391Y6.5064
G01 X54.1981Y6.6951
G01 X50.3940Y7.2594
G01 X46.6636Y8.1938
G01 X43.0427Y9.4894
G01 X39.5663Y11.1336
G01 X39.5223Y11.1600
G00 Z20.0000
G00 X40.0513Y11.3185
G01 Z20.0000
G01 X43.1862Y9.8358
G01 X46.7725Y8.5527
G01 X50.4672Y7.6272
G01 X54.2349Y7.0683
G01 X58.0391Y6.8814
G01 X61.8434Y7.0683
G01 X65.6111Y7.6272
G01 X69.3058Y8.5527
G01 X72.8921Y9.8358
G01 X76.3352Y11.4643
G01 X79.6022Y13.4225
G01 X81.8816Y15.1130
G00 Z20.0000
G00 X81.5457Y15.3302
G01 Z20.0000
G01 X79.3939Y13.7343
G01 X76.1585Y11.7951
G01 X72.7485Y10.1823
G01 X69.1970Y8.9115
G01 X65.5379Y7.9950
G01 X61.8067Y7.4415
G01 X58.0391Y7.2564
G01 X54.2716Y7.4415
G01 X50.5404Y7.9950
G01 X46.8813Y8.9115
G01 X43.3298Y10.1823
G01 X40.4046Y11.5658
G00 Z20.0000
G00 X40.6535Y11.8624
G01 Z20.0000
G01 X40.7674Y11.8085
G00 Z20.0000
G00 X40.7057Y13.5074
G01 Z20.0000
G01 X40.6525Y13.5393
G01 X40.9583Y13.7927
G01 X37.9345Y15.6051
G01 X35.0820Y17.7206
G01 X32.4507Y20.1055
G01 X30.0658Y22.7368
G01 X27.9503Y25.5892
G01 X26.1246Y28.6352
G01 X25.2683Y30.4458
G01 X25.7887Y30.2215
G01 X26.4553Y28.8120
G01 X28.2621Y25.7975
G01 X30.3557Y22.9747
G01 X32.7159Y20.3706
G01 X35.3199Y18.0105
G01 X38.1428Y15.9169
G01 X41.1573Y14.1101
G01 X41.3301Y14.0284
G00 Z20.0000
G00 X38.2564Y24.9534
G01 Z20.0000
G01 X37.7540Y25.4088
G01 X35.8634Y27.4948
G01 X34.1864Y29.7560
G01 X32.7390Y32.1707
G01 X31.5354Y34.7157
G01 X30.5869Y37.3664
G01 X29.9029Y40.0973
G01 X29.7012Y41.4569
G00 Z20.0000
G00 X29.3337Y41.3815
G01 Z20.0000
G01 X29.5351Y40.0241
G01 X30.2281Y37.2575
G01 X31.1889Y34.5722
G01 X32.4083Y31.9939
G01 X33.8746Y29.5476
G01 X35.5735Y27.2569
G01 X37.2991Y25.3529
G00 Z20.0000
G00 X36.7313Y25.4217
G01 Z20.0000
G01 X35.2837Y27.0190
G01 X33.5628Y29.3393
G01 X32.0776Y31.8172
G01 X30.8424Y34.4287
G01 X30.6915Y34.8505
G00 Z20.0000
G00 X30.4586Y34.3897
G01 Z20.0000
G01 X30.4960Y34.2852
G01 X31.7469Y31.6404
G01 X33.2510Y29.1310
G01 X34.9938Y26.7811
G01 X36.3059Y25.3333
G00 Z20.0000
G00 X35.9592Y25.1581
G01 Z20.0000
G01 X34.7039Y26.5432
G01 X32.9392Y28.9226
G01 X31.4162Y31.4636
G01 X30.1730Y34.0921
G00 Z20.0000
G00 X29.8513Y33.8962
G01 Z20.0000
G01 X31.0854Y31.2868
G01 X32.6274Y28.7143
G01 X34.4140Y26.3053
G01 X35.6778Y24.9109
G00 Z20.0000
G00 X35.4576Y24.5961
G01 Z20.0000
G01 X34.1241Y26.0674
G01 X32.3156Y28.5060
G01 X30.7547Y31.1101
G01 X29.4910Y33.7821
G00 Z20.0000
G00 X29.0922Y33.7612
G01 Z20.0000
G01 X29.1102Y33.7111
G01 X30.4240Y30.9333
G01 X32.0038Y28.2976
G01 X33.8343Y25.8295
G01 X35.3139Y24.1969
G00 Z20.0000
G00 X35.2801Y23.8870
G01 Z20.0000
G01 X35.2805Y23.8539
G01 X35.2869Y23.7302
G01 X35.2902Y23.7022
G01 X35.3087Y23.5796
G01 X35.3146Y23.5521
G01 X35.3450Y23.4320
G01 X35.3537Y23.4051
G01 X35.3957Y23.2885
G01 X35.4069Y23.2626
G01 X35.4602Y23.1508
G01 X35.4739Y23.1261
G01 X35.5379Y23.0200
G01 X35.5539Y22.9968
G01 X35.6280Y22.8975
G01 X35.6463Y22.8760
G01 X35.7297Y22.7844
G01 X35.7500Y22.7648
G01 X35.8420Y22.6818
G01 X35.8641Y22.6642
G01 X35.9638Y22.5907
G01 X35.9875Y22.5754
G01 X36.0940Y22.5120
G01 X36.1191Y22.4991
G01 X36.2312Y22.4464
G01 X36.2574Y22.4360
G01 X36.3742Y22.3946
G01 X36.4013Y22.3869
G01 X36.5216Y22.3571
G01 X36.5494Y22.3520
G01 X36.6720Y22.3341
G01 X36.7001Y22.3318
G01 X36.8239Y22.3261
G01 X36.8521Y22.3265
G01 X36.9599Y22.3318
G01 X36.9880Y22.3341
G01 X37.1106Y22.3520
G01 X37.1539Y22.3606
G01 X37.2587Y22.3869
G01 X37.2858Y22.3946
G01 X37.4026Y22.4360
G01 X37.4434Y22.4529
G01 X37.5552Y22.5062
G01 X37.5799Y22.5199
G01 X37.6725Y22.5754
G01 X37.6962Y22.5907
G01 X37.7959Y22.6642
G01 X37.8300Y22.6923
G01 X37.9145Y22.7689
G01 X37.9412Y22.7960
G01 X38.0242Y22.8880
G01 X38.0418Y22.9101
G01 X38.1000Y22.9886
G01 X38.1582Y22.9101
G01 X38.1758Y22.8880
G01 X38.2588Y22.7960
G01 X38.2784Y22.7757
G01 X38.3820Y22.6818
G01 X38.4041Y22.6642
G01 X38.4908Y22.5999
G01 X38.5275Y22.5754
G01 X38.6254Y22.5168
G01 X38.6591Y22.4991
G01 X38.7566Y22.4529
G01 X38.7825Y22.4417
G01 X38.8991Y22.3997
G01 X38.9260Y22.3910
G01 X39.0616Y22.3571
G01 X39.0894Y22.3520
G01 X39.1962Y22.3362
G01 X39.2401Y22.3318
G01 X39.3541Y22.3263
G01 X39.3921Y22.3265
G01 X39.4999Y22.3318
G01 X39.5280Y22.3341
G01 X39.6506Y22.3520
G01 X39.6784Y22.3571
G01 X39.8140Y22.3910
G01 X39.8409Y22.3997
G01 X39.9483Y22.4382
G01 X39.9834Y22.4529
G01 X40.0809Y22.4991
G01 X40.1199Y22.5199
G01 X40.2125Y22.5754
G01 X40.2362Y22.5907
G01 X40.3485Y22.6740
G01 X40.3700Y22.6923
G01 X40.4500Y22.7648
G01 X40.4812Y22.7960
G01 X40.5537Y22.8760
G01 X40.5720Y22.8975
G01 X40.6553Y23.0098
G01 X40.6706Y23.0335
G01 X40.7261Y23.1261
G01 X40.7469Y23.1651
G01 X40.7931Y23.2626
G01 X40.8043Y23.2885
G01 X40.8514Y23.4202
G01 X40.8591Y23.4473
G01 X40.8854Y23.5521
G01 X40.8940Y23.5954
G01 X40.9098Y23.7022
G01 X40.9131Y23.7302
G01 X40.9199Y23.8699
G01 X40.9195Y23.8981
G01 X40.9131Y24.0218
G01 X40.9098Y24.0498
G01 X40.8913Y24.1724
G01 X40.8854Y24.1999
G01 X40.8550Y24.3200
G01 X40.8463Y24.3469
G01 X40.8043Y24.4635
G01 X40.7931Y24.4894
G01 X40.7398Y24.6012
G01 X40.7261Y24.6259
G01 X40.6621Y24.7320
G01 X40.6461Y24.7552
G01 X40.5720Y24.8545
G01 X40.5537Y24.8760
G01 X40.4703Y24.9676
G01 X40.4500Y24.9872
G01 X40.3580Y25.0702
G01 X40.3359Y25.0878
G01 X40.2362Y25.1613
G01 X40.2125Y25.1766
G01 X40.1060Y25.2400
G01 X40.0809Y25.2529
G01 X39.9688Y25.3056
G01 X39.9426Y25.3160
G01 X39.8258Y25.3574
G01 X39.7987Y25.3651
G01 X39.6784Y25.3949
G01 X39.6506Y25.4000
G01 X39.5280Y25.4179
G01 X39.4999Y25.4202
G01 X39.3761Y25.4259
G01 X39.3479Y25.4255
G01 X39.2401Y25.4202
G01 X39.2120Y25.4179
G01 X39.0894Y25.4000
G01 X39.0461Y25.3914
G01 X38.9413Y25.3651
G01 X38.9142Y25.3574
G01 X38.7974Y25.3160
G01 X38.7566Y25.2991
G01 X38.6448Y25.2458
G01 X38.6201Y25.2321
G01 X38.5275Y25.1766
G01 X38.5038Y25.1613
G01 X38.4041Y25.0878
G01 X38.3700Y25.0597
G01 X38.2855Y24.9831
G01 X38.2588Y24.9560
G01 X38.1758Y24.8640
G01 X38.1582Y24.8419
G01 X38.1000Y24.7634
G01 X38.0418Y24.8419
G01 X38.0242Y24.8640
G01 X37.9412Y24.9560
G01 X37.9216Y24.9763
G01 X37.8180Y25.0702
G01 X37.7959Y25.0878
G01 X37.7092Y25.1521
G01 X37.6725Y25.1766
G01 X37.5746Y25.2352
G01 X37.5409Y25.2529
G01 X37.4434Y25.2991
G01 X37.4175Y25.3103
G01 X37.3009Y25.3523
G01 X37.2740Y25.3610
G01 X37.1384Y25.3949
G01 X37.1106Y25.4000
G01 X37.0038Y25.4158
G01 X36.9599Y25.4202
G01 X36.8459Y25.4257
G01 X36.8079Y25.4255
G01 X36.7001Y25.4202
G01 X36.6720Y25.4179
G01 X36.5494Y25.4000
G01 X36.5216Y25.3949
G01 X36.3860Y25.3610
G01 X36.3591Y25.3523
G01 X36.2517Y25.3138
G01 X36.2166Y25.2991
G01 X36.1191Y25.2529
G01 X36.0801Y25.2321
G01 X35.9875Y25.1766
G01 X35.9638Y25.1613
G01 X35.8515Y25.0780
G01 X35.8300Y25.0597
G01 X35.7500Y24.9872
G01 X35.7188Y24.9560
G01 X35.6463Y24.8760
G01 X35.6280Y24.8545
G01 X35.5447Y24.7422
G01 X35.5294Y24.7185
G01 X35.4739Y24.6259
G01 X35.4531Y24.5869
G01 X35.4069Y24.4894
G01 X35.3957Y24.4635
G01 X35.3486Y24.3318
G01 X35.3409Y24.3047
G01 X35.3146Y24.1999
G01 X35.3060Y24.1566
G01 X35.2902Y24.0498
G01 X35.2869Y24.0218
G01 X35.2801Y23.8870
G00 Z20.0000
G00 X35.2967Y23.6582
G01 Z20.0000
G01 X33.5444Y25.5916
G01 X31.6920Y28.0893
G01 X30.0933Y30.7565
G01 X28.7637Y33.5676
G01 X28.6598Y33.8580
G01 X26.9720Y33.0162
G01 X26.7069Y33.7573
G00 Z20.0000
G00 X26.2923Y33.8041
G01 Z20.0000
G01 X26.5652Y33.0414
G00 Z20.0000
G00 X27.7413Y36.4252
G01 Z20.0000
G01 X27.7161Y36.4955
G01 X26.9605Y39.5120
G01 X26.6840Y41.3763
G00 Z20.0000
G00 X27.0552Y41.4260
G01 Z20.0000
G01 X27.3283Y39.5851
G01 X28.0750Y36.6044
G01 X28.1390Y36.4254
G00 Z20.0000
G00 X28.4535Y36.6581
G01 Z20.0000
G01 X28.4338Y36.7132
G01 X27.6961Y39.6583
G01 X27.4131Y41.5660
G00 Z20.0000
G00 X27.7543Y41.8187
G01 Z20.0000
G01 X28.0639Y39.7315
G01 X28.7927Y36.8221
G01 X28.8006Y36.8000
G00 Z20.0000
G00 X29.1787Y36.8550
G01 Z20.0000
G01 X29.1515Y36.9309
G01 X28.4317Y39.8046
G01 X28.1341Y41.8111
G00 Z20.0000
G00 X28.5555Y41.5224
G01 Z20.0000
G01 X28.7995Y39.8778
G01 X29.5104Y37.0398
G01 X29.5939Y36.8064
G00 Z20.0000
G00 X30.0663Y36.5979
G01 Z20.0000
G01 X29.8692Y37.1487
G01 X29.1673Y39.9509
G01 X28.9525Y41.3986
G00 Z20.0000
G00 X30.0546Y41.6267
G01 Z20.0000
G01 X30.2707Y40.1704
G01 X30.9458Y37.4752
G01 X31.5486Y35.7906
G00 Z20.0000
G00 X31.4701Y35.3170
G01 Z20.0000
G01 X31.4705Y35.2839
G01 X31.4769Y35.1602
G01 X31.4802Y35.1322
G01 X31.4987Y35.0096
G01 X31.5046Y34.9821
G01 X31.5350Y34.8619
G01 X31.5437Y34.8351
G01 X31.5857Y34.7185
G01 X31.5969Y34.6926
G01 X31.6502Y34.5808
G01 X31.6639Y34.5561
G01 X31.7279Y34.4500
G01 X31.7439Y34.4268
G01 X31.8180Y34.3275
G01 X31.8363Y34.3060
G01 X31.9197Y34.2144
G01 X31.9400Y34.1948
G01 X32.0320Y34.1118
G01 X32.0541Y34.0942
G01 X32.1538Y34.0207
G01 X32.1775Y34.0054
G01 X32.2840Y33.9420
G01 X32.3091Y33.9291
G01 X32.4212Y33.8764
G01 X32.4474Y33.8660
G01 X32.5642Y33.8246
G01 X32.5913Y33.8169
G01 X32.7116Y33.7871
G01 X32.7394Y33.7820
G01 X32.8620Y33.7641
G01 X32.8901Y33.7618
G01 X33.0139Y33.7561
G01 X33.0421Y33.7565
G01 X33.1499Y33.7618
G01 X33.1780Y33.7641
G01 X33.3006Y33.7820
G01 X33.3439Y33.7906
G01 X33.4487Y33.8169
G01 X33.4758Y33.8246
G01 X33.5926Y33.8660
G01 X33.6334Y33.8829
G01 X33.7452Y33.9362
G01 X33.7699Y33.9499
G01 X33.8625Y34.0054
G01 X33.8862Y34.0207
G01 X33.9859Y34.0942
G01 X34.0200Y34.1223
G01 X34.1045Y34.1989
G01 X34.1312Y34.2260
G01 X34.2142Y34.3180
G01 X34.2318Y34.3401
G01 X34.2900Y34.4186
G01 X34.3482Y34.3401
G01 X34.3658Y34.3180
G01 X34.4488Y34.2260
G01 X34.4684Y34.2057
G01 X34.5720Y34.1118
G01 X34.5941Y34.0942
G01 X34.6808Y34.0299
G01 X34.7123Y34.0086
G01 X34.8101Y33.9499
G01 X34.8491Y33.9291
G01 X34.9466Y33.8829
G01 X34.9725Y33.8717
G01 X35.0891Y33.8297
G01 X35.1160Y33.8210
G01 X35.2516Y33.7871
G01 X35.2794Y33.7820
G01 X35.3862Y33.7662
G01 X35.4240Y33.7622
G01 X35.5379Y33.7565
G01 X35.5821Y33.7565
G01 X35.6899Y33.7618
G01 X35.7180Y33.7641
G01 X35.8406Y33.7820
G01 X35.8684Y33.7871
G01 X36.0040Y33.8210
G01 X36.0309Y33.8297
G01 X36.1383Y33.8682
G01 X36.1734Y33.8829
G01 X36.2709Y33.9291
G01 X36.3099Y33.9499
G01 X36.4025Y34.0054
G01 X36.4262Y34.0207
G01 X36.5385Y34.1040
G01 X36.5600Y34.1223
G01 X36.6400Y34.1948
G01 X36.6712Y34.2260
G01 X36.7437Y34.3060
G01 X36.7620Y34.3275
G01 X36.8453Y34.4398
G01 X36.8606Y34.4635
G01 X36.9161Y34.5561
G01 X36.9369Y34.5951
G01 X36.9831Y34.6926
G01 X36.9943Y34.7185
G01 X37.0414Y34.8502
G01 X37.0491Y34.8773
G01 X37.0754Y34.9821
G01 X37.0840Y35.0254
G01 X37.0998Y35.1322
G01 X37.1031Y35.1602
G01 X37.1099Y35.2999
G01 X37.1095Y35.3281
G01 X37.1031Y35.4518
G01 X37.0998Y35.4798
G01 X37.0813Y35.6024
G01 X37.0754Y35.6299
G01 X37.0450Y35.7500
G01 X37.0363Y35.7769
G01 X36.9943Y35.8935
G01 X36.9831Y35.9194
G01 X36.9298Y36.0312
G01 X36.9161Y36.0559
G01 X36.8521Y36.1620
G01 X36.8361Y36.1852
G01 X36.7620Y36.2845
G01 X36.7437Y36.3060
G01 X36.6603Y36.3976
G01 X36.6400Y36.4172
G01 X36.5480Y36.5002
G01 X36.5259Y36.5178
G01 X36.4262Y36.5913
G01 X36.4025Y36.6066
G01 X36.2960Y36.6700
G01 X36.2709Y36.6829
G01 X36.1588Y36.7356
G01 X36.1326Y36.7460
G01 X36.0158Y36.7874
G01 X35.9887Y36.7951
G01 X35.8684Y36.8249
G01 X35.8406Y36.8300
G01 X35.7180Y36.8479
G01 X35.6899Y36.8502
G01 X35.5661Y36.8559
G01 X35.5379Y36.8555
G01 X35.4301Y36.8502
G01 X35.4020Y36.8479
G01 X35.2794Y36.8300
G01 X35.2361Y36.8214
G01 X35.1313Y36.7951
G01 X35.1042Y36.7874
G01 X34.9874Y36.7460
G01 X34.9466Y36.7291
G01 X34.8348Y36.6758
G01 X34.8101Y36.6621
G01 X34.7175Y36.6066
G01 X34.6938Y36.5913
G01 X34.5941Y36.5178
G01 X34.5600Y36.4897
G01 X34.4755Y36.4131
G01 X34.4488Y36.3860
G01 X34.3658Y36.2940
G01 X34.3482Y36.2719
G01 X34.2900Y36.1934
G01 X34.2318Y36.2719
G01 X34.2142Y36.2940
G01 X34.1312Y36.3860
G01 X34.1116Y36.4063
G01 X34.0080Y36.5002
G01 X33.9859Y36.5178
G01 X33.8992Y36.5821
G01 X33.8677Y36.6034
G01 X33.7699Y36.6621
G01 X33.7309Y36.6829
G01 X33.6334Y36.7291
G01 X33.6075Y36.7403
G01 X33.4909Y36.7823
G01 X33.4640Y36.7910
G01 X33.3284Y36.8249
G01 X33.3006Y36.8300
G01 X33.1938Y36.8458
G01 X33.1499Y36.8502
G01 X33.0359Y36.8557
G01 X32.9979Y36.8555
G01 X32.8901Y36.8502
G01 X32.8620Y36.8479
G01 X32.7394Y36.8300
G01 X32.7116Y36.8249
G01 X32.5760Y36.7910
G01 X32.5491Y36.7823
G01 X32.4417Y36.7438
G01 X32.4066Y36.7291
G01 X32.3091Y36.6829
G01 X32.2701Y36.6621
G01 X32.1775Y36.6066
G01 X32.1538Y36.5913
G01 X32.0415Y36.5080
G01 X32.0200Y36.4897
G01 X31.9400Y36.4172
G01 X31.9088Y36.3860
G01 X31.8363Y36.3060
G01 X31.8180Y36.2845
G01 X31.7347Y36.1722
G01 X31.7194Y36.1485
G01 X31.6639Y36.0559
G01 X31.6431Y36.0169
G01 X31.5969Y35.9194
G01 X31.5857Y35.8935
G01 X31.5386Y35.7618
G01 X31.5309Y35.7347
G01 X31.5046Y35.6299
G01 X31.4960Y35.5866
G01 X31.4802Y35.4798
G01 X31.4769Y35.4518
G01 X31.4701Y35.3170
G00 Z20.0000
G00 X31.7852Y36.2409
G01 Z20.0000
G01 X31.3046Y37.5841
G01 X30.6385Y40.2436
G01 X30.3896Y41.9214
G00 Z20.0000
G00 X30.6882Y42.4606
G01 Z20.0000
G01 X31.0063Y40.3167
G01 X31.6635Y37.6929
G01 X32.0777Y36.5353
G00 Z20.0000
G00 X33.1586Y36.8496
G01 Z20.0000
G01 X32.7400Y38.0195
G01 X32.1096Y40.5362
G01 X31.9166Y41.8376
G00 Z20.0000
G00 X32.3402Y41.5344
G01 Z20.0000
G01 X32.4774Y40.6094
G01 X33.0989Y38.1284
G01 X33.5937Y36.7455
G00 Z20.0000
G00 X34.1135Y36.4044
G01 Z20.0000
G01 X33.4577Y38.2372
G01 X32.8452Y40.6825
G01 X32.7385Y41.4022
G00 Z20.0000
G00 X33.1204Y41.3804
G01 Z20.0000
G01 X33.2130Y40.7557
G01 X33.8166Y38.3461
G01 X34.5002Y36.4356
G00 Z20.0000
G00 X34.8158Y36.6654
G01 Z20.0000
G01 X34.1754Y38.4549
G01 X33.5808Y40.8288
G01 X33.4888Y41.4490
G00 Z20.0000
G00 X33.8430Y41.6138
G01 Z20.0000
G01 X33.9486Y40.9020
G01 X34.5343Y38.5638
G01 X35.1642Y36.8034
G00 Z20.0000
G00 X35.5433Y36.8557
G01 Z20.0000
G01 X34.8932Y38.6726
G01 X34.3164Y40.9752
G01 X34.1794Y41.8991
G01 X34.5843Y41.7218
G01 X34.6842Y41.0483
G01 X35.2520Y38.7815
G01 X35.9602Y36.8023
G00 Z20.0000
G00 X36.4608Y36.5660
G01 Z20.0000
G01 X36.3857Y36.7248
G01 X35.6109Y38.8904
G01 X35.0520Y41.1215
G01 X34.9985Y41.4821
G00 Z20.0000
G00 X35.3915Y41.3854
G01 Z20.0000
G01 X35.4198Y41.1946
G01 X35.9697Y38.9992
G01 X36.7322Y36.8683
G01 X37.6998Y34.8223
G01 X38.8246Y32.9457
G00 Z20.0000
G00 X39.2133Y33.0380
G01 Z20.0000
G01 X39.1752Y33.0894
G01 X38.6770Y33.9206
G00 Z20.0000
G00 X39.2071Y33.7647
G01 Z20.0000
G01 X39.4870Y33.2977
G01 X39.7006Y33.0097
G01 X39.6348Y33.7797
G01 X39.7988Y33.5061
G01 X40.5215Y32.5316
G00 Z20.0000
G00 X40.6952Y32.2974
G01 Z20.0000
G01 X41.0812Y31.7769
G01 X42.5270Y30.1818
G01 X44.1221Y28.7360
G01 X45.8513Y27.4535
G01 X47.6979Y26.3468
G01 X49.6440Y25.4263
G01 X51.6710Y24.7010
G01 X53.7594Y24.1779
G01 X55.8889Y23.8620
G01 X58.0391Y23.7564
G01 X60.1894Y23.8620
G01 X62.3189Y24.1779
G01 X64.4073Y24.7010
G01 X66.4343Y25.4263
G01 X68.3804Y26.3468
G01 X70.2270Y27.4535
G01 X71.9562Y28.7360
G01 X73.5513Y30.1818
G01 X74.7314Y31.4838
G00 Z20.0000
G00 X74.3250Y31.5931
G01 Z20.0000
G01 X73.2861Y30.4469
G01 X71.7183Y29.0259
G01 X70.0186Y27.7653
G01 X68.2036Y26.6775
G01 X66.2908Y25.7728
G01 X64.2984Y25.0599
G01 X62.2458Y24.5457
G01 X60.1526Y24.2352
G01 X58.0391Y24.1314
G01 X55.9257Y24.2352
G01 X53.8325Y24.5457
G01 X51.7799Y25.0599
G01 X49.7875Y25.7728
G01 X47.8747Y26.6775
G01 X46.0597Y27.7653
G01 X44.3600Y29.0259
G01 X42.7922Y30.4469
G01 X41.3711Y32.0148
G01 X40.1106Y33.7144
G01 X40.0038Y33.8926
G00 Z20.0000
G00 X40.3246Y34.0859
G01 Z20.0000
G01 X40.4224Y33.9228
G01 X41.6610Y32.2527
G01 X43.0573Y30.7121
G01 X44.5979Y29.3157
G01 X46.2680Y28.0771
G01 X48.0514Y27.0082
G01 X49.9310Y26.1192
G01 X51.8887Y25.4187
G01 X53.9057Y24.9135
G01 X55.9624Y24.6084
G01 X58.0391Y24.5064
G01 X60.1159Y24.6084
G01 X62.1726Y24.9135
G01 X64.1896Y25.4187
G01 X66.1473Y26.1192
G01 X68.0269Y27.0082
G01 X69.8103Y28.0771
G01 X71.4804Y29.3157
G01 X73.0210Y30.7121
G01 X73.9942Y31.7859
G00 Z20.0000
G00 X73.7245Y32.0460
G01 Z20.0000
G01 X72.7558Y30.9772
G01 X71.2425Y29.6056
G01 X69.6020Y28.3889
G01 X67.8501Y27.3389
G01 X66.0037Y26.4657
G01 X64.0807Y25.7776
G01 X62.0995Y25.2813
G01 X60.0791Y24.9816
G01 X58.0391Y24.8814
G01 X55.9992Y24.9816
G01 X53.9788Y25.2813
G01 X51.9976Y25.7776
G01 X50.0746Y26.4657
G01 X48.2282Y27.3389
G01 X46.4763Y28.3889
G01 X44.8358Y29.6056
G01 X43.3225Y30.9772
G01 X41.9509Y32.4906
G01 X40.7342Y34.1311
G01 X40.5968Y34.3604
G00 Z20.0000
G00 X41.4186Y33.8370
G01 Z20.0000
G01 X42.2407Y32.7285
G01 X43.5877Y31.2424
G01 X45.0737Y29.8955
G01 X46.6847Y28.7007
G01 X48.4050Y27.6696
G01 X50.2181Y26.8121
G01 X52.1065Y26.1364
G01 X54.0520Y25.6491
G01 X56.0359Y25.3548
G01 X58.0391Y25.2564
G01 X60.0424Y25.3548
G01 X62.0263Y25.6491
G01 X63.9718Y26.1364
G01 X65.8602Y26.8121
G01 X67.6733Y27.6696
G01 X69.3936Y28.7007
G01 X71.0046Y29.8955
G01 X72.4906Y31.2424
G01 X72.7325Y31.5093
G00 Z20.0000
G00 X72.1982Y31.4828
G01 Z20.0000
G01 X70.7667Y30.1854
G01 X69.1853Y29.0125
G01 X67.4965Y28.0004
G01 X65.7167Y27.1586
G01 X63.8630Y26.4953
G01 X61.9531Y26.0169
G01 X60.0056Y25.7280
G01 X58.0391Y25.6314
G01 X56.0727Y25.7280
G01 X54.1251Y26.0169
G01 X52.2153Y26.4953
G01 X50.3616Y27.1586
G01 X48.5818Y28.0004
G01 X46.8930Y29.0125
G01 X45.3116Y30.1854
G01 X43.8528Y31.5076
G01 X42.5306Y32.9664
G01 X41.9442Y33.7571
G00 Z20.0000
G00 X42.3614Y33.8233
G01 Z20.0000
G01 X42.8205Y33.2043
G01 X44.1180Y31.7727
G01 X45.5495Y30.4753
G01 X47.1014Y29.3243
G01 X48.7585Y28.3311
G01 X50.5051Y27.5050
G01 X52.3242Y26.8541
G01 X54.1983Y26.3847
G01 X56.1094Y26.1012
G01 X58.0391Y26.0064
G01 X59.9689Y26.1012
G01 X61.8800Y26.3847
G01 X63.7541Y26.8541
G01 X65.5732Y27.5050
G01 X67.3198Y28.3311
G01 X68.9769Y29.3243
G01 X70.5288Y30.4753
G01 X71.7699Y31.6001
G00 Z20.0000
G00 X71.4338Y31.8010
G01 Z20.0000
G01 X70.2909Y30.7651
G01 X68.7686Y29.6362
G01 X67.1430Y28.6618
G01 X65.4297Y27.8515
G01 X63.6453Y27.2130
G01 X61.8068Y26.7525
G01 X59.9321Y26.4744
G01 X58.0391Y26.3814
G01 X56.1462Y26.4744
G01 X54.2715Y26.7525
G01 X52.4330Y27.2130
G01 X50.6486Y27.8515
G01 X48.9353Y28.6618
G01 X47.3097Y29.6362
G01 X45.7874Y30.7651
G01 X44.3831Y32.0379
G01 X43.1104Y33.4422
G01 X42.7111Y33.9806
G00 Z20.0000
G00 X43.0067Y34.2108
G01 Z20.0000
G01 X43.4003Y33.6801
G01 X44.6483Y32.3031
G01 X46.0253Y31.0550
G01 X47.5180Y29.9480
G01 X49.1121Y28.9925
G01 X50.7921Y28.1979
G01 X52.5419Y27.5718
G01 X54.3446Y27.1203
G01 X56.1829Y26.8476
G01 X58.0391Y26.7564
G01 X59.8953Y26.8476
G01 X61.7337Y27.1203
G01 X63.5364Y27.5718
G01 X65.2862Y28.1979
G01 X66.9662Y28.9925
G01 X68.5603Y29.9480
G01 X70.0530Y31.0550
G01 X71.1690Y32.0665
G00 Z20.0000
G00 X69.9584Y31.4748
G01 Z20.0000
G01 X69.8151Y31.3449
G01 X68.3519Y30.2598
G01 X66.7895Y29.3232
G01 X65.1427Y28.5444
G01 X63.4276Y27.9307
G01 X61.6605Y27.4881
G01 X59.8586Y27.2208
G01 X58.0391Y27.1314
G01 X56.2197Y27.2208
G01 X54.4178Y27.4881
G01 X52.6507Y27.9307
G01 X50.9356Y28.5444
G01 X49.2888Y29.3232
G01 X47.7264Y30.2598
G01 X46.2632Y31.3449
G01 X44.9135Y32.5682
G01 X43.6901Y33.9180
G01 X43.2441Y34.5194
G00 Z20.0000
G00 X43.4107Y34.9235
G01 Z20.0000
G01 X43.9800Y34.1559
G01 X45.1786Y32.8334
G01 X46.1157Y31.9841
G00 Z20.0000
G00 X46.1985Y31.9091
G01 Z20.0000
G01 X46.5011Y31.6348
G01 X47.9347Y30.5716
G01 X49.4656Y29.6540
G01 X51.0791Y28.8908
G01 X52.7596Y28.2896
G01 X54.4909Y27.8559
G01 X56.2565Y27.5940
G01 X58.0391Y27.5064
G01 X59.8218Y27.5940
G01 X61.5874Y27.8559
G01 X63.3187Y28.2896
G01 X64.9992Y28.8908
G01 X66.6127Y29.6540
G01 X68.1436Y30.5716
G01 X69.4331Y31.5279
G00 Z20.0000
G00 X69.0379Y31.7012
G01 Z20.0000
G01 X67.9352Y30.8834
G01 X66.4359Y29.9847
G01 X64.8557Y29.2373
G01 X63.2098Y28.6484
G01 X61.5142Y28.2237
G01 X59.7851Y27.9672
G01 X58.0391Y27.8814
G01 X56.2932Y27.9672
G01 X54.5641Y28.2237
G01 X52.8685Y28.6484
G01 X51.2226Y29.2373
G01 X49.6424Y29.9847
G01 X48.1431Y30.8834
G01 X47.2125Y31.5735
G00 Z20.0000
G00 X47.6926Y31.6837
G01 Z20.0000
G01 X48.3514Y31.1952
G01 X49.8192Y30.3154
G01 X51.3661Y29.5838
G01 X52.9773Y29.0073
G01 X54.6373Y28.5915
G01 X56.3300Y28.3404
G01 X58.0391Y28.2564
G01 X59.7483Y28.3404
G01 X61.4410Y28.5915
G01 X63.1010Y29.0073
G01 X64.7122Y29.5838
G01 X66.2591Y30.3154
G01 X67.7269Y31.1952
G01 X68.7357Y31.9433
G00 Z20.0000
G00 X67.4711Y31.4785
G01 Z20.0000
G01 X66.0824Y30.6461
G01 X64.5687Y29.9302
G01 X62.9921Y29.3661
G01 X61.3679Y28.9593
G01 X59.7116Y28.7136
G01 X58.0391Y28.6314
G01 X56.3667Y28.7136
G01 X54.7104Y28.9593
G01 X53.0862Y29.3661
G01 X51.5096Y29.9302
G01 X49.9959Y30.6461
G01 X48.5597Y31.5070
G01 X48.0407Y31.8919
G00 Z20.0000
G00 X48.3002Y32.1658
G01 Z20.0000
G01 X48.4488Y32.0555
G00 Z20.0000
G00 X49.0366Y31.6578
G01 Z20.0000
G01 X50.1727Y30.9768
G01 X51.6531Y30.2767
G01 X53.1950Y29.7250
G01 X54.7836Y29.3271
G01 X56.4035Y29.0868
G01 X58.0391Y29.0064
G01 X59.6748Y29.0868
G01 X61.2947Y29.3271
G01 X62.8833Y29.7250
G01 X64.4252Y30.2767
G01 X65.9056Y30.9768
G01 X66.8469Y31.5410
G00 Z20.0000
G00 X66.4427Y31.7355
G01 Z20.0000
G01 X65.7288Y31.3076
G01 X64.2817Y30.6231
G01 X62.7744Y30.0838
G01 X61.2216Y29.6948
G01 X59.6381Y29.4600
G01 X58.0391Y29.3814
G01 X56.4402Y29.4600
G01 X54.8567Y29.6948
G01 X53.3039Y30.0838
G01 X51.7966Y30.6231
G01 X50.3495Y31.3076
G01 X49.8504Y31.6067
G00 Z20.0000
G00 X50.2846Y31.7832
G01 Z20.0000
G01 X50.5263Y31.6383
G01 X51.9401Y30.9696
G01 X53.4127Y30.4427
G01 X54.9299Y30.0626
G01 X56.4770Y29.8332
G01 X58.0391Y29.7564
G01 X59.6013Y29.8332
G01 X61.1484Y30.0626
G01 X62.6656Y30.4427
G01 X64.1382Y30.9696
G01 X65.5520Y31.6383
G01 X66.1483Y31.9957
G00 Z20.0000
G00 X64.4116Y31.5132
G01 Z20.0000
G01 X63.9947Y31.3160
G01 X62.5567Y30.8015
G01 X61.0752Y30.4304
G01 X59.5645Y30.2063
G01 X58.0391Y30.1314
G01 X56.5138Y30.2063
G01 X55.0031Y30.4304
G01 X53.5216Y30.8015
G01 X52.0836Y31.3160
G01 X50.7030Y31.9690
G01 X50.5927Y32.0351
G00 Z20.0000
G00 X52.3861Y31.6056
G01 Z20.0000
G01 X53.6305Y31.1604
G01 X55.0762Y30.7982
G01 X56.5505Y30.5795
G01 X58.0391Y30.5064
G01 X59.5278Y30.5795
G01 X61.0021Y30.7982
G01 X62.4478Y31.1604
G01 X63.8512Y31.6625
G01 X63.9469Y31.7078
G00 Z20.0000
G00 X63.6235Y31.9788
G01 Z20.0000
G01 X63.2333Y31.8392
G00 Z20.0000
G00 X62.1550Y31.4731
G01 Z20.0000
G01 X60.9289Y31.1660
G01 X59.4910Y30.9527
G01 X58.0391Y30.8814
G01 X56.5873Y30.9527
G01 X55.1494Y31.1660
G01 X53.7393Y31.5192
G01 X52.8888Y31.8236
G00 Z20.0000
G00 X53.1990Y32.1104
G01 Z20.0000
G01 X53.6241Y31.9583
G00 Z20.0000
G00 X54.9310Y31.6068
G01 Z20.0000
G01 X55.2225Y31.5338
G01 X56.6240Y31.3259
G01 X58.0391Y31.2564
G01 X59.4543Y31.3259
G01 X60.8558Y31.5338
G01 X61.4492Y31.6825
G00 Z20.0000
G00 X61.0849Y31.9773
G01 Z20.0000
G01 X60.7826Y31.9016
G01 X60.7581Y31.8980
G00 Z20.0000
G00 X58.9220Y31.6748
G01 Z20.0000
G01 X58.0391Y31.6314
G01 X57.8553Y31.6404
G00 Z20.0000
G00 X58.3346Y32.0209
G01 Z20.0000
G01 X58.4984Y32.0290
G00 Z20.0000
G00 X56.2488Y31.7602
G01 Z20.0000
G01 X55.4944Y31.8721
G00 Z20.0000
G00 X55.8085Y32.2042
G01 Z20.0000
G01 X55.8359Y32.2001
G00 Z20.0000
G00 X60.7926Y35.3792
G01 Z20.0000
G01 X61.1416Y35.4666
G01 X61.2868Y35.5186
G00 Z20.0000
G00 X61.2266Y45.6939
G01 Z20.0000
G01 X61.2113Y45.3815
G01 X61.1654Y45.0721
G01 X61.0894Y44.7686
G01 X60.9840Y44.4741
G01 X60.8503Y44.1913
G01 X60.6895Y43.9230
G01 X60.5031Y43.6718
G01 X60.2931Y43.4400
G01 X60.0613Y43.2299
G01 X59.8100Y43.0436
G01 X59.5417Y42.8828
G01 X59.2590Y42.7490
G01 X58.9644Y42.6437
G01 X58.6610Y42.5677
G01 X58.3516Y42.5218
G01 X58.0391Y42.5064
G01 X57.7267Y42.5218
G01 X57.4173Y42.5677
G01 X57.1139Y42.6437
G01 X56.8193Y42.7490
G01 X56.5366Y42.8828
G01 X56.2683Y43.0436
G01 X56.0170Y43.2299
G01 X55.7852Y43.4400
G01 X55.5752Y43.6718
G01 X55.3888Y43.9230
G01 X55.2280Y44.1913
G01 X55.0943Y44.4741
G01 X54.9889Y44.7686
G01 X54.9129Y45.0721
G01 X54.8670Y45.3815
G01 X54.8516Y45.6939
G01 X54.8670Y46.0063
G01 X54.9129Y46.3158
G01 X54.9889Y46.6192
G01 X55.0943Y46.9137
G01 X55.2280Y47.1965
G01 X55.3888Y47.4648
G01 X55.5752Y47.7160
G01 X55.7852Y47.9478
G01 X56.0170Y48.1579
G01 X56.2683Y48.3442
G01 X56.5366Y48.5050
G01 X56.8193Y48.6388
G01 X57.1139Y48.7442
G01 X57.4173Y48.8202
G01 X57.7267Y48.8661
G01 X58.0391Y48.8814
G01 X58.3516Y48.8661
G01 X58.6610Y48.8202
G01 X58.9644Y48.7442
G01 X59.2590Y48.6388
G01 X59.5417Y48.5050
G01 X59.8100Y48.3442
G01 X60.0613Y48.1579
G01 X60.2931Y47.9478
G01 X60.5031Y47.7160
G01 X60.6895Y47.4648
G01 X60.8503Y47.1965
G01 X60.9840Y46.9137
G01 X61.0894Y46.6192
G01 X61.1654Y46.3158
G01 X61.2113Y46.0063
G01 X61.2266Y45.6939
G01 X61.2266Y45.6939
G01 X60.8516Y45.6939
G01 X60.8381Y45.4182
G01 X60.7976Y45.1452
G01 X60.7305Y44.8775
G01 X60.6376Y44.6176
G01 X60.5196Y44.3681
G01 X60.3777Y44.1314
G01 X60.2132Y43.9097
G01 X60.0279Y43.7052
G01 X59.8234Y43.5198
G01 X59.6017Y43.3554
G01 X59.3650Y43.2135
G01 X59.1154Y43.0955
G01 X58.8556Y43.0025
G01 X58.5878Y42.9354
G01 X58.3148Y42.8950
G01 X58.0391Y42.8814
G01 X57.7635Y42.8950
G01 X57.4905Y42.9354
G01 X57.2227Y43.0025
G01 X56.9629Y43.0955
G01 X56.7133Y43.2135
G01 X56.4766Y43.3554
G01 X56.2549Y43.5198
G01 X56.0504Y43.7052
G01 X55.8651Y43.9097
G01 X55.7006Y44.1314
G01 X55.5587Y44.3681
G01 X55.4407Y44.6176
G01 X55.3478Y44.8775
G01 X55.2807Y45.1452
G01 X55.2402Y45.4182
G01 X55.2266Y45.6939
G01 X55.2402Y45.9696
G01 X55.2807Y46.2426
G01 X55.3478Y46.5103
G01 X55.4407Y46.7702
G01 X55.5587Y47.0197
G01 X55.7006Y47.2564
G01 X55.8651Y47.4781
G01 X56.0504Y47.6826
G01 X56.2549Y47.8680
G01 X56.4766Y48.0324
G01 X56.7133Y48.1743
G01 X56.9629Y48.2923
G01 X57.2227Y48.3853
G01 X57.4905Y48.4524
G01 X57.7635Y48.4929
G01 X58.0391Y48.5064
G01 X58.3148Y48.4929
G01 X58.5878Y48.4524
G01 X58.8556Y48.3853
G01 X59.1154Y48.2923
G01 X59.3650Y48.1743
G01 X59.6017Y48.0324
G01 X59.8234Y47.8680
G01 X60.0279Y47.6826
G01 X60.2132Y47.4781
G01 X60.3777Y47.2564
G01 X60.5196Y47.0197
G01 X60.6376Y46.7702
G01 X60.7305Y46.5103
G01 X60.7976Y46.2426
G01 X60.8381Y45.9696
G01 X60.8516Y45.6939
G01 X60.8516Y45.6939
G01 X60.4766Y45.6939
G01 X60.4649Y45.4550
G01 X60.4298Y45.2184
G01 X60.3717Y44.9863
G01 X60.2911Y44.7611
G01 X60.1888Y44.5449
G01 X60.0659Y44.3397
G01 X59.9234Y44.1476
G01 X59.7627Y43.9703
G01 X59.5855Y43.8097
G01 X59.3934Y43.6672
G01 X59.1882Y43.5442
G01 X58.9719Y43.4420
G01 X58.7467Y43.3614
G01 X58.5147Y43.3032
G01 X58.2781Y43.2681
G01 X58.0391Y43.2564
G01 X57.8002Y43.2681
G01 X57.5636Y43.3032
G01 X57.3316Y43.3614
G01 X57.1064Y43.4420
G01 X56.8901Y43.5442
G01 X56.6849Y43.6672
G01 X56.4928Y43.8097
G01 X56.3156Y43.9703
G01 X56.1549Y44.1476
G01 X56.0124Y44.3397
G01 X55.8895Y44.5449
G01 X55.7872Y44.7611
G01 X55.7066Y44.9863
G01 X55.6485Y45.2184
G01 X55.6134Y45.4550
G01 X55.6016Y45.6939
G01 X55.6134Y45.9328
G01 X55.6485Y46.1694
G01 X55.7066Y46.4015
G01 X55.7872Y46.6267
G01 X55.8895Y46.8429
G01 X56.0124Y47.0481
G01 X56.1549Y47.2402
G01 X56.3156Y47.4175
G01 X56.4928Y47.5781
G01 X56.6849Y47.7206
G01 X56.8901Y47.8436
G01 X57.1064Y47.9459
G01 X57.3316Y48.0264
G01 X57.5636Y48.0846
G01 X57.8002Y48.1197
G01 X58.0391Y48.1314
G01 X58.2781Y48.1197
G01 X58.5147Y48.0846
G01 X58.7467Y48.0264
G01 X58.9719Y47.9459
G01 X59.1882Y47.8436
G01 X59.3934Y47.7206
G01 X59.5855Y47.5781
G01 X59.7627Y47.4175
G01 X59.9234Y47.2402
G01 X60.0659Y47.0481
G01 X60.1888Y46.8429
G01 X60.2911Y46.6267
G01 X60.3717Y46.4015
G01 X60.4298Y46.1694
G01 X60.4649Y45.9328
G01 X60.4766Y45.6939
G01 X60.4766Y45.6939
G01 X60.1016Y45.6939
G01 X60.0917Y45.4917
G01 X60.0620Y45.2915
G01 X60.0128Y45.0952
G01 X59.9447Y44.9046
G01 X59.8581Y44.7217
G01 X59.7541Y44.5480
G01 X59.6335Y44.3855
G01 X59.4976Y44.2355
G01 X59.3476Y44.0996
G01 X59.1850Y43.9790
G01 X59.0114Y43.8749
G01 X58.8284Y43.7884
G01 X58.6379Y43.7202
G01 X58.4415Y43.6710
G01 X58.2413Y43.6413
G01 X58.0391Y43.6314
G01 X57.8370Y43.6413
G01 X57.6368Y43.6710
G01 X57.4404Y43.7202
G01 X57.2499Y43.7884
G01 X57.0669Y43.8749
G01 X56.8933Y43.9790
G01 X56.7307Y44.0996
G01 X56.5807Y44.2355
G01 X56.4448Y44.3855
G01 X56.3242Y44.5480
G01 X56.2202Y44.7217
G01 X56.1336Y44.9046
G01 X56.0655Y45.0952
G01 X56.0163Y45.2915
G01 X55.9866Y45.4917
G01 X55.9766Y45.6939
G01 X55.9866Y45.8961
G01 X56.0163Y46.0963
G01 X56.0655Y46.2926
G01 X56.1336Y46.4832
G01 X56.2202Y46.6662
G01 X56.3242Y46.8398
G01 X56.4448Y47.0023
G01 X56.5807Y47.1523
G01 X56.7307Y47.2882
G01 X56.8933Y47.4088
G01 X57.0669Y47.5129
G01 X57.2499Y47.5994
G01 X57.4404Y47.6676
G01 X57.6368Y47.7168
G01 X57.8370Y47.7465
G01 X58.0391Y47.7564
G01 X58.2413Y47.7465
G01 X58.4415Y47.7168
G01 X58.6379Y47.6676
G01 X58.8284Y47.5994
G01 X59.0114Y47.5129
G01 X59.1850Y47.4088
G01 X59.3476Y47.2882
G01 X59.4976Y47.1523
G01 X59.6335Y47.0023
G01 X59.7541Y46.8398
G01 X59.8581Y46.6662
G01 X59.9447Y46.4832
G01 X60.0128Y46.2926
G01 X60.0620Y46.0963
G01 X60.0917Y45.8961
G01 X60.1016Y45.6939
G01 X60.1016Y45.6939
G01 X59.7266Y45.6939
G01 X59.7185Y45.5285
G01 X59.6942Y45.3647
G01 X59.6540Y45.2041
G01 X59.5982Y45.0481
G01 X59.5274Y44.8984
G01 X59.4423Y44.7564
G01 X59.3436Y44.6234
G01 X59.2324Y44.5007
G01 X59.1097Y44.3895
G01 X58.9767Y44.2908
G01 X58.8346Y44.2057
G01 X58.6849Y44.1349
G01 X58.5290Y44.0791
G01 X58.3684Y44.0388
G01 X58.2046Y44.0145
G01 X58.0391Y44.0064
G01 X57.8737Y44.0145
G01 X57.7099Y44.0388
G01 X57.5493Y44.0791
G01 X57.3934Y44.1349
G01 X57.2437Y44.2057
G01 X57.1016Y44.2908
G01 X56.9686Y44.3895
G01 X56.8459Y44.5007
G01 X56.7347Y44.6234
G01 X56.6360Y44.7564
G01 X56.5509Y44.8984
G01 X56.4801Y45.0481
G01 X56.4243Y45.2041
G01 X56.3841Y45.3647
G01 X56.3598Y45.5285
G01 X56.3516Y45.6939
G01 X56.3598Y45.8593
G01 X56.3841Y46.0231
G01 X56.4243Y46.1838
G01 X56.4801Y46.3397
G01 X56.5509Y46.4894
G01 X56.6360Y46.6314
G01 X56.7347Y46.7644
G01 X56.8459Y46.8872
G01 X56.9686Y46.9984
G01 X57.1016Y47.0970
G01 X57.2437Y47.1821
G01 X57.3934Y47.2530
G01 X57.5493Y47.3087
G01 X57.7099Y47.3490
G01 X57.8737Y47.3733
G01 X58.0391Y47.3814
G01 X58.2046Y47.3733
G01 X58.3684Y47.3490
G01 X58.5290Y47.3087
G01 X58.6849Y47.2530
G01 X58.8346Y47.1821
G01 X58.9767Y47.0970
G01 X59.1097Y46.9984
G01 X59.2324Y46.8872
G01 X59.3436Y46.7644
G01 X59.4423Y46.6314
G01 X59.5274Y46.4894
G01 X59.5982Y46.3397
G01 X59.6540Y46.1838
G01 X59.6942Y46.0231
G01 X59.7185Y45.8593
G01 X59.7266Y45.6939
G01 X59.7266Y45.6939
G01 X59.3516Y45.6939
G01 X59.3453Y45.5653
G01 X59.3264Y45.4379
G01 X59.2951Y45.3129
G01 X59.2517Y45.1916
G01 X59.1967Y45.0752
G01 X59.1305Y44.9647
G01 X59.0537Y44.8613
G01 X58.9672Y44.7658
G01 X58.8718Y44.6793
G01 X58.7683Y44.6026
G01 X58.6579Y44.5364
G01 X58.5414Y44.4813
G01 X58.4201Y44.4379
G01 X58.2952Y44.4066
G01 X58.1678Y44.3877
G01 X58.0391Y44.3814
G01 X57.9105Y44.3877
G01 X57.7831Y44.4066
G01 X57.6582Y44.4379
G01 X57.5369Y44.4813
G01 X57.4204Y44.5364
G01 X57.3100Y44.6026
G01 X57.2065Y44.6793
G01 X57.1111Y44.7658
G01 X57.0246Y44.8613
G01 X56.9478Y44.9647
G01 X56.8816Y45.0752
G01 X56.8266Y45.1916
G01 X56.7832Y45.3129
G01 X56.7519Y45.4379
G01 X56.7330Y45.5653
G01 X56.7266Y45.6939
G01 X56.7330Y45.8226
G01 X56.7519Y45.9500
G01 X56.7832Y46.0749
G01 X56.8266Y46.1962
G01 X56.8816Y46.3126
G01 X56.9478Y46.4231
G01 X57.0246Y46.5265
G01 X57.1111Y46.6220
G01 X57.2065Y46.7085
G01 X57.3100Y46.7852
G01 X57.4204Y46.8514
G01 X57.5369Y46.9065
G01 X57.6582Y46.9499
G01 X57.7831Y46.9812
G01 X57.9105Y47.0001
G01 X58.0391Y47.0064
G01 X58.1678Y47.0001
G01 X58.2952Y46.9812
G01 X58.4201Y46.9499
G01 X58.5414Y46.9065
G01 X58.6579Y46.8514
G01 X58.7683Y46.7852
G01 X58.8718Y46.7085
G01 X58.9672Y46.6220
G01 X59.0537Y46.5265
G01 X59.1305Y46.4231
G01 X59.1967Y46.3126
G01 X59.2517Y46.1962
G01 X59.2951Y46.0749
G01 X59.3264Y45.9500
G01 X59.3453Y45.8226
G01 X59.3516Y45.6939
G01 X59.3516Y45.6939
G01 X58.9766Y45.6939
G01 X58.9721Y45.6020
G01 X58.9586Y45.5110
G01 X58.9363Y45.4218
G01 X58.9053Y45.3351
G01 X58.8660Y45.2520
G01 X58.8187Y45.1731
G01 X58.7638Y45.0992
G01 X58.7021Y45.0310
G01 X58.6339Y44.9692
G01 X58.5600Y44.9144
G01 X58.4811Y44.8671
G01 X58.3979Y44.8278
G01 X58.3113Y44.7968
G01 X58.2220Y44.7744
G01 X58.1310Y44.7609
G01 X58.0391Y44.7564
G01 X57.9473Y44.7609
G01 X57.8563Y44.7744
G01 X57.7670Y44.7968
G01 X57.6804Y44.8278
G01 X57.5972Y44.8671
G01 X57.5183Y44.9144
G01 X57.4444Y44.9692
G01 X57.3762Y45.0310
G01 X57.3145Y45.0992
G01 X57.2596Y45.1731
G01 X57.2123Y45.2520
G01 X57.1730Y45.3351
G01 X57.1420Y45.4218
G01 X57.1197Y45.5110
G01 X57.1062Y45.6020
G01 X57.1016Y45.6939
G01 X57.1062Y45.7858
G01 X57.1197Y45.8768
G01 X57.1420Y45.9660
G01 X57.1730Y46.0527
G01 X57.2123Y46.1358
G01 X57.2596Y46.2148
G01 X57.3145Y46.2887
G01 X57.3762Y46.3568
G01 X57.4444Y46.4186
G01 X57.5183Y46.4734
G01 X57.5972Y46.5207
G01 X57.6804Y46.5600
G01 X57.7670Y46.5910
G01 X57.8563Y46.6134
G01 X57.9473Y46.6269
G01 X58.0391Y46.6314
G01 X58.1310Y46.6269
G01 X58.2220Y46.6134
G01 X58.3113Y46.5910
G01 X58.3979Y46.5600
G01 X58.4811Y46.5207
G01 X58.5600Y46.4734
G01 X58.6339Y46.4186
G01 X58.7021Y46.3568
G01 X58.7638Y46.2887
G01 X58.8187Y46.2148
G01 X58.8660Y46.1358
G01 X58.9053Y46.0527
G01 X58.9363Y45.9660
G01 X58.9586Y45.8768
G01 X58.9721Y45.7858
G01 X58.9766Y45.6939
G01 X58.9766Y45.6939
G01 X58.6016Y45.6939
G01 X58.5989Y45.6388
G01 X58.5908Y45.5842
G01 X58.5774Y45.5306
G01 X58.5588Y45.4786
G01 X58.5352Y45.4287
G01 X58.5069Y45.3814
G01 X58.4740Y45.3371
G01 X58.4369Y45.2962
G01 X58.3960Y45.2591
G01 X58.3517Y45.2262
G01 X58.3043Y45.1978
G01 X58.2544Y45.1742
G01 X58.2024Y45.1556
G01 X58.1489Y45.1422
G01 X58.0943Y45.1341
G01 X58.0391Y45.1314
G01 X57.9840Y45.1341
G01 X57.9294Y45.1422
G01 X57.8759Y45.1556
G01 X57.8239Y45.1742
G01 X57.7740Y45.1978
G01 X57.7266Y45.2262
G01 X57.6823Y45.2591
G01 X57.6414Y45.2962
G01 X57.6043Y45.3371
G01 X57.5714Y45.3814
G01 X57.5431Y45.4287
G01 X57.5195Y45.4786
G01 X57.5009Y45.5306
G01 X57.4875Y45.5842
G01 X57.4794Y45.6388
G01 X57.4766Y45.6939
G01 X57.4794Y45.7490
G01 X57.4875Y45.8036
G01 X57.5009Y45.8572
G01 X57.5195Y45.9092
G01 X57.5431Y45.9591
G01 X57.5714Y46.0064
G01 X57.6043Y46.0508
G01 X57.6414Y46.0917
G01 X57.6823Y46.1287
G01 X57.7266Y46.1616
G01 X57.7740Y46.1900
G01 X57.8239Y46.2136
G01 X57.8759Y46.2322
G01 X57.9294Y46.2456
G01 X57.9840Y46.2537
G01 X58.0391Y46.2564
G01 X58.0943Y46.2537
G01 X58.1489Y46.2456
G01 X58.2024Y46.2322
G01 X58.2544Y46.2136
G01 X58.3043Y46.1900
G01 X58.3517Y46.1616
G01 X58.3960Y46.1287
G01 X58.4369Y46.0917
G01 X58.4740Y46.0508
G01 X58.5069Y46.0064
G01 X58.5352Y45.9591
G01 X58.5588Y45.9092
G01 X58.5774Y45.8572
G01 X58.5908Y45.8036
G01 X58.5989Y45.7490
G01 X58.6016Y45.6939
G01 X58.6016Y45.6939
G01 X58.2266Y45.6939
G01 X58.2257Y45.6755
G01 X58.2230Y45.6573
G01 X58.2186Y45.6395
G01 X58.2124Y45.6222
G01 X58.2045Y45.6055
G01 X58.1950Y45.5897
G01 X58.1841Y45.5750
G01 X58.1717Y45.5613
G01 X58.1581Y45.5490
G01 X58.1433Y45.5380
G01 X58.1275Y45.5285
G01 X58.1109Y45.5207
G01 X58.0936Y45.5145
G01 X58.0757Y45.5100
G01 X58.0575Y45.5073
G01 X58.0391Y45.5064
G01 X58.0208Y45.5073
G01 X58.0026Y45.5100
G01 X57.9847Y45.5145
G01 X57.9674Y45.5207
G01 X57.9508Y45.5285
G01 X57.9350Y45.5380
G01 X57.9202Y45.5490
G01 X57.9066Y45.5613
G01 X57.8942Y45.5750
G01 X57.8832Y45.5897
G01 X57.8738Y45.6055
G01 X57.8659Y45.6222
G01 X57.8597Y45.6395
G01 X57.8553Y45.6573
G01 X57.8526Y45.6755
G01 X57.8516Y45.6939
G01 X57.8526Y45.7123
G01 X57.8553Y45.7305
G01 X57.8597Y45.7483
G01 X57.8659Y45.7657
G01 X57.8738Y45.7823
G01 X57.8832Y45.7981
G01 X57.8942Y45.8129
G01 X57.9066Y45.8265
G01 X57.9202Y45.8388
G01 X57.9350Y45.8498
G01 X57.9508Y45.8593
G01 X57.9674Y45.8671
G01 X57.9847Y45.8733
G01 X58.0026Y45.8778
G01 X58.0208Y45.8805
G01 X58.0391Y45.8814
G01 X58.0575Y45.8805
G01 X58.0757Y45.8778
G01 X58.0936Y45.8733
G01 X58.1109Y45.8671
G01 X58.1275Y45.8593
G01 X58.1433Y45.8498
G01 X58.1581Y45.8388
G01 X58.1717Y45.8265
G01 X58.1841Y45.8129
G01 X58.1950Y45.7981
G01 X58.2045Y45.7823
G01 X58.2124Y45.7657
G01 X58.2186Y45.7483
G01 X58.2230Y45.7305
G01 X58.2257Y45.7123
G01 X58.2266Y45.6939
G01 X61.6016Y45.6939
G01 X61.5845Y45.3447
G01 X61.5332Y44.9989
G01 X61.4482Y44.6598
G01 X61.3305Y44.3306
G01 X61.1810Y44.0146
G01 X61.0013Y43.7147
G01 X60.7930Y43.4339
G01 X60.5582Y43.1748
G01 X60.2992Y42.9401
G01 X60.0184Y42.7318
G01 X59.7185Y42.5521
G01 X59.4025Y42.4026
G01 X59.0733Y42.2848
G01 X58.7342Y42.1999
G01 X58.3883Y42.1486
G01 X58.0391Y42.1314
G01 X57.6900Y42.1486
G01 X57.3441Y42.1999
G01 X57.0050Y42.2848
G01 X56.6758Y42.4026
G01 X56.3598Y42.5521
G01 X56.0599Y42.7318
G01 X55.7791Y42.9401
G01 X55.5201Y43.1748
G01 X55.2853Y43.4339
G01 X55.0770Y43.7147
G01 X54.8973Y44.0146
G01 X54.7478Y44.3306
G01 X54.6300Y44.6598
G01 X54.5451Y44.9989
G01 X54.4938Y45.3447
G01 X54.4766Y45.6939
G01 X54.4938Y46.0431
G01 X54.5451Y46.3889
G01 X54.6300Y46.7280
G01 X54.7478Y47.0572
G01 X54.8973Y47.3733
G01 X55.0770Y47.6731
G01 X55.2853Y47.9539
G01 X55.5201Y48.2130
G01 X55.7791Y48.4478
G01 X56.0599Y48.6560
G01 X56.3598Y48.8358
G01 X56.6758Y48.9852
G01 X57.0050Y49.1030
G01 X57.3441Y49.1880
G01 X57.6900Y49.2393
G01 X58.0391Y49.2564
G01 X58.3883Y49.2393
G01 X58.7342Y49.1880
G01 X59.0733Y49.1030
G01 X59.4025Y48.9852
G01 X59.7185Y48.8358
G01 X60.0184Y48.6560
G01 X60.2992Y48.4478
G01 X60.5582Y48.2130
G01 X60.7930Y47.9539
G01 X61.0013Y47.6731
G01 X61.1810Y47.3733
G01 X61.3305Y47.0572
G01 X61.4482Y46.7280
G01 X61.5332Y46.3889
G01 X61.5845Y46.0431
G01 X61.6016Y45.6939
G01 X61.9766Y45.6939
G01 X61.9577Y45.3080
G01 X61.9010Y44.9257
G01 X61.8071Y44.5509
G01 X61.6769Y44.1871
G01 X61.5117Y43.8378
G01 X61.3131Y43.5063
G01 X61.0829Y43.1960
G01 X60.8234Y42.9097
G01 X60.5371Y42.6502
G01 X60.2267Y42.4200
G01 X59.8953Y42.2213
G01 X59.5460Y42.0561
G01 X59.1821Y41.9260
G01 X58.8073Y41.8321
G01 X58.4251Y41.7754
G01 X58.0391Y41.7564
G01 X57.6532Y41.7754
G01 X57.2710Y41.8321
G01 X56.8962Y41.9260
G01 X56.5323Y42.0561
G01 X56.1830Y42.2213
G01 X55.8516Y42.4200
G01 X55.5412Y42.6502
G01 X55.2549Y42.9097
G01 X54.9954Y43.1960
G01 X54.7652Y43.5063
G01 X54.5666Y43.8378
G01 X54.4014Y44.1871
G01 X54.2712Y44.5509
G01 X54.1773Y44.9257
G01 X54.1206Y45.3080
G01 X54.1016Y45.6939
G01 X54.1206Y46.0798
G01 X54.1773Y46.4621
G01 X54.2712Y46.8369
G01 X54.4014Y47.2007
G01 X54.5666Y47.5500
G01 X54.7652Y47.8815
G01 X54.9954Y48.1918
G01 X55.2549Y48.4781
G01 X55.5412Y48.7376
G01 X55.8516Y48.9678
G01 X56.1830Y49.1665
G01 X56.5323Y49.3317
G01 X56.8962Y49.4619
G01 X57.2710Y49.5557
G01 X57.6532Y49.6124
G01 X58.0391Y49.6314
G01 X58.4251Y49.6124
G01 X58.8073Y49.5557
G01 X59.1821Y49.4619
G01 X59.5460Y49.3317
G01 X59.8953Y49.1665
G01 X60.2267Y48.9678
G01 X60.5371Y48.7376
G01 X60.8234Y48.4781
G01 X61.0829Y48.1918
G01 X61.3131Y47.8815
G01 X61.5117Y47.5500
G01 X61.6769Y47.2007
G01 X61.8071Y46.8369
G01 X61.9010Y46.4621
G01 X61.9577Y46.0798
G01 X61.9766Y45.6939
G01 X62.3516Y45.6939
G01 X62.3309Y45.2712
G01 X62.2688Y44.8526
G01 X62.1660Y44.4421
G01 X62.0234Y44.0436
G01 X61.8424Y43.6610
G01 X61.6249Y43.2980
G01 X61.3728Y42.9581
G01 X61.0885Y42.6445
G01 X60.7750Y42.3603
G01 X60.4350Y42.1082
G01 X60.0720Y41.8906
G01 X59.6895Y41.7097
G01 X59.2910Y41.5671
G01 X58.8805Y41.4643
G01 X58.4618Y41.4022
G01 X58.0391Y41.3814
G01 X57.6165Y41.4022
G01 X57.1978Y41.4643
G01 X56.7873Y41.5671
G01 X56.3888Y41.7097
G01 X56.0063Y41.8906
G01 X55.6433Y42.1082
G01 X55.3033Y42.3603
G01 X54.9898Y42.6445
G01 X54.7055Y42.9581
G01 X54.4534Y43.2980
G01 X54.2359Y43.6610
G01 X54.0549Y44.0436
G01 X53.9123Y44.4421
G01 X53.8095Y44.8526
G01 X53.7474Y45.2712
G01 X53.7266Y45.6939
G01 X53.7474Y46.1166
G01 X53.8095Y46.5352
G01 X53.9123Y46.9458
G01 X54.0549Y47.3442
G01 X54.2359Y47.7268
G01 X54.4534Y48.0898
G01 X54.7055Y48.4297
G01 X54.9898Y48.7433
G01 X55.3033Y49.0275
G01 X55.6433Y49.2796
G01 X56.0063Y49.4972
G01 X56.3888Y49.6781
G01 X56.7873Y49.8207
G01 X57.1978Y49.9235
G01 X57.6165Y49.9856
G01 X58.0391Y50.0064
G01 X58.4618Y49.9856
G01 X58.8805Y49.9235
G01 X59.2910Y49.8207
G01 X59.6895Y49.6781
G01 X60.0720Y49.4972
G01 X60.4350Y49.2796
G01 X60.7750Y49.0275
G01 X61.0885Y48.7433
G01 X61.3728Y48.4297
G01 X61.6249Y48.0898
G01 X61.8424Y47.7268
G01 X62.0234Y47.3442
G01 X62.1660Y46.9458
G01 X62.2688Y46.5352
G01 X62.3309Y46.1166
G01 X62.3516Y45.6939
G01 X62.7266Y45.6939
G01 X62.7041Y45.2345
G01 X62.6366Y44.7794
G01 X62.5248Y44.3332
G01 X62.3698Y43.9001
G01 X62.1732Y43.4842
G01 X61.9367Y43.0897
G01 X61.6626Y42.7202
G01 X61.3537Y42.3793
G01 X61.0129Y42.0704
G01 X60.6434Y41.7964
G01 X60.2488Y41.5599
G01 X59.8330Y41.3632
G01 X59.3999Y41.2082
G01 X58.9536Y41.0965
G01 X58.4986Y41.0290
G01 X58.0391Y41.0064
G01 X57.5797Y41.0290
G01 X57.1247Y41.0965
G01 X56.6784Y41.2082
G01 X56.2453Y41.3632
G01 X55.8295Y41.5599
G01 X55.4349Y41.7964
G01 X55.0654Y42.0704
G01 X54.7246Y42.3793
G01 X54.4157Y42.7202
G01 X54.1416Y43.0897
G01 X53.9051Y43.4842
G01 X53.7085Y43.9001
G01 X53.5535Y44.3332
G01 X53.4417Y44.7794
G01 X53.3742Y45.2345
G01 X53.3516Y45.6939
G01 X53.3742Y46.1534
G01 X53.4417Y46.6084
G01 X53.5535Y47.0546
G01 X53.7085Y47.4877
G01 X53.9051Y47.9036
G01 X54.1416Y48.2981
G01 X54.4157Y48.6676
G01 X54.7246Y49.0085
G01 X55.0654Y49.3174
G01 X55.4349Y49.5914
G01 X55.8295Y49.8279
G01 X56.2453Y50.0246
G01 X56.6784Y50.1796
G01 X57.1247Y50.2913
G01 X57.5797Y50.3588
G01 X58.0391Y50.3814
G01 X58.4986Y50.3588
G01 X58.9536Y50.2913
G01 X59.3999Y50.1796
G01 X59.8330Y50.0246
G01 X60.2488Y49.8279
G01 X60.6434Y49.5914
G01 X61.0129Y49.3174
G01 X61.3537Y49.0085
G01 X61.6626Y48.6676
G01 X61.9367Y48.2981
G01 X62.1732Y47.9036
G01 X62.3698Y47.4877
G01 X62.5248Y47.0546
G01 X62.6366Y46.6084
G01 X62.7041Y46.1534
G01 X62.7266Y45.6939
G01 X63.1016Y45.6939
G01 X63.0773Y45.1977
G01 X63.0044Y44.7063
G01 X62.8837Y44.2243
G01 X62.7163Y43.7566
G01 X62.5039Y43.3075
G01 X62.2485Y42.8813
G01 X61.9525Y42.4823
G01 X61.6189Y42.1142
G01 X61.2508Y41.7805
G01 X60.8517Y41.4846
G01 X60.4256Y41.2292
G01 X59.9765Y41.0168
G01 X59.5087Y40.8494
G01 X59.0268Y40.7287
G01 X58.5354Y40.6558
G01 X58.0391Y40.6314
G01 X57.5429Y40.6558
G01 X57.0515Y40.7287
G01 X56.5696Y40.8494
G01 X56.1018Y41.0168
G01 X55.6527Y41.2292
G01 X55.2266Y41.4846
G01 X54.8275Y41.7805
G01 X54.4594Y42.1142
G01 X54.1258Y42.4823
G01 X53.8298Y42.8813
G01 X53.5744Y43.3075
G01 X53.3620Y43.7566
G01 X53.1946Y44.2243
G01 X53.0739Y44.7063
G01 X53.0010Y45.1977
G01 X52.9766Y45.6939
G01 X53.0010Y46.1901
G01 X53.0739Y46.6816
G01 X53.1946Y47.1635
G01 X53.3620Y47.6312
G01 X53.5744Y48.0804
G01 X53.8298Y48.5065
G01 X54.1258Y48.9055
G01 X54.4594Y49.2736
G01 X54.8275Y49.6073
G01 X55.2266Y49.9032
G01 X55.6527Y50.1586
G01 X56.1018Y50.3710
G01 X56.5696Y50.5384
G01 X57.0515Y50.6591
G01 X57.5429Y50.7320
G01 X58.0391Y50.7564
G01 X58.5354Y50.7320
G01 X59.0268Y50.6591
G01 X59.5087Y50.5384
G01 X59.9765Y50.3710
G01 X60.4256Y50.1586
G01 X60.8517Y49.9032
G01 X61.2508Y49.6073
G01 X61.6189Y49.2736
G01 X61.9525Y48.9055
G01 X62.2485Y48.5065
G01 X62.5039Y48.0804
G01 X62.7163Y47.6312
G01 X62.8837Y47.1635
G01 X63.0044Y46.6816
G01 X63.0773Y46.1901
G01 X63.1016Y45.6939
G01 X63.4766Y45.6939
G01 X63.4505Y45.1609
G01 X63.3722Y44.6331
G01 X63.2425Y44.1155
G01 X63.0627Y43.6131
G01 X62.8346Y43.1307
G01 X62.5603Y42.6730
G01 X62.2424Y42.2444
G01 X61.8840Y41.8490
G01 X61.4887Y41.4907
G01 X61.0601Y41.1728
G01 X60.6024Y40.8985
G01 X60.1200Y40.6703
G01 X59.6176Y40.4905
G01 X59.1000Y40.3609
G01 X58.5721Y40.2826
G01 X58.0391Y40.2564
G01 X57.5062Y40.2826
G01 X56.9783Y40.3609
G01 X56.4607Y40.4905
G01 X55.9583Y40.6703
G01 X55.4759Y40.8985
G01 X55.0182Y41.1728
G01 X54.5896Y41.4907
G01 X54.1943Y41.8490
G01 X53.8359Y42.2444
G01 X53.5180Y42.6730
G01 X53.2437Y43.1307
G01 X53.0156Y43.6131
G01 X52.8358Y44.1155
G01 X52.7061Y44.6331
G01 X52.6278Y45.1609
G01 X52.6016Y45.6939
G01 X52.6278Y46.2269
G01 X52.7061Y46.7547
G01 X52.8358Y47.2723
G01 X53.0156Y47.7747
G01 X53.2437Y48.2571
G01 X53.5180Y48.7148
G01 X53.8359Y49.1434
G01 X54.1943Y49.5388
G01 X54.5896Y49.8972
G01 X55.0182Y50.2150
G01 X55.4759Y50.4894
G01 X55.9583Y50.7175
G01 X56.4607Y50.8973
G01 X56.9783Y51.0269
G01 X57.5062Y51.1052
G01 X58.0391Y51.1314
G01 X58.5721Y51.1052
G01 X59.1000Y51.0269
G01 X59.6176Y50.8973
G01 X60.1200Y50.7175
G01 X60.6024Y50.4894
G01 X61.0601Y50.2150
G01 X61.4887Y49.8972
G01 X61.8840Y49.5388
G01 X62.2424Y49.1434
G01 X62.5603Y48.7148
G01 X62.8346Y48.2571
G01 X63.0627Y47.7747
G01 X63.2425Y47.2723
G01 X63.3722Y46.7547
G01 X63.4505Y46.2269
G01 X63.4766Y45.6939
G01 X63.8516Y45.6939
G01 X63.8237Y45.1242
G01 X63.7400Y44.5599
G01 X63.6014Y44.0066
G01 X63.4092Y43.4696
G01 X63.1653Y42.9539
G01 X62.8721Y42.4647
G01 X62.5323Y42.0065
G01 X62.1492Y41.5838
G01 X61.7266Y41.2008
G01 X61.2684Y40.8610
G01 X60.7791Y40.5677
G01 X60.2635Y40.3239
G01 X59.7264Y40.1317
G01 X59.1731Y39.9931
G01 X58.6089Y39.9094
G01 X58.0391Y39.8814
G01 X57.4694Y39.9094
G01 X56.9052Y39.9931
G01 X56.3519Y40.1317
G01 X55.8148Y40.3239
G01 X55.2992Y40.5677
G01 X54.8099Y40.8610
G01 X54.3517Y41.2008
G01 X53.9291Y41.5838
G01 X53.5460Y42.0065
G01 X53.2062Y42.4647
G01 X52.9130Y42.9539
G01 X52.6691Y43.4696
G01 X52.4769Y44.0066
G01 X52.3383Y44.5599
G01 X52.2546Y45.1242
G01 X52.2266Y45.6939
G01 X52.2546Y46.2636
G01 X52.3383Y46.8279
G01 X52.4769Y47.3812
G01 X52.6691Y47.9183
G01 X52.9130Y48.4339
G01 X53.2062Y48.9232
G01 X53.5460Y49.3813
G01 X53.9291Y49.8040
G01 X54.3517Y50.1870
G01 X54.8099Y50.5268
G01 X55.2992Y50.8201
G01 X55.8148Y51.0640
G01 X56.3519Y51.2561
G01 X56.9052Y51.3947
G01 X57.4694Y51.4784
G01 X58.0391Y51.5064
G01 X58.6089Y51.4784
G01 X59.1731Y51.3947
G01 X59.7264Y51.2561
G01 X60.2635Y51.0640
G01 X60.7791Y50.8201
G01 X61.2684Y50.5268
G01 X61.7266Y50.1870
G01 X62.1492Y49.8040
G01 X62.5323Y49.3813
G01 X62.8721Y48.9232
G01 X63.1653Y48.4339
G01 X63.4092Y47.9183
G01 X63.6014Y47.3812
G01 X63.7400Y46.8279
G01 X63.8237Y46.2636
G01 X63.8516Y45.6939
G01 X64.2266Y45.6939
G01 X64.1969Y45.0874
G01 X64.1078Y44.4868
G01 X63.9602Y43.8978
G01 X63.7557Y43.3261
G01 X63.4960Y42.7771
G01 X63.1839Y42.2563
G01 X62.8222Y41.7686
G01 X62.4144Y41.3187
G01 X61.9645Y40.9109
G01 X61.4767Y40.5492
G01 X60.9559Y40.2370
G01 X60.4070Y39.9774
G01 X59.8353Y39.7728
G01 X59.2463Y39.6253
G01 X58.6456Y39.5362
G01 X58.0391Y39.5064
G01 X57.4327Y39.5362
G01 X56.8320Y39.6253
G01 X56.2430Y39.7728
G01 X55.6713Y39.9774
G01 X55.1224Y40.2370
G01 X54.6016Y40.5492
G01 X54.1138Y40.9109
G01 X53.6639Y41.3187
G01 X53.2561Y41.7686
G01 X52.8944Y42.2563
G01 X52.5823Y42.7771
G01 X52.3226Y43.3261
G01 X52.1181Y43.8978
G01 X51.9705Y44.4868
G01 X51.8814Y45.0874
G01 X51.8516Y45.6939
G01 X51.8814Y46.3004
G01 X51.9705Y46.9010
G01 X52.1181Y47.4900
G01 X52.3226Y48.0618
G01 X52.5823Y48.6107
G01 X52.8944Y49.1315
G01 X53.2561Y49.6192
G01 X53.6639Y50.0691
G01 X54.1138Y50.4769
G01 X54.6016Y50.8386
G01 X55.1224Y51.1508
G01 X55.6713Y51.4104
G01 X56.2430Y51.6150
G01 X56.8320Y51.7625
G01 X57.4327Y51.8516
G01 X58.0391Y51.8814
G01 X58.6456Y51.8516
G01 X59.2463Y51.7625
G01 X59.8353Y51.6150
G01 X60.4070Y51.4104
G01 X60.9559Y51.1508
G01 X61.4767Y50.8386
G01 X61.9645Y50.4769
G01 X62.4144Y50.0691
G01 X62.8222Y49.6192
G01 X63.1839Y49.1315
G01 X63.4960Y48.6107
G01 X63.7557Y48.0618
G01 X63.9602Y47.4900
G01 X64.1078Y46.9010
G01 X64.1969Y46.3004
G01 X64.2266Y45.6939
G01 X64.6016Y45.6939
G01 X64.5700Y45.0507
G01 X64.4756Y44.4136
G01 X64.3191Y43.7889
G01 X64.1021Y43.1825
G01 X63.8268Y42.6004
G01 X63.4957Y42.0480
G01 X63.1120Y41.5307
G01 X62.6795Y41.0535
G01 X62.2024Y40.6210
G01 X61.6851Y40.2374
G01 X61.1327Y39.9063
G01 X60.5505Y39.6309
G01 X59.9441Y39.4140
G01 X59.3194Y39.2575
G01 X58.6824Y39.1630
G01 X58.0391Y39.1314
G01 X57.3959Y39.1630
G01 X56.7589Y39.2575
G01 X56.1342Y39.4140
G01 X55.5278Y39.6309
G01 X54.9456Y39.9063
G01 X54.3932Y40.2374
G01 X53.8759Y40.6210
G01 X53.3988Y41.0535
G01 X52.9663Y41.5307
G01 X52.5826Y42.0480
G01 X52.2515Y42.6004
G01 X51.9762Y43.1825
G01 X51.7592Y43.7889
G01 X51.6027Y44.4136
G01 X51.5082Y45.0507
G01 X51.4766Y45.6939
G01 X51.5082Y46.3371
G01 X51.6027Y46.9742
G01 X51.7592Y47.5989
G01 X51.9762Y48.2053
G01 X52.2515Y48.7874
G01 X52.5826Y49.3398
G01 X52.9663Y49.8571
G01 X53.3988Y50.3343
G01 X53.8759Y50.7668
G01 X54.3932Y51.1504
G01 X54.9456Y51.4815
G01 X55.5278Y51.7569
G01 X56.1342Y51.9738
G01 X56.7589Y52.1303
G01 X57.3959Y52.2248
G01 X58.0391Y52.2564
G01 X58.6824Y52.2248
G01 X59.3194Y52.1303
G01 X59.9441Y51.9738
G01 X60.5505Y51.7569
G01 X61.1327Y51.4815
G01 X61.6851Y51.1504
G01 X62.2024Y50.7668
G01 X62.6795Y50.3343
G01 X63.1120Y49.8571
G01 X63.4957Y49.3398
G01 X63.8268Y48.7874
G01 X64.1021Y48.2053
G01 X64.3191Y47.5989
G01 X64.4756Y46.9742
G01 X64.5700Y46.3371
G01 X64.6016Y45.6939
G01 X64.9766Y45.6939
G01 X64.9432Y45.0139
G01 X64.8433Y44.3405
G01 X64.6779Y43.6801
G01 X64.4486Y43.0390
G01 X64.1575Y42.4236
G01 X63.8075Y41.8396
G01 X63.4019Y41.2928
G01 X62.9447Y40.7884
G01 X62.4403Y40.3311
G01 X61.8934Y39.9256
G01 X61.3095Y39.5756
G01 X60.6940Y39.2845
G01 X60.0530Y39.0551
G01 X59.3926Y38.8897
G01 X58.7191Y38.7898
G01 X58.0391Y38.7564
G01 X57.3592Y38.7898
G01 X56.6857Y38.8897
G01 X56.0253Y39.0551
G01 X55.3843Y39.2845
G01 X54.7688Y39.5756
G01 X54.1849Y39.9256
G01 X53.6380Y40.3311
G01 X53.1336Y40.7884
G01 X52.6764Y41.2928
G01 X52.2708Y41.8396
G01 X51.9208Y42.4236
G01 X51.6297Y43.0390
G01 X51.4004Y43.6801
G01 X51.2350Y44.3405
G01 X51.1351Y45.0139
G01 X51.1016Y45.6939
G01 X51.1351Y46.3739
G01 X51.2350Y47.0473
G01 X51.4004Y47.7078
G01 X51.6297Y48.3488
G01 X51.9208Y48.9642
G01 X52.2708Y49.5482
G01 X52.6764Y50.0950
G01 X53.1336Y50.5995
G01 X53.6380Y51.0567
G01 X54.1849Y51.4622
G01 X54.7688Y51.8122
G01 X55.3843Y52.1033
G01 X56.0253Y52.3327
G01 X56.6857Y52.4981
G01 X57.3592Y52.5980
G01 X58.0391Y52.6314
G01 X58.7191Y52.5980
G01 X59.3926Y52.4981
G01 X60.0530Y52.3327
G01 X60.6940Y52.1033
G01 X61.3095Y51.8122
G01 X61.8934Y51.4622
G01 X62.4403Y51.0567
G01 X62.9447Y50.5995
G01 X63.4019Y50.0950
G01 X63.8075Y49.5482
G01 X64.1575Y48.9642
G01 X64.4486Y48.3488
G01 X64.6779Y47.7078
G01 X64.8433Y47.0473
G01 X64.9432Y46.3739
G01 X64.9766Y45.6939
G00 Z20.0000
G00 X73.5306Y35.9358
G01 Z20.0000
G01 X73.5127Y35.8644
G01 X73.5067Y35.8368
G01 X73.4897Y35.7240
G01 X73.4857Y35.6862
G01 X73.4804Y35.5790
G01 X73.4802Y35.5459
G01 X73.4857Y35.4338
G01 X73.4877Y35.4118
G01 X73.4921Y35.3797
G01 X73.4700Y35.4012
G01 X73.3900Y35.4737
G01 X73.3608Y35.4980
G01 X73.2562Y35.5753
G01 X73.2325Y35.5906
G01 X73.1862Y35.6183
G01 X73.2136Y35.6371
G01 X73.3051Y35.7053
G01 X73.3266Y35.7236
G01 X73.3993Y35.7895
G01 X73.4264Y35.8162
G01 X73.4964Y35.8934
G01 X73.5147Y35.9149
G01 X73.5306Y35.9358
G00 Z20.0000
G00 X73.4883Y35.4062
G01 Z20.0000
G01 X73.4798Y35.3920
G00 Z20.0000
G00 X75.2563Y31.5052
G01 Z20.0000
G01 X73.8165Y29.9166
G01 X72.1940Y28.4461
G01 X70.4353Y27.1417
G01 X68.5572Y26.0160
G01 X66.5778Y25.0798
G01 X64.5161Y24.3422
G01 X62.3921Y23.8101
G01 X60.2262Y23.4888
G01 X58.0391Y23.3814
G01 X55.8521Y23.4888
G01 X53.6862Y23.8101
G01 X51.5622Y24.3422
G01 X49.5005Y25.0798
G01 X47.5211Y26.0160
G01 X45.6430Y27.1417
G01 X43.8842Y28.4461
G01 X42.2618Y29.9166
G01 X40.9159Y31.4016
G00 Z20.0000
G00 X40.8195Y30.9502
G01 Z20.0000
G01 X41.9967Y29.6514
G01 X43.6464Y28.1562
G01 X45.4346Y26.8299
G01 X47.3443Y25.6853
G01 X49.3570Y24.7334
G01 X51.4533Y23.9833
G01 X53.6130Y23.4423
G01 X55.8154Y23.1157
G01 X58.0391Y23.0064
G01 X60.2629Y23.1157
G01 X62.4653Y23.4423
G01 X64.6250Y23.9833
G01 X66.7213Y24.7334
G01 X68.7340Y25.6853
G01 X70.6436Y26.8299
G01 X72.4319Y28.1562
G01 X74.0816Y29.6514
G01 X75.5768Y31.3011
G01 X76.0930Y31.9970
G01 X76.4521Y31.8525
G01 X75.8667Y31.0632
G01 X74.3468Y29.3863
G01 X72.6698Y27.8664
G01 X70.8520Y26.5181
G01 X68.9107Y25.3546
G01 X66.8648Y24.3869
G01 X64.7338Y23.6245
G01 X62.5384Y23.0745
G01 X60.2997Y22.7425
G01 X58.0391Y22.6314
G01 X55.7786Y22.7425
G01 X53.5399Y23.0745
G01 X51.3445Y23.6245
G01 X49.2135Y24.3869
G01 X47.1676Y25.3546
G01 X45.2263Y26.5181
G01 X43.4085Y27.8664
G01 X41.7315Y29.3863
G01 X40.6326Y30.5987
G00 Z20.0000
G00 X40.3792Y30.3206
G01 Z20.0000
G01 X41.4663Y29.1211
G01 X43.1706Y27.5765
G01 X45.0180Y26.2063
G01 X46.9908Y25.0239
G01 X49.0700Y24.0405
G01 X51.2356Y23.2656
G01 X53.4667Y22.7068
G01 X55.7419Y22.3693
G01 X58.0391Y22.2564
G01 X60.3364Y22.3693
G01 X62.6116Y22.7068
G01 X64.8427Y23.2656
G01 X67.0083Y24.0405
G01 X69.0875Y25.0239
G01 X71.0603Y26.2063
G01 X72.9077Y27.5765
G01 X74.6120Y29.1211
G01 X76.1566Y30.8253
G01 X76.7620Y31.6417
G00 Z20.0000
G00 X77.1297Y31.5087
G01 Z20.0000
G01 X76.4465Y30.5874
G01 X74.8771Y28.8559
G01 X73.1456Y27.2866
G01 X71.2687Y25.8945
G01 X69.2643Y24.6932
G01 X67.1518Y23.6940
G01 X64.9516Y22.9068
G01 X62.6847Y22.3390
G01 X60.3732Y21.9961
G01 X58.0391Y21.8814
G01 X55.7051Y21.9961
G01 X53.3936Y22.3390
G01 X51.1267Y22.9068
G01 X48.9265Y23.6940
G01 X46.8140Y24.6932
G01 X44.8096Y25.8945
G01 X42.9327Y27.2866
G01 X41.2012Y28.8559
G01 X40.0637Y30.1109
G00 Z20.0000
G00 X39.6793Y29.9773
G01 Z20.0000
G01 X40.9360Y28.5908
G01 X42.6948Y26.9967
G01 X44.6013Y25.5827
G01 X46.6372Y24.3624
G01 X48.7830Y23.3476
G01 X51.0179Y22.5479
G01 X53.3204Y21.9712
G01 X55.6684Y21.6229
G01 X58.0391Y21.5064
G01 X60.4099Y21.6229
G01 X62.7579Y21.9712
G01 X65.0604Y22.5479
G01 X67.2953Y23.3476
G01 X69.4411Y24.3624
G01 X71.4770Y25.5827
G01 X73.3835Y26.9967
G01 X75.1423Y28.5908
G01 X76.7363Y30.3495
G01 X77.5706Y31.4744
G00 Z20.0000
G00 X78.1518Y31.6293
G01 Z20.0000
G01 X77.0262Y30.1116
G01 X75.4075Y28.3256
G01 X73.6214Y26.7068
G01 X71.6853Y25.2709
G01 X69.6178Y24.0317
G01 X67.4388Y23.0011
G01 X65.1693Y22.1891
G01 X62.8311Y21.6034
G01 X60.4467Y21.2497
G01 X58.0391Y21.1314
G01 X55.6316Y21.2497
G01 X53.2472Y21.6034
G01 X50.9090Y22.1891
G01 X48.6395Y23.0011
G01 X46.4605Y24.0317
G01 X44.3930Y25.2709
G01 X42.4569Y26.7068
G01 X40.6708Y28.3256
G01 X39.1925Y29.9567
G00 Z20.0000
G00 X38.5203Y30.1999
G01 Z20.0000
G01 X38.7622Y29.8737
G01 X40.4057Y28.0604
G01 X42.2190Y26.4170
G01 X44.1846Y24.9591
G01 X46.2837Y23.7010
G01 X48.4960Y22.6547
G01 X50.8002Y21.8302
G01 X53.1741Y21.2356
G01 X55.5948Y20.8765
G01 X58.0391Y20.7564
G01 X60.4835Y20.8765
G01 X62.9042Y21.2356
G01 X65.2781Y21.8302
G01 X67.5823Y22.6547
G01 X69.7946Y23.7010
G01 X71.8937Y24.9591
G01 X73.8593Y26.4170
G01 X75.6726Y28.0604
G01 X77.3161Y29.8737
G01 X78.7739Y31.8394
G01 X78.8599Y31.9828
G00 Z20.0000
G00 X79.1467Y31.7328
G01 Z20.0000
G01 X79.0857Y31.6310
G01 X77.6060Y29.6358
G01 X75.9378Y27.7953
G01 X74.0972Y26.1271
G01 X72.1020Y24.6473
G01 X69.9714Y23.3703
G01 X67.7258Y22.3082
G01 X65.3870Y21.4714
G01 X62.9774Y20.8678
G01 X60.5202Y20.5033
G01 X58.0391Y20.3814
G01 X55.5581Y20.5033
G01 X53.1009Y20.8678
G01 X50.6913Y21.4714
G01 X48.3525Y22.3082
G01 X46.1069Y23.3703
G01 X43.9763Y24.6473
G01 X41.9811Y26.1271
G01 X40.1405Y27.7953
G01 X38.4723Y29.6358
G01 X37.9141Y30.3885
G00 Z20.0000
G00 X37.6161Y30.1616
G01 Z20.0000
G01 X38.1824Y29.3979
G01 X39.8753Y27.5301
G01 X41.7432Y25.8372
G01 X43.7679Y24.3355
G01 X45.9301Y23.0396
G01 X48.2090Y21.9618
G01 X50.5825Y21.1125
G01 X53.0278Y20.5000
G01 X55.5213Y20.1301
G01 X58.0391Y20.0064
G01 X60.5570Y20.1301
G01 X63.0505Y20.5000
G01 X65.4958Y21.1125
G01 X67.8693Y21.9618
G01 X70.1482Y23.0396
G01 X72.3104Y24.3355
G01 X74.3351Y25.8372
G01 X76.2030Y27.5301
G01 X77.8959Y29.3979
G01 X79.3975Y31.4227
G01 X79.4822Y31.5640
G00 Z20.0000
G00 X79.8666Y31.4768
G01 Z20.0000
G01 X79.7093Y31.2144
G01 X78.1857Y29.1600
G01 X76.4681Y27.2649
G01 X74.5730Y25.5473
G01 X72.5187Y24.0237
G01 X70.3249Y22.7088
G01 X68.0128Y21.6153
G01 X65.6047Y20.7536
G01 X63.1237Y20.1322
G01 X60.5937Y19.7569
G01 X58.0391Y19.6314
G01 X55.4846Y19.7569
G01 X52.9546Y20.1322
G01 X50.4736Y20.7536
G01 X48.0655Y21.6153
G01 X45.7534Y22.7088
G01 X43.5596Y24.0237
G01 X41.5053Y25.5473
G01 X39.6102Y27.2649
G01 X37.8926Y29.1600
G01 X37.2636Y30.0081
G00 Z20.0000
G00 X36.8432Y29.9462
G01 Z20.0000
G01 X37.6027Y28.9221
G01 X39.3450Y26.9998
G01 X41.2674Y25.2574
G01 X43.3513Y23.7119
G01 X45.5766Y22.3781
G01 X47.9220Y21.2688
G01 X50.3647Y20.3948
G01 X52.8814Y19.7644
G01 X55.4478Y19.3837
G01 X56.9194Y19.3114
G00 Z20.0000
G00 X57.5296Y19.2814
G01 Z20.0000
G01 X58.0391Y19.2564
G01 X60.6305Y19.3837
G01 X63.1968Y19.7644
G01 X65.7136Y20.3948
G01 X68.1563Y21.2688
G01 X70.5017Y22.3781
G01 X72.7270Y23.7119
G01 X74.8109Y25.2574
G01 X76.7333Y26.9998
G01 X78.4756Y28.9221
G01 X80.0211Y31.0060
G01 X80.3178Y31.5009
G00 Z20.0000
G00 X80.9088Y31.7585
G01 Z20.0000
G01 X80.3329Y30.7977
G01 X78.7655Y28.6842
G01 X76.9984Y26.7346
G01 X75.0488Y24.9676
G01 X72.9354Y23.4001
G01 X70.6785Y22.0474
G01 X68.2998Y20.9224
G01 X65.8224Y20.0359
G01 X63.2700Y19.3966
G01 X62.5665Y19.2922
G00 Z20.0000
G00 X63.1788Y19.0044
G01 Z20.0000
G01 X63.3432Y19.0288
G01 X65.9313Y19.6771
G01 X68.4434Y20.5759
G01 X70.8552Y21.7167
G01 X73.1437Y23.0883
G01 X75.2867Y24.6777
G01 X77.2636Y26.4694
G01 X79.0554Y28.4463
G01 X80.6447Y30.5893
G01 X81.4482Y31.9299
G00 Z20.0000
G00 X81.7452Y31.6968
G01 Z20.0000
G01 X80.9565Y30.3810
G01 X79.3452Y28.2084
G01 X77.5288Y26.2043
G01 X75.5246Y24.3878
G01 X73.3521Y22.7765
G01 X71.0320Y21.3860
G01 X68.5869Y20.2295
G01 X66.0401Y19.3182
G01 X65.4515Y19.1708
G00 Z20.0000
G00 X65.8557Y18.8859
G01 Z20.0000
G01 X66.1490Y18.9594
G01 X66.4426Y19.0644
G00 Z20.0000
G00 X67.1657Y19.3232
G01 Z20.0000
G01 X68.7304Y19.8830
G01 X71.2088Y21.0552
G01 X73.5604Y22.4647
G01 X75.7625Y24.0979
G01 X77.7939Y25.9391
G01 X79.6351Y27.9705
G01 X81.2683Y30.1727
G01 X82.0882Y31.5406
G00 Z20.0000
G00 X82.4842Y31.4727
G01 Z20.0000
G01 X81.5801Y29.9643
G01 X79.9250Y27.7326
G01 X78.0591Y25.6739
G01 X76.0004Y23.8080
G01 X73.7687Y22.1529
G01 X71.3856Y20.7245
G01 X68.8739Y19.5366
G01 X67.9313Y19.1993
G00 Z20.0000
G00 X68.3312Y18.9446
G01 Z20.0000
G01 X69.0174Y19.1901
G01 X71.5623Y20.3938
G01 X73.9771Y21.8411
G01 X76.2383Y23.5182
G01 X78.3243Y25.4088
G01 X80.2149Y27.4948
G01 X81.8919Y29.7560
G01 X82.9517Y31.5241
G00 Z20.0000
G00 X83.6057Y31.8867
G01 Z20.0000
G01 X82.2037Y29.5476
G01 X80.5048Y27.2569
G01 X78.5894Y25.1436
G01 X76.4762Y23.2283
G01 X74.1854Y21.5293
G01 X71.7391Y20.0631
G01 X70.1333Y19.3036
G00 Z20.0000
G00 X70.6243Y19.1215
G01 Z20.0000
G01 X71.9159Y19.7324
G01 X74.3937Y21.2175
G01 X76.7141Y22.9384
G01 X78.8546Y24.8785
G01 X80.7946Y27.0190
G01 X82.5155Y29.3393
G01 X84.0007Y31.8172
G01 X84.0338Y31.8872
G00 Z20.0000
G00 X84.3420Y31.6628
G01 Z20.0000
G01 X84.3314Y31.6404
G01 X82.8273Y29.1310
G01 X81.0845Y26.7811
G01 X79.1198Y24.6133
G01 X76.9520Y22.6485
G01 X74.6021Y20.9057
G01 X72.0927Y19.4016
G01 X70.9571Y18.8645
G00 Z20.0000
G00 X72.6608Y19.3055
G01 Z20.0000
G01 X74.8104Y20.5939
G01 X77.1899Y22.3587
G01 X79.3849Y24.3481
G01 X81.3744Y26.5432
G01 X83.1391Y28.9226
G01 X84.6621Y31.4636
G01 X84.6905Y31.5236
G00 Z20.0000
G00 X85.0796Y31.4702
G01 Z20.0000
G01 X84.9929Y31.2868
G01 X83.4509Y28.7143
G01 X81.6643Y26.3053
G01 X79.6501Y24.0830
G01 X77.4278Y22.0688
G01 X75.0188Y20.2821
G01 X73.1228Y19.1457
G00 Z20.0000
G00 X73.4528Y18.9068
G01 Z20.0000
G01 X75.2271Y19.9703
G01 X77.6657Y21.7789
G01 X79.9153Y23.8178
G01 X81.9542Y26.0674
G01 X83.7627Y28.5060
G01 X85.3236Y31.1101
G01 X85.5232Y31.5320
G00 Z20.0000
G00 X86.0754Y31.8237
G01 Z20.0000
G01 X85.6543Y30.9333
G01 X84.0745Y28.2976
G01 X82.2440Y25.8295
G01 X80.1804Y23.5526
G01 X77.9036Y21.4890
G01 X75.4354Y19.6585
G01 X74.8845Y19.3283
G00 Z20.0000
G00 X75.4586Y19.2357
G01 Z20.0000
G01 X75.6438Y19.3467
G01 X78.1415Y21.1991
G01 X80.4456Y23.2875
G01 X82.5339Y25.5916
G01 X84.3863Y28.0893
G01 X85.9850Y30.7565
G01 X86.5362Y31.9219
G00 Z20.0000
G00 X86.8399Y31.6880
G01 Z20.0000
G01 X86.3157Y30.5797
G01 X84.6981Y27.8809
G01 X82.8238Y25.3537
G01 X80.7108Y23.0223
G01 X78.3794Y20.9093
G01 X75.8521Y19.0349
G01 X75.8441Y19.0301
G00 Z20.0000
G00 X76.1230Y18.7695
G01 Z20.0000
G01 X78.6173Y20.6194
G01 X80.9759Y22.7571
G01 X83.1137Y25.1158
G01 X85.0099Y27.6726
G01 X86.6465Y30.4030
G01 X87.1824Y31.5361
G00 Z20.0000
G00 X87.5667Y31.4726
G01 Z20.0000
G01 X86.9772Y30.2262
G01 X85.3217Y27.4643
G01 X83.4036Y24.8779
G01 X81.2411Y22.4920
G01 X78.8552Y20.3295
G01 X77.5059Y19.3288
G00 Z20.0000
G00 X78.0057Y19.2332
G01 Z20.0000
G01 X79.0931Y20.0396
G01 X81.5063Y22.2268
G01 X83.6934Y24.6400
G01 X85.6335Y27.2559
G01 X87.3079Y30.0494
G01 X88.0018Y31.5166
G00 Z20.0000
G00 X88.5315Y31.7605
G01 Z20.0000
G01 X87.6386Y29.8727
G01 X85.9453Y27.0476
G01 X83.9833Y24.4021
G01 X81.7714Y21.9616
G01 X79.3310Y19.7497
G01 X78.3724Y19.0388
G00 Z20.0000
G00 X78.6531Y18.7807
G01 Z20.0000
G01 X79.5689Y19.4599
G01 X82.0366Y21.6965
G01 X84.2732Y24.1642
G01 X86.2571Y26.8392
G01 X87.9694Y29.6959
G01 X89.0403Y31.9603
G00 Z20.0000
G00 X89.3378Y31.7132
G01 Z20.0000
G01 X88.3001Y29.5191
G01 X86.5690Y26.6309
G01 X84.5631Y23.9263
G01 X82.3018Y21.4313
G01 X79.9824Y19.3292
G00 Z20.0000
G00 X80.4655Y19.2615
G01 Z20.0000
G01 X82.5669Y21.1661
G01 X84.8529Y23.6884
G01 X86.8808Y26.4226
G01 X88.6308Y29.3423
G01 X89.6759Y31.5520
G00 Z20.0000
G00 X90.0539Y31.4752
G01 Z20.0000
G01 X88.9615Y29.1656
G01 X87.1926Y26.2142
G01 X85.1428Y23.4505
G01 X82.8321Y20.9010
G01 X80.8351Y19.0910
G00 Z20.0000
G00 X81.1288Y18.8517
G01 Z20.0000
G01 X83.0972Y20.6358
G01 X85.4327Y23.2126
G01 X87.5044Y26.0059
G01 X89.2922Y28.9888
G01 X90.4807Y31.5016
G00 Z20.0000
G00 X90.9923Y31.7073
G01 Z20.0000
G01 X89.6230Y28.8120
G01 X87.8162Y25.7975
G01 X85.7226Y22.9747
G01 X83.3624Y20.3706
G01 X82.1569Y19.2781
G00 Z20.0000
G00 X82.7556Y19.3151
G01 Z20.0000
G01 X83.6276Y20.1055
G01 X86.0125Y22.7368
G01 X88.1280Y25.5892
G01 X89.9537Y28.6352
G01 X91.4720Y31.8456
G01 X91.5714Y32.1232
G00 Z20.0000
G00 X91.8681Y31.8406
G01 Z20.0000
G01 X91.8185Y31.7020
G01 X90.2844Y28.4585
G01 X88.4398Y25.3809
G01 X86.3023Y22.4989
G01 X83.8927Y19.8403
G01 X83.1806Y19.1949
G00 Z20.0000
G00 X83.5150Y18.9924
G01 Z20.0000
G01 X84.1579Y19.5752
G01 X86.5922Y22.2610
G01 X88.7516Y25.1725
G01 X90.6151Y28.2817
G01 X92.1649Y31.5585
G01 X92.2023Y31.6629
G00 Z20.0000
G00 X92.5693Y31.5769
G01 Z20.0000
G01 X92.5114Y31.4150
G01 X90.9458Y28.1049
G01 X89.0634Y24.9642
G01 X86.8821Y22.0231
G01 X84.4231Y19.3100
G01 X83.7774Y18.7248
G00 Z20.0000
G00 X84.9401Y19.3227
G01 Z20.0000
G01 X87.1720Y21.7852
G01 X89.3752Y24.7559
G01 X91.2766Y27.9281
G01 X92.8579Y31.2715
G01 X92.9734Y31.5945
G00 Z20.0000
G00 X93.4317Y31.7634
G01 Z20.0000
G01 X93.2043Y31.1280
G01 X91.6073Y27.7514
G01 X89.6870Y24.5475
G01 X87.4619Y21.5473
G01 X85.4196Y19.2940
G01 X86.6576Y18.9868
G01 X88.3315Y20.8336
G01 X90.6224Y23.9225
G01 X92.5994Y27.2210
G01 X94.2437Y30.6975
G01 X95.5392Y34.3184
G01 X96.4737Y38.0488
G01 X97.0380Y41.8529
G01 X97.2266Y45.6939
G00 Z20.0000
G00 X91.6277Y15.5468
G01 Z20.0000
G01 X89.9915Y13.7415
G01 X86.7058Y10.7635
G01 X83.1440Y8.1219
G01 X82.7503Y7.8859
G00 Z20.0000
G00 X83.2345Y7.7394
G01 Z20.0000
G01 X83.3523Y7.8101
G01 X86.9437Y10.4736
G01 X90.2567Y13.4764
G01 X91.9102Y15.3007
G00 Z20.0000
G00 X92.2623Y15.1314
G01 Z20.0000
G01 X90.5219Y13.2112
G01 X87.1816Y10.1837
G01 X83.5763Y7.5099
G00 Z20.0000
G00 X84.6416Y7.8337
G01 Z20.0000
G01 X87.4195Y9.8939
G01 X90.7870Y12.9460
G01 X92.7031Y15.0601
G00 Z20.0000
G00 X93.3404Y15.2055
G01 Z20.0000
G01 X91.0522Y12.6809
G01 X87.6574Y9.6040
G01 X85.3324Y7.8797
G00 Z20.0000
G00 X81.1705Y7.3757
G01 Z20.0000
G01 X82.9356Y8.4337
G01 X86.4679Y11.0534
G01 X89.7264Y14.0067
G01 X90.6650Y15.0423
G00 Z20.0000
G00 X90.0881Y14.9635
G01 Z20.0000
G01 X89.4612Y14.2718
G01 X86.2300Y11.3433
G01 X82.7273Y8.7455
G01 X80.8757Y7.6357
G00 Z20.0000
G00 X80.4709Y7.8297
G01 Z20.0000
G01 X82.5190Y9.0573
G01 X85.9921Y11.6331
G01 X89.1960Y14.5370
G01 X89.6591Y15.0480
G00 Z20.0000
G00 X89.3100Y15.2205
G01 Z20.0000
G01 X88.9309Y14.8022
G01 X85.7542Y11.9230
G01 X82.3106Y9.3691
G01 X79.8445Y7.8909
G00 Z20.0000
G00 X78.4899Y7.5157
G01 Z20.0000
G01 X82.1023Y9.6809
G01 X85.5163Y12.2129
G01 X88.6657Y15.0673
G01 X89.0266Y15.4655
G00 Z20.0000
G00 X88.0559Y15.0202
G01 Z20.0000
G01 X85.2784Y12.5028
G01 X81.8939Y9.9927
G01 X78.2797Y7.8264
G01 X78.1251Y7.7533
G00 Z20.0000
G00 X77.5519Y7.8965
G01 Z20.0000
G01 X78.1030Y8.1571
G01 X81.6856Y10.3045
G01 X85.0405Y12.7927
G01 X87.4449Y14.9718
G00 Z20.0000
G00 X87.0150Y15.0877
G01 Z20.0000
G01 X84.8026Y13.0825
G01 X81.4773Y10.6163
G01 X77.9262Y8.4879
G01 X75.9226Y7.5402
G00 Z20.0000
G00 X76.1892Y7.2520
G01 Z20.0000
G01 X76.2225Y7.2678
G00 Z20.0000
G00 X75.5411Y7.7741
G01 Z20.0000
G01 X77.7494Y8.8186
G01 X81.2689Y10.9281
G01 X84.5647Y13.3724
G01 X86.6781Y15.2879
G00 Z20.0000
G00 X86.4122Y15.5523
G01 Z20.0000
G01 X84.3268Y13.6623
G01 X81.0606Y11.2399
G01 X77.5727Y9.1493
G01 X74.9311Y7.8999
G00 Z20.0000
G00 X73.7554Y7.3601
G01 Z20.0000
G01 X73.6081Y7.3074
G00 Z20.0000
G00 X73.3075Y7.5977
G01 Z20.0000
G01 X73.7531Y7.7571
G01 X77.3959Y9.4800
G01 X80.8523Y11.5517
G01 X84.0889Y13.9522
G01 X85.2066Y14.9652
G00 Z20.0000
G00 X84.6997Y15.0112
G01 Z20.0000
G01 X83.8510Y14.2420
G01 X80.6439Y11.8635
G01 X77.2191Y9.8107
G01 X73.6096Y8.1036
G01 X72.8474Y7.8309
G00 Z20.0000
G00 X70.8657Y7.5196
G01 Z20.0000
G01 X73.4661Y8.4500
G01 X77.0423Y10.1415
G01 X80.4356Y12.1753
G01 X83.6131Y14.5319
G01 X84.3156Y15.1686
G00 Z20.0000
G00 X84.0109Y15.3979
G01 Z20.0000
G01 X83.3752Y14.8218
G01 X80.2272Y12.4871
G01 X76.8656Y10.4722
G01 X73.3226Y8.7965
G01 X70.4629Y7.7733
G00 Z20.0000
G00 X71.2715Y5.2780
G01 Z20.0000
G01 X70.7552Y5.0932
G00 Z20.0000
G00 X68.3657Y15.3767
G01 Z20.0000
G01 X68.6839Y15.4906
G00 Z20.0000
G00 X66.1494Y15.4844
G01 Z20.0000
G01 X65.8651Y15.4132
G00 Z20.0000
G00 X63.5133Y18.6853
G01 Z20.0000
G01 X63.4909Y18.6797
G00 Z20.0000
G00 X61.4690Y19.1295
G01 Z20.0000
G01 X60.6672Y19.0105
G01 X60.6329Y19.0088
G00 Z20.0000
G00 X60.9547Y18.6745
G01 Z20.0000
G01 X60.9666Y18.6763
G00 Z20.0000
G00 X58.6312Y18.9105
G01 Z20.0000
G01 X58.2305Y18.8908
G00 Z20.0000
G00 X56.1613Y18.9737
G01 Z20.0000
G01 X55.4111Y19.0105
G01 X55.3633Y19.0176
G00 Z20.0000
G00 X55.7932Y18.6167
G01 Z20.0000
G01 X55.8445Y18.6142
G00 Z20.0000
G00 X54.2484Y19.1830
G01 Z20.0000
G01 X52.8083Y19.3966
G01 X50.2559Y20.0359
G01 X47.7784Y20.9224
G01 X45.3998Y22.0474
G01 X43.1429Y23.4001
G01 X41.0295Y24.9676
G01 X39.0798Y26.7346
G01 X37.3128Y28.6842
G01 X36.3091Y30.0375
G00 Z20.0000
G00 X33.2252Y33.7708
G01 Z20.0000
G01 X33.7312Y32.7010
G01 X35.1218Y30.3810
G01 X36.7330Y28.2084
G01 X38.5495Y26.2043
G01 X39.4098Y25.4246
G00 Z20.0000
G00 X38.9232Y25.3601
G01 Z20.0000
G01 X38.2844Y25.9391
G01 X36.4432Y27.9705
G01 X34.8100Y30.1727
G01 X33.4005Y32.5243
G01 X32.8106Y33.7714
G00 Z20.0000
G00 X32.3254Y33.9214
G01 Z20.0000
G01 X33.0698Y32.3475
G01 X34.4982Y29.9643
G01 X36.1533Y27.7326
G01 X38.0192Y25.6739
G01 X38.5518Y25.1912
G00 Z20.0000
G00 X22.6308Y24.2646
G01 Z20.0000
G01 X21.4945Y26.1604
G01 X19.7559Y29.8365
G01 X18.3859Y33.6652
G01 X17.3979Y37.6099
G01 X16.8012Y41.6323
G01 X16.6016Y45.6939
G01 X16.6582Y46.8458
G00 Z20.0000
G00 X16.3021Y47.2298
G01 Z20.0000
G01 X16.2266Y45.6939
G01 X16.4280Y41.5956
G01 X17.0301Y37.5367
G01 X18.0271Y33.5564
G01 X19.4094Y29.6930
G01 X21.1638Y25.9836
G01 X22.6106Y23.5698
G00 Z20.0000
G00 X22.5801Y23.8870
G01 Z20.0000
G01 X22.5804Y23.8570
G01 X22.5858Y23.7461
G01 X22.5902Y23.7022
G01 X22.6060Y23.5954
G01 X22.6111Y23.5676
G01 X22.6450Y23.4320
G01 X22.6537Y23.4051
G01 X22.6900Y23.3034
G01 X22.7069Y23.2626
G01 X22.7531Y23.1651
G01 X22.7660Y23.1400
G01 X22.8294Y23.0335
G01 X22.8447Y23.0098
G01 X22.9280Y22.8975
G01 X22.9463Y22.8760
G01 X23.0188Y22.7960
G01 X23.0500Y22.7648
G01 X23.1300Y22.6923
G01 X23.1515Y22.6740
G01 X23.2638Y22.5907
G01 X23.2875Y22.5754
G01 X23.3801Y22.5199
G01 X23.4136Y22.5018
G01 X23.5166Y22.4529
G01 X23.5574Y22.4360
G01 X23.6591Y22.3997
G01 X23.6860Y22.3910
G01 X23.8216Y22.3571
G01 X23.8494Y22.3520
G01 X23.9720Y22.3341
G01 X24.0001Y22.3318
G01 X24.1079Y22.3265
G01 X24.1459Y22.3263
G01 X24.2599Y22.3318
G01 X24.3038Y22.3362
G01 X24.4106Y22.3520
G01 X24.4384Y22.3571
G01 X24.5740Y22.3910
G01 X24.6009Y22.3997
G01 X24.7175Y22.4417
G01 X24.7434Y22.4529
G01 X24.8409Y22.4991
G01 X24.8746Y22.5168
G01 X24.9725Y22.5754
G01 X25.0092Y22.5999
G01 X25.0959Y22.6642
G01 X25.1180Y22.6818
G01 X25.2216Y22.7757
G01 X25.2412Y22.7960
G01 X25.3242Y22.8880
G01 X25.3418Y22.9101
G01 X25.4000Y22.9886
G01 X25.4582Y22.9101
G01 X25.4758Y22.8880
G01 X25.5588Y22.7960
G01 X25.5900Y22.7648
G01 X25.6700Y22.6923
G01 X25.6915Y22.6740
G01 X25.7908Y22.5999
G01 X25.8275Y22.5754
G01 X25.9340Y22.5120
G01 X25.9591Y22.4991
G01 X26.0566Y22.4529
G01 X26.0974Y22.4360
G01 X26.2142Y22.3946
G01 X26.2413Y22.3869
G01 X26.3461Y22.3606
G01 X26.3833Y22.3530
G01 X26.5022Y22.3353
G01 X26.5401Y22.3318
G01 X26.6479Y22.3265
G01 X26.6761Y22.3261
G01 X26.7999Y22.3318
G01 X26.8438Y22.3362
G01 X26.9664Y22.3547
G01 X26.9939Y22.3606
G01 X27.1140Y22.3910
G01 X27.1409Y22.3997
G01 X27.2575Y22.4417
G01 X27.2834Y22.4529
G01 X27.3809Y22.4991
G01 X27.4060Y22.5120
G01 X27.5125Y22.5754
G01 X27.5362Y22.5907
G01 X27.6359Y22.6642
G01 X27.6580Y22.6818
G01 X27.7500Y22.7648
G01 X27.7703Y22.7844
G01 X27.8537Y22.8760
G01 X27.8818Y22.9101
G01 X27.9497Y23.0018
G01 X27.9706Y23.0335
G01 X28.0340Y23.1400
G01 X28.0469Y23.1651
G01 X28.0931Y23.2626
G01 X28.1100Y23.3034
G01 X28.1514Y23.4202
G01 X28.1591Y23.4473
G01 X28.1854Y23.5521
G01 X28.1940Y23.5954
G01 X28.2119Y23.7180
G01 X28.2142Y23.7461
G01 X28.2199Y23.8699
G01 X28.2195Y23.8981
G01 X28.2131Y24.0218
G01 X28.2098Y24.0498
G01 X28.1940Y24.1566
G01 X28.1889Y24.1844
G01 X28.1591Y24.3047
G01 X28.1463Y24.3469
G01 X28.1100Y24.4486
G01 X28.0996Y24.4748
G01 X28.0398Y24.6012
G01 X28.0261Y24.6259
G01 X27.9706Y24.7185
G01 X27.9461Y24.7552
G01 X27.8818Y24.8419
G01 X27.8642Y24.8640
G01 X27.7812Y24.9560
G01 X27.7500Y24.9872
G01 X27.6580Y25.0702
G01 X27.6359Y25.0878
G01 X27.5492Y25.1521
G01 X27.5125Y25.1766
G01 X27.4199Y25.2321
G01 X27.3952Y25.2458
G01 X27.2778Y25.3016
G01 X27.2426Y25.3160
G01 X27.1409Y25.3523
G01 X27.0987Y25.3651
G01 X26.9784Y25.3949
G01 X26.9506Y25.4000
G01 X26.8438Y25.4158
G01 X26.7999Y25.4202
G01 X26.6921Y25.4255
G01 X26.6639Y25.4259
G01 X26.5242Y25.4191
G01 X26.4962Y25.4158
G01 X26.3894Y25.4000
G01 X26.3461Y25.3914
G01 X26.2354Y25.3636
G01 X26.1991Y25.3523
G01 X26.0974Y25.3160
G01 X26.0712Y25.3056
G01 X25.9536Y25.2502
G01 X25.9201Y25.2321
G01 X25.8275Y25.1766
G01 X25.7908Y25.1521
G01 X25.7041Y25.0878
G01 X25.6820Y25.0702
G01 X25.5784Y24.9763
G01 X25.5588Y24.9560
G01 X25.4758Y24.8640
G01 X25.4582Y24.8419
G01 X25.4000Y24.7634
G01 X25.3418Y24.8419
G01 X25.3242Y24.8640
G01 X25.2412Y24.9560
G01 X25.2216Y24.9763
G01 X25.1180Y25.0702
G01 X25.0959Y25.0878
G01 X25.0092Y25.1521
G01 X24.9725Y25.1766
G01 X24.8799Y25.2321
G01 X24.8465Y25.2502
G01 X24.7288Y25.3056
G01 X24.7026Y25.3160
G01 X24.6009Y25.3523
G01 X24.5646Y25.3636
G01 X24.4539Y25.3914
G01 X24.4106Y25.4000
G01 X24.3038Y25.4158
G01 X24.2758Y25.4191
G01 X24.1361Y25.4259
G01 X24.1079Y25.4255
G01 X24.0001Y25.4202
G01 X23.9562Y25.4158
G01 X23.8494Y25.4000
G01 X23.8216Y25.3949
G01 X23.6954Y25.3636
G01 X23.6591Y25.3523
G01 X23.5574Y25.3160
G01 X23.5166Y25.2991
G01 X23.4191Y25.2529
G01 X23.3940Y25.2400
G01 X23.2875Y25.1766
G01 X23.2638Y25.1613
G01 X23.1515Y25.0780
G01 X23.1300Y25.0597
G01 X23.0500Y24.9872
G01 X23.0188Y24.9560
G01 X22.9422Y24.8714
G01 X22.9182Y24.8419
G01 X22.8539Y24.7552
G01 X22.8379Y24.7320
G01 X22.7660Y24.6120
G01 X22.7531Y24.5869
G01 X22.7004Y24.4748
G01 X22.6900Y24.4486
G01 X22.6537Y24.3469
G01 X22.6424Y24.3106
G01 X22.6146Y24.1999
G01 X22.6060Y24.1566
G01 X22.5902Y24.0498
G01 X22.5869Y24.0218
G01 X22.5801Y23.8870
G01 X18.9581Y21.6496
G01 X19.8435Y20.1724
G01 X22.5290Y16.5515
G01 X24.7212Y14.1328
G00 Z20.0000
G00 X24.1098Y14.2495
G01 Z20.0000
G01 X22.2391Y16.3136
G01 X19.5317Y19.9641
G01 X18.7770Y21.2232
G00 Z20.0000
G00 X18.5217Y20.9205
G01 Z20.0000
G01 X19.2199Y19.7557
G01 X21.9492Y16.0757
G01 X23.6680Y14.1793
G00 Z20.0000
G00 X23.3115Y14.0149
G01 Z20.0000
G01 X21.6593Y15.8378
G01 X18.9081Y19.5474
G01 X18.2132Y20.7067
G00 Z20.0000
G00 X17.8534Y20.5785
G01 Z20.0000
G01 X18.5963Y19.3390
G01 X21.3695Y15.5999
G01 X23.0188Y13.7801
G00 Z20.0000
G00 X22.7893Y13.4756
G01 Z20.0000
G01 X21.0796Y15.3620
G01 X18.2845Y19.1307
G01 X17.4328Y20.5517
G00 Z20.0000
G00 X16.9086Y20.6978
G01 Z20.0000
G01 X17.9727Y18.9224
G01 X20.7897Y15.1241
G01 X22.6316Y13.0918
G00 Z20.0000
G00 X22.5801Y12.7110
G01 Z20.0000
G01 X22.5805Y12.6779
G01 X22.5869Y12.5542
G01 X22.5902Y12.5262
G01 X22.6087Y12.4036
G01 X22.6146Y12.3761
G01 X22.6450Y12.2559
G01 X22.6537Y12.2291
G01 X22.6957Y12.1125
G01 X22.7069Y12.0866
G01 X22.7602Y11.9748
G01 X22.7739Y11.9501
G01 X22.8379Y11.8440
G01 X22.8539Y11.8208
G01 X22.9280Y11.7215
G01 X22.9463Y11.7000
G01 X23.0297Y11.6084
G01 X23.0500Y11.5888
G01 X23.1420Y11.5058
G01 X23.1641Y11.4882
G01 X23.2638Y11.4147
G01 X23.2875Y11.3994
G01 X23.3940Y11.3360
G01 X23.4191Y11.3231
G01 X23.5312Y11.2704
G01 X23.5574Y11.2600
G01 X23.6742Y11.2186
G01 X23.7013Y11.2109
G01 X23.8216Y11.1811
G01 X23.8494Y11.1760
G01 X23.9720Y11.1581
G01 X24.0001Y11.1558
G01 X24.1239Y11.1501
G01 X24.1521Y11.1505
G01 X24.2758Y11.1569
G01 X24.3038Y11.1602
G01 X24.4264Y11.1787
G01 X24.4539Y11.1846
G01 X24.5740Y11.2150
G01 X24.6009Y11.2237
G01 X24.7175Y11.2657
G01 X24.7434Y11.2769
G01 X24.8552Y11.3302
G01 X24.8799Y11.3439
G01 X24.9860Y11.4079
G01 X25.0092Y11.4239
G01 X25.1085Y11.4980
G01 X25.1300Y11.5163
G01 X25.2216Y11.5997
G01 X25.2412Y11.6200
G01 X25.3242Y11.7120
G01 X25.3418Y11.7341
G01 X25.4153Y11.8338
G01 X25.4306Y11.8575
G01 X25.4940Y11.9640
G01 X25.5069Y11.9891
G01 X25.5596Y12.1012
G01 X25.5700Y12.1274
G01 X25.6114Y12.2442
G01 X25.6191Y12.2713
G01 X25.6489Y12.3916
G01 X25.6540Y12.4194
G01 X25.6719Y12.5420
G01 X25.6742Y12.5701
G01 X25.6799Y12.6939
G01 X25.6795Y12.7221
G01 X25.6731Y12.8458
G01 X25.6698Y12.8738
G01 X25.6513Y12.9964
G01 X25.6454Y13.0239
G01 X25.6150Y13.1441
G01 X25.6063Y13.1709
G01 X25.5643Y13.2875
G01 X25.5531Y13.3134
G01 X25.4998Y13.4252
G01 X25.4861Y13.4499
G01 X25.4221Y13.5560
G01 X25.4061Y13.5792
G01 X25.3320Y13.6785
G01 X25.3137Y13.7000
G01 X25.2303Y13.7916
G01 X25.2100Y13.8112
G01 X25.1180Y13.8942
G01 X25.0959Y13.9118
G01 X24.9962Y13.9853
G01 X24.9725Y14.0006
G01 X24.8660Y14.0640
G01 X24.8409Y14.0769
G01 X24.7288Y14.1296
G01 X24.7026Y14.1400
G01 X24.5858Y14.1814
G01 X24.5587Y14.1891
G01 X24.4384Y14.2189
G01 X24.4106Y14.2240
G01 X24.2880Y14.2419
G01 X24.2599Y14.2442
G01 X24.1361Y14.2499
G01 X24.1079Y14.2495
G01 X23.9842Y14.2431
G01 X23.9562Y14.2398
G01 X23.8336Y14.2213
G01 X23.8061Y14.2154
G01 X23.6860Y14.1850
G01 X23.6591Y14.1763
G01 X23.5425Y14.1343
G01 X23.5166Y14.1231
G01 X23.4048Y14.0698
G01 X23.3801Y14.0561
G01 X23.2740Y13.9921
G01 X23.2508Y13.9761
G01 X23.1515Y13.9020
G01 X23.1300Y13.8837
G01 X23.0384Y13.8003
G01 X23.0188Y13.7800
G01 X22.9358Y13.6880
G01 X22.9182Y13.6659
G01 X22.8447Y13.5662
G01 X22.8294Y13.5425
G01 X22.7660Y13.4360
G01 X22.7531Y13.4109
G01 X22.7004Y13.2988
G01 X22.6900Y13.2726
G01 X22.6486Y13.1558
G01 X22.6409Y13.1287
G01 X22.6111Y13.0084
G01 X22.6060Y12.9806
G01 X22.5881Y12.8580
G01 X22.5858Y12.8299
G01 X22.5801Y12.7110
G00 Z20.0000
G00 X22.5851Y12.5855
G01 Z20.0000
G01 X20.4998Y14.8862
G01 X17.6609Y18.7140
G01 X15.2108Y22.8017
G01 X13.1732Y27.1098
G01 X11.5677Y31.5970
G01 X11.4354Y32.1254
G00 Z20.0000
G00 X11.3482Y34.0150
G01 Z20.0000
G01 X10.7776Y36.2930
G01 X10.0837Y40.9707
G01 X10.0511Y41.6348
G00 Z20.0000
G00 X10.4251Y41.6537
G01 Z20.0000
G01 X10.4569Y41.0075
G01 X11.1454Y36.3662
G01 X11.6894Y34.1942
G00 Z20.0000
G00 X12.0210Y34.4120
G01 Z20.0000
G01 X11.5131Y36.4393
G01 X10.8301Y41.0442
G01 X10.7946Y41.7670
G00 Z20.0000
G00 X11.1584Y41.9948
G01 Z20.0000
G01 X11.2033Y41.0810
G01 X11.8809Y36.5125
G01 X12.3762Y34.5354
G00 Z20.0000
G00 X12.7542Y34.5679
G01 Z20.0000
G01 X12.2487Y36.5856
G01 X11.5765Y41.1177
G01 X11.5247Y42.1706
G00 Z20.0000
G00 X11.9158Y41.8445
G01 Z20.0000
G01 X11.9497Y41.1545
G01 X12.6165Y36.6588
G01 X13.1570Y34.5010
G00 Z20.0000
G00 X10.8658Y34.3994
G01 Z20.0000
G01 X10.4098Y36.2198
G01 X9.7105Y40.9340
G01 X9.6724Y41.7096
G00 Z20.0000
G00 X9.2881Y41.8987
G01 Z20.0000
G01 X9.3373Y40.8972
G01 X10.0420Y36.1467
G01 X10.4435Y34.5435
G00 Z20.0000
G00 X10.0520Y34.5652
G01 Z20.0000
G01 X9.6742Y36.0735
G01 X8.9641Y40.8604
G01 X8.8940Y42.2872
G00 Z20.0000
G00 X8.5365Y41.9316
G01 Z20.0000
G01 X8.5909Y40.8237
G01 X9.3064Y36.0004
G01 X9.6836Y34.4944
G00 Z20.0000
G00 X9.3380Y34.3328
G01 Z20.0000
G01 X8.9386Y35.9272
G01 X8.2177Y40.7869
G01 X8.1713Y41.7324
G00 Z20.0000
G00 X7.8007Y41.6412
G01 Z20.0000
G01 X7.8445Y40.7502
G01 X8.5708Y35.8540
G01 X9.0185Y34.0666
G01 X8.5923Y34.2269
G01 X8.2030Y35.7809
G01 X7.4713Y40.7134
G01 X7.4256Y41.6432
G00 Z20.0000
G00 X7.0459Y41.7406
G01 Z20.0000
G01 X7.0981Y40.6767
G01 X7.8352Y35.7077
G01 X8.1433Y34.4776
G00 Z20.0000
G00 X7.7354Y34.5649
G01 Z20.0000
G01 X7.4674Y35.6346
G01 X6.7249Y40.6399
G01 X6.6599Y41.9640
G00 Z20.0000
G00 X6.2618Y42.4337
G01 Z20.0000
G01 X6.3517Y40.6031
G01 X7.0996Y35.5614
G01 X7.3539Y34.5462
G00 Z20.0000
G00 X6.9950Y34.4376
G01 Z20.0000
G01 X6.7318Y35.4882
G01 X5.9785Y40.5664
G01 X5.7266Y45.6939
G01 X5.9785Y50.8214
G01 X6.2458Y52.6234
G00 Z20.0000
G00 X6.5629Y52.2080
G01 Z20.0000
G01 X6.3517Y50.7847
G01 X6.1016Y45.6939
G01 X6.1952Y43.7896
G00 Z20.0000
G00 X6.0701Y43.1910
G01 Z20.0000
G01 X6.0705Y43.1579
G01 X6.0769Y43.0342
G01 X6.0802Y43.0062
G01 X6.0987Y42.8836
G01 X6.1046Y42.8561
G01 X6.1350Y42.7359
G01 X6.1437Y42.7091
G01 X6.1857Y42.5925
G01 X6.1969Y42.5666
G01 X6.2502Y42.4548
G01 X6.2639Y42.4301
G01 X6.3279Y42.3240
G01 X6.3439Y42.3008
G01 X6.4180Y42.2015
G01 X6.4363Y42.1800
G01 X6.5197Y42.0884
G01 X6.5400Y42.0688
G01 X6.6320Y41.9858
G01 X6.6541Y41.9682
G01 X6.7538Y41.8947
G01 X6.7775Y41.8794
G01 X6.8840Y41.8160
G01 X6.9091Y41.8031
G01 X7.0212Y41.7504
G01 X7.0474Y41.7400
G01 X7.1642Y41.6986
G01 X7.1913Y41.6909
G01 X7.3116Y41.6611
G01 X7.3394Y41.6560
G01 X7.4620Y41.6381
G01 X7.4901Y41.6358
G01 X7.6139Y41.6301
G01 X7.6421Y41.6305
G01 X7.7499Y41.6358
G01 X7.7780Y41.6381
G01 X7.9006Y41.6560
G01 X7.9439Y41.6646
G01 X8.0487Y41.6909
G01 X8.0758Y41.6986
G01 X8.1926Y41.7400
G01 X8.2334Y41.7569
G01 X8.3452Y41.8102
G01 X8.3699Y41.8239
G01 X8.4625Y41.8794
G01 X8.4862Y41.8947
G01 X8.5859Y41.9682
G01 X8.6200Y41.9963
G01 X8.7045Y42.0729
G01 X8.7312Y42.1000
G01 X8.8142Y42.1920
G01 X8.8318Y42.2141
G01 X8.8900Y42.2926
G01 X8.9482Y42.2141
G01 X8.9658Y42.1920
G01 X9.0488Y42.1000
G01 X9.0684Y42.0797
G01 X9.1600Y41.9963
G01 X9.1815Y41.9780
G01 X9.2808Y41.9039
G01 X9.3040Y41.8879
G01 X9.4101Y41.8239
G01 X9.4348Y41.8102
G01 X9.5466Y41.7569
G01 X9.5725Y41.7457
G01 X9.6891Y41.7037
G01 X9.7160Y41.6950
G01 X9.8361Y41.6646
G01 X9.8794Y41.6560
G01 X9.9862Y41.6402
G01 X10.0142Y41.6369
G01 X10.1379Y41.6305
G01 X10.1821Y41.6305
G01 X10.2899Y41.6358
G01 X10.3180Y41.6381
G01 X10.4564Y41.6587
G01 X10.4839Y41.6646
G01 X10.5887Y41.6909
G01 X10.6309Y41.7037
G01 X10.7475Y41.7457
G01 X10.7734Y41.7569
G01 X10.8709Y41.8031
G01 X10.9099Y41.8239
G01 X11.0025Y41.8794
G01 X11.0262Y41.8947
G01 X11.1385Y41.9780
G01 X11.1600Y41.9963
G01 X11.2400Y42.0688
G01 X11.2712Y42.1000
G01 X11.3542Y42.1920
G01 X11.3718Y42.2141
G01 X11.4300Y42.2926
G01 X11.4882Y42.2141
G01 X11.5058Y42.1920
G01 X11.5888Y42.1000
G01 X11.6200Y42.0688
G01 X11.7000Y41.9963
G01 X11.7215Y41.9780
G01 X11.8338Y41.8947
G01 X11.8575Y41.8794
G01 X11.9501Y41.8239
G01 X11.9891Y41.8031
G01 X12.0866Y41.7569
G01 X12.1125Y41.7457
G01 X12.2442Y41.6986
G01 X12.2713Y41.6909
G01 X12.3761Y41.6646
G01 X12.4194Y41.6560
G01 X12.5262Y41.6402
G01 X12.5542Y41.6369
G01 X12.6939Y41.6301
G01 X12.7221Y41.6305
G01 X12.8299Y41.6358
G01 X12.8738Y41.6402
G01 X12.9806Y41.6560
G01 X13.0180Y41.6632
G01 X13.1287Y41.6909
G01 X13.1558Y41.6986
G01 X13.2875Y41.7457
G01 X13.3134Y41.7569
G01 X13.4252Y41.8102
G01 X13.4499Y41.8239
G01 X13.5425Y41.8794
G01 X13.5742Y41.9003
G01 X13.6659Y41.9682
G01 X13.7000Y41.9963
G01 X13.7800Y42.0688
G01 X13.8003Y42.0884
G01 X13.8837Y42.1800
G01 X13.9020Y42.2015
G01 X13.9853Y42.3138
G01 X14.0006Y42.3375
G01 X14.0561Y42.4301
G01 X14.0742Y42.4636
G01 X14.1231Y42.5666
G01 X14.1400Y42.6074
G01 X14.1763Y42.7091
G01 X14.1850Y42.7359
G01 X14.2154Y42.8561
G01 X14.2213Y42.8836
G01 X14.2419Y43.0220
G01 X14.2442Y43.0501
G01 X14.2499Y43.1739
G01 X14.2495Y43.2021
G01 X14.2431Y43.3258
G01 X14.2398Y43.3538
G01 X14.2213Y43.4764
G01 X14.2154Y43.5039
G01 X14.1850Y43.6241
G01 X14.1763Y43.6509
G01 X14.1343Y43.7675
G01 X14.1231Y43.7934
G01 X14.0698Y43.9052
G01 X14.0561Y43.9299
G01 X13.9921Y44.0360
G01 X13.9761Y44.0592
G01 X13.9020Y44.1585
G01 X13.8837Y44.1800
G01 X13.8003Y44.2716
G01 X13.7800Y44.2912
G01 X13.6880Y44.3742
G01 X13.6659Y44.3918
G01 X13.5662Y44.4653
G01 X13.5425Y44.4806
G01 X13.4360Y44.5440
G01 X13.4109Y44.5569
G01 X13.2988Y44.6096
G01 X13.2726Y44.6200
G01 X13.1558Y44.6614
G01 X13.1287Y44.6691
G01 X13.0084Y44.6989
G01 X12.9806Y44.7040
G01 X12.8580Y44.7219
G01 X12.8299Y44.7242
G01 X12.7061Y44.7299
G01 X12.6779Y44.7295
G01 X12.5701Y44.7242
G01 X12.5420Y44.7219
G01 X12.4194Y44.7040
G01 X12.3761Y44.6954
G01 X12.2713Y44.6691
G01 X12.2442Y44.6614
G01 X12.1274Y44.6200
G01 X12.0866Y44.6031
G01 X11.9748Y44.5498
G01 X11.9501Y44.5361
G01 X11.8575Y44.4806
G01 X11.8338Y44.4653
G01 X11.7341Y44.3918
G01 X11.7000Y44.3637
G01 X11.6155Y44.2871
G01 X11.5888Y44.2600
G01 X11.5058Y44.1680
G01 X11.4882Y44.1459
G01 X11.4300Y44.0674
G01 X11.3718Y44.1459
G01 X11.3542Y44.1680
G01 X11.2712Y44.2600
G01 X11.2516Y44.2803
G01 X11.1600Y44.3637
G01 X11.1385Y44.3820
G01 X11.0392Y44.4561
G01 X11.0160Y44.4721
G01 X10.9099Y44.5361
G01 X10.8852Y44.5498
G01 X10.7734Y44.6031
G01 X10.7475Y44.6143
G01 X10.6309Y44.6563
G01 X10.6040Y44.6650
G01 X10.4839Y44.6954
G01 X10.4406Y44.7040
G01 X10.3338Y44.7198
G01 X10.3058Y44.7231
G01 X10.1821Y44.7295
G01 X10.1379Y44.7295
G01 X10.0301Y44.7242
G01 X10.0020Y44.7219
G01 X9.8636Y44.7013
G01 X9.8361Y44.6954
G01 X9.7313Y44.6691
G01 X9.6891Y44.6563
G01 X9.5725Y44.6143
G01 X9.5466Y44.6031
G01 X9.4491Y44.5569
G01 X9.4101Y44.5361
G01 X9.3175Y44.4806
G01 X9.2938Y44.4653
G01 X9.1815Y44.3820
G01 X9.1600Y44.3637
G01 X9.0800Y44.2912
G01 X9.0488Y44.2600
G01 X8.9658Y44.1680
G01 X8.9482Y44.1459
G01 X8.8900Y44.0674
G01 X8.8318Y44.1459
G01 X8.8142Y44.1680
G01 X8.7312Y44.2600
G01 X8.7000Y44.2912
G01 X8.6200Y44.3637
G01 X8.5985Y44.3820
G01 X8.4862Y44.4653
G01 X8.4625Y44.4806
G01 X8.3699Y44.5361
G01 X8.3309Y44.5569
G01 X8.2334Y44.6031
G01 X8.2075Y44.6143
G01 X8.0758Y44.6614
G01 X8.0487Y44.6691
G01 X7.9439Y44.6954
G01 X7.9006Y44.7040
G01 X7.7938Y44.7198
G01 X7.7658Y44.7231
G01 X7.6261Y44.7299
G01 X7.5979Y44.7295
G01 X7.4901Y44.7242
G01 X7.4462Y44.7198
G01 X7.3394Y44.7040
G01 X7.3020Y44.6968
G01 X7.1913Y44.6691
G01 X7.1642Y44.6614
G01 X7.0325Y44.6143
G01 X7.0066Y44.6031
G01 X6.8948Y44.5498
G01 X6.8701Y44.5361
G01 X6.7775Y44.4806
G01 X6.7458Y44.4597
G01 X6.6541Y44.3918
G01 X6.6200Y44.3637
G01 X6.5400Y44.2912
G01 X6.5197Y44.2716
G01 X6.4363Y44.1800
G01 X6.4180Y44.1585
G01 X6.3347Y44.0462
G01 X6.3194Y44.0225
G01 X6.2639Y43.9299
G01 X6.2458Y43.8964
G01 X6.1969Y43.7934
G01 X6.1800Y43.7526
G01 X6.1437Y43.6509
G01 X6.1350Y43.6241
G01 X6.1046Y43.5039
G01 X6.0987Y43.4764
G01 X6.0781Y43.3380
G01 X6.0758Y43.3099
G01 X6.0701Y43.1910
G00 Z20.0000
G00 X6.5453Y44.2961
G01 Z20.0000
G01 X6.4766Y45.6939
G01 X6.7249Y50.7479
G01 X6.9055Y51.9649
G00 Z20.0000
G00 X7.2645Y51.8325
G01 Z20.0000
G01 X7.0981Y50.7112
G01 X6.8516Y45.6939
G01 X6.9075Y44.5562
G00 Z20.0000
G00 X7.2760Y44.6903
G01 Z20.0000
G01 X7.2266Y45.6939
G01 X7.4713Y50.6744
G01 X7.6369Y51.7903
G00 Z20.0000
G00 X8.0235Y51.8446
G01 Z20.0000
G01 X7.8445Y50.6376
G01 X7.6016Y45.6939
G01 X7.6490Y44.7291
G00 Z20.0000
G00 X8.0267Y44.6746
G01 Z20.0000
G01 X7.9766Y45.6939
G01 X8.2177Y50.6009
G01 X8.4280Y52.0188
G00 Z20.0000
G00 X8.8663Y52.4207
G01 Z20.0000
G01 X8.5909Y50.5641
G01 X8.3516Y45.6939
G01 X8.4097Y44.5122
G00 Z20.0000
G00 X8.8009Y44.1832
G01 Z20.0000
G01 X8.7266Y45.6939
G01 X8.9641Y50.5274
G01 X9.2008Y52.1233
G00 Z20.0000
G00 X9.5487Y51.9160
G01 Z20.0000
G01 X9.3373Y50.4906
G01 X9.1016Y45.6939
G01 X9.1667Y44.3697
G00 Z20.0000
G00 X9.5306Y44.5955
G01 Z20.0000
G01 X9.4766Y45.6939
G01 X9.7105Y50.4539
G01 X9.9118Y51.8112
G00 Z20.0000
G00 X10.2882Y51.7958
G01 Z20.0000
G01 X10.0837Y50.4171
G01 X9.8516Y45.6939
G01 X9.9001Y44.7071
G00 Z20.0000
G00 X10.2743Y44.7249
G01 Z20.0000
G01 X10.2266Y45.6939
G01 X10.4569Y50.3804
G01 X10.6795Y51.8811
G00 Z20.0000
G00 X11.0910Y52.1023
G01 Z20.0000
G01 X10.8301Y50.3436
G01 X10.6016Y45.6939
G01 X10.6530Y44.6484
G00 Z20.0000
G00 X11.0374Y44.4574
G01 Z20.0000
G01 X10.9766Y45.6939
G01 X11.2033Y50.3068
G01 X11.5065Y52.3512
G00 Z20.0000
G00 X11.8405Y52.0502
G01 Z20.0000
G01 X11.5765Y50.2701
G01 X11.3516Y45.6939
G01 X11.4315Y44.0693
G00 Z20.0000
G00 X11.7886Y44.4322
G01 Z20.0000
G01 X11.7266Y45.6939
G01 X11.9497Y50.2333
G01 X12.1934Y51.8764
G00 Z20.0000
G00 X12.5602Y51.7965
G01 Z20.0000
G01 X12.3229Y50.1966
G01 X12.1016Y45.6939
G01 X12.1539Y44.6294
G00 Z20.0000
G00 X12.5245Y44.7196
G01 Z20.0000
G01 X12.4766Y45.6939
G01 X12.6960Y50.1598
G01 X12.9408Y51.8101
G00 Z20.0000
G00 X13.3370Y51.9281
G01 Z20.0000
G01 X13.0692Y50.1231
G01 X12.8516Y45.6939
G01 X12.8997Y44.7160
G00 Z20.0000
G00 X13.2795Y44.6173
G01 Z20.0000
G01 X13.2266Y45.6939
G01 X13.4424Y50.0863
G01 X13.7572Y52.2080
G00 Z20.0000
G00 X14.0402Y54.1163
G01 Z20.0000
G01 X14.0877Y54.4364
G01 X15.1563Y58.7023
G01 X16.6378Y62.8429
G01 X18.5181Y66.8184
G01 X20.7789Y70.5904
G01 X23.3986Y74.1227
G01 X26.3519Y77.3811
G01 X29.2981Y80.0514
G00 Z20.0000
G00 X29.4978Y79.7269
G01 Z20.0000
G01 X26.6171Y77.1160
G01 X23.6885Y73.8848
G01 X21.0907Y70.3821
G01 X18.8488Y66.6416
G01 X16.9843Y62.6994
G01 X15.5151Y58.5934
G01 X14.4555Y54.3632
G01 X13.8156Y50.0495
G01 X13.6016Y45.6939
G01 X13.6656Y44.3920
G00 Z20.0000
G00 X14.0640Y43.9161
G01 Z20.0000
G01 X13.9766Y45.6939
G01 X14.1888Y50.0128
G01 X14.8233Y54.2901
G01 X15.8740Y58.4846
G01 X17.3307Y62.5559
G01 X19.1795Y66.4648
G01 X21.4025Y70.1737
G01 X23.9784Y73.6469
G01 X26.8823Y76.8508
G01 X29.7721Y79.4700
G00 Z20.0000
G00 X29.1838Y80.4533
G01 Z20.0000
G01 X26.0868Y77.6463
G01 X23.1087Y74.3606
G01 X20.4671Y70.7987
G01 X18.1873Y66.9951
G01 X16.2913Y62.9864
G01 X14.7974Y58.8111
G01 X13.7194Y54.5062
G00 Z20.0000
G00 X13.3884Y54.7276
G01 Z20.0000
G01 X14.4386Y58.9200
G01 X15.9449Y63.1299
G01 X17.8566Y67.1719
G01 X20.1553Y71.0071
G01 X22.8189Y74.5985
G01 X25.8216Y77.9115
G01 X29.1346Y80.9142
G01 X29.2074Y80.9682
G00 Z20.0000
G00 X29.1701Y80.6560
G01 Z20.0000
G01 X29.1704Y80.6260
G01 X29.1764Y80.5090
G01 X29.1797Y80.4810
G01 X29.1967Y80.3682
G01 X29.2027Y80.3406
G01 X29.2307Y80.2300
G01 X29.2394Y80.2031
G01 X29.2781Y80.0958
G01 X29.2893Y80.0699
G01 X29.3384Y79.9669
G01 X29.3521Y79.9423
G01 X29.4110Y79.8446
G01 X29.4271Y79.8214
G01 X29.4953Y79.7299
G01 X29.5136Y79.7084
G01 X29.5904Y79.6241
G01 X29.6107Y79.6045
G01 X29.6954Y79.5281
G01 X29.7175Y79.5105
G01 X29.8093Y79.4428
G01 X29.8331Y79.4276
G01 X29.9311Y79.3692
G01 X29.9562Y79.3563
G01 X30.0595Y79.3078
G01 X30.0857Y79.2974
G01 X30.1932Y79.2593
G01 X30.2204Y79.2515
G01 X30.3311Y79.2241
G01 X30.3589Y79.2191
G01 X30.4718Y79.2027
G01 X30.4999Y79.2004
G01 X30.6139Y79.1951
G01 X30.6421Y79.1955
G01 X30.7560Y79.2015
G01 X30.7840Y79.2047
G01 X30.8968Y79.2217
G01 X30.9244Y79.2277
G01 X31.0350Y79.2557
G01 X31.0619Y79.2644
G01 X31.1692Y79.3031
G01 X31.1951Y79.3143
G01 X31.2981Y79.3634
G01 X31.3227Y79.3771
G01 X31.4204Y79.4360
G01 X31.4436Y79.4521
G01 X31.5351Y79.5203
G01 X31.5566Y79.5386
G01 X31.6409Y79.6154
G01 X31.6605Y79.6357
G01 X31.7369Y79.7204
G01 X31.7544Y79.7425
G01 X31.8221Y79.8344
G01 X31.8374Y79.8581
G01 X31.8958Y79.9561
G01 X31.9087Y79.9812
G01 X31.9572Y80.0845
G01 X31.9676Y80.1107
G01 X32.0057Y80.2182
G01 X32.0134Y80.2454
G01 X32.0409Y80.3561
G01 X32.0459Y80.3839
G01 X32.0623Y80.4968
G01 X32.0646Y80.5249
G01 X32.0699Y80.6389
G01 X32.0694Y80.6671
G01 X32.0635Y80.7810
G01 X32.0603Y80.8090
G01 X32.0433Y80.9218
G01 X32.0373Y80.9494
G01 X32.0093Y81.0600
G01 X32.0006Y81.0869
G01 X31.9619Y81.1942
G01 X31.9507Y81.2201
G01 X31.9016Y81.3231
G01 X31.8879Y81.3477
G01 X31.8290Y81.4454
G01 X31.8129Y81.4686
G01 X31.7447Y81.5601
G01 X31.7264Y81.5816
G01 X31.6496Y81.6659
G01 X31.6293Y81.6855
G01 X31.5446Y81.7619
G01 X31.5224Y81.7795
G01 X31.4306Y81.8472
G01 X31.4069Y81.8624
G01 X31.3089Y81.9208
G01 X31.2838Y81.9337
G01 X31.1805Y81.9822
G01 X31.1543Y81.9926
G01 X31.0468Y82.0307
G01 X31.0196Y82.0385
G01 X30.9089Y82.0659
G01 X30.8811Y82.0709
G01 X30.7682Y82.0873
G01 X30.7401Y82.0896
G01 X30.6261Y82.0949
G01 X30.5979Y82.0945
G01 X30.4840Y82.0885
G01 X30.4559Y82.0853
G01 X30.3431Y82.0683
G01 X30.3156Y82.0623
G01 X30.2050Y82.0343
G01 X30.1781Y82.0256
G01 X30.0708Y81.9869
G01 X30.0449Y81.9757
G01 X29.9419Y81.9266
G01 X29.9172Y81.9129
G01 X29.8196Y81.8540
G01 X29.7964Y81.8379
G01 X29.7049Y81.7697
G01 X29.6834Y81.7514
G01 X29.5991Y81.6746
G01 X29.5795Y81.6543
G01 X29.5031Y81.5696
G01 X29.4855Y81.5475
G01 X29.4178Y81.4556
G01 X29.4025Y81.4319
G01 X29.3442Y81.3339
G01 X29.3313Y81.3088
G01 X29.2828Y81.2055
G01 X29.2724Y81.1793
G01 X29.2343Y81.0718
G01 X29.2265Y81.0446
G01 X29.1991Y80.9339
G01 X29.1941Y80.9061
G01 X29.1777Y80.7932
G01 X29.1753Y80.7651
G01 X29.1701Y80.6560
G00 Z20.0000
G00 X30.7208Y82.0906
G01 Z20.0000
G01 X32.7260Y83.5777
G01 X36.5611Y85.8764
G01 X37.8251Y86.4742
G00 Z20.0000
G00 X37.8475Y86.0705
G01 Z20.0000
G01 X36.7379Y85.5457
G01 X32.9343Y83.2659
G01 X31.1948Y81.9758
G00 Z20.0000
G00 X31.5401Y81.7656
G01 Z20.0000
G01 X33.1427Y82.9541
G01 X36.9147Y85.2150
G01 X37.9637Y85.7112
G00 Z20.0000
G00 X38.1612Y85.3902
G01 Z20.0000
G01 X37.0915Y84.8843
G01 X33.3510Y82.6423
G01 X31.7971Y81.4899
G00 Z20.0000
G00 X31.9758Y81.1561
G01 Z20.0000
G01 X33.5593Y82.3305
G01 X37.2682Y84.5536
G01 X38.4514Y85.1132
G00 Z20.0000
G00 X38.8667Y84.8953
G01 Z20.0000
G01 X37.4450Y84.2228
G01 X33.7677Y82.0187
G01 X32.0651Y80.7560
G00 Z20.0000
G00 X32.0153Y80.2528
G01 Z20.0000
G01 X33.9760Y81.7069
G01 X37.6218Y83.8921
G01 X39.6023Y84.8288
G00 Z20.0000
G00 X39.3479Y84.8105
G01 Z20.0000
G01 X39.3921Y84.8105
G01 X39.5158Y84.8169
G01 X39.5438Y84.8202
G01 X39.6664Y84.8387
G01 X39.6939Y84.8446
G01 X39.8141Y84.8750
G01 X39.8409Y84.8837
G01 X39.9575Y84.9257
G01 X39.9834Y84.9369
G01 X40.0952Y84.9902
G01 X40.1199Y85.0039
G01 X40.2260Y85.0679
G01 X40.2492Y85.0839
G01 X40.3485Y85.1580
G01 X40.3700Y85.1763
G01 X40.4616Y85.2597
G01 X40.4812Y85.2800
G01 X40.5642Y85.3720
G01 X40.5818Y85.3941
G01 X40.6553Y85.4938
G01 X40.6706Y85.5175
G01 X40.7340Y85.6240
G01 X40.7469Y85.6491
G01 X40.7996Y85.7612
G01 X40.8100Y85.7874
G01 X40.8514Y85.9042
G01 X40.8591Y85.9313
G01 X40.8889Y86.0516
G01 X40.8940Y86.0794
G01 X40.9119Y86.2020
G01 X40.9142Y86.2301
G01 X40.9199Y86.3539
G01 X40.9195Y86.3821
G01 X40.9131Y86.5058
G01 X40.9098Y86.5338
G01 X40.8913Y86.6564
G01 X40.8854Y86.6839
G01 X40.8550Y86.8040
G01 X40.8463Y86.8309
G01 X40.8043Y86.9475
G01 X40.7931Y86.9734
G01 X40.7398Y87.0852
G01 X40.7261Y87.1099
G01 X40.6621Y87.2160
G01 X40.6461Y87.2392
G01 X40.5720Y87.3385
G01 X40.5537Y87.3600
G01 X40.4703Y87.4516
G01 X40.4500Y87.4712
G01 X40.3580Y87.5542
G01 X40.3359Y87.5718
G01 X40.2362Y87.6453
G01 X40.2125Y87.6606
G01 X40.1060Y87.7240
G01 X40.0809Y87.7369
G01 X39.9688Y87.7896
G01 X39.9426Y87.8000
G01 X39.8258Y87.8414
G01 X39.7987Y87.8491
G01 X39.6784Y87.8789
G01 X39.6506Y87.8840
G01 X39.5280Y87.9019
G01 X39.4999Y87.9042
G01 X39.3761Y87.9099
G01 X39.3479Y87.9095
G01 X39.2242Y87.9031
G01 X39.1962Y87.8998
G01 X39.0736Y87.8813
G01 X39.0461Y87.8754
G01 X38.9259Y87.8450
G01 X38.8991Y87.8363
G01 X38.7825Y87.7943
G01 X38.7566Y87.7831
G01 X38.6448Y87.7298
G01 X38.6201Y87.7161
G01 X38.5140Y87.6521
G01 X38.4908Y87.6361
G01 X38.3915Y87.5620
G01 X38.3700Y87.5437
G01 X38.2784Y87.4603
G01 X38.2588Y87.4400
G01 X38.1758Y87.3480
G01 X38.1582Y87.3259
G01 X38.0847Y87.2262
G01 X38.0694Y87.2025
G01 X38.0060Y87.0960
G01 X37.9931Y87.0709
G01 X37.9404Y86.9588
G01 X37.9300Y86.9326
G01 X37.8886Y86.8158
G01 X37.8809Y86.7887
G01 X37.8511Y86.6684
G01 X37.8460Y86.6406
G01 X37.8281Y86.5180
G01 X37.8258Y86.4899
G01 X37.8201Y86.3649
G01 X37.8205Y86.3379
G01 X37.8269Y86.2142
G01 X37.8302Y86.1862
G01 X37.8487Y86.0636
G01 X37.8546Y86.0361
G01 X37.8850Y85.9160
G01 X37.8937Y85.8891
G01 X37.9357Y85.7725
G01 X37.9469Y85.7466
G01 X38.0002Y85.6348
G01 X38.0139Y85.6101
G01 X38.0779Y85.5040
G01 X38.0939Y85.4808
G01 X38.1680Y85.3815
G01 X38.1863Y85.3600
G01 X38.2697Y85.2684
G01 X38.2900Y85.2488
G01 X38.3820Y85.1658
G01 X38.4041Y85.1482
G01 X38.5038Y85.0747
G01 X38.5275Y85.0594
G01 X38.6340Y84.9960
G01 X38.6591Y84.9831
G01 X38.7712Y84.9304
G01 X38.7974Y84.9200
G01 X38.9142Y84.8786
G01 X38.9413Y84.8709
G01 X39.0616Y84.8411
G01 X39.0894Y84.8360
G01 X39.2120Y84.8181
G01 X39.2401Y84.8158
G01 X39.3479Y84.8105
G00 Z20.0000
G00 X37.9326Y86.9394
G01 Z20.0000
G01 X36.3844Y86.2072
G01 X32.5176Y83.8895
G01 X28.8967Y81.2041
G01 X25.5564Y78.1766
G01 X25.3316Y77.9285
G00 Z20.0000
G00 X25.0553Y77.6237
G01 Z20.0000
G01 X22.5290Y74.8363
G01 X19.8435Y71.2154
G01 X17.5259Y67.3487
G01 X15.5984Y63.2734
G01 X14.0797Y59.0289
G01 X13.0337Y54.8529
G00 Z20.0000
G00 X12.6565Y54.8884
G01 Z20.0000
G01 X13.7208Y59.1377
G01 X15.2520Y63.4169
G01 X17.1952Y67.5255
G01 X19.5317Y71.4238
G01 X22.2391Y75.0742
G01 X24.2523Y77.2955
G00 Z20.0000
G00 X23.7815Y77.3337
G01 Z20.0000
G01 X21.9492Y75.3121
G01 X19.2199Y71.6321
G01 X16.8645Y67.7022
G01 X14.9055Y63.5604
G01 X13.3620Y59.2466
G01 X12.2543Y54.8245
G00 Z20.0000
G00 X11.8450Y54.6327
G01 Z20.0000
G01 X11.8809Y54.8753
G01 X13.0031Y59.3554
G01 X14.5591Y63.7039
G01 X16.5337Y67.8790
G01 X18.9081Y71.8404
G01 X21.6593Y75.5500
G01 X23.4105Y77.4821
G00 Z20.0000
G00 X23.1106Y77.7090
G01 Z20.0000
G01 X21.3695Y75.7879
G01 X18.5963Y72.0488
G01 X16.2030Y68.0558
G01 X14.2126Y63.8475
G01 X14.2108Y63.8423
G00 Z20.0000
G00 X14.0184Y64.3128
G01 Z20.0000
G01 X15.8723Y68.2326
G01 X18.2845Y72.2571
G01 X21.0796Y76.0258
G01 X22.8782Y78.0103
G00 Z20.0000
G00 X22.7225Y78.3963
G01 Z20.0000
G01 X20.7897Y76.2637
G01 X17.9727Y72.4654
G01 X15.5416Y68.4093
G01 X13.7557Y64.6333
G00 Z20.0000
G00 X13.4474Y64.8576
G01 Z20.0000
G01 X15.2108Y68.5861
G01 X17.6609Y72.6738
G01 X20.4998Y76.5016
G01 X22.6921Y78.9205
G00 Z20.0000
G00 X22.6801Y78.7510
G01 Z20.0000
G01 X22.6804Y78.7210
G01 X22.6865Y78.6040
G01 X22.6897Y78.5760
G01 X22.7067Y78.4632
G01 X22.7127Y78.4356
G01 X22.7407Y78.3250
G01 X22.7494Y78.2981
G01 X22.7881Y78.1908
G01 X22.7993Y78.1649
G01 X22.8484Y78.0619
G01 X22.8621Y78.0373
G01 X22.9210Y77.9396
G01 X22.9371Y77.9164
G01 X23.0053Y77.8249
G01 X23.0236Y77.8034
G01 X23.1004Y77.7191
G01 X23.1207Y77.6995
G01 X23.2054Y77.6231
G01 X23.2275Y77.6055
G01 X23.3194Y77.5378
G01 X23.3431Y77.5226
G01 X23.4411Y77.4642
G01 X23.4662Y77.4513
G01 X23.5695Y77.4028
G01 X23.5957Y77.3924
G01 X23.7032Y77.3543
G01 X23.7304Y77.3465
G01 X23.8411Y77.3191
G01 X23.8689Y77.3141
G01 X23.9818Y77.2977
G01 X24.0099Y77.2954
G01 X24.1239Y77.2901
G01 X24.1521Y77.2905
G01 X24.2660Y77.2965
G01 X24.2940Y77.2997
G01 X24.4068Y77.3167
G01 X24.4344Y77.3227
G01 X24.5450Y77.3507
G01 X24.5719Y77.3594
G01 X24.6792Y77.3981
G01 X24.7051Y77.4093
G01 X24.8081Y77.4584
G01 X24.8327Y77.4721
G01 X24.9304Y77.5310
G01 X24.9536Y77.5471
G01 X25.0451Y77.6153
G01 X25.0666Y77.6336
G01 X25.1509Y77.7104
G01 X25.1705Y77.7307
G01 X25.2469Y77.8154
G01 X25.2645Y77.8375
G01 X25.3322Y77.9294
G01 X25.3474Y77.9531
G01 X25.4058Y78.0511
G01 X25.4187Y78.0762
G01 X25.4672Y78.1795
G01 X25.4776Y78.2057
G01 X25.5157Y78.3132
G01 X25.5235Y78.3404
G01 X25.5509Y78.4511
G01 X25.5559Y78.4789
G01 X25.5723Y78.5918
G01 X25.5746Y78.6199
G01 X25.5799Y78.7339
G01 X25.5795Y78.7621
G01 X25.5735Y78.8760
G01 X25.5703Y78.9040
G01 X25.5533Y79.0168
G01 X25.5473Y79.0444
G01 X25.5193Y79.1550
G01 X25.5106Y79.1819
G01 X25.4719Y79.2892
G01 X25.4607Y79.3151
G01 X25.4116Y79.4181
G01 X25.3979Y79.4427
G01 X25.3390Y79.5404
G01 X25.3229Y79.5636
G01 X25.2547Y79.6551
G01 X25.2364Y79.6766
G01 X25.1596Y79.7609
G01 X25.1393Y79.7805
G01 X25.0546Y79.8569
G01 X25.0325Y79.8745
G01 X24.9406Y79.9422
G01 X24.9169Y79.9574
G01 X24.8189Y80.0158
G01 X24.7938Y80.0287
G01 X24.6905Y80.0772
G01 X24.6643Y80.0876
G01 X24.5568Y80.1257
G01 X24.5296Y80.1335
G01 X24.4189Y80.1609
G01 X24.3911Y80.1659
G01 X24.2782Y80.1823
G01 X24.2501Y80.1846
G01 X24.1361Y80.1899
G01 X24.1079Y80.1895
G01 X23.9940Y80.1835
G01 X23.9660Y80.1803
G01 X23.8532Y80.1633
G01 X23.8256Y80.1573
G01 X23.7150Y80.1293
G01 X23.6881Y80.1206
G01 X23.5808Y80.0819
G01 X23.5549Y80.0707
G01 X23.4519Y80.0216
G01 X23.4273Y80.0079
G01 X23.3296Y79.9490
G01 X23.3064Y79.9329
G01 X23.2149Y79.8647
G01 X23.1934Y79.8464
G01 X23.1091Y79.7696
G01 X23.0895Y79.7493
G01 X23.0131Y79.6646
G01 X22.9955Y79.6425
G01 X22.9278Y79.5506
G01 X22.9126Y79.5269
G01 X22.8542Y79.4289
G01 X22.8413Y79.4038
G01 X22.7928Y79.3005
G01 X22.7824Y79.2743
G01 X22.7443Y79.1668
G01 X22.7365Y79.1396
G01 X22.7091Y79.0289
G01 X22.7041Y79.0011
G01 X22.6877Y78.8882
G01 X22.6854Y78.8601
G01 X22.6801Y78.7510
G00 Z20.0000
G00 X23.8417Y80.1610
G01 Z20.0000
G01 X27.2314Y83.2332
G01 X30.4070Y85.5884
G00 Z20.0000
G00 X30.6312Y85.2883
G01 Z20.0000
G01 X27.4693Y82.9433
G01 X24.4028Y80.1640
G00 Z20.0000
G00 X24.8051Y80.0231
G01 Z20.0000
G01 X27.7072Y82.6535
G01 X30.9317Y85.0449
G00 Z20.0000
G00 X31.3247Y84.8700
G01 Z20.0000
G01 X27.9451Y82.3636
G01 X25.1172Y79.8005
G00 Z20.0000
G00 X25.3565Y79.5119
G01 Z20.0000
G01 X28.1830Y82.0737
G01 X31.8804Y84.8159
G00 Z20.0000
G00 X31.7279Y84.8105
G01 Z20.0000
G01 X31.7721Y84.8105
G01 X31.8958Y84.8169
G01 X31.9238Y84.8202
G01 X32.0464Y84.8387
G01 X32.0739Y84.8446
G01 X32.1941Y84.8750
G01 X32.2209Y84.8837
G01 X32.3375Y84.9257
G01 X32.3634Y84.9369
G01 X32.4752Y84.9902
G01 X32.4999Y85.0039
G01 X32.6060Y85.0679
G01 X32.6292Y85.0839
G01 X32.7285Y85.1580
G01 X32.7500Y85.1763
G01 X32.8416Y85.2597
G01 X32.8612Y85.2800
G01 X32.9442Y85.3720
G01 X32.9618Y85.3941
G01 X33.0353Y85.4938
G01 X33.0506Y85.5175
G01 X33.1140Y85.6240
G01 X33.1269Y85.6491
G01 X33.1796Y85.7612
G01 X33.1900Y85.7874
G01 X33.2314Y85.9042
G01 X33.2391Y85.9313
G01 X33.2689Y86.0516
G01 X33.2740Y86.0794
G01 X33.2919Y86.2020
G01 X33.2942Y86.2301
G01 X33.2999Y86.3539
G01 X33.2995Y86.3821
G01 X33.2931Y86.5058
G01 X33.2898Y86.5338
G01 X33.2713Y86.6564
G01 X33.2654Y86.6839
G01 X33.2350Y86.8041
G01 X33.2263Y86.8309
G01 X33.1843Y86.9475
G01 X33.1731Y86.9734
G01 X33.1198Y87.0852
G01 X33.1061Y87.1099
G01 X33.0421Y87.2160
G01 X33.0261Y87.2392
G01 X32.9520Y87.3385
G01 X32.9337Y87.3600
G01 X32.8503Y87.4516
G01 X32.8300Y87.4712
G01 X32.7380Y87.5542
G01 X32.7159Y87.5718
G01 X32.6162Y87.6453
G01 X32.5925Y87.6606
G01 X32.4860Y87.7240
G01 X32.4609Y87.7369
G01 X32.3488Y87.7896
G01 X32.3226Y87.8000
G01 X32.2058Y87.8414
G01 X32.1787Y87.8491
G01 X32.0584Y87.8789
G01 X32.0306Y87.8840
G01 X31.9080Y87.9019
G01 X31.8799Y87.9042
G01 X31.7561Y87.9099
G01 X31.7279Y87.9095
G01 X31.6042Y87.9031
G01 X31.5762Y87.8998
G01 X31.4536Y87.8813
G01 X31.4261Y87.8754
G01 X31.3060Y87.8450
G01 X31.2791Y87.8363
G01 X31.1625Y87.7943
G01 X31.1366Y87.7831
G01 X31.0248Y87.7298
G01 X31.0001Y87.7161
G01 X30.8940Y87.6521
G01 X30.8708Y87.6361
G01 X30.7715Y87.5620
G01 X30.7500Y87.5437
G01 X30.6584Y87.4603
G01 X30.6388Y87.4400
G01 X30.5558Y87.3480
G01 X30.5382Y87.3259
G01 X30.4647Y87.2262
G01 X30.4494Y87.2025
G01 X30.3860Y87.0960
G01 X30.3731Y87.0709
G01 X30.3204Y86.9588
G01 X30.3100Y86.9326
G01 X30.2686Y86.8158
G01 X30.2609Y86.7887
G01 X30.2311Y86.6684
G01 X30.2260Y86.6406
G01 X30.2081Y86.5180
G01 X30.2058Y86.4899
G01 X30.2001Y86.3649
G01 X30.2005Y86.3379
G01 X30.2069Y86.2142
G01 X30.2102Y86.1862
G01 X30.2287Y86.0636
G01 X30.2346Y86.0361
G01 X30.2650Y85.9159
G01 X30.2737Y85.8891
G01 X30.3157Y85.7725
G01 X30.3269Y85.7466
G01 X30.3802Y85.6348
G01 X30.3939Y85.6101
G01 X30.4579Y85.5040
G01 X30.4739Y85.4808
G01 X30.5480Y85.3815
G01 X30.5663Y85.3600
G01 X30.6497Y85.2684
G01 X30.6700Y85.2488
G01 X30.7620Y85.1658
G01 X30.7841Y85.1482
G01 X30.8838Y85.0747
G01 X30.9075Y85.0594
G01 X31.0140Y84.9960
G01 X31.0391Y84.9831
G01 X31.1512Y84.9304
G01 X31.1774Y84.9200
G01 X31.2942Y84.8786
G01 X31.3213Y84.8709
G01 X31.4416Y84.8411
G01 X31.4694Y84.8360
G01 X31.5920Y84.8181
G01 X31.6201Y84.8158
G01 X31.7279Y84.8105
G00 Z20.0000
G00 X33.0520Y85.5198
G01 Z20.0000
G01 X35.8540Y87.1993
G01 X40.0291Y89.1740
G01 X44.3776Y90.7299
G01 X48.5698Y91.7800
G01 X47.0283Y91.7800
G01 X44.2688Y91.0888
G01 X39.8856Y89.5204
G01 X35.6773Y87.5300
G01 X33.2757Y86.0906
G00 Z20.0000
G00 X33.2896Y86.5356
G01 Z20.0000
G01 X35.5005Y87.8608
G01 X39.7421Y89.8669
G01 X44.1599Y91.4476
G01 X45.4869Y91.7800
G01 X43.9771Y91.7800
G01 X39.5986Y90.2134
G01 X35.3237Y88.1915
G01 X33.1959Y86.9161
G00 Z20.0000
G00 X33.0200Y87.2474
G01 Z20.0000
G01 X35.1469Y88.5222
G01 X39.4551Y90.5598
G01 X42.8653Y91.7800
G01 X41.7535Y91.7800
G01 X39.3116Y90.9063
G01 X34.9702Y88.8529
G01 X32.7643Y87.5308
G00 Z20.0000
G00 X32.4155Y87.7584
G01 Z20.0000
G01 X34.7934Y89.1836
G01 X39.1681Y91.2527
G01 X40.6417Y91.7800
G01 X39.5299Y91.7800
G01 X39.0246Y91.5992
G01 X34.6166Y89.5144
G01 X31.9231Y87.8999
G00 Z20.0000
G00 X30.3017Y86.9092
G01 Z20.0000
G01 X29.4879Y86.3057
G00 Z20.0000
G00 X29.4419Y86.7379
G01 Z20.0000
G01 X30.2259Y87.3194
G01 X34.4399Y89.8451
G01 X38.5309Y91.7800
G01 X37.6548Y91.7800
G01 X34.2631Y90.1758
G01 X30.0176Y87.6312
G01 X29.3017Y87.1002
G00 Z20.0000
G00 X29.0833Y87.4046
G01 Z20.0000
G01 X29.8092Y87.9430
G01 X34.0863Y90.5065
G01 X36.7788Y91.7800
G01 X35.9028Y91.7800
G01 X33.9095Y90.8373
G01 X29.6009Y88.2548
G01 X28.7919Y87.6547
G00 Z20.0000
G00 X28.4089Y87.8370
G01 Z20.0000
G01 X29.3926Y88.5666
G01 X33.7328Y91.1680
G01 X35.0268Y91.7800
G01 X34.1508Y91.7800
G01 X33.5560Y91.4987
G01 X29.1842Y88.8784
G01 X27.8750Y87.9073
G00 Z20.0000
G00 X26.4782Y86.8714
G01 Z20.0000
G01 X25.6765Y86.2768
G00 Z20.0000
G00 X25.6377Y86.7144
G01 Z20.0000
G01 X28.9759Y89.1902
G01 X33.2968Y91.7800
G01 X32.5682Y91.7800
G01 X28.7675Y89.5020
G01 X25.5023Y87.0803
G00 Z20.0000
G00 X25.2884Y87.3880
G01 Z20.0000
G01 X28.5592Y89.8138
G01 X31.8397Y91.7800
G01 X31.1111Y91.7800
G01 X28.3509Y90.1256
G01 X25.0015Y87.6415
G00 Z20.0000
G00 X24.6242Y87.8280
G01 Z20.0000
G01 X28.1425Y90.4374
G01 X30.3826Y91.7800
G01 X29.6540Y91.7800
G01 X27.9342Y90.7492
G01 X24.1051Y87.9093
G00 Z20.0000
G00 X22.6031Y86.6208
G01 Z20.0000
G01 X19.7228Y84.0103
G01 X16.1516Y80.0701
G01 X12.9839Y75.7989
G01 X12.6292Y75.2071
G00 Z20.0000
G00 X13.0439Y75.1704
G01 Z20.0000
G01 X13.2957Y75.5905
G01 X16.4415Y79.8322
G01 X19.9880Y83.7451
G01 X22.6010Y86.1134
G00 Z20.0000
G00 X22.7211Y85.7167
G01 Z20.0000
G01 X20.2531Y83.4799
G01 X16.7314Y79.5943
G01 X13.6075Y75.3822
G01 X13.4028Y75.0407
G00 Z20.0000
G00 X13.7139Y74.8312
G01 Z20.0000
G01 X13.9193Y75.1739
G01 X17.0213Y79.3564
G01 X20.5183Y83.2148
G01 X22.9201Y85.3916
G00 Z20.0000
G00 X23.1890Y85.1298
G01 Z20.0000
G01 X20.7835Y82.9496
G01 X17.3112Y79.1185
G01 X14.2311Y74.9655
G01 X13.9758Y74.5396
G00 Z20.0000
G00 X14.1730Y74.1401
G01 Z20.0000
G01 X14.5429Y74.7572
G01 X17.6010Y78.8806
G01 X21.0486Y82.6844
G01 X23.5282Y84.9318
G00 Z20.0000
G00 X23.9619Y84.8194
G01 Z20.0000
G01 X21.3138Y82.4193
G01 X17.8909Y78.6427
G01 X14.8547Y74.5488
G01 X14.2442Y73.5302
G00 Z20.0000
G00 X13.5424Y72.3593
G01 Z20.0000
G01 X12.2344Y70.1771
G01 X10.0552Y65.5695
G01 X9.8587Y65.0203
G00 Z20.0000
G00 X10.2654Y65.0454
G01 Z20.0000
G01 X10.4016Y65.4260
G01 X12.5651Y70.0003
G01 X15.1665Y74.3405
G01 X18.1808Y78.4048
G01 X21.5790Y82.1541
G01 X24.5846Y84.8782
G00 Z20.0000
G00 X24.1079Y84.8105
G01 Z20.0000
G01 X24.1521Y84.8105
G01 X24.2758Y84.8169
G01 X24.3038Y84.8202
G01 X24.4264Y84.8387
G01 X24.4539Y84.8446
G01 X24.5741Y84.8750
G01 X24.6009Y84.8837
G01 X24.7175Y84.9257
G01 X24.7434Y84.9369
G01 X24.8552Y84.9902
G01 X24.8799Y85.0039
G01 X24.9860Y85.0679
G01 X25.0092Y85.0839
G01 X25.1085Y85.1580
G01 X25.1300Y85.1763
G01 X25.2216Y85.2597
G01 X25.2412Y85.2800
G01 X25.3242Y85.3720
G01 X25.3418Y85.3941
G01 X25.4153Y85.4938
G01 X25.4306Y85.5175
G01 X25.4940Y85.6240
G01 X25.5069Y85.6491
G01 X25.5596Y85.7612
G01 X25.5700Y85.7874
G01 X25.6114Y85.9042
G01 X25.6191Y85.9313
G01 X25.6489Y86.0516
G01 X25.6540Y86.0794
G01 X25.6719Y86.2020
G01 X25.6742Y86.2301
G01 X25.6799Y86.3539
G01 X25.6795Y86.3821
G01 X25.6731Y86.5058
G01 X25.6698Y86.5338
G01 X25.6513Y86.6564
G01 X25.6454Y86.6839
G01 X25.6150Y86.8041
G01 X25.6063Y86.8309
G01 X25.5643Y86.9475
G01 X25.5531Y86.9734
G01 X25.4998Y87.0852
G01 X25.4861Y87.1099
G01 X25.4221Y87.2160
G01 X25.4061Y87.2392
G01 X25.3320Y87.3385
G01 X25.3137Y87.3600
G01 X25.2303Y87.4516
G01 X25.2100Y87.4712
G01 X25.1180Y87.5542
G01 X25.0959Y87.5718
G01 X24.9962Y87.6453
G01 X24.9725Y87.6606
G01 X24.8660Y87.7240
G01 X24.8409Y87.7369
G01 X24.7288Y87.7896
G01 X24.7026Y87.8000
G01 X24.5858Y87.8414
G01 X24.5587Y87.8491
G01 X24.4384Y87.8789
G01 X24.4106Y87.8840
G01 X24.2880Y87.9019
G01 X24.2599Y87.9042
G01 X24.1361Y87.9099
G01 X24.1079Y87.9095
G01 X23.9842Y87.9031
G01 X23.9562Y87.8998
G01 X23.8336Y87.8813
G01 X23.8061Y87.8754
G01 X23.6860Y87.8450
G01 X23.6591Y87.8363
G01 X23.5425Y87.7943
G01 X23.5166Y87.7831
G01 X23.4048Y87.7298
G01 X23.3801Y87.7161
G01 X23.2740Y87.6521
G01 X23.2508Y87.6361
G01 X23.1515Y87.5620
G01 X23.1300Y87.5437
G01 X23.0384Y87.4603
G01 X23.0188Y87.4400
G01 X22.9358Y87.3480
G01 X22.9182Y87.3259
G01 X22.8447Y87.2262
G01 X22.8294Y87.2025
G01 X22.7660Y87.0960
G01 X22.7531Y87.0709
G01 X22.7004Y86.9588
G01 X22.6900Y86.9326
G01 X22.6486Y86.8158
G01 X22.6409Y86.7887
G01 X22.6111Y86.6684
G01 X22.6060Y86.6406
G01 X22.5881Y86.5180
G01 X22.5858Y86.4899
G01 X22.5801Y86.3649
G01 X22.5805Y86.3379
G01 X22.5869Y86.2142
G01 X22.5902Y86.1862
G01 X22.6087Y86.0636
G01 X22.6146Y86.0361
G01 X22.6450Y85.9159
G01 X22.6537Y85.8891
G01 X22.6957Y85.7725
G01 X22.7069Y85.7466
G01 X22.7602Y85.6348
G01 X22.7739Y85.6101
G01 X22.8379Y85.5040
G01 X22.8539Y85.4808
G01 X22.9280Y85.3815
G01 X22.9463Y85.3600
G01 X23.0297Y85.2684
G01 X23.0500Y85.2488
G01 X23.1420Y85.1658
G01 X23.1641Y85.1482
G01 X23.2638Y85.0747
G01 X23.2875Y85.0594
G01 X23.3940Y84.9960
G01 X23.4191Y84.9831
G01 X23.5312Y84.9304
G01 X23.5574Y84.9200
G01 X23.6742Y84.8786
G01 X23.7013Y84.8709
G01 X23.8216Y84.8411
G01 X23.8494Y84.8360
G01 X23.9720Y84.8181
G01 X24.0001Y84.8158
G01 X24.1079Y84.8105
G00 Z20.0000
G00 X25.5329Y85.7041
G01 Z20.0000
G01 X26.3905Y86.3400
G00 Z20.0000
G00 X26.4537Y85.9207
G01 Z20.0000
G01 X25.5661Y85.2624
G01 X21.8441Y81.8889
G01 X18.4707Y78.1669
G01 X15.4783Y74.1322
G01 X12.8958Y69.8235
G01 X10.7481Y65.2825
G01 X10.6376Y64.9739
G00 Z20.0000
G00 X10.9786Y64.8149
G01 Z20.0000
G01 X11.0945Y65.1390
G01 X13.2265Y69.6468
G01 X15.7901Y73.9238
G01 X18.7606Y77.9290
G01 X22.1093Y81.6238
G01 X25.8040Y84.9725
G01 X26.6085Y85.5691
G00 Z20.0000
G00 X26.8364Y85.2718
G01 Z20.0000
G01 X26.0419Y84.6826
G01 X22.3745Y81.3586
G01 X19.0504Y77.6911
G01 X16.1019Y73.7155
G01 X13.5572Y69.4700
G01 X11.4410Y64.9955
G01 X11.2864Y64.5634
G01 X11.7384Y64.7149
G01 X11.7874Y64.8520
G01 X13.8880Y69.2932
G01 X16.4137Y73.5071
G01 X19.3403Y77.4532
G01 X22.6396Y81.0934
G01 X26.2798Y84.3927
G01 X27.1424Y85.0325
G00 Z20.0000
G00 X27.5427Y84.8630
G01 Z20.0000
G01 X26.5177Y84.1029
G01 X22.9048Y80.8283
G01 X19.6302Y77.2153
G01 X16.7255Y73.2988
G01 X14.2187Y69.1164
G01 X12.2660Y64.9877
G00 Z20.0000
G00 X12.7097Y65.0498
G01 Z20.0000
G01 X14.5494Y68.9397
G01 X17.0373Y73.0905
G01 X19.9201Y76.9774
G01 X23.1699Y80.5631
G01 X26.7556Y83.8130
G01 X28.1136Y84.8201
G00 Z20.0000
G00 X27.9179Y84.8105
G01 Z20.0000
G01 X27.9621Y84.8105
G01 X28.0858Y84.8169
G01 X28.1138Y84.8202
G01 X28.2364Y84.8387
G01 X28.2639Y84.8446
G01 X28.3841Y84.8750
G01 X28.4109Y84.8837
G01 X28.5275Y84.9257
G01 X28.5534Y84.9369
G01 X28.6652Y84.9902
G01 X28.6899Y85.0039
G01 X28.7960Y85.0679
G01 X28.8192Y85.0839
G01 X28.9185Y85.1580
G01 X28.9400Y85.1763
G01 X29.0316Y85.2597
G01 X29.0512Y85.2800
G01 X29.1342Y85.3720
G01 X29.1518Y85.3941
G01 X29.2253Y85.4938
G01 X29.2406Y85.5175
G01 X29.3040Y85.6240
G01 X29.3169Y85.6491
G01 X29.3696Y85.7612
G01 X29.3800Y85.7874
G01 X29.4214Y85.9042
G01 X29.4291Y85.9313
G01 X29.4589Y86.0516
G01 X29.4640Y86.0794
G01 X29.4819Y86.2020
G01 X29.4842Y86.2301
G01 X29.4899Y86.3539
G01 X29.4895Y86.3821
G01 X29.4831Y86.5058
G01 X29.4798Y86.5338
G01 X29.4613Y86.6564
G01 X29.4554Y86.6839
G01 X29.4250Y86.8041
G01 X29.4163Y86.8309
G01 X29.3743Y86.9475
G01 X29.3631Y86.9734
G01 X29.3098Y87.0852
G01 X29.2961Y87.1099
G01 X29.2321Y87.2160
G01 X29.2161Y87.2392
G01 X29.1420Y87.3385
G01 X29.1237Y87.3600
G01 X29.0403Y87.4516
G01 X29.0200Y87.4712
G01 X28.9280Y87.5542
G01 X28.9059Y87.5718
G01 X28.8062Y87.6453
G01 X28.7825Y87.6606
G01 X28.6760Y87.7240
G01 X28.6509Y87.7369
G01 X28.5388Y87.7896
G01 X28.5126Y87.8000
G01 X28.3958Y87.8414
G01 X28.3687Y87.8491
G01 X28.2484Y87.8789
G01 X28.2206Y87.8840
G01 X28.0980Y87.9019
G01 X28.0699Y87.9042
G01 X27.9461Y87.9099
G01 X27.9179Y87.9095
G01 X27.7942Y87.9031
G01 X27.7662Y87.8998
G01 X27.6436Y87.8813
G01 X27.6161Y87.8754
G01 X27.4960Y87.8450
G01 X27.4691Y87.8363
G01 X27.3525Y87.7943
G01 X27.3266Y87.7831
G01 X27.2148Y87.7298
G01 X27.1901Y87.7161
G01 X27.0840Y87.6521
G01 X27.0608Y87.6361
G01 X26.9615Y87.5620
G01 X26.9400Y87.5437
G01 X26.8484Y87.4603
G01 X26.8288Y87.4400
G01 X26.7458Y87.3480
G01 X26.7282Y87.3259
G01 X26.6547Y87.2262
G01 X26.6394Y87.2025
G01 X26.5760Y87.0960
G01 X26.5631Y87.0709
G01 X26.5104Y86.9588
G01 X26.5000Y86.9326
G01 X26.4586Y86.8158
G01 X26.4509Y86.7887
G01 X26.4211Y86.6684
G01 X26.4160Y86.6406
G01 X26.3981Y86.5180
G01 X26.3958Y86.4899
G01 X26.3901Y86.3649
G01 X26.3905Y86.3379
G01 X26.3969Y86.2142
G01 X26.4002Y86.1862
G01 X26.4187Y86.0636
G01 X26.4246Y86.0361
G01 X26.4550Y85.9159
G01 X26.4637Y85.8891
G01 X26.5057Y85.7725
G01 X26.5169Y85.7466
G01 X26.5702Y85.6348
G01 X26.5839Y85.6101
G01 X26.6479Y85.5040
G01 X26.6639Y85.4808
G01 X26.7380Y85.3815
G01 X26.7563Y85.3600
G01 X26.8397Y85.2684
G01 X26.8600Y85.2488
G01 X26.9520Y85.1658
G01 X26.9741Y85.1482
G01 X27.0738Y85.0747
G01 X27.0975Y85.0594
G01 X27.2040Y84.9960
G01 X27.2291Y84.9831
G01 X27.3412Y84.9304
G01 X27.3674Y84.9200
G01 X27.4842Y84.8786
G01 X27.5113Y84.8709
G01 X27.6316Y84.8411
G01 X27.6594Y84.8360
G01 X27.7820Y84.8181
G01 X27.8101Y84.8158
G01 X27.9179Y84.8105
G00 Z20.0000
G00 X29.3632Y85.7469
G01 Z20.0000
G01 X30.2001Y86.3676
G00 Z20.0000
G00 X30.2577Y85.9440
G01 Z20.0000
G01 X26.9935Y83.5231
G01 X23.4351Y80.2979
G01 X20.2100Y76.7395
G01 X17.3491Y72.8821
G01 X14.8801Y68.7629
G01 X13.0988Y64.9966
G00 Z20.0000
G00 X13.6507Y62.2770
G01 Z20.0000
G01 X12.6443Y59.4643
G01 X11.5131Y54.9485
G01 X11.4101Y54.2541
G00 Z20.0000
G00 X11.0806Y54.5853
G01 Z20.0000
G01 X11.1454Y55.0217
G01 X12.2854Y59.5731
G01 X13.1611Y62.0203
G00 Z20.0000
G00 X12.7386Y61.9514
G01 Z20.0000
G01 X11.9266Y59.6820
G01 X11.5525Y58.1884
G00 Z20.0000
G00 X11.2921Y58.6905
G01 Z20.0000
G01 X11.5677Y59.7909
G01 X12.3546Y61.9900
G00 Z20.0000
G00 X12.0022Y62.1169
G01 Z20.0000
G01 X11.2089Y59.8997
G01 X10.9788Y58.9814
G00 Z20.0000
G00 X10.6358Y59.1535
G01 Z20.0000
G01 X10.8500Y60.0086
G01 X11.6817Y62.3328
G01 X11.3436Y62.4998
G01 X10.4912Y60.1174
G01 X10.2689Y59.2302
G00 Z20.0000
G00 X9.8770Y59.2070
G01 Z20.0000
G01 X10.1323Y60.2263
G01 X10.7988Y62.0890
G00 Z20.0000
G00 X10.3561Y61.9635
G01 Z20.0000
G01 X9.7735Y60.3351
G01 X9.4514Y59.0494
G00 Z20.0000
G00 X8.9478Y58.5803
G01 Z20.0000
G01 X9.4146Y60.4440
G01 X9.9586Y61.9643
G00 Z20.0000
G00 X9.5942Y62.0576
G01 Z20.0000
G01 X9.0558Y60.5529
G01 X7.8352Y55.6801
G01 X7.7174Y54.8858
G00 Z20.0000
G00 X8.0860Y54.8180
G01 Z20.0000
G01 X8.2030Y55.6069
G01 X8.7160Y57.6550
G00 Z20.0000
G00 X8.7101Y57.7960
G01 Z20.0000
G01 X8.7104Y57.7660
G01 X8.7165Y57.6490
G01 X8.7197Y57.6210
G01 X8.7367Y57.5082
G01 X8.7427Y57.4806
G01 X8.7707Y57.3700
G01 X8.7794Y57.3431
G01 X8.8181Y57.2358
G01 X8.8293Y57.2099
G01 X8.8784Y57.1069
G01 X8.8921Y57.0823
G01 X8.9510Y56.9846
G01 X8.9671Y56.9614
G01 X9.0353Y56.8699
G01 X9.0536Y56.8484
G01 X9.1304Y56.7641
G01 X9.1507Y56.7445
G01 X9.2354Y56.6681
G01 X9.2575Y56.6505
G01 X9.3494Y56.5828
G01 X9.3731Y56.5676
G01 X9.4711Y56.5092
G01 X9.4962Y56.4963
G01 X9.5995Y56.4478
G01 X9.6257Y56.4374
G01 X9.7332Y56.3993
G01 X9.7604Y56.3915
G01 X9.8711Y56.3641
G01 X9.8989Y56.3591
G01 X10.0118Y56.3427
G01 X10.0399Y56.3404
G01 X10.1539Y56.3351
G01 X10.1821Y56.3355
G01 X10.2960Y56.3415
G01 X10.3240Y56.3447
G01 X10.4368Y56.3617
G01 X10.4644Y56.3677
G01 X10.5750Y56.3957
G01 X10.6019Y56.4044
G01 X10.7092Y56.4431
G01 X10.7351Y56.4543
G01 X10.8381Y56.5034
G01 X10.8627Y56.5171
G01 X10.9604Y56.5760
G01 X10.9836Y56.5921
G01 X11.0751Y56.6603
G01 X11.0966Y56.6786
G01 X11.1809Y56.7554
G01 X11.2005Y56.7757
G01 X11.2769Y56.8604
G01 X11.2945Y56.8825
G01 X11.3622Y56.9744
G01 X11.3774Y56.9981
G01 X11.4358Y57.0961
G01 X11.4487Y57.1212
G01 X11.4972Y57.2245
G01 X11.5076Y57.2507
G01 X11.5457Y57.3582
G01 X11.5535Y57.3854
G01 X11.5809Y57.4961
G01 X11.5859Y57.5239
G01 X11.6023Y57.6368
G01 X11.6046Y57.6649
G01 X11.6099Y57.7789
G01 X11.6095Y57.8071
G01 X11.6035Y57.9210
G01 X11.6003Y57.9490
G01 X11.5833Y58.0618
G01 X11.5773Y58.0894
G01 X11.5493Y58.2000
G01 X11.5406Y58.2269
G01 X11.5019Y58.3342
G01 X11.4907Y58.3601
G01 X11.4416Y58.4631
G01 X11.4279Y58.4877
G01 X11.3690Y58.5854
G01 X11.3529Y58.6086
G01 X11.2847Y58.7001
G01 X11.2664Y58.7216
G01 X11.1896Y58.8059
G01 X11.1693Y58.8255
G01 X11.0846Y58.9019
G01 X11.0625Y58.9195
G01 X10.9706Y58.9872
G01 X10.9469Y59.0024
G01 X10.8489Y59.0608
G01 X10.8238Y59.0737
G01 X10.7205Y59.1222
G01 X10.6943Y59.1326
G01 X10.5868Y59.1707
G01 X10.5596Y59.1785
G01 X10.4489Y59.2059
G01 X10.4211Y59.2109
G01 X10.3082Y59.2273
G01 X10.2801Y59.2296
G01 X10.1661Y59.2349
G01 X10.1379Y59.2345
G01 X10.0240Y59.2285
G01 X9.9960Y59.2253
G01 X9.8832Y59.2083
G01 X9.8556Y59.2023
G01 X9.7450Y59.1743
G01 X9.7181Y59.1656
G01 X9.6108Y59.1269
G01 X9.5849Y59.1157
G01 X9.4819Y59.0666
G01 X9.4573Y59.0529
G01 X9.3596Y58.9940
G01 X9.3364Y58.9779
G01 X9.2449Y58.9097
G01 X9.2234Y58.8914
G01 X9.1391Y58.8146
G01 X9.1195Y58.7943
G01 X9.0431Y58.7096
G01 X9.0255Y58.6875
G01 X8.9578Y58.5956
G01 X8.9426Y58.5719
G01 X8.8842Y58.4739
G01 X8.8713Y58.4488
G01 X8.8228Y58.3455
G01 X8.8124Y58.3193
G01 X8.7743Y58.2118
G01 X8.7665Y58.1846
G01 X8.7391Y58.0739
G01 X8.7341Y58.0461
G01 X8.7177Y57.9332
G01 X8.7154Y57.9051
G01 X8.7101Y57.7960
G00 Z20.0000
G00 X8.9390Y57.0039
G01 Z20.0000
G01 X8.5708Y55.5338
G01 X8.4403Y54.6539
G00 Z20.0000
G00 X8.7768Y54.3698
G01 Z20.0000
G01 X8.9386Y55.4606
G01 X9.2401Y56.6643
G00 Z20.0000
G00 X9.5748Y56.4591
G01 Z20.0000
G01 X9.3064Y55.3875
G01 X9.1809Y54.5415
G00 Z20.0000
G00 X9.5953Y54.7828
G01 Z20.0000
G01 X9.6742Y55.3143
G01 X9.9346Y56.3538
G00 Z20.0000
G00 X10.3182Y56.3439
G01 Z20.0000
G01 X10.0420Y55.2411
G01 X9.9884Y54.8801
G00 Z20.0000
G00 X10.3663Y54.8750
G01 Z20.0000
G01 X10.4098Y55.1680
G01 X10.7316Y56.4527
G00 Z20.0000
G00 X11.1979Y56.7728
G01 Z20.0000
G01 X10.7776Y55.0948
G01 X10.7309Y54.7805
G00 Z20.0000
G00 X7.3354Y54.8634
G01 Z20.0000
G01 X7.4674Y55.7533
G01 X8.6969Y60.6617
G01 X9.2611Y62.2385
G00 Z20.0000
G00 X8.9626Y62.5159
G01 Z20.0000
G01 X8.3381Y60.7706
G01 X7.0996Y55.8264
G01 X6.9370Y54.7301
G00 Z20.0000
G00 X6.5130Y54.4246
G01 Z20.0000
G01 X6.7318Y55.8996
G01 X7.9792Y60.8794
G01 X8.4485Y62.1910
G00 Z20.0000
G00 X7.9801Y61.9937
G01 Z20.0000
G01 X7.6204Y60.9883
G01 X6.3640Y55.9727
G01 X5.6054Y50.8582
G01 X5.3516Y45.6939
G01 X5.6054Y40.5296
G01 X6.3640Y35.4151
G01 X6.6594Y34.2357
G00 Z20.0000
G00 X6.3542Y33.9130
G01 Z20.0000
G01 X5.9962Y35.3419
G01 X5.2322Y40.4929
G01 X4.9766Y45.6939
G01 X5.2322Y50.8949
G01 X5.9962Y56.0459
G01 X7.2615Y61.0971
G01 X7.5674Y61.9520
G00 Z20.0000
G00 X8.8540Y64.4360
G01 Z20.0000
G01 X9.3622Y65.8565
G01 X11.5729Y70.5306
G01 X12.5257Y72.1202
G00 Z20.0000
G00 X12.1451Y72.2137
G01 Z20.0000
G01 X11.2422Y70.7074
G01 X9.0158Y66.0000
G01 X8.5613Y64.7300
G00 Z20.0000
G00 X8.2327Y64.9233
G01 Z20.0000
G01 X8.6693Y66.1436
G01 X10.9115Y70.8842
G01 X11.8136Y72.3893
G00 Z20.0000
G00 X11.5301Y72.6447
G01 Z20.0000
G01 X10.5808Y71.0609
G01 X8.3229Y66.2871
G01 X7.8724Y65.0282
G00 Z20.0000
G00 X7.4801Y65.0435
G01 Z20.0000
G01 X7.9764Y66.4306
G01 X10.2500Y71.2377
G01 X10.8790Y72.2871
G00 Z20.0000
G00 X10.3431Y72.1215
G01 Z20.0000
G01 X9.9193Y71.4145
G01 X7.6300Y66.5741
G01 X7.0449Y64.9390
G00 Z20.0000
G00 X9.3999Y64.8500
G01 Z20.0000
G01 X9.7087Y65.7130
G01 X11.9036Y70.3538
G01 X12.9710Y72.1346
G00 Z20.0000
G00 X11.3915Y74.5993
G01 Z20.0000
G01 X12.3603Y76.2155
G01 X15.5719Y80.5459
G01 X19.1925Y84.5406
G01 X23.1872Y88.1612
G01 X27.5175Y91.3728
G01 X28.1969Y91.7800
G01 X28.9255Y91.7800
G01 X27.7258Y91.0610
G01 X23.4251Y87.8713
G01 X19.4576Y84.2754
G01 X15.8618Y80.3080
G01 X12.6721Y76.0072
G01 X12.1285Y75.1004
G01 X11.1206Y74.8757
G01 X12.0485Y76.4239
G01 X15.2820Y80.7838
G01 X18.9273Y84.8058
G01 X22.9493Y88.4510
G01 X27.3092Y91.6846
G01 X27.4684Y91.7800
G01 X26.8091Y91.7800
G01 X22.7114Y88.7409
G01 X18.6621Y85.0709
G01 X14.9921Y81.0217
G01 X11.7367Y76.6322
G01 X10.8005Y75.0702
G00 Z20.0000
G00 X10.4327Y75.1852
G01 Z20.0000
G01 X11.4249Y76.8406
G01 X14.7023Y81.2596
G01 X14.7851Y81.3510
G00 Z20.0000
G00 X15.2431Y81.8564
G01 Z20.0000
G01 X18.3970Y85.3361
G01 X22.4735Y89.0308
G01 X26.1803Y91.7800
G01 X25.5516Y91.7800
G01 X22.2356Y89.3207
G01 X18.1318Y85.6012
G01 X15.4178Y82.6067
G00 Z20.0000
G00 X15.3254Y83.0625
G01 Z20.0000
G01 X17.8666Y85.8664
G01 X21.9977Y89.6106
G01 X24.9228Y91.7800
G01 X24.2941Y91.7800
G01 X21.7598Y89.9004
G01 X17.6015Y86.1316
G01 X15.1354Y83.4107
G00 Z20.0000
G00 X14.8758Y83.6819
G01 Z20.0000
G01 X17.3363Y86.3967
G01 X21.5219Y90.1903
G01 X23.6653Y91.7800
G01 X23.0366Y91.7800
G01 X21.2840Y90.4802
G01 X17.0712Y86.6619
G01 X14.5488Y83.8789
G00 Z20.0000
G00 X14.1431Y83.9890
G01 Z20.0000
G01 X16.8060Y86.9271
G01 X21.0461Y90.7701
G01 X22.4078Y91.7800
G01 X21.7791Y91.7800
G01 X20.8082Y91.0600
G01 X16.5408Y87.1922
G01 X15.4825Y86.0246
G00 Z20.0000
G00 X15.4998Y86.6014
G01 Z20.0000
G01 X16.2757Y87.4574
G01 X20.5703Y91.3498
G01 X21.1503Y91.7800
G01 X20.5215Y91.7800
G01 X20.3324Y91.6397
G01 X16.0105Y87.7226
G01 X15.3719Y87.0180
G00 Z20.0000
G00 X15.1648Y87.3473
G01 Z20.0000
G01 X15.7453Y87.9877
G01 X19.9294Y91.7800
G01 X19.3717Y91.7800
G01 X15.4802Y88.2529
G01 X14.8922Y87.6042
G00 Z20.0000
G00 X14.5586Y87.7938
G01 Z20.0000
G01 X15.2150Y88.5181
G01 X18.8140Y91.7800
G01 X18.2563Y91.7800
G01 X14.9498Y88.7832
G01 X14.1485Y87.8991
G00 Z20.0000
G00 X13.6143Y87.8674
G01 Z20.0000
G01 X14.6847Y89.0484
G01 X17.6985Y91.7800
G01 X17.1408Y91.7800
G01 X14.4195Y89.3136
G01 X11.7087Y86.3227
G00 Z20.0000
G00 X11.6436Y86.8086
G01 Z20.0000
G01 X14.1543Y89.5787
G01 X16.5831Y91.7800
G01 X16.0253Y91.7800
G01 X13.8892Y89.8439
G01 X11.4743Y87.1795
G00 Z20.0000
G00 X11.2363Y87.4746
G01 Z20.0000
G01 X13.6240Y90.1091
G01 X15.4676Y91.7800
G01 X14.9099Y91.7800
G01 X13.3588Y90.3742
G01 X10.9357Y87.7006
G00 Z20.0000
G00 X10.5692Y87.8540
G01 Z20.0000
G01 X13.0937Y90.6394
G01 X14.3522Y91.7800
G01 X13.7944Y91.7800
G01 X12.8285Y90.9045
G01 X10.1128Y87.9082
G00 Z20.0000
G00 X9.4543Y87.7394
G01 Z20.0000
G01 X12.5633Y91.1697
G01 X13.2367Y91.7800
G01 X12.6790Y91.7800
G01 X12.2982Y91.4349
G01 X8.0350Y86.7312
G01 X7.8896Y86.5352
G00 Z20.0000
G00 X7.7648Y86.9908
G01 Z20.0000
G01 X12.0330Y91.7000
G01 X12.1212Y91.7800
G01 X11.6000Y91.7800
G01 X7.5623Y87.3251
G00 Z20.0000
G00 X7.2946Y87.5875
G01 Z20.0000
G01 X11.0945Y91.7800
G01 X10.5890Y91.7800
G01 X6.9655Y87.7821
G00 Z20.0000
G00 X6.5656Y87.8936
G01 Z20.0000
G01 X6.5856Y87.9207
G01 X10.0835Y91.7800
G01 X9.5780Y91.7800
G01 X6.2958Y88.1586
G01 X6.0949Y87.8878
G00 Z20.0000
G00 X5.4066Y87.5884
G01 Z20.0000
G01 X6.0059Y88.3965
G01 X9.0725Y91.7800
G01 X8.5670Y91.7800
G01 X5.7160Y88.6344
G01 X1.7590Y83.2991
G01 X-0.3400Y79.7970
G01 X-0.3400Y79.0685
G01 X2.0709Y83.0907
G01 X4.9006Y86.9062
G00 Z20.0000
G00 X4.8140Y86.1606
G01 Z20.0000
G01 X2.3827Y82.8824
G01 X-0.3400Y78.3399
G01 X-0.3400Y77.6114
G01 X2.6945Y82.6741
G01 X4.9450Y85.7085
G00 Z20.0000
G00 X5.1590Y85.3683
G01 Z20.0000
G01 X3.0063Y82.4657
G01 X2.4550Y81.5460
G00 Z20.0000
G00 X3.1287Y81.9415
G01 Z20.0000
G01 X3.3181Y82.2574
G01 X5.4344Y85.1109
G00 Z20.0000
G00 X5.7632Y84.9255
G01 Z20.0000
G01 X3.6319Y82.0518
G00 Z20.0000
G00 X4.0888Y82.0391
G01 Z20.0000
G01 X6.1538Y84.8235
G00 Z20.0000
G00 X6.3279Y84.8105
G01 Z20.0000
G01 X6.3721Y84.8105
G01 X6.4958Y84.8169
G01 X6.5238Y84.8202
G01 X6.6464Y84.8387
G01 X6.6739Y84.8446
G01 X6.7941Y84.8750
G01 X6.8209Y84.8837
G01 X6.9375Y84.9257
G01 X6.9634Y84.9369
G01 X7.0752Y84.9902
G01 X7.0999Y85.0039
G01 X7.2060Y85.0679
G01 X7.2292Y85.0839
G01 X7.3285Y85.1580
G01 X7.3500Y85.1763
G01 X7.4416Y85.2597
G01 X7.4612Y85.2800
G01 X7.5442Y85.3720
G01 X7.5618Y85.3941
G01 X7.6353Y85.4938
G01 X7.6506Y85.5175
G01 X7.7140Y85.6240
G01 X7.7269Y85.6491
G01 X7.7796Y85.7612
G01 X7.7900Y85.7874
G01 X7.8314Y85.9042
G01 X7.8391Y85.9313
G01 X7.8689Y86.0516
G01 X7.8740Y86.0794
G01 X7.8919Y86.2020
G01 X7.8942Y86.2301
G01 X7.8999Y86.3539
G01 X7.8995Y86.3821
G01 X7.8931Y86.5058
G01 X7.8898Y86.5338
G01 X7.8713Y86.6564
G01 X7.8654Y86.6839
G01 X7.8350Y86.8041
G01 X7.8263Y86.8309
G01 X7.7843Y86.9475
G01 X7.7731Y86.9734
G01 X7.7198Y87.0852
G01 X7.7061Y87.1099
G01 X7.6421Y87.2160
G01 X7.6261Y87.2392
G01 X7.5520Y87.3385
G01 X7.5337Y87.3600
G01 X7.4503Y87.4516
G01 X7.4300Y87.4712
G01 X7.3380Y87.5542
G01 X7.3159Y87.5718
G01 X7.2162Y87.6453
G01 X7.1925Y87.6606
G01 X7.0860Y87.7240
G01 X7.0609Y87.7369
G01 X6.9488Y87.7896
G01 X6.9226Y87.8000
G01 X6.8058Y87.8414
G01 X6.7787Y87.8491
G01 X6.6584Y87.8789
G01 X6.6306Y87.8840
G01 X6.5080Y87.9019
G01 X6.4799Y87.9042
G01 X6.3561Y87.9099
G01 X6.3279Y87.9095
G01 X6.2042Y87.9031
G01 X6.1762Y87.8998
G01 X6.0536Y87.8813
G01 X6.0261Y87.8754
G01 X5.9060Y87.8450
G01 X5.8791Y87.8363
G01 X5.7625Y87.7943
G01 X5.7366Y87.7831
G01 X5.6248Y87.7298
G01 X5.6001Y87.7161
G01 X5.4940Y87.6521
G01 X5.4708Y87.6361
G01 X5.3715Y87.5620
G01 X5.3500Y87.5437
G01 X5.2584Y87.4603
G01 X5.2388Y87.4400
G01 X5.1558Y87.3480
G01 X5.1382Y87.3259
G01 X5.0647Y87.2262
G01 X5.0494Y87.2025
G01 X4.9860Y87.0960
G01 X4.9731Y87.0709
G01 X4.9204Y86.9588
G01 X4.9100Y86.9326
G01 X4.8686Y86.8158
G01 X4.8609Y86.7887
G01 X4.8311Y86.6684
G01 X4.8260Y86.6406
G01 X4.8081Y86.5180
G01 X4.8058Y86.4899
G01 X4.8001Y86.3649
G01 X4.8005Y86.3379
G01 X4.8069Y86.2142
G01 X4.8102Y86.1862
G01 X4.8287Y86.0636
G01 X4.8346Y86.0361
G01 X4.8650Y85.9159
G01 X4.8737Y85.8891
G01 X4.9157Y85.7725
G01 X4.9269Y85.7466
G01 X4.9802Y85.6348
G01 X4.9939Y85.6101
G01 X5.0579Y85.5040
G01 X5.0739Y85.4808
G01 X5.1480Y85.3815
G01 X5.1663Y85.3600
G01 X5.2497Y85.2684
G01 X5.2700Y85.2488
G01 X5.3620Y85.1658
G01 X5.3841Y85.1482
G01 X5.4838Y85.0747
G01 X5.5075Y85.0594
G01 X5.6140Y84.9960
G01 X5.6391Y84.9831
G01 X5.7512Y84.9304
G01 X5.7774Y84.9200
G01 X5.8942Y84.8786
G01 X5.9213Y84.8709
G01 X6.0416Y84.8411
G01 X6.0694Y84.8360
G01 X6.1920Y84.8181
G01 X6.2201Y84.8158
G01 X6.3279Y84.8105
G00 Z20.0000
G00 X6.6293Y84.8358
G01 Z20.0000
G01 X4.4845Y81.9439
G00 Z20.0000
G00 X4.8328Y81.7847
G01 Z20.0000
G01 X7.3445Y85.1714
G00 Z20.0000
G00 X7.7761Y85.7534
G01 Z20.0000
G01 X8.3249Y86.4933
G01 X8.7181Y86.9271
G00 Z20.0000
G00 X8.6146Y86.2552
G01 Z20.0000
G01 X5.1393Y81.5693
G00 Z20.0000
G00 X5.4045Y81.2981
G01 Z20.0000
G01 X8.7248Y85.7750
G00 Z20.0000
G00 X8.9284Y85.4208
G01 Z20.0000
G01 X5.6238Y80.9650
G00 Z20.0000
G00 X5.7867Y80.5476
G01 Z20.0000
G01 X5.8125Y80.5907
G01 X9.1931Y85.1490
G00 Z20.0000
G00 X9.5137Y84.9525
G01 Z20.0000
G01 X6.1243Y80.3823
G01 X5.8569Y79.9363
G00 Z20.0000
G00 X4.8399Y78.2395
G01 Z20.0000
G01 X2.9742Y75.1267
G01 X0.3544Y69.5877
G01 X-0.3400Y67.6469
G01 X-0.3400Y66.5351
G01 X0.7009Y69.4442
G01 X3.3049Y74.9500
G01 X6.4361Y80.1740
G01 X9.8922Y84.8341
G00 Z20.0000
G00 X10.1379Y84.8105
G01 Z20.0000
G01 X10.1821Y84.8105
G01 X10.3058Y84.8169
G01 X10.3338Y84.8202
G01 X10.4564Y84.8387
G01 X10.4839Y84.8446
G01 X10.6041Y84.8750
G01 X10.6309Y84.8837
G01 X10.7475Y84.9257
G01 X10.7734Y84.9369
G01 X10.8852Y84.9902
G01 X10.9099Y85.0039
G01 X11.0160Y85.0679
G01 X11.0392Y85.0839
G01 X11.1385Y85.1580
G01 X11.1600Y85.1763
G01 X11.2516Y85.2597
G01 X11.2712Y85.2800
G01 X11.3542Y85.3720
G01 X11.3718Y85.3941
G01 X11.4453Y85.4938
G01 X11.4606Y85.5175
G01 X11.5240Y85.6240
G01 X11.5369Y85.6491
G01 X11.5896Y85.7612
G01 X11.6000Y85.7874
G01 X11.6414Y85.9042
G01 X11.6491Y85.9313
G01 X11.6789Y86.0516
G01 X11.6840Y86.0794
G01 X11.7019Y86.2020
G01 X11.7042Y86.2301
G01 X11.7099Y86.3539
G01 X11.7095Y86.3821
G01 X11.7031Y86.5058
G01 X11.6998Y86.5338
G01 X11.6813Y86.6564
G01 X11.6754Y86.6839
G01 X11.6450Y86.8041
G01 X11.6363Y86.8309
G01 X11.5943Y86.9475
G01 X11.5831Y86.9734
G01 X11.5298Y87.0852
G01 X11.5161Y87.1099
G01 X11.4521Y87.2160
G01 X11.4361Y87.2392
G01 X11.3620Y87.3385
G01 X11.3437Y87.3600
G01 X11.2603Y87.4516
G01 X11.2400Y87.4712
G01 X11.1480Y87.5542
G01 X11.1259Y87.5718
G01 X11.0262Y87.6453
G01 X11.0025Y87.6606
G01 X10.8960Y87.7240
G01 X10.8709Y87.7369
G01 X10.7588Y87.7896
G01 X10.7326Y87.8000
G01 X10.6158Y87.8414
G01 X10.5887Y87.8491
G01 X10.4684Y87.8789
G01 X10.4406Y87.8840
G01 X10.3180Y87.9019
G01 X10.2899Y87.9042
G01 X10.1661Y87.9099
G01 X10.1379Y87.9095
G01 X10.0142Y87.9031
G01 X9.9862Y87.8998
G01 X9.8636Y87.8813
G01 X9.8361Y87.8754
G01 X9.7160Y87.8450
G01 X9.6891Y87.8363
G01 X9.5725Y87.7943
G01 X9.5466Y87.7831
G01 X9.4348Y87.7298
G01 X9.4101Y87.7161
G01 X9.3040Y87.6521
G01 X9.2808Y87.6361
G01 X9.1815Y87.5620
G01 X9.1600Y87.5437
G01 X9.0684Y87.4603
G01 X9.0488Y87.4400
G01 X8.9658Y87.3480
G01 X8.9482Y87.3259
G01 X8.8747Y87.2262
G01 X8.8594Y87.2025
G01 X8.7960Y87.0960
G01 X8.7831Y87.0709
G01 X8.7304Y86.9588
G01 X8.7200Y86.9326
G01 X8.6786Y86.8158
G01 X8.6709Y86.7887
G01 X8.6411Y86.6684
G01 X8.6360Y86.6406
G01 X8.6181Y86.5180
G01 X8.6158Y86.4899
G01 X8.6101Y86.3649
G01 X8.6105Y86.3379
G01 X8.6169Y86.2142
G01 X8.6202Y86.1862
G01 X8.6387Y86.0636
G01 X8.6446Y86.0361
G01 X8.6750Y85.9159
G01 X8.6837Y85.8891
G01 X8.7257Y85.7725
G01 X8.7369Y85.7466
G01 X8.7902Y85.6348
G01 X8.8039Y85.6101
G01 X8.8679Y85.5040
G01 X8.8839Y85.4808
G01 X8.9580Y85.3815
G01 X8.9763Y85.3600
G01 X9.0597Y85.2684
G01 X9.0800Y85.2488
G01 X9.1720Y85.1658
G01 X9.1941Y85.1482
G01 X9.2938Y85.0747
G01 X9.3175Y85.0594
G01 X9.4240Y84.9960
G01 X9.4491Y84.9831
G01 X9.5612Y84.9304
G01 X9.5874Y84.9200
G01 X9.7042Y84.8786
G01 X9.7313Y84.8709
G01 X9.8516Y84.8411
G01 X9.8794Y84.8360
G01 X10.0020Y84.8181
G01 X10.0301Y84.8158
G01 X10.1379Y84.8105
G00 Z20.0000
G00 X10.3500Y84.8226
G01 Z20.0000
G01 X6.7479Y79.9656
G01 X3.6356Y74.7732
G01 X1.0473Y69.3007
G01 X-0.3400Y65.4234
G01 X-0.3400Y64.3116
G01 X1.3938Y69.1572
G01 X3.9664Y74.5964
G01 X7.0597Y79.7573
G01 X10.6439Y84.5901
G01 X11.2456Y85.2539
G00 Z20.0000
G00 X11.3672Y85.3881
G01 Z20.0000
G01 X12.4350Y86.5662
G00 Z20.0000
G00 X12.4558Y86.0315
G01 Z20.0000
G01 X10.9338Y84.3522
G01 X7.3715Y79.5490
G01 X4.2971Y74.4196
G01 X1.7402Y69.0137
G01 X-0.2744Y63.3831
G01 X-0.3400Y63.1213
G01 X-0.3400Y61.5798
G01 X0.0845Y63.2743
G01 X2.0867Y68.8702
G01 X4.6278Y74.2429
G01 X7.6833Y79.3406
G01 X11.2237Y84.1144
G01 X12.6008Y85.6337
G00 Z20.0000
G00 X12.8222Y85.3203
G01 Z20.0000
G01 X11.5136Y83.8765
G01 X7.9951Y79.1323
G01 X4.9585Y74.0661
G01 X2.4331Y68.7267
G01 X0.4433Y63.1654
G01 X-0.3400Y60.0383
G01 X-0.3400Y58.4968
G01 X0.8022Y63.0566
G01 X2.7796Y68.5832
G01 X5.2892Y73.8893
G01 X8.3069Y78.9240
G01 X11.8035Y83.6386
G01 X13.1046Y85.0742
G00 Z20.0000
G00 X13.4526Y84.9003
G01 Z20.0000
G01 X12.0933Y83.4007
G01 X8.6187Y78.7156
G01 X5.6200Y73.7126
G01 X3.1261Y68.4397
G01 X1.1610Y62.9477
G01 X-0.2563Y57.2896
G01 X-0.3400Y56.7252
G01 X-0.3400Y54.1725
G01 X0.1115Y57.2164
G01 X1.5199Y62.8388
G01 X3.4725Y68.2961
G01 X5.9507Y73.5358
G01 X6.0734Y73.7406
G00 Z20.0000
G00 X6.0701Y73.6710
G01 Z20.0000
G01 X6.0705Y73.6379
G01 X6.0769Y73.5142
G01 X6.0802Y73.4862
G01 X6.0987Y73.3636
G01 X6.1046Y73.3361
G01 X6.1350Y73.2159
G01 X6.1437Y73.1891
G01 X6.1857Y73.0725
G01 X6.1969Y73.0466
G01 X6.2502Y72.9348
G01 X6.2639Y72.9101
G01 X6.3279Y72.8040
G01 X6.3439Y72.7808
G01 X6.4180Y72.6815
G01 X6.4363Y72.6600
G01 X6.5197Y72.5684
G01 X6.5400Y72.5488
G01 X6.6320Y72.4658
G01 X6.6541Y72.4482
G01 X6.7538Y72.3747
G01 X6.7775Y72.3594
G01 X6.8840Y72.2960
G01 X6.9091Y72.2831
G01 X7.0212Y72.2304
G01 X7.0474Y72.2200
G01 X7.1642Y72.1786
G01 X7.1913Y72.1709
G01 X7.3116Y72.1411
G01 X7.3394Y72.1360
G01 X7.4620Y72.1181
G01 X7.4901Y72.1158
G01 X7.6139Y72.1101
G01 X7.6421Y72.1105
G01 X7.7499Y72.1158
G01 X7.7780Y72.1181
G01 X7.9006Y72.1360
G01 X7.9439Y72.1446
G01 X8.0641Y72.1750
G01 X8.0909Y72.1837
G01 X8.1926Y72.2200
G01 X8.2334Y72.2369
G01 X8.3452Y72.2902
G01 X8.3699Y72.3039
G01 X8.4625Y72.3594
G01 X8.4862Y72.3747
G01 X8.5859Y72.4482
G01 X8.6200Y72.4763
G01 X8.7045Y72.5529
G01 X8.7312Y72.5800
G01 X8.8142Y72.6720
G01 X8.8318Y72.6941
G01 X8.8900Y72.7726
G01 X8.9482Y72.6941
G01 X8.9658Y72.6720
G01 X9.0488Y72.5800
G01 X9.0684Y72.5597
G01 X9.1600Y72.4763
G01 X9.1815Y72.4580
G01 X9.2808Y72.3839
G01 X9.3040Y72.3679
G01 X9.4101Y72.3039
G01 X9.4348Y72.2902
G01 X9.5466Y72.2369
G01 X9.5725Y72.2257
G01 X9.6891Y72.1837
G01 X9.7160Y72.1750
G01 X9.8361Y72.1446
G01 X9.8794Y72.1360
G01 X9.9862Y72.1202
G01 X10.0142Y72.1169
G01 X10.1379Y72.1105
G01 X10.1821Y72.1105
G01 X10.2899Y72.1158
G01 X10.3180Y72.1181
G01 X10.4564Y72.1387
G01 X10.4839Y72.1446
G01 X10.5887Y72.1709
G01 X10.6309Y72.1837
G01 X10.7475Y72.2257
G01 X10.7734Y72.2369
G01 X10.8709Y72.2831
G01 X10.9099Y72.3039
G01 X11.0025Y72.3594
G01 X11.0262Y72.3747
G01 X11.1385Y72.4580
G01 X11.1600Y72.4763
G01 X11.2400Y72.5488
G01 X11.2712Y72.5800
G01 X11.3542Y72.6720
G01 X11.3718Y72.6941
G01 X11.4300Y72.7726
G01 X11.4882Y72.6941
G01 X11.5058Y72.6720
G01 X11.5888Y72.5800
G01 X11.6200Y72.5488
G01 X11.7000Y72.4763
G01 X11.7215Y72.4580
G01 X11.8338Y72.3747
G01 X11.8575Y72.3594
G01 X11.9501Y72.3039
G01 X11.9891Y72.2831
G01 X12.0866Y72.2369
G01 X12.1125Y72.2257
G01 X12.2442Y72.1786
G01 X12.2713Y72.1709
G01 X12.3761Y72.1446
G01 X12.4194Y72.1360
G01 X12.5262Y72.1202
G01 X12.5542Y72.1169
G01 X12.6939Y72.1101
G01 X12.7221Y72.1105
G01 X12.8299Y72.1158
G01 X12.8738Y72.1202
G01 X12.9806Y72.1360
G01 X13.0180Y72.1432
G01 X13.1287Y72.1709
G01 X13.1558Y72.1786
G01 X13.2875Y72.2257
G01 X13.3134Y72.2369
G01 X13.4252Y72.2902
G01 X13.4499Y72.3039
G01 X13.5425Y72.3594
G01 X13.5742Y72.3803
G01 X13.6659Y72.4482
G01 X13.7000Y72.4763
G01 X13.7800Y72.5488
G01 X13.8003Y72.5684
G01 X13.8837Y72.6600
G01 X13.9020Y72.6815
G01 X13.9761Y72.7808
G01 X13.9921Y72.8040
G01 X14.0640Y72.9240
G01 X14.0769Y72.9491
G01 X14.1296Y73.0612
G01 X14.1400Y73.0874
G01 X14.1763Y73.1891
G01 X14.1876Y73.2254
G01 X14.2154Y73.3361
G01 X14.2240Y73.3794
G01 X14.2398Y73.4862
G01 X14.2431Y73.5142
G01 X14.2499Y73.6539
G01 X14.2495Y73.6821
G01 X14.2431Y73.8058
G01 X14.2398Y73.8338
G01 X14.2213Y73.9564
G01 X14.2154Y73.9839
G01 X14.1850Y74.1041
G01 X14.1763Y74.1309
G01 X14.1343Y74.2475
G01 X14.1231Y74.2734
G01 X14.0698Y74.3852
G01 X14.0561Y74.4099
G01 X13.9921Y74.5160
G01 X13.9761Y74.5392
G01 X13.9020Y74.6385
G01 X13.8837Y74.6600
G01 X13.8003Y74.7516
G01 X13.7800Y74.7712
G01 X13.6880Y74.8542
G01 X13.6659Y74.8718
G01 X13.5662Y74.9453
G01 X13.5425Y74.9606
G01 X13.4360Y75.0240
G01 X13.4109Y75.0369
G01 X13.2988Y75.0896
G01 X13.2726Y75.1000
G01 X13.1558Y75.1414
G01 X13.1287Y75.1491
G01 X13.0084Y75.1789
G01 X12.9806Y75.1840
G01 X12.8580Y75.2019
G01 X12.8299Y75.2042
G01 X12.7061Y75.2099
G01 X12.6779Y75.2095
G01 X12.5701Y75.2042
G01 X12.5420Y75.2019
G01 X12.4194Y75.1840
G01 X12.3761Y75.1754
G01 X12.2560Y75.1450
G01 X12.2291Y75.1363
G01 X12.1274Y75.1000
G01 X12.0866Y75.0831
G01 X11.9748Y75.0298
G01 X11.9501Y75.0161
G01 X11.8575Y74.9606
G01 X11.8338Y74.9453
G01 X11.7341Y74.8718
G01 X11.7000Y74.8437
G01 X11.6155Y74.7671
G01 X11.5888Y74.7400
G01 X11.5058Y74.6480
G01 X11.4882Y74.6259
G01 X11.4300Y74.5474
G01 X11.3718Y74.6259
G01 X11.3542Y74.6480
G01 X11.2712Y74.7400
G01 X11.2516Y74.7603
G01 X11.1600Y74.8437
G01 X11.1385Y74.8620
G01 X11.0392Y74.9361
G01 X11.0160Y74.9521
G01 X10.9099Y75.0161
G01 X10.8852Y75.0298
G01 X10.7734Y75.0831
G01 X10.7475Y75.0943
G01 X10.6309Y75.1363
G01 X10.6041Y75.1450
G01 X10.4839Y75.1754
G01 X10.4406Y75.1840
G01 X10.3338Y75.1998
G01 X10.3058Y75.2031
G01 X10.1821Y75.2095
G01 X10.1379Y75.2095
G01 X10.0301Y75.2042
G01 X10.0020Y75.2019
G01 X9.8636Y75.1813
G01 X9.8361Y75.1754
G01 X9.7313Y75.1491
G01 X9.6891Y75.1363
G01 X9.5725Y75.0943
G01 X9.5466Y75.0831
G01 X9.4491Y75.0369
G01 X9.4101Y75.0161
G01 X9.3175Y74.9606
G01 X9.2938Y74.9453
G01 X9.1815Y74.8620
G01 X9.1600Y74.8437
G01 X9.0800Y74.7712
G01 X9.0488Y74.7400
G01 X8.9658Y74.6480
G01 X8.9482Y74.6259
G01 X8.8900Y74.5474
G01 X8.8318Y74.6259
G01 X8.8142Y74.6480
G01 X8.7312Y74.7400
G01 X8.7000Y74.7712
G01 X8.6200Y74.8437
G01 X8.5985Y74.8620
G01 X8.4862Y74.9453
G01 X8.4625Y74.9606
G01 X8.3699Y75.0161
G01 X8.3309Y75.0369
G01 X8.2334Y75.0831
G01 X8.2075Y75.0943
G01 X8.0758Y75.1414
G01 X8.0487Y75.1491
G01 X7.9439Y75.1754
G01 X7.9006Y75.1840
G01 X7.7938Y75.1998
G01 X7.7658Y75.2031
G01 X7.6261Y75.2099
G01 X7.5979Y75.2095
G01 X7.4901Y75.2042
G01 X7.4462Y75.1998
G01 X7.3394Y75.1840
G01 X7.3020Y75.1768
G01 X7.1913Y75.1491
G01 X7.1642Y75.1414
G01 X7.0325Y75.0943
G01 X7.0066Y75.0831
G01 X6.8948Y75.0298
G01 X6.8701Y75.0161
G01 X6.7775Y74.9606
G01 X6.7458Y74.9397
G01 X6.6541Y74.8718
G01 X6.6200Y74.8437
G01 X6.5400Y74.7712
G01 X6.5197Y74.7516
G01 X6.4363Y74.6600
G01 X6.4180Y74.6385
G01 X6.3347Y74.5262
G01 X6.3194Y74.5025
G01 X6.2639Y74.4099
G01 X6.2458Y74.3765
G01 X6.1969Y74.2734
G01 X6.1800Y74.2326
G01 X6.1437Y74.1309
G01 X6.1350Y74.1041
G01 X6.1046Y73.9839
G01 X6.0987Y73.9564
G01 X6.0781Y73.8180
G01 X6.0758Y73.7899
G01 X6.0701Y73.6710
G00 Z20.0000
G00 X6.1684Y73.1200
G01 Z20.0000
G01 X3.8190Y68.1526
G01 X1.8787Y62.7300
G01 X0.4793Y57.1433
G01 X-0.3400Y51.6199
G00 Z20.0000
G00 X6.0701Y53.3510
G01 Z20.0000
G01 X6.0705Y53.3179
G01 X6.0769Y53.1942
G01 X6.0802Y53.1662
G01 X6.0987Y53.0436
G01 X6.1046Y53.0161
G01 X6.1350Y52.8959
G01 X6.1437Y52.8691
G01 X6.1857Y52.7525
G01 X6.1969Y52.7266
G01 X6.2502Y52.6148
G01 X6.2639Y52.5901
G01 X6.3279Y52.4840
G01 X6.3439Y52.4608
G01 X6.4180Y52.3615
G01 X6.4363Y52.3400
G01 X6.5197Y52.2484
G01 X6.5400Y52.2288
G01 X6.6320Y52.1458
G01 X6.6541Y52.1282
G01 X6.7538Y52.0547
G01 X6.7775Y52.0394
G01 X6.8840Y51.9760
G01 X6.9091Y51.9631
G01 X7.0212Y51.9104
G01 X7.0474Y51.9000
G01 X7.1642Y51.8586
G01 X7.1913Y51.8509
G01 X7.3116Y51.8211
G01 X7.3394Y51.8160
G01 X7.4620Y51.7981
G01 X7.4901Y51.7958
G01 X7.6139Y51.7901
G01 X7.6421Y51.7905
G01 X7.7499Y51.7958
G01 X7.7780Y51.7981
G01 X7.9006Y51.8160
G01 X7.9439Y51.8246
G01 X8.0487Y51.8509
G01 X8.0758Y51.8586
G01 X8.1926Y51.9000
G01 X8.2334Y51.9169
G01 X8.3452Y51.9702
G01 X8.3699Y51.9839
G01 X8.4625Y52.0394
G01 X8.4862Y52.0547
G01 X8.5859Y52.1282
G01 X8.6200Y52.1563
G01 X8.7045Y52.2329
G01 X8.7312Y52.2600
G01 X8.8142Y52.3520
G01 X8.8318Y52.3741
G01 X8.8900Y52.4526
G01 X8.9482Y52.3741
G01 X8.9658Y52.3520
G01 X9.0488Y52.2600
G01 X9.0684Y52.2397
G01 X9.1600Y52.1563
G01 X9.1815Y52.1380
G01 X9.2808Y52.0639
G01 X9.3040Y52.0479
G01 X9.4101Y51.9839
G01 X9.4348Y51.9702
G01 X9.5466Y51.9169
G01 X9.5725Y51.9057
G01 X9.6891Y51.8637
G01 X9.7160Y51.8550
G01 X9.8361Y51.8246
G01 X9.8794Y51.8160
G01 X9.9862Y51.8002
G01 X10.0142Y51.7969
G01 X10.1379Y51.7905
G01 X10.1821Y51.7905
G01 X10.2899Y51.7958
G01 X10.3180Y51.7981
G01 X10.4564Y51.8187
G01 X10.4839Y51.8246
G01 X10.5887Y51.8509
G01 X10.6309Y51.8637
G01 X10.7475Y51.9057
G01 X10.7734Y51.9169
G01 X10.8709Y51.9631
G01 X10.9099Y51.9839
G01 X11.0025Y52.0394
G01 X11.0262Y52.0547
G01 X11.1385Y52.1380
G01 X11.1600Y52.1563
G01 X11.2400Y52.2288
G01 X11.2712Y52.2600
G01 X11.3542Y52.3520
G01 X11.3718Y52.3741
G01 X11.4300Y52.4526
G01 X11.4882Y52.3741
G01 X11.5058Y52.3520
G01 X11.5888Y52.2600
G01 X11.6200Y52.2288
G01 X11.7000Y52.1563
G01 X11.7215Y52.1380
G01 X11.8338Y52.0547
G01 X11.8575Y52.0394
G01 X11.9501Y51.9839
G01 X11.9891Y51.9631
G01 X12.0866Y51.9169
G01 X12.1125Y51.9057
G01 X12.2442Y51.8586
G01 X12.2713Y51.8509
G01 X12.3761Y51.8246
G01 X12.4194Y51.8160
G01 X12.5262Y51.8002
G01 X12.5542Y51.7969
G01 X12.6939Y51.7901
G01 X12.7221Y51.7905
G01 X12.8299Y51.7958
G01 X12.8738Y51.8002
G01 X12.9806Y51.8160
G01 X13.0180Y51.8232
G01 X13.1287Y51.8509
G01 X13.1558Y51.8586
G01 X13.2875Y51.9057
G01 X13.3134Y51.9169
G01 X13.4252Y51.9702
G01 X13.4499Y51.9839
G01 X13.5425Y52.0394
G01 X13.5742Y52.0603
G01 X13.6659Y52.1282
G01 X13.7000Y52.1563
G01 X13.7800Y52.2288
G01 X13.8003Y52.2484
G01 X13.8837Y52.3400
G01 X13.9020Y52.3615
G01 X13.9853Y52.4738
G01 X14.0006Y52.4975
G01 X14.0561Y52.5901
G01 X14.0742Y52.6236
G01 X14.1231Y52.7266
G01 X14.1400Y52.7674
G01 X14.1763Y52.8691
G01 X14.1850Y52.8959
G01 X14.2154Y53.0161
G01 X14.2213Y53.0436
G01 X14.2419Y53.1820
G01 X14.2442Y53.2101
G01 X14.2499Y53.3339
G01 X14.2495Y53.3621
G01 X14.2431Y53.4858
G01 X14.2398Y53.5138
G01 X14.2213Y53.6364
G01 X14.2154Y53.6639
G01 X14.1850Y53.7841
G01 X14.1763Y53.8109
G01 X14.1343Y53.9275
G01 X14.1231Y53.9534
G01 X14.0698Y54.0652
G01 X14.0561Y54.0899
G01 X13.9921Y54.1960
G01 X13.9761Y54.2192
G01 X13.9020Y54.3185
G01 X13.8837Y54.3400
G01 X13.8003Y54.4316
G01 X13.7800Y54.4512
G01 X13.6880Y54.5342
G01 X13.6659Y54.5518
G01 X13.5662Y54.6253
G01 X13.5425Y54.6406
G01 X13.4360Y54.7040
G01 X13.4109Y54.7169
G01 X13.2988Y54.7696
G01 X13.2726Y54.7800
G01 X13.1558Y54.8214
G01 X13.1287Y54.8291
G01 X13.0084Y54.8589
G01 X12.9806Y54.8640
G01 X12.8580Y54.8819
G01 X12.8299Y54.8842
G01 X12.7061Y54.8899
G01 X12.6779Y54.8895
G01 X12.5701Y54.8842
G01 X12.5420Y54.8819
G01 X12.4194Y54.8640
G01 X12.3761Y54.8554
G01 X12.2713Y54.8291
G01 X12.2442Y54.8214
G01 X12.1274Y54.7800
G01 X12.0866Y54.7631
G01 X11.9748Y54.7098
G01 X11.9501Y54.6961
G01 X11.8575Y54.6406
G01 X11.8338Y54.6253
G01 X11.7341Y54.5518
G01 X11.7000Y54.5237
G01 X11.6155Y54.4471
G01 X11.5888Y54.4200
G01 X11.5058Y54.3280
G01 X11.4882Y54.3059
G01 X11.4300Y54.2274
G01 X11.3718Y54.3059
G01 X11.3542Y54.3280
G01 X11.2712Y54.4200
G01 X11.2516Y54.4403
G01 X11.1600Y54.5237
G01 X11.1385Y54.5420
G01 X11.0392Y54.6161
G01 X11.0160Y54.6321
G01 X10.9099Y54.6961
G01 X10.8852Y54.7098
G01 X10.7734Y54.7631
G01 X10.7475Y54.7743
G01 X10.6309Y54.8163
G01 X10.6040Y54.8250
G01 X10.4839Y54.8554
G01 X10.4406Y54.8640
G01 X10.3338Y54.8798
G01 X10.3058Y54.8831
G01 X10.1821Y54.8895
G01 X10.1379Y54.8895
G01 X10.0301Y54.8842
G01 X10.0020Y54.8819
G01 X9.8636Y54.8613
G01 X9.8361Y54.8554
G01 X9.7313Y54.8291
G01 X9.6891Y54.8163
G01 X9.5725Y54.7743
G01 X9.5466Y54.7631
G01 X9.4491Y54.7169
G01 X9.4101Y54.6961
G01 X9.3175Y54.6406
G01 X9.2938Y54.6253
G01 X9.1815Y54.5420
G01 X9.1600Y54.5237
G01 X9.0800Y54.4512
G01 X9.0488Y54.4200
G01 X8.9658Y54.3280
G01 X8.9482Y54.3059
G01 X8.8900Y54.2274
G01 X8.8318Y54.3059
G01 X8.8142Y54.3280
G01 X8.7312Y54.4200
G01 X8.7000Y54.4512
G01 X8.6200Y54.5237
G01 X8.5985Y54.5420
G01 X8.4862Y54.6253
G01 X8.4625Y54.6406
G01 X8.3699Y54.6961
G01 X8.3309Y54.7169
G01 X8.2334Y54.7631
G01 X8.2075Y54.7743
G01 X8.0758Y54.8214
G01 X8.0487Y54.8291
G01 X7.9439Y54.8554
G01 X7.9006Y54.8640
G01 X7.7938Y54.8798
G01 X7.7658Y54.8831
G01 X7.6261Y54.8899
G01 X7.5979Y54.8895
G01 X7.4901Y54.8842
G01 X7.4462Y54.8798
G01 X7.3394Y54.8640
G01 X7.3020Y54.8568
G01 X7.1913Y54.8291
G01 X7.1642Y54.8214
G01 X7.0325Y54.7743
G01 X7.0066Y54.7631
G01 X6.8948Y54.7098
G01 X6.8701Y54.6961
G01 X6.7775Y54.6406
G01 X6.7458Y54.6197
G01 X6.6541Y54.5518
G01 X6.6200Y54.5237
G01 X6.5400Y54.4512
G01 X6.5197Y54.4316
G01 X6.4363Y54.3400
G01 X6.4180Y54.3185
G01 X6.3347Y54.2062
G01 X6.3194Y54.1825
G01 X6.2639Y54.0899
G01 X6.2458Y54.0564
G01 X6.1969Y53.9534
G01 X6.1800Y53.9126
G01 X6.1437Y53.8109
G01 X6.1350Y53.7841
G01 X6.1046Y53.6639
G01 X6.0987Y53.6364
G01 X6.0781Y53.4980
G01 X6.0758Y53.4699
G01 X6.0701Y53.3510
G00 Z20.0000
G00 X16.0761Y48.0170
G01 Z20.0000
G01 X16.0764Y47.9870
G01 X16.0814Y47.8859
G01 X16.0857Y47.8420
G01 X16.1001Y47.7449
G01 X16.1051Y47.7171
G01 X16.1325Y47.6064
G01 X16.1403Y47.5792
G01 X16.1841Y47.4568
G01 X16.1953Y47.4309
G01 X16.2373Y47.3422
G01 X16.2550Y47.3086
G01 X16.3086Y47.2191
G01 X16.3331Y47.1824
G01 X16.3915Y47.1035
G01 X16.4091Y47.0814
G01 X16.4855Y46.9967
G01 X16.5051Y46.9764
G01 X16.6014Y46.8891
G01 X16.6235Y46.8715
G01 X16.7024Y46.8131
G01 X16.7339Y46.7918
G01 X16.8233Y46.7381
G01 X16.8622Y46.7173
G01 X16.9509Y46.6753
G01 X16.9768Y46.6641
G01 X17.0841Y46.6254
G01 X17.1110Y46.6167
G01 X17.2216Y46.5887
G01 X17.2649Y46.5801
G01 X17.3620Y46.5657
G01 X17.3900Y46.5625
G01 X17.5039Y46.5565
G01 X17.5481Y46.5565
G01 X17.6620Y46.5625
G01 X17.6900Y46.5657
G01 X17.7871Y46.5801
G01 X17.8304Y46.5887
G01 X17.9256Y46.6125
G01 X17.9528Y46.6203
G01 X18.0603Y46.6584
G01 X18.1011Y46.6753
G01 X18.1898Y46.7173
G01 X18.2149Y46.7302
G01 X18.3129Y46.7886
G01 X18.3496Y46.8131
G01 X18.4285Y46.8715
G01 X18.4506Y46.8891
G01 X18.5420Y46.9717
G01 X18.6214Y46.8996
G01 X18.6429Y46.8813
G01 X18.7344Y46.8131
G01 X18.7711Y46.7886
G01 X18.8606Y46.7350
G01 X18.8942Y46.7173
G01 X18.9975Y46.6688
G01 X19.0237Y46.6584
G01 X19.1161Y46.6254
G01 X19.1584Y46.6125
G01 X19.2691Y46.5851
G01 X19.2969Y46.5801
G01 X19.4098Y46.5637
G01 X19.4379Y46.5614
G01 X19.5519Y46.5561
G01 X19.5801Y46.5565
G01 X19.6940Y46.5625
G01 X19.7220Y46.5657
G01 X19.8348Y46.5827
G01 X19.8624Y46.5887
G01 X19.9576Y46.6125
G01 X19.9999Y46.6254
G01 X20.0923Y46.6584
G01 X20.1185Y46.6688
G01 X20.2361Y46.7244
G01 X20.2607Y46.7381
G01 X20.3501Y46.7918
G01 X20.3816Y46.8131
G01 X20.4605Y46.8715
G01 X20.4826Y46.8891
G01 X20.4998Y46.9043
G01 X20.5900Y46.8223
G01 X20.6115Y46.8040
G01 X20.7108Y46.7299
G01 X20.7340Y46.7139
G01 X20.8401Y46.6499
G01 X20.8648Y46.6362
G01 X20.9766Y46.5829
G01 X21.0025Y46.5717
G01 X21.1191Y46.5297
G01 X21.1460Y46.5210
G01 X21.2661Y46.4906
G01 X21.2936Y46.4847
G01 X21.4162Y46.4662
G01 X21.4442Y46.4629
G01 X21.5839Y46.4561
G01 X21.6121Y46.4565
G01 X21.7358Y46.4629
G01 X21.7638Y46.4662
G01 X21.8864Y46.4847
G01 X21.9139Y46.4906
G01 X22.0340Y46.5210
G01 X22.0609Y46.5297
G01 X22.1775Y46.5717
G01 X22.2034Y46.5829
G01 X22.3152Y46.6362
G01 X22.3399Y46.6499
G01 X22.4460Y46.7139
G01 X22.4692Y46.7299
G01 X22.5685Y46.8040
G01 X22.5900Y46.8223
G01 X22.6816Y46.9057
G01 X22.7012Y46.9260
G01 X22.7842Y47.0180
G01 X22.8018Y47.0401
G01 X22.8753Y47.1398
G01 X22.8906Y47.1635
G01 X22.9540Y47.2700
G01 X22.9669Y47.2951
G01 X23.0196Y47.4072
G01 X23.0300Y47.4334
G01 X23.0714Y47.5502
G01 X23.0791Y47.5773
G01 X23.1089Y47.6976
G01 X23.1140Y47.7254
G01 X23.1319Y47.8480
G01 X23.1342Y47.8761
G01 X23.1399Y47.9999
G01 X23.1395Y48.0281
G01 X23.1331Y48.1518
G01 X23.1298Y48.1798
G01 X23.1113Y48.3024
G01 X23.1054Y48.3299
G01 X23.0750Y48.4501
G01 X23.0663Y48.4769
G01 X23.0243Y48.5935
G01 X23.0131Y48.6194
G01 X22.9598Y48.7312
G01 X22.9461Y48.7559
G01 X22.8821Y48.8620
G01 X22.8661Y48.8852
G01 X22.7920Y48.9845
G01 X22.7737Y49.0060
G01 X22.6903Y49.0976
G01 X22.6700Y49.1172
G01 X22.5780Y49.2002
G01 X22.5559Y49.2178
G01 X22.4562Y49.2913
G01 X22.4325Y49.3066
G01 X22.3260Y49.3700
G01 X22.3009Y49.3829
G01 X22.1888Y49.4356
G01 X22.1626Y49.4460
G01 X22.0458Y49.4874
G01 X22.0187Y49.4951
G01 X21.8984Y49.5249
G01 X21.8706Y49.5300
G01 X21.7480Y49.5479
G01 X21.7199Y49.5502
G01 X21.5961Y49.5559
G01 X21.5679Y49.5555
G01 X21.4442Y49.5491
G01 X21.4162Y49.5458
G01 X21.2936Y49.5273
G01 X21.2661Y49.5214
G01 X21.1460Y49.4910
G01 X21.1191Y49.4823
G01 X21.0025Y49.4403
G01 X20.9766Y49.4291
G01 X20.8648Y49.3758
G01 X20.8401Y49.3621
G01 X20.7340Y49.2981
G01 X20.7108Y49.2821
G01 X20.6115Y49.2080
G01 X20.5900Y49.1897
G01 X20.4998Y49.1077
G01 X20.4826Y49.1229
G01 X20.4605Y49.1405
G01 X20.3816Y49.1989
G01 X20.3501Y49.2202
G01 X20.2607Y49.2739
G01 X20.2361Y49.2876
G01 X20.1185Y49.3432
G01 X20.0923Y49.3536
G01 X19.9999Y49.3866
G01 X19.9576Y49.3995
G01 X19.8624Y49.4233
G01 X19.8348Y49.4293
G01 X19.7220Y49.4463
G01 X19.6940Y49.4495
G01 X19.5801Y49.4555
G01 X19.5519Y49.4559
G01 X19.4379Y49.4506
G01 X19.4098Y49.4483
G01 X19.2969Y49.4319
G01 X19.2691Y49.4269
G01 X19.1584Y49.3995
G01 X19.1161Y49.3866
G01 X19.0237Y49.3536
G01 X18.9975Y49.3432
G01 X18.8942Y49.2947
G01 X18.8606Y49.2770
G01 X18.7711Y49.2234
G01 X18.7344Y49.1989
G01 X18.6429Y49.1307
G01 X18.6214Y49.1124
G01 X18.5420Y49.0403
G01 X18.4506Y49.1229
G01 X18.4285Y49.1405
G01 X18.3496Y49.1989
G01 X18.3129Y49.2234
G01 X18.2149Y49.2818
G01 X18.1898Y49.2947
G01 X18.1011Y49.3367
G01 X18.0603Y49.3536
G01 X17.9528Y49.3917
G01 X17.9256Y49.3995
G01 X17.8304Y49.4233
G01 X17.7871Y49.4319
G01 X17.6900Y49.4463
G01 X17.6620Y49.4495
G01 X17.5481Y49.4555
G01 X17.5039Y49.4555
G01 X17.3900Y49.4495
G01 X17.3620Y49.4463
G01 X17.2649Y49.4319
G01 X17.2216Y49.4233
G01 X17.1110Y49.3953
G01 X17.0841Y49.3866
G01 X16.9768Y49.3479
G01 X16.9509Y49.3367
G01 X16.8622Y49.2947
G01 X16.8233Y49.2739
G01 X16.7391Y49.2234
G01 X16.7154Y49.2082
G01 X16.6109Y49.1307
G01 X16.5894Y49.1124
G01 X16.5167Y49.0465
G01 X16.4855Y49.0153
G01 X16.4155Y48.9380
G01 X16.3915Y48.9085
G01 X16.3331Y48.8296
G01 X16.3170Y48.8064
G01 X16.2502Y48.6949
G01 X16.2373Y48.6698
G01 X16.1888Y48.5665
G01 X16.1784Y48.5403
G01 X16.1454Y48.4479
G01 X16.1341Y48.4116
G01 X16.1087Y48.3104
G01 X16.1001Y48.2671
G01 X16.0857Y48.1700
G01 X16.0825Y48.1420
G01 X16.0761Y48.0170
G00 Z20.0000
G00 X18.7701Y42.9370
G01 Z20.0000
G01 X18.7705Y42.9039
G01 X18.7769Y42.7802
G01 X18.7802Y42.7522
G01 X18.7987Y42.6296
G01 X18.8046Y42.6021
G01 X18.8350Y42.4819
G01 X18.8437Y42.4551
G01 X18.8857Y42.3385
G01 X18.8969Y42.3126
G01 X18.9502Y42.2008
G01 X18.9639Y42.1761
G01 X19.0279Y42.0700
G01 X19.0439Y42.0468
G01 X19.1180Y41.9475
G01 X19.1363Y41.9260
G01 X19.2197Y41.8344
G01 X19.2400Y41.8148
G01 X19.3320Y41.7318
G01 X19.3541Y41.7142
G01 X19.4538Y41.6407
G01 X19.4775Y41.6254
G01 X19.5840Y41.5620
G01 X19.6091Y41.5491
G01 X19.7212Y41.4964
G01 X19.7474Y41.4860
G01 X19.8642Y41.4446
G01 X19.8913Y41.4369
G01 X20.0116Y41.4071
G01 X20.0394Y41.4020
G01 X20.1620Y41.3841
G01 X20.1901Y41.3818
G01 X20.3139Y41.3761
G01 X20.3421Y41.3765
G01 X20.4499Y41.3818
G01 X20.4780Y41.3841
G01 X20.6006Y41.4020
G01 X20.6439Y41.4106
G01 X20.7487Y41.4369
G01 X20.7758Y41.4446
G01 X20.8926Y41.4860
G01 X20.9334Y41.5029
G01 X21.0452Y41.5562
G01 X21.0699Y41.5699
G01 X21.1625Y41.6254
G01 X21.1862Y41.6407
G01 X21.2859Y41.7142
G01 X21.3200Y41.7423
G01 X21.4045Y41.8189
G01 X21.4312Y41.8460
G01 X21.5142Y41.9380
G01 X21.5318Y41.9601
G01 X21.5900Y42.0386
G01 X21.6482Y41.9601
G01 X21.6658Y41.9380
G01 X21.7488Y41.8460
G01 X21.7684Y41.8257
G01 X21.8720Y41.7318
G01 X21.8941Y41.7142
G01 X21.9808Y41.6499
G01 X22.0123Y41.6286
G01 X22.1101Y41.5699
G01 X22.1491Y41.5491
G01 X22.2466Y41.5029
G01 X22.2725Y41.4917
G01 X22.3891Y41.4497
G01 X22.4160Y41.4410
G01 X22.5516Y41.4071
G01 X22.5794Y41.4020
G01 X22.6862Y41.3862
G01 X22.7240Y41.3822
G01 X22.8379Y41.3765
G01 X22.8821Y41.3765
G01 X22.9899Y41.3818
G01 X23.0180Y41.3841
G01 X23.1406Y41.4020
G01 X23.1684Y41.4071
G01 X23.3040Y41.4410
G01 X23.3309Y41.4497
G01 X23.4383Y41.4882
G01 X23.4734Y41.5029
G01 X23.5709Y41.5491
G01 X23.6099Y41.5699
G01 X23.7025Y41.6254
G01 X23.7262Y41.6407
G01 X23.8385Y41.7240
G01 X23.8600Y41.7423
G01 X23.9400Y41.8148
G01 X23.9712Y41.8460
G01 X24.0437Y41.9260
G01 X24.0620Y41.9475
G01 X24.1453Y42.0598
G01 X24.1606Y42.0835
G01 X24.2161Y42.1761
G01 X24.2369Y42.2151
G01 X24.2831Y42.3126
G01 X24.2943Y42.3385
G01 X24.3414Y42.4702
G01 X24.3491Y42.4973
G01 X24.3754Y42.6021
G01 X24.3840Y42.6454
G01 X24.3998Y42.7522
G01 X24.4031Y42.7802
G01 X24.4099Y42.9199
G01 X24.4095Y42.9481
G01 X24.4031Y43.0718
G01 X24.3998Y43.0998
G01 X24.3813Y43.2224
G01 X24.3754Y43.2499
G01 X24.3450Y43.3701
G01 X24.3363Y43.3969
G01 X24.2943Y43.5135
G01 X24.2831Y43.5394
G01 X24.2298Y43.6512
G01 X24.2161Y43.6759
G01 X24.1521Y43.7820
G01 X24.1361Y43.8052
G01 X24.0620Y43.9045
G01 X24.0437Y43.9260
G01 X23.9603Y44.0176
G01 X23.9400Y44.0372
G01 X23.8480Y44.1202
G01 X23.8259Y44.1378
G01 X23.7262Y44.2113
G01 X23.7025Y44.2266
G01 X23.5960Y44.2900
G01 X23.5709Y44.3029
G01 X23.4588Y44.3556
G01 X23.4326Y44.3660
G01 X23.3158Y44.4074
G01 X23.2887Y44.4151
G01 X23.1684Y44.4449
G01 X23.1406Y44.4500
G01 X23.0180Y44.4679
G01 X22.9899Y44.4702
G01 X22.8661Y44.4759
G01 X22.8379Y44.4755
G01 X22.7301Y44.4702
G01 X22.7020Y44.4679
G01 X22.5794Y44.4500
G01 X22.5361Y44.4414
G01 X22.4313Y44.4151
G01 X22.4042Y44.4074
G01 X22.2874Y44.3660
G01 X22.2466Y44.3491
G01 X22.1348Y44.2958
G01 X22.1101Y44.2821
G01 X22.0175Y44.2266
G01 X21.9938Y44.2113
G01 X21.8941Y44.1378
G01 X21.8600Y44.1097
G01 X21.7755Y44.0331
G01 X21.7488Y44.0060
G01 X21.6658Y43.9140
G01 X21.6482Y43.8919
G01 X21.5900Y43.8134
G01 X21.5318Y43.8919
G01 X21.5142Y43.9140
G01 X21.4312Y44.0060
G01 X21.4116Y44.0263
G01 X21.3080Y44.1202
G01 X21.2859Y44.1378
G01 X21.1992Y44.2021
G01 X21.1677Y44.2234
G01 X21.0699Y44.2821
G01 X21.0309Y44.3029
G01 X20.9334Y44.3491
G01 X20.9075Y44.3603
G01 X20.7909Y44.4023
G01 X20.7640Y44.4110
G01 X20.6284Y44.4449
G01 X20.6006Y44.4500
G01 X20.4938Y44.4658
G01 X20.4560Y44.4698
G01 X20.3421Y44.4755
G01 X20.2979Y44.4755
G01 X20.1901Y44.4702
G01 X20.1620Y44.4679
G01 X20.0394Y44.4500
G01 X20.0116Y44.4449
G01 X19.8760Y44.4110
G01 X19.8491Y44.4023
G01 X19.7417Y44.3638
G01 X19.7066Y44.3491
G01 X19.6091Y44.3029
G01 X19.5701Y44.2821
G01 X19.4775Y44.2266
G01 X19.4538Y44.2113
G01 X19.3415Y44.1280
G01 X19.3200Y44.1097
G01 X19.2400Y44.0372
G01 X19.2088Y44.0060
G01 X19.1363Y43.9260
G01 X19.1180Y43.9045
G01 X19.0347Y43.7922
G01 X19.0194Y43.7685
G01 X18.9639Y43.6759
G01 X18.9431Y43.6369
G01 X18.8969Y43.5394
G01 X18.8857Y43.5135
G01 X18.8386Y43.3818
G01 X18.8309Y43.3547
G01 X18.8046Y43.2499
G01 X18.7960Y43.2066
G01 X18.7802Y43.0998
G01 X18.7769Y43.0718
G01 X18.7701Y42.9370
G00 Z20.0000
G00 X25.8958Y41.5845
G01 Z20.0000
G01 X26.2249Y39.3657
G01 X26.8566Y36.8439
G00 Z20.0000
G00 X27.2700Y36.7351
G01 Z20.0000
G01 X26.5927Y39.4388
G01 X26.2985Y41.4225
G00 Z20.0000
G00 X27.9438Y43.8185
G01 Z20.0000
G01 X27.9004Y44.7008
G00 Z20.0000
G00 X27.5446Y44.3109
G01 Z20.0000
G01 X27.5500Y44.2015
G01 X28.3010Y44.1800
G01 X28.2266Y45.6939
G01 X28.2794Y46.7681
G00 Z20.0000
G00 X28.6444Y46.5636
G01 Z20.0000
G01 X28.6016Y45.6939
G01 X28.6664Y44.3763
G00 Z20.0000
G00 X29.0370Y44.4659
G01 Z20.0000
G01 X28.9766Y45.6939
G01 X29.0147Y46.4693
G00 Z20.0000
G00 X29.3896Y46.4670
G01 Z20.0000
G01 X29.3516Y45.6939
G01 X29.4122Y44.4616
G00 Z20.0000
G00 X29.7921Y44.3624
G01 Z20.0000
G01 X29.7266Y45.6939
G01 X29.7693Y46.5613
G00 Z20.0000
G00 X30.1549Y46.7787
G01 Z20.0000
G01 X30.1016Y45.6939
G01 X30.1782Y44.1360
G00 Z20.0000
G00 X30.5767Y43.6570
G01 Z20.0000
G01 X30.4766Y45.6939
G01 X30.5523Y47.2330
G01 X31.6773Y47.2338
G01 X31.6016Y45.6939
G01 X31.6980Y43.7328
G00 Z20.0000
G00 X32.0531Y44.1370
G01 Z20.0000
G01 X31.9766Y45.6939
G01 X32.0316Y46.8121
G00 Z20.0000
G00 X32.3956Y46.5882
G01 Z20.0000
G01 X32.3516Y45.6939
G01 X32.4175Y44.3539
G00 Z20.0000
G00 X32.7874Y44.4571
G01 Z20.0000
G01 X32.7266Y45.6939
G01 X32.7652Y46.4782
G00 Z20.0000
G00 X33.1393Y46.4613
G01 Z20.0000
G01 X33.1016Y45.6939
G01 X33.1618Y44.4694
G00 Z20.0000
G00 X33.5410Y44.3844
G01 Z20.0000
G01 X33.4766Y45.6939
G01 X33.5182Y46.5394
G00 Z20.0000
G00 X33.9027Y46.7325
G01 Z20.0000
G01 X33.8516Y45.6939
G01 X33.9259Y44.1822
G00 Z20.0000
G00 X34.3172Y43.8501
G01 Z20.0000
G01 X34.2266Y45.6939
G01 X34.2971Y47.1283
G01 X36.6501Y45.4770
G01 X36.6505Y45.4439
G01 X36.6554Y45.3459
G01 X36.6577Y45.3178
G01 X36.6741Y45.2049
G01 X36.6827Y45.1616
G01 X36.7081Y45.0604
G01 X36.7194Y45.0241
G01 X36.7581Y44.9168
G01 X36.7693Y44.8909
G01 X36.8113Y44.8022
G01 X36.8321Y44.7633
G01 X36.8910Y44.6656
G01 X36.9071Y44.6424
G01 X36.9753Y44.5509
G01 X36.9936Y44.5294
G01 X37.0595Y44.4567
G01 X37.0791Y44.4364
G01 X37.1634Y44.3596
G01 X37.1927Y44.3353
G01 X37.2764Y44.2731
G01 X37.2996Y44.2570
G01 X37.3973Y44.1981
G01 X37.4219Y44.1844
G01 X37.5249Y44.1353
G01 X37.5508Y44.1241
G01 X37.6581Y44.0854
G01 X37.6850Y44.0767
G01 X37.7956Y44.0487
G01 X37.8232Y44.0427
G01 X37.9360Y44.0257
G01 X37.9640Y44.0225
G01 X38.0779Y44.0165
G01 X38.1061Y44.0161
G01 X38.2262Y44.0217
G01 X38.2482Y44.0237
G01 X38.2803Y44.0281
G01 X38.2588Y44.0060
G01 X38.1863Y43.9260
G01 X38.1680Y43.9045
G01 X38.0939Y43.8052
G01 X38.0694Y43.7685
G01 X38.0108Y43.6706
G01 X37.9931Y43.6369
G01 X37.9469Y43.5394
G01 X37.9357Y43.5135
G01 X37.8937Y43.3969
G01 X37.8809Y43.3547
G01 X37.8511Y43.2344
G01 X37.8460Y43.2066
G01 X37.8302Y43.0998
G01 X37.8269Y43.0718
G01 X37.8205Y42.9481
G01 X37.8201Y42.9211
G01 X37.8258Y42.7961
G01 X37.8302Y42.7522
G01 X37.8470Y42.6393
G01 X37.8546Y42.6021
G01 X37.8809Y42.4973
G01 X37.8886Y42.4702
G01 X37.9300Y42.3534
G01 X37.9469Y42.3126
G01 X38.0002Y42.2008
G01 X38.0139Y42.1761
G01 X38.0694Y42.0835
G01 X38.0847Y42.0598
G01 X38.1582Y41.9601
G01 X38.1758Y41.9380
G01 X38.2588Y41.8460
G01 X38.2900Y41.8148
G01 X38.3820Y41.7318
G01 X38.4041Y41.7142
G01 X38.4908Y41.6499
G01 X38.5275Y41.6254
G01 X38.6340Y41.5620
G01 X38.6591Y41.5491
G01 X38.7712Y41.4964
G01 X38.7974Y41.4860
G01 X38.9142Y41.4446
G01 X38.9413Y41.4369
G01 X39.0616Y41.4071
G01 X39.0894Y41.4020
G01 X39.1962Y41.3862
G01 X39.2340Y41.3822
G01 X39.3479Y41.3765
G01 X39.3921Y41.3765
G01 X39.4999Y41.3818
G01 X39.5280Y41.3841
G01 X39.6506Y41.4020
G01 X39.6939Y41.4106
G01 X39.7987Y41.4369
G01 X39.8258Y41.4446
G01 X39.9426Y41.4860
G01 X39.9688Y41.4964
G01 X40.0952Y41.5562
G01 X40.1199Y41.5699
G01 X40.2260Y41.6339
G01 X40.2492Y41.6499
G01 X40.3485Y41.7240
G01 X40.3700Y41.7423
G01 X40.4616Y41.8257
G01 X40.4812Y41.8460
G01 X40.5642Y41.9380
G01 X40.5818Y41.9601
G01 X40.6400Y42.0386
G01 X40.6982Y41.9601
G01 X40.7158Y41.9380
G01 X40.7988Y41.8460
G01 X40.8300Y41.8148
G01 X40.9100Y41.7423
G01 X40.9315Y41.7240
G01 X41.0308Y41.6499
G01 X41.0675Y41.6254
G01 X41.1601Y41.5699
G01 X41.1848Y41.5562
G01 X41.3022Y41.5004
G01 X41.3374Y41.4860
G01 X41.4391Y41.4497
G01 X41.4813Y41.4369
G01 X41.6016Y41.4071
G01 X41.6294Y41.4020
G01 X41.7362Y41.3862
G01 X41.7801Y41.3818
G01 X41.8879Y41.3765
G01 X41.9161Y41.3761
G01 X42.0399Y41.3818
G01 X42.0838Y41.3862
G01 X42.1967Y41.4030
G01 X42.2339Y41.4106
G01 X42.3387Y41.4369
G01 X42.3658Y41.4446
G01 X42.4826Y41.4860
G01 X42.5234Y41.5029
G01 X42.6352Y41.5562
G01 X42.6599Y41.5699
G01 X42.7525Y41.6254
G01 X42.7762Y41.6407
G01 X42.8759Y41.7142
G01 X42.9100Y41.7423
G01 X42.9900Y41.8148
G01 X43.0103Y41.8344
G01 X43.0937Y41.9260
G01 X43.1218Y41.9601
G01 X43.1953Y42.0598
G01 X43.2106Y42.0835
G01 X43.2661Y42.1761
G01 X43.2842Y42.2095
G01 X43.3331Y42.3126
G01 X43.3443Y42.3385
G01 X43.3863Y42.4551
G01 X43.3950Y42.4820
G01 X43.4254Y42.6021
G01 X43.4313Y42.6296
G01 X43.4498Y42.7522
G01 X43.4531Y42.7802
G01 X43.4595Y42.9039
G01 X43.4599Y42.9321
G01 X43.4542Y43.0559
G01 X43.4519Y43.0840
G01 X43.4340Y43.2066
G01 X43.4289Y43.2344
G01 X43.3991Y43.3547
G01 X43.3914Y43.3818
G01 X43.3500Y43.4986
G01 X43.3396Y43.5248
G01 X43.2869Y43.6369
G01 X43.2740Y43.6620
G01 X43.2106Y43.7685
G01 X43.1953Y43.7922
G01 X43.1218Y43.8919
G01 X43.1042Y43.9140
G01 X43.0212Y44.0060
G01 X43.0016Y44.0263
G01 X42.8980Y44.1202
G01 X42.8759Y44.1378
G01 X42.7762Y44.2113
G01 X42.7525Y44.2266
G01 X42.6460Y44.2900
G01 X42.6209Y44.3029
G01 X42.5088Y44.3556
G01 X42.4826Y44.3660
G01 X42.3658Y44.4074
G01 X42.3387Y44.4151
G01 X42.2184Y44.4449
G01 X42.1906Y44.4500
G01 X42.0838Y44.4658
G01 X42.0460Y44.4698
G01 X41.9321Y44.4755
G01 X41.8879Y44.4755
G01 X41.7801Y44.4702
G01 X41.7520Y44.4679
G01 X41.6294Y44.4500
G01 X41.5861Y44.4414
G01 X41.4813Y44.4151
G01 X41.4542Y44.4074
G01 X41.3374Y44.3660
G01 X41.3112Y44.3556
G01 X41.1848Y44.2958
G01 X41.1601Y44.2821
G01 X41.0540Y44.2181
G01 X41.0308Y44.2021
G01 X40.9315Y44.1280
G01 X40.9100Y44.1097
G01 X40.8184Y44.0263
G01 X40.7988Y44.0060
G01 X40.7158Y43.9140
G01 X40.6982Y43.8919
G01 X40.6400Y43.8134
G01 X40.5818Y43.8919
G01 X40.5642Y43.9140
G01 X40.4812Y44.0060
G01 X40.4500Y44.0372
G01 X40.3700Y44.1097
G01 X40.3485Y44.1280
G01 X40.2362Y44.2113
G01 X40.2125Y44.2266
G01 X40.1199Y44.2821
G01 X40.0809Y44.3029
G01 X39.9688Y44.3556
G01 X39.9426Y44.3660
G01 X39.8409Y44.4023
G01 X39.7987Y44.4151
G01 X39.6939Y44.4414
G01 X39.6664Y44.4473
G01 X39.5378Y44.4667
G01 X39.4999Y44.4702
G01 X39.3921Y44.4755
G01 X39.3639Y44.4759
G01 X39.2242Y44.4691
G01 X39.1962Y44.4658
G01 X39.1415Y44.4577
G01 X39.2064Y44.5294
G01 X39.2247Y44.5509
G01 X39.2929Y44.6424
G01 X39.3142Y44.6739
G01 X39.3679Y44.7633
G01 X39.3887Y44.8022
G01 X39.4372Y44.9055
G01 X39.4476Y44.9317
G01 X39.4806Y45.0241
G01 X39.4893Y45.0510
G01 X39.5173Y45.1616
G01 X39.5233Y45.1892
G01 X39.5403Y45.3020
G01 X39.5446Y45.3459
G01 X39.5495Y45.4439
G01 X39.5499Y45.4721
G01 X39.5446Y45.5861
G01 X39.5411Y45.6240
G01 X39.5249Y45.7332
G01 X39.5173Y45.7704
G01 X39.4893Y45.8810
G01 X39.4806Y45.9079
G01 X39.4476Y46.0003
G01 X39.4372Y46.0265
G01 X39.3887Y46.1298
G01 X39.3758Y46.1549
G01 X39.3174Y46.2529
G01 X39.2929Y46.2896
G01 X39.2345Y46.3685
G01 X39.2169Y46.3906
G01 X39.1405Y46.4753
G01 X39.1138Y46.5024
G01 X39.0320Y46.5765
G01 X39.0025Y46.6005
G01 X38.9106Y46.6682
G01 X38.8869Y46.6834
G01 X38.8027Y46.7339
G01 X38.7693Y46.7520
G01 X38.6695Y46.7992
G01 X38.6343Y46.8136
G01 X38.5419Y46.8466
G01 X38.5150Y46.8553
G01 X38.3985Y46.8847
G01 X38.3611Y46.8919
G01 X38.2640Y46.9063
G01 X38.2360Y46.9095
G01 X38.1221Y46.9155
G01 X38.0779Y46.9155
G01 X37.9640Y46.9095
G01 X37.9360Y46.9063
G01 X37.8389Y46.8919
G01 X37.7956Y46.8833
G01 X37.7004Y46.8595
G01 X37.6732Y46.8517
G01 X37.5657Y46.8136
G01 X37.5249Y46.7967
G01 X37.4219Y46.7476
G01 X37.3973Y46.7339
G01 X37.3131Y46.6834
G01 X37.2764Y46.6589
G01 X37.1975Y46.6005
G01 X37.1754Y46.5829
G01 X37.0907Y46.5065
G01 X37.0595Y46.4753
G01 X36.9831Y46.3906
G01 X36.9655Y46.3685
G01 X36.9071Y46.2896
G01 X36.8826Y46.2529
G01 X36.8242Y46.1549
G01 X36.8113Y46.1298
G01 X36.7693Y46.0411
G01 X36.7581Y46.0152
G01 X36.7194Y45.9079
G01 X36.7065Y45.8656
G01 X36.6791Y45.7549
G01 X36.6741Y45.7271
G01 X36.6597Y45.6300
G01 X36.6557Y45.5922
G01 X36.6501Y45.4770
G00 Z20.0000
G00 X36.9030Y44.6480
G01 Z20.0000
G01 X36.9537Y43.6172
G01 X36.9571Y43.5943
G00 Z20.0000
G00 X39.1622Y44.4608
G01 Z20.0000
G01 X39.1613Y44.4796
G00 Z20.0000
G00 X39.5369Y44.4668
G01 Z20.0000
G01 X39.5052Y45.1132
G00 Z20.0000
G00 X39.4863Y45.8908
G01 Z20.0000
G01 X39.5368Y46.9175
G00 Z20.0000
G00 X39.8984Y46.6451
G01 Z20.0000
G01 X39.8516Y45.6939
G01 X39.9164Y44.3753
G00 Z20.0000
G00 X40.3019Y44.1630
G01 Z20.0000
G01 X40.2266Y45.6939
G01 X40.2664Y46.5031
G00 Z20.0000
G00 X40.6391Y46.4561
G01 Z20.0000
G01 X40.6016Y45.6939
G01 X40.6856Y43.9847
G01 X40.6992Y43.8932
G00 Z20.0000
G00 X41.0493Y44.2150
G01 Z20.0000
G01 X40.9766Y45.6939
G01 X41.0164Y46.5038
G00 Z20.0000
G00 X41.3989Y46.6553
G01 Z20.0000
G01 X41.3516Y45.6939
G01 X41.4155Y44.3939
G00 Z20.0000
G00 X41.7868Y44.4705
G01 Z20.0000
G01 X41.7266Y45.6939
G01 X41.7892Y46.9679
G00 Z20.0000
G00 X39.1887Y47.4652
G01 Z20.0000
G01 X39.1401Y46.4758
G00 Z20.0000
G00 X39.0901Y48.0170
G01 Z20.0000
G01 X39.0905Y47.9839
G01 X39.0969Y47.8602
G01 X39.1002Y47.8322
G01 X39.1187Y47.7096
G01 X39.1246Y47.6821
G01 X39.1550Y47.5620
G01 X39.1637Y47.5351
G01 X39.2057Y47.4185
G01 X39.2169Y47.3926
G01 X39.2702Y47.2808
G01 X39.2839Y47.2561
G01 X39.3479Y47.1500
G01 X39.3639Y47.1268
G01 X39.4380Y47.0275
G01 X39.4563Y47.0060
G01 X39.5397Y46.9144
G01 X39.5600Y46.8948
G01 X39.6520Y46.8118
G01 X39.6741Y46.7942
G01 X39.7738Y46.7207
G01 X39.7975Y46.7054
G01 X39.9040Y46.6420
G01 X39.9291Y46.6291
G01 X40.0412Y46.5764
G01 X40.0674Y46.5660
G01 X40.1842Y46.5246
G01 X40.2113Y46.5169
G01 X40.3316Y46.4871
G01 X40.3594Y46.4820
G01 X40.4820Y46.4641
G01 X40.5101Y46.4618
G01 X40.6339Y46.4561
G01 X40.6621Y46.4565
G01 X40.7858Y46.4629
G01 X40.8138Y46.4662
G01 X40.9364Y46.4847
G01 X40.9639Y46.4906
G01 X41.0840Y46.5210
G01 X41.1109Y46.5297
G01 X41.2275Y46.5717
G01 X41.2534Y46.5829
G01 X41.3652Y46.6362
G01 X41.3899Y46.6499
G01 X41.4960Y46.7139
G01 X41.5192Y46.7299
G01 X41.6185Y46.8040
G01 X41.6400Y46.8223
G01 X41.7316Y46.9057
G01 X41.7512Y46.9260
G01 X41.8342Y47.0180
G01 X41.8518Y47.0401
G01 X41.9253Y47.1398
G01 X41.9406Y47.1635
G01 X42.0040Y47.2700
G01 X42.0169Y47.2951
G01 X42.0696Y47.4072
G01 X42.0800Y47.4334
G01 X42.1214Y47.5502
G01 X42.1291Y47.5773
G01 X42.1589Y47.6976
G01 X42.1640Y47.7254
G01 X42.1819Y47.8480
G01 X42.1842Y47.8761
G01 X42.1899Y47.9999
G01 X42.1895Y48.0281
G01 X42.1831Y48.1518
G01 X42.1798Y48.1798
G01 X42.1613Y48.3024
G01 X42.1554Y48.3299
G01 X42.1250Y48.4500
G01 X42.1163Y48.4769
G01 X42.0743Y48.5935
G01 X42.0631Y48.6194
G01 X42.0098Y48.7312
G01 X41.9961Y48.7559
G01 X41.9321Y48.8620
G01 X41.9161Y48.8852
G01 X41.8420Y48.9845
G01 X41.8237Y49.0060
G01 X41.7403Y49.0976
G01 X41.7200Y49.1172
G01 X41.6280Y49.2002
G01 X41.6059Y49.2178
G01 X41.5062Y49.2913
G01 X41.4825Y49.3066
G01 X41.3760Y49.3700
G01 X41.3509Y49.3829
G01 X41.2388Y49.4356
G01 X41.2126Y49.4460
G01 X41.0958Y49.4874
G01 X41.0687Y49.4951
G01 X40.9484Y49.5249
G01 X40.9206Y49.5300
G01 X40.7980Y49.5479
G01 X40.7699Y49.5502
G01 X40.6461Y49.5559
G01 X40.6179Y49.5555
G01 X40.4942Y49.5491
G01 X40.4662Y49.5458
G01 X40.3436Y49.5273
G01 X40.3161Y49.5214
G01 X40.1960Y49.4910
G01 X40.1691Y49.4823
G01 X40.0525Y49.4403
G01 X40.0266Y49.4291
G01 X39.9148Y49.3758
G01 X39.8901Y49.3621
G01 X39.7840Y49.2981
G01 X39.7608Y49.2821
G01 X39.6615Y49.2080
G01 X39.6400Y49.1897
G01 X39.5484Y49.1063
G01 X39.5288Y49.0860
G01 X39.4458Y48.9940
G01 X39.4282Y48.9719
G01 X39.3547Y48.8722
G01 X39.3394Y48.8485
G01 X39.2760Y48.7420
G01 X39.2631Y48.7169
G01 X39.2104Y48.6048
G01 X39.2000Y48.5786
G01 X39.1586Y48.4618
G01 X39.1509Y48.4347
G01 X39.1211Y48.3144
G01 X39.1160Y48.2866
G01 X39.0981Y48.1640
G01 X39.0958Y48.1359
G01 X39.0901Y48.0170
G00 Z20.0000
G00 X31.4701Y48.0170
G01 Z20.0000
G01 X31.4705Y47.9839
G01 X31.4769Y47.8602
G01 X31.4802Y47.8322
G01 X31.4987Y47.7096
G01 X31.5046Y47.6821
G01 X31.5350Y47.5619
G01 X31.5437Y47.5351
G01 X31.5857Y47.4185
G01 X31.5969Y47.3926
G01 X31.6502Y47.2808
G01 X31.6639Y47.2561
G01 X31.7279Y47.1500
G01 X31.7439Y47.1268
G01 X31.8180Y47.0275
G01 X31.8363Y47.0060
G01 X31.9197Y46.9144
G01 X31.9400Y46.8948
G01 X32.0320Y46.8118
G01 X32.0541Y46.7942
G01 X32.1538Y46.7207
G01 X32.1775Y46.7054
G01 X32.2840Y46.6420
G01 X32.3091Y46.6291
G01 X32.4212Y46.5764
G01 X32.4474Y46.5660
G01 X32.5642Y46.5246
G01 X32.5913Y46.5169
G01 X32.7116Y46.4871
G01 X32.7394Y46.4820
G01 X32.8620Y46.4641
G01 X32.8901Y46.4618
G01 X33.0139Y46.4561
G01 X33.0421Y46.4565
G01 X33.1658Y46.4629
G01 X33.1938Y46.4662
G01 X33.3164Y46.4847
G01 X33.3439Y46.4906
G01 X33.4640Y46.5210
G01 X33.4909Y46.5297
G01 X33.6075Y46.5717
G01 X33.6334Y46.5829
G01 X33.7452Y46.6362
G01 X33.7699Y46.6499
G01 X33.8760Y46.7139
G01 X33.8992Y46.7299
G01 X33.9985Y46.8040
G01 X34.0200Y46.8223
G01 X34.1116Y46.9057
G01 X34.1312Y46.9260
G01 X34.2142Y47.0180
G01 X34.2318Y47.0401
G01 X34.3053Y47.1398
G01 X34.3206Y47.1635
G01 X34.3840Y47.2700
G01 X34.3969Y47.2951
G01 X34.4496Y47.4072
G01 X34.4600Y47.4334
G01 X34.5014Y47.5502
G01 X34.5091Y47.5773
G01 X34.5389Y47.6976
G01 X34.5440Y47.7254
G01 X34.5619Y47.8480
G01 X34.5642Y47.8761
G01 X34.5699Y47.9999
G01 X34.5695Y48.0281
G01 X34.5631Y48.1518
G01 X34.5598Y48.1798
G01 X34.5413Y48.3024
G01 X34.5354Y48.3299
G01 X34.5050Y48.4501
G01 X34.4963Y48.4769
G01 X34.4543Y48.5935
G01 X34.4431Y48.6194
G01 X34.3898Y48.7312
G01 X34.3761Y48.7559
G01 X34.3121Y48.8620
G01 X34.2961Y48.8852
G01 X34.2220Y48.9845
G01 X34.2037Y49.0060
G01 X34.1203Y49.0976
G01 X34.1000Y49.1172
G01 X34.0080Y49.2002
G01 X33.9859Y49.2178
G01 X33.8862Y49.2913
G01 X33.8625Y49.3066
G01 X33.7560Y49.3700
G01 X33.7309Y49.3829
G01 X33.6188Y49.4356
G01 X33.5926Y49.4460
G01 X33.4758Y49.4874
G01 X33.4487Y49.4951
G01 X33.3284Y49.5249
G01 X33.3006Y49.5300
G01 X33.1780Y49.5479
G01 X33.1499Y49.5502
G01 X33.0261Y49.5559
G01 X32.9979Y49.5555
G01 X32.8742Y49.5491
G01 X32.8462Y49.5458
G01 X32.7236Y49.5273
G01 X32.6961Y49.5214
G01 X32.5760Y49.4910
G01 X32.5491Y49.4823
G01 X32.4325Y49.4403
G01 X32.4066Y49.4291
G01 X32.2948Y49.3758
G01 X32.2701Y49.3621
G01 X32.1640Y49.2981
G01 X32.1408Y49.2821
G01 X32.0415Y49.2080
G01 X32.0200Y49.1897
G01 X31.9284Y49.1063
G01 X31.9088Y49.0860
G01 X31.8258Y48.9940
G01 X31.8082Y48.9719
G01 X31.7347Y48.8722
G01 X31.7194Y48.8485
G01 X31.6560Y48.7420
G01 X31.6431Y48.7169
G01 X31.5904Y48.6048
G01 X31.5800Y48.5786
G01 X31.5386Y48.4618
G01 X31.5309Y48.4347
G01 X31.5011Y48.3144
G01 X31.4960Y48.2866
G01 X31.4781Y48.1640
G01 X31.4758Y48.1359
G01 X31.4701Y48.0170
G00 Z20.0000
G00 X27.9228Y47.1426
G01 Z20.0000
G01 X27.8797Y46.2653
G00 Z20.0000
G00 X27.6601Y48.0170
G01 Z20.0000
G01 X27.6605Y47.9839
G01 X27.6669Y47.8602
G01 X27.6702Y47.8322
G01 X27.6887Y47.7096
G01 X27.6946Y47.6821
G01 X27.7250Y47.5619
G01 X27.7337Y47.5351
G01 X27.7757Y47.4185
G01 X27.7869Y47.3926
G01 X27.8402Y47.2808
G01 X27.8539Y47.2561
G01 X27.9179Y47.1500
G01 X27.9339Y47.1268
G01 X28.0080Y47.0275
G01 X28.0263Y47.0060
G01 X28.1097Y46.9144
G01 X28.1300Y46.8948
G01 X28.2220Y46.8118
G01 X28.2441Y46.7942
G01 X28.3438Y46.7207
G01 X28.3675Y46.7054
G01 X28.4740Y46.6420
G01 X28.4991Y46.6291
G01 X28.6112Y46.5764
G01 X28.6374Y46.5660
G01 X28.7542Y46.5246
G01 X28.7813Y46.5169
G01 X28.9016Y46.4871
G01 X28.9294Y46.4820
G01 X29.0520Y46.4641
G01 X29.0801Y46.4618
G01 X29.2039Y46.4561
G01 X29.2321Y46.4565
G01 X29.3558Y46.4629
G01 X29.3838Y46.4662
G01 X29.5064Y46.4847
G01 X29.5339Y46.4906
G01 X29.6540Y46.5210
G01 X29.6809Y46.5297
G01 X29.7975Y46.5717
G01 X29.8234Y46.5829
G01 X29.9352Y46.6362
G01 X29.9599Y46.6499
G01 X30.0660Y46.7139
G01 X30.0892Y46.7299
G01 X30.1885Y46.8040
G01 X30.2100Y46.8223
G01 X30.3016Y46.9057
G01 X30.3212Y46.9260
G01 X30.4042Y47.0180
G01 X30.4218Y47.0401
G01 X30.4953Y47.1398
G01 X30.5106Y47.1635
G01 X30.5740Y47.2700
G01 X30.5869Y47.2951
G01 X30.6396Y47.4072
G01 X30.6500Y47.4334
G01 X30.6914Y47.5502
G01 X30.6991Y47.5773
G01 X30.7289Y47.6976
G01 X30.7340Y47.7254
G01 X30.7519Y47.8480
G01 X30.7542Y47.8761
G01 X30.7599Y47.9999
G01 X30.7595Y48.0281
G01 X30.7531Y48.1518
G01 X30.7498Y48.1798
G01 X30.7313Y48.3024
G01 X30.7254Y48.3299
G01 X30.6950Y48.4501
G01 X30.6863Y48.4769
G01 X30.6443Y48.5935
G01 X30.6331Y48.6194
G01 X30.5798Y48.7312
G01 X30.5661Y48.7559
G01 X30.5021Y48.8620
G01 X30.4861Y48.8852
G01 X30.4120Y48.9845
G01 X30.3937Y49.0060
G01 X30.3103Y49.0976
G01 X30.2900Y49.1172
G01 X30.1980Y49.2002
G01 X30.1759Y49.2178
G01 X30.0762Y49.2913
G01 X30.0525Y49.3066
G01 X29.9460Y49.3700
G01 X29.9209Y49.3829
G01 X29.8088Y49.4356
G01 X29.7826Y49.4460
G01 X29.6658Y49.4874
G01 X29.6387Y49.4951
G01 X29.5184Y49.5249
G01 X29.4906Y49.5300
G01 X29.3680Y49.5479
G01 X29.3399Y49.5502
G01 X29.2161Y49.5559
G01 X29.1879Y49.5555
G01 X29.0642Y49.5491
G01 X29.0362Y49.5458
G01 X28.9136Y49.5273
G01 X28.8861Y49.5214
G01 X28.7660Y49.4910
G01 X28.7391Y49.4823
G01 X28.6225Y49.4403
G01 X28.5966Y49.4291
G01 X28.4848Y49.3758
G01 X28.4601Y49.3621
G01 X28.3540Y49.2981
G01 X28.3308Y49.2821
G01 X28.2315Y49.2080
G01 X28.2100Y49.1897
G01 X28.1184Y49.1063
G01 X28.0988Y49.0860
G01 X28.0158Y48.9940
G01 X27.9982Y48.9719
G01 X27.9247Y48.8722
G01 X27.9094Y48.8485
G01 X27.8460Y48.7420
G01 X27.8331Y48.7169
G01 X27.7804Y48.6048
G01 X27.7700Y48.5786
G01 X27.7286Y48.4618
G01 X27.7209Y48.4347
G01 X27.6911Y48.3144
G01 X27.6860Y48.2866
G01 X27.6681Y48.1640
G01 X27.6658Y48.1359
G01 X27.6601Y48.0170
G00 Z20.0000
G00 X31.4701Y42.9370
G01 Z20.0000
G01 X31.4705Y42.9039
G01 X31.4769Y42.7802
G01 X31.4802Y42.7522
G01 X31.4987Y42.6296
G01 X31.5046Y42.6021
G01 X31.5350Y42.4819
G01 X31.5437Y42.4551
G01 X31.5857Y42.3385
G01 X31.5969Y42.3126
G01 X31.6502Y42.2008
G01 X31.6639Y42.1761
G01 X31.7279Y42.0700
G01 X31.7439Y42.0468
G01 X31.8180Y41.9475
G01 X31.8363Y41.9260
G01 X31.9197Y41.8344
G01 X31.9400Y41.8148
G01 X32.0320Y41.7318
G01 X32.0541Y41.7142
G01 X32.1538Y41.6407
G01 X32.1775Y41.6254
G01 X32.2840Y41.5620
G01 X32.3091Y41.5491
G01 X32.4212Y41.4964
G01 X32.4474Y41.4860
G01 X32.5642Y41.4446
G01 X32.5913Y41.4369
G01 X32.7116Y41.4071
G01 X32.7394Y41.4020
G01 X32.8620Y41.3841
G01 X32.8901Y41.3818
G01 X33.0139Y41.3761
G01 X33.0421Y41.3765
G01 X33.1499Y41.3818
G01 X33.1780Y41.3841
G01 X33.3006Y41.4020
G01 X33.3439Y41.4106
G01 X33.4487Y41.4369
G01 X33.4758Y41.4446
G01 X33.5926Y41.4860
G01 X33.6334Y41.5029
G01 X33.7452Y41.5562
G01 X33.7699Y41.5699
G01 X33.8625Y41.6254
G01 X33.8862Y41.6407
G01 X33.9859Y41.7142
G01 X34.0200Y41.7423
G01 X34.1045Y41.8189
G01 X34.1312Y41.8460
G01 X34.2142Y41.9380
G01 X34.2318Y41.9601
G01 X34.2900Y42.0386
G01 X34.3482Y41.9601
G01 X34.3658Y41.9380
G01 X34.4488Y41.8460
G01 X34.4684Y41.8257
G01 X34.5720Y41.7318
G01 X34.5941Y41.7142
G01 X34.6808Y41.6499
G01 X34.7123Y41.6286
G01 X34.8101Y41.5699
G01 X34.8491Y41.5491
G01 X34.9466Y41.5029
G01 X34.9725Y41.4917
G01 X35.0891Y41.4497
G01 X35.1160Y41.4410
G01 X35.2516Y41.4071
G01 X35.2794Y41.4020
G01 X35.3862Y41.3862
G01 X35.4240Y41.3822
G01 X35.5379Y41.3765
G01 X35.5821Y41.3765
G01 X35.6899Y41.3818
G01 X35.7180Y41.3841
G01 X35.8406Y41.4020
G01 X35.8684Y41.4071
G01 X36.0040Y41.4410
G01 X36.0309Y41.4497
G01 X36.1383Y41.4882
G01 X36.1734Y41.5029
G01 X36.2709Y41.5491
G01 X36.3099Y41.5699
G01 X36.4025Y41.6254
G01 X36.4262Y41.6407
G01 X36.5385Y41.7240
G01 X36.5600Y41.7423
G01 X36.6400Y41.8148
G01 X36.6712Y41.8460
G01 X36.7437Y41.9260
G01 X36.7620Y41.9475
G01 X36.8453Y42.0598
G01 X36.8606Y42.0835
G01 X36.9161Y42.1761
G01 X36.9369Y42.2151
G01 X36.9831Y42.3126
G01 X36.9943Y42.3385
G01 X37.0414Y42.4702
G01 X37.0491Y42.4973
G01 X37.0754Y42.6021
G01 X37.0840Y42.6454
G01 X37.0998Y42.7522
G01 X37.1031Y42.7802
G01 X37.1099Y42.9199
G01 X37.1095Y42.9481
G01 X37.1031Y43.0718
G01 X37.0998Y43.0998
G01 X37.0813Y43.2224
G01 X37.0754Y43.2499
G01 X37.0450Y43.3700
G01 X37.0363Y43.3969
G01 X36.9943Y43.5135
G01 X36.9831Y43.5394
G01 X36.9298Y43.6512
G01 X36.9161Y43.6759
G01 X36.8521Y43.7820
G01 X36.8361Y43.8052
G01 X36.7620Y43.9045
G01 X36.7437Y43.9260
G01 X36.6603Y44.0176
G01 X36.6400Y44.0372
G01 X36.5480Y44.1202
G01 X36.5259Y44.1378
G01 X36.4262Y44.2113
G01 X36.4025Y44.2266
G01 X36.2960Y44.2900
G01 X36.2709Y44.3029
G01 X36.1588Y44.3556
G01 X36.1326Y44.3660
G01 X36.0158Y44.4074
G01 X35.9887Y44.4151
G01 X35.8684Y44.4449
G01 X35.8406Y44.4500
G01 X35.7180Y44.4679
G01 X35.6899Y44.4702
G01 X35.5661Y44.4759
G01 X35.5379Y44.4755
G01 X35.4301Y44.4702
G01 X35.4020Y44.4679
G01 X35.2794Y44.4500
G01 X35.2361Y44.4414
G01 X35.1313Y44.4151
G01 X35.1042Y44.4074
G01 X34.9874Y44.3660
G01 X34.9466Y44.3491
G01 X34.8348Y44.2958
G01 X34.8101Y44.2821
G01 X34.7175Y44.2266
G01 X34.6938Y44.2113
G01 X34.5941Y44.1378
G01 X34.5600Y44.1097
G01 X34.4755Y44.0331
G01 X34.4488Y44.0060
G01 X34.3658Y43.9140
G01 X34.3482Y43.8919
G01 X34.2900Y43.8134
G01 X34.2318Y43.8919
G01 X34.2142Y43.9140
G01 X34.1312Y44.0060
G01 X34.1116Y44.0263
G01 X34.0080Y44.1202
G01 X33.9859Y44.1378
G01 X33.8992Y44.2021
G01 X33.8677Y44.2234
G01 X33.7699Y44.2821
G01 X33.7309Y44.3029
G01 X33.6334Y44.3491
G01 X33.6075Y44.3603
G01 X33.4909Y44.4023
G01 X33.4640Y44.4110
G01 X33.3284Y44.4449
G01 X33.3006Y44.4500
G01 X33.1938Y44.4658
G01 X33.1560Y44.4698
G01 X33.0421Y44.4755
G01 X32.9979Y44.4755
G01 X32.8901Y44.4702
G01 X32.8620Y44.4679
G01 X32.7394Y44.4500
G01 X32.7116Y44.4449
G01 X32.5760Y44.4110
G01 X32.5491Y44.4023
G01 X32.4417Y44.3638
G01 X32.4066Y44.3491
G01 X32.3091Y44.3029
G01 X32.2701Y44.2821
G01 X32.1775Y44.2266
G01 X32.1538Y44.2113
G01 X32.0415Y44.1280
G01 X32.0200Y44.1097
G01 X31.9400Y44.0372
G01 X31.9088Y44.0060
G01 X31.8363Y43.9260
G01 X31.8180Y43.9045
G01 X31.7347Y43.7922
G01 X31.7194Y43.7685
G01 X31.6639Y43.6759
G01 X31.6431Y43.6369
G01 X31.5969Y43.5394
G01 X31.5857Y43.5135
G01 X31.5386Y43.3818
G01 X31.5309Y43.3547
G01 X31.5046Y43.2499
G01 X31.4960Y43.2066
G01 X31.4802Y43.0998
G01 X31.4769Y43.0718
G01 X31.4701Y42.9370
G00 Z20.0000
G00 X34.2173Y58.7692
G01 Z20.0000
G01 X35.4336Y60.7985
G01 X37.0229Y62.9415
G01 X37.4193Y63.3788
G00 Z20.0000
G00 X37.1010Y63.5853
G01 Z20.0000
G01 X36.7330Y63.1794
G01 X35.1218Y61.0068
G01 X33.9382Y59.0321
G00 Z20.0000
G00 X33.6125Y59.2172
G01 Z20.0000
G01 X34.8100Y61.2152
G01 X36.4432Y63.4173
G01 X36.8457Y63.8614
G00 Z20.0000
G00 X37.8064Y63.2482
G01 Z20.0000
G01 X37.3128Y62.7036
G01 X35.7454Y60.5901
G01 X34.9053Y59.1885
G00 Z20.0000
G00 X35.4261Y59.3289
G01 Z20.0000
G01 X36.0572Y60.3818
G01 X37.6027Y62.4657
G01 X38.2990Y63.2339
G00 Z20.0000
G00 X35.8511Y63.2478
G01 Z20.0000
G01 X34.4982Y61.4235
G01 X33.2365Y59.3185
G00 Z20.0000
G00 X32.7995Y59.3179
G01 Z20.0000
G01 X34.1864Y61.6318
G01 X35.3732Y63.2321
G00 Z20.0000
G00 X34.9812Y63.3324
G01 Z20.0000
G01 X33.8746Y61.8402
G01 X32.4083Y59.3939
G01 X32.2954Y59.1551
G01 X31.8801Y60.6982
G01 X32.9392Y62.4652
G01 X33.5763Y63.3242
G00 Z20.0000
G00 X33.0328Y63.2202
G01 Z20.0000
G01 X32.6274Y62.6735
G01 X31.6944Y61.1169
G00 Z20.0000
G00 X31.4358Y61.4140
G01 Z20.0000
G01 X32.3156Y62.8819
G01 X32.6083Y63.2766
G00 Z20.0000
G00 X32.2519Y63.4248
G01 Z20.0000
G01 X32.0038Y63.0902
G01 X31.1243Y61.6229
G00 Z20.0000
G00 X30.7621Y61.7472
G01 Z20.0000
G01 X31.6920Y63.2985
G01 X31.9514Y63.6484
G01 X31.3845Y63.5127
G01 X31.3802Y63.5069
G01 X30.3379Y61.7679
G00 Z20.0000
G00 X23.3327Y59.3182
G01 Z20.0000
G01 X23.5669Y59.9728
G01 X25.1325Y63.2829
G01 X27.0149Y66.4236
G01 X29.1962Y69.3647
G01 X31.6552Y72.0778
G01 X34.3683Y74.5369
G01 X37.3094Y76.7181
G01 X38.2849Y77.3028
G00 Z20.0000
G00 X37.6535Y77.3610
G01 Z20.0000
G01 X37.1011Y77.0299
G01 X34.1305Y74.8267
G01 X31.3901Y72.3430
G01 X28.9063Y69.6026
G01 X26.7031Y66.6320
G01 X24.8017Y63.4597
G01 X23.2204Y60.1163
G01 X22.9409Y59.3350
G01 X22.5431Y59.3350
G01 X22.8740Y60.2598
G01 X24.4710Y63.6364
G01 X26.3913Y66.8403
G01 X28.6164Y69.8405
G01 X31.1249Y72.6082
G01 X33.8926Y75.1166
G01 X36.8928Y77.3417
G01 X37.2581Y77.5607
G00 Z20.0000
G00 X36.9737Y77.8269
G01 Z20.0000
G01 X36.6844Y77.6535
G01 X33.6547Y75.4065
G01 X30.8597Y72.8733
G01 X28.3266Y70.0784
G01 X26.0795Y67.0486
G01 X24.1403Y63.8132
G01 X22.5275Y60.4033
G01 X22.1453Y59.3350
G00 Z20.0000
G00 X21.7460Y59.3307
G01 Z20.0000
G01 X22.1811Y60.5468
G01 X23.8096Y63.9900
G01 X25.7677Y67.2570
G01 X28.0367Y70.3163
G01 X30.5946Y73.1385
G01 X33.4168Y75.6964
G01 X36.4761Y77.9653
G01 X36.7781Y78.1464
G00 Z20.0000
G00 X36.6684Y78.5173
G01 Z20.0000
G01 X36.2677Y78.2771
G01 X33.1789Y75.9863
G01 X30.3294Y73.4037
G01 X27.7468Y70.5542
G01 X25.4559Y67.4653
G01 X23.4789Y64.1668
G01 X21.8346Y60.6903
G01 X21.3160Y59.2409
G00 Z20.0000
G00 X20.8097Y58.9377
G01 Z20.0000
G01 X21.4882Y60.8338
G01 X23.1481Y64.3435
G01 X25.1441Y67.6737
G01 X27.4569Y70.7921
G01 X30.0642Y73.6688
G01 X32.9410Y76.2761
G01 X36.0594Y78.5889
G01 X36.6670Y78.9531
G00 Z20.0000
G00 X36.6501Y78.7510
G01 Z20.0000
G01 X36.6505Y78.7179
G01 X36.6565Y78.6040
G01 X36.6597Y78.5760
G01 X36.6767Y78.4632
G01 X36.6827Y78.4356
G01 X36.7107Y78.3250
G01 X36.7194Y78.2981
G01 X36.7581Y78.1908
G01 X36.7693Y78.1649
G01 X36.8184Y78.0619
G01 X36.8321Y78.0373
G01 X36.8910Y77.9396
G01 X36.9071Y77.9164
G01 X36.9753Y77.8249
G01 X36.9936Y77.8034
G01 X37.0704Y77.7191
G01 X37.0907Y77.6995
G01 X37.1754Y77.6231
G01 X37.1975Y77.6055
G01 X37.2894Y77.5378
G01 X37.3131Y77.5226
G01 X37.4111Y77.4642
G01 X37.4362Y77.4513
G01 X37.5395Y77.4028
G01 X37.5657Y77.3924
G01 X37.6732Y77.3543
G01 X37.7004Y77.3465
G01 X37.8111Y77.3191
G01 X37.8389Y77.3141
G01 X37.9518Y77.2977
G01 X37.9799Y77.2954
G01 X38.0939Y77.2901
G01 X38.1221Y77.2905
G01 X38.2360Y77.2965
G01 X38.2640Y77.2997
G01 X38.3769Y77.3167
G01 X38.4044Y77.3227
G01 X38.5150Y77.3507
G01 X38.5419Y77.3594
G01 X38.6492Y77.3981
G01 X38.6751Y77.4093
G01 X38.7781Y77.4584
G01 X38.8027Y77.4721
G01 X38.9004Y77.5310
G01 X38.9236Y77.5471
G01 X39.0151Y77.6153
G01 X39.0366Y77.6336
G01 X39.1209Y77.7104
G01 X39.1405Y77.7307
G01 X39.2169Y77.8154
G01 X39.2345Y77.8375
G01 X39.3022Y77.9294
G01 X39.3174Y77.9531
G01 X39.3758Y78.0511
G01 X39.3887Y78.0762
G01 X39.4372Y78.1795
G01 X39.4476Y78.2057
G01 X39.4857Y78.3132
G01 X39.4935Y78.3404
G01 X39.5209Y78.4511
G01 X39.5259Y78.4789
G01 X39.5423Y78.5918
G01 X39.5446Y78.6199
G01 X39.5499Y78.7339
G01 X39.5495Y78.7621
G01 X39.5435Y78.8760
G01 X39.5403Y78.9040
G01 X39.5233Y79.0168
G01 X39.5173Y79.0444
G01 X39.4893Y79.1550
G01 X39.4806Y79.1819
G01 X39.4419Y79.2892
G01 X39.4307Y79.3151
G01 X39.3816Y79.4181
G01 X39.3679Y79.4427
G01 X39.3090Y79.5404
G01 X39.2929Y79.5636
G01 X39.2247Y79.6551
G01 X39.2064Y79.6766
G01 X39.1296Y79.7609
G01 X39.1093Y79.7805
G01 X39.0246Y79.8569
G01 X39.0025Y79.8745
G01 X38.9106Y79.9422
G01 X38.8869Y79.9574
G01 X38.7889Y80.0158
G01 X38.7638Y80.0287
G01 X38.6605Y80.0772
G01 X38.6343Y80.0876
G01 X38.5268Y80.1257
G01 X38.4996Y80.1335
G01 X38.3889Y80.1609
G01 X38.3611Y80.1659
G01 X38.2482Y80.1823
G01 X38.2201Y80.1846
G01 X38.1061Y80.1899
G01 X38.0779Y80.1895
G01 X37.9640Y80.1835
G01 X37.9360Y80.1803
G01 X37.8232Y80.1633
G01 X37.7956Y80.1573
G01 X37.6850Y80.1293
G01 X37.6581Y80.1206
G01 X37.5508Y80.0819
G01 X37.5249Y80.0707
G01 X37.4219Y80.0216
G01 X37.3973Y80.0079
G01 X37.2996Y79.9490
G01 X37.2764Y79.9329
G01 X37.1849Y79.8647
G01 X37.1634Y79.8464
G01 X37.0791Y79.7696
G01 X37.0595Y79.7493
G01 X36.9831Y79.6646
G01 X36.9655Y79.6425
G01 X36.8978Y79.5506
G01 X36.8826Y79.5269
G01 X36.8242Y79.4289
G01 X36.8113Y79.4038
G01 X36.7628Y79.3005
G01 X36.7524Y79.2743
G01 X36.7143Y79.1668
G01 X36.7065Y79.1396
G01 X36.6791Y79.0289
G01 X36.6741Y79.0011
G01 X36.6577Y78.8882
G01 X36.6554Y78.8601
G01 X36.6501Y78.7510
G00 Z20.0000
G00 X36.8751Y79.5145
G01 Z20.0000
G01 X35.8511Y78.9007
G01 X32.7031Y76.5660
G01 X29.7991Y73.9340
G01 X27.1670Y71.0300
G01 X24.8323Y67.8820
G01 X22.8174Y64.5203
G01 X21.1417Y60.9773
G01 X20.4063Y58.9220
G00 Z20.0000
G00 X20.4404Y56.6755
G01 Z20.0000
G01 X20.4010Y56.5184
G00 Z20.0000
G00 X20.3078Y56.5761
G01 Z20.0000
G01 X20.3308Y56.5921
G01 X20.4097Y56.6505
G01 X20.4438Y56.6786
G01 X20.5281Y56.7554
G01 X20.5477Y56.7757
G01 X20.6119Y56.8465
G01 X20.6360Y56.8142
G01 X20.6562Y56.7896
G01 X20.7328Y56.7050
G01 X20.7524Y56.6847
G01 X20.8560Y56.5908
G01 X20.8781Y56.5732
G01 X20.9566Y56.5150
G01 X20.8732Y56.4530
G01 X20.8440Y56.4287
G01 X20.7524Y56.3453
G01 X20.7328Y56.3250
G01 X20.6808Y56.2677
G01 X20.6239Y56.3305
G01 X20.6043Y56.3508
G01 X20.5080Y56.4381
G01 X20.4859Y56.4557
G01 X20.3940Y56.5234
G01 X20.3703Y56.5386
G01 X20.3078Y56.5761
G00 Z20.0000
G00 X20.7409Y56.3336
G01 Z20.0000
G01 X20.8146Y56.6279
G00 Z20.0000
G00 X10.0063Y75.2023
G01 Z20.0000
G01 X11.1131Y77.0489
G01 X14.1238Y81.1083
G00 Z20.0000
G00 X13.6740Y81.1307
G01 Z20.0000
G01 X10.8013Y77.2572
G01 X9.4789Y75.0510
G00 Z20.0000
G00 X8.8062Y74.6572
G01 Z20.0000
G01 X10.4895Y77.4656
G01 X13.3050Y81.2619
G00 Z20.0000
G00 X12.9975Y81.4761
G01 Z20.0000
G01 X10.1777Y77.6739
G01 X8.5251Y74.9168
G00 Z20.0000
G00 X8.1972Y75.0982
G01 Z20.0000
G01 X9.8659Y77.8823
G01 X12.7488Y81.7694
G00 Z20.0000
G00 X12.5736Y82.1620
G01 Z20.0000
G01 X9.5541Y78.0906
G01 X7.8192Y75.1961
G00 Z20.0000
G00 X7.3788Y75.1898
G01 Z20.0000
G01 X9.2423Y78.2989
G01 X12.5329Y82.7359
G00 Z20.0000
G00 X12.5201Y82.5610
G01 Z20.0000
G01 X12.5204Y82.5310
G01 X12.5265Y82.4140
G01 X12.5297Y82.3860
G01 X12.5467Y82.2732
G01 X12.5527Y82.2456
G01 X12.5807Y82.1350
G01 X12.5894Y82.1081
G01 X12.6281Y82.0008
G01 X12.6393Y81.9749
G01 X12.6884Y81.8719
G01 X12.7021Y81.8473
G01 X12.7610Y81.7496
G01 X12.7771Y81.7264
G01 X12.8453Y81.6349
G01 X12.8636Y81.6134
G01 X12.9404Y81.5291
G01 X12.9607Y81.5095
G01 X13.0454Y81.4331
G01 X13.0675Y81.4155
G01 X13.1594Y81.3478
G01 X13.1831Y81.3326
G01 X13.2811Y81.2742
G01 X13.3062Y81.2613
G01 X13.4095Y81.2128
G01 X13.4357Y81.2024
G01 X13.5432Y81.1643
G01 X13.5704Y81.1565
G01 X13.6811Y81.1291
G01 X13.7089Y81.1241
G01 X13.8218Y81.1077
G01 X13.8499Y81.1054
G01 X13.9639Y81.1001
G01 X13.9921Y81.1005
G01 X14.1060Y81.1065
G01 X14.1340Y81.1097
G01 X14.2468Y81.1267
G01 X14.2744Y81.1327
G01 X14.3850Y81.1607
G01 X14.4119Y81.1694
G01 X14.5192Y81.2081
G01 X14.5451Y81.2193
G01 X14.6481Y81.2684
G01 X14.6727Y81.2821
G01 X14.7704Y81.3410
G01 X14.7936Y81.3571
G01 X14.8851Y81.4253
G01 X14.9066Y81.4436
G01 X14.9909Y81.5204
G01 X15.0105Y81.5407
G01 X15.0869Y81.6254
G01 X15.1045Y81.6475
G01 X15.1722Y81.7394
G01 X15.1874Y81.7631
G01 X15.2458Y81.8611
G01 X15.2587Y81.8862
G01 X15.3072Y81.9895
G01 X15.3176Y82.0157
G01 X15.3557Y82.1232
G01 X15.3635Y82.1504
G01 X15.3909Y82.2611
G01 X15.3959Y82.2889
G01 X15.4123Y82.4018
G01 X15.4146Y82.4299
G01 X15.4199Y82.5439
G01 X15.4195Y82.5721
G01 X15.4135Y82.6860
G01 X15.4103Y82.7140
G01 X15.3933Y82.8268
G01 X15.3873Y82.8544
G01 X15.3593Y82.9650
G01 X15.3506Y82.9919
G01 X15.3119Y83.0992
G01 X15.3007Y83.1251
G01 X15.2516Y83.2281
G01 X15.2379Y83.2527
G01 X15.1790Y83.3504
G01 X15.1629Y83.3736
G01 X15.0947Y83.4651
G01 X15.0764Y83.4866
G01 X14.9996Y83.5709
G01 X14.9793Y83.5905
G01 X14.8946Y83.6669
G01 X14.8725Y83.6845
G01 X14.7806Y83.7522
G01 X14.7569Y83.7674
G01 X14.6589Y83.8258
G01 X14.6338Y83.8387
G01 X14.5305Y83.8872
G01 X14.5043Y83.8976
G01 X14.3968Y83.9357
G01 X14.3696Y83.9435
G01 X14.2589Y83.9709
G01 X14.2311Y83.9759
G01 X14.1182Y83.9923
G01 X14.0901Y83.9946
G01 X13.9761Y83.9999
G01 X13.9479Y83.9995
G01 X13.8340Y83.9935
G01 X13.8060Y83.9903
G01 X13.6932Y83.9733
G01 X13.6656Y83.9673
G01 X13.5550Y83.9393
G01 X13.5281Y83.9306
G01 X13.4208Y83.8919
G01 X13.3949Y83.8807
G01 X13.2919Y83.8316
G01 X13.2673Y83.8179
G01 X13.1696Y83.7590
G01 X13.1464Y83.7429
G01 X13.0549Y83.6747
G01 X13.0334Y83.6564
G01 X12.9491Y83.5796
G01 X12.9295Y83.5593
G01 X12.8531Y83.4746
G01 X12.8355Y83.4525
G01 X12.7678Y83.3606
G01 X12.7526Y83.3369
G01 X12.6942Y83.2389
G01 X12.6813Y83.2138
G01 X12.6328Y83.1105
G01 X12.6224Y83.0843
G01 X12.5843Y82.9768
G01 X12.5765Y82.9496
G01 X12.5491Y82.8389
G01 X12.5441Y82.8111
G01 X12.5277Y82.6982
G01 X12.5254Y82.6701
G01 X12.5201Y82.5610
G00 Z20.0000
G00 X13.6039Y83.9519
G01 Z20.0000
G01 X14.4521Y84.8877
G00 Z20.0000
G00 X13.9479Y84.8105
G01 Z20.0000
G01 X13.9921Y84.8105
G01 X14.1158Y84.8169
G01 X14.1438Y84.8202
G01 X14.2664Y84.8387
G01 X14.2939Y84.8446
G01 X14.4141Y84.8750
G01 X14.4409Y84.8837
G01 X14.5575Y84.9257
G01 X14.5834Y84.9369
G01 X14.6952Y84.9902
G01 X14.7199Y85.0039
G01 X14.8260Y85.0679
G01 X14.8492Y85.0839
G01 X14.9485Y85.1580
G01 X14.9700Y85.1763
G01 X15.0616Y85.2597
G01 X15.0812Y85.2800
G01 X15.1642Y85.3720
G01 X15.1818Y85.3941
G01 X15.2553Y85.4938
G01 X15.2706Y85.5175
G01 X15.3340Y85.6240
G01 X15.3469Y85.6491
G01 X15.3996Y85.7612
G01 X15.4100Y85.7874
G01 X15.4514Y85.9042
G01 X15.4591Y85.9313
G01 X15.4889Y86.0516
G01 X15.4940Y86.0794
G01 X15.5119Y86.2020
G01 X15.5142Y86.2301
G01 X15.5199Y86.3539
G01 X15.5195Y86.3821
G01 X15.5131Y86.5058
G01 X15.5098Y86.5338
G01 X15.4913Y86.6564
G01 X15.4854Y86.6839
G01 X15.4550Y86.8041
G01 X15.4463Y86.8309
G01 X15.4043Y86.9475
G01 X15.3931Y86.9734
G01 X15.3398Y87.0852
G01 X15.3261Y87.1099
G01 X15.2621Y87.2160
G01 X15.2461Y87.2392
G01 X15.1720Y87.3385
G01 X15.1537Y87.3600
G01 X15.0703Y87.4516
G01 X15.0500Y87.4712
G01 X14.9580Y87.5542
G01 X14.9359Y87.5718
G01 X14.8362Y87.6453
G01 X14.8125Y87.6606
G01 X14.7060Y87.7240
G01 X14.6809Y87.7369
G01 X14.5688Y87.7896
G01 X14.5426Y87.8000
G01 X14.4258Y87.8414
G01 X14.3987Y87.8491
G01 X14.2784Y87.8789
G01 X14.2506Y87.8840
G01 X14.1280Y87.9019
G01 X14.0999Y87.9042
G01 X13.9761Y87.9099
G01 X13.9479Y87.9095
G01 X13.8242Y87.9031
G01 X13.7962Y87.8998
G01 X13.6736Y87.8813
G01 X13.6461Y87.8754
G01 X13.5260Y87.8450
G01 X13.4991Y87.8363
G01 X13.3825Y87.7943
G01 X13.3566Y87.7831
G01 X13.2448Y87.7298
G01 X13.2201Y87.7161
G01 X13.1140Y87.6521
G01 X13.0908Y87.6361
G01 X12.9915Y87.5620
G01 X12.9700Y87.5437
G01 X12.8784Y87.4603
G01 X12.8588Y87.4400
G01 X12.7758Y87.3480
G01 X12.7582Y87.3259
G01 X12.6847Y87.2262
G01 X12.6694Y87.2025
G01 X12.6060Y87.0960
G01 X12.5931Y87.0709
G01 X12.5404Y86.9588
G01 X12.5300Y86.9326
G01 X12.4886Y86.8158
G01 X12.4809Y86.7887
G01 X12.4511Y86.6684
G01 X12.4460Y86.6406
G01 X12.4281Y86.5180
G01 X12.4258Y86.4899
G01 X12.4201Y86.3649
G01 X12.4205Y86.3379
G01 X12.4269Y86.2142
G01 X12.4302Y86.1862
G01 X12.4487Y86.0636
G01 X12.4546Y86.0361
G01 X12.4850Y85.9159
G01 X12.4937Y85.8891
G01 X12.5357Y85.7725
G01 X12.5469Y85.7466
G01 X12.6002Y85.6348
G01 X12.6139Y85.6101
G01 X12.6779Y85.5040
G01 X12.6939Y85.4808
G01 X12.7680Y85.3815
G01 X12.7863Y85.3600
G01 X12.8697Y85.2684
G01 X12.8900Y85.2488
G01 X12.9820Y85.1658
G01 X13.0041Y85.1482
G01 X13.1038Y85.0747
G01 X13.1275Y85.0594
G01 X13.2340Y84.9960
G01 X13.2591Y84.9831
G01 X13.3712Y84.9304
G01 X13.3974Y84.9200
G01 X13.5142Y84.8786
G01 X13.5413Y84.8709
G01 X13.6616Y84.8411
G01 X13.6894Y84.8360
G01 X13.8120Y84.8181
G01 X13.8401Y84.8158
G01 X13.9479Y84.8105
G00 Z20.0000
G00 X13.8797Y84.8139
G01 Z20.0000
G01 X12.3832Y83.1628
G01 X8.9305Y78.5073
G01 X6.8199Y74.9860
G01 X4.2676Y78.0133
G01 X2.6435Y75.3035
G01 X0.0080Y69.7312
G01 X-0.3400Y68.7587
G01 X-0.3400Y69.8705
G01 X-0.3385Y69.8747
G01 X2.3127Y75.4803
G01 X3.7991Y77.9602
G00 Z20.0000
G00 X3.3888Y78.0042
G01 Z20.0000
G01 X1.9820Y75.6571
G01 X-0.3400Y70.7475
G01 X-0.3400Y71.6236
G01 X1.6513Y75.8338
G01 X3.0205Y78.1182
G00 Z20.0000
G00 X2.6892Y78.2940
G01 Z20.0000
G01 X1.3206Y76.0106
G01 X-0.3400Y72.4996
G01 X-0.3400Y73.3756
G01 X0.9899Y76.1874
G01 X2.3937Y78.5295
G00 Z20.0000
G00 X2.1363Y78.8286
G01 Z20.0000
G01 X0.6591Y76.3642
G01 X-0.3400Y74.2516
G01 X-0.3400Y75.1277
G01 X0.3284Y76.5409
G01 X1.9252Y79.2049
G00 Z20.0000
G00 X1.7854Y79.7004
G01 Z20.0000
G01 X-0.0023Y76.7177
G01 X-0.3400Y76.0037
G01 X-0.3400Y76.8797
G01 X-0.3330Y76.8945
G01 X1.8166Y80.4809
G00 Z20.0000
G00 X1.7601Y80.0210
G01 Z20.0000
G01 X1.7605Y79.9879
G01 X1.7693Y79.8152
G01 X1.7726Y79.7871
G01 X1.7956Y79.6318
G01 X1.8042Y79.5885
G01 X1.8424Y79.4362
G01 X1.8552Y79.3939
G01 X1.9081Y79.2461
G01 X1.9185Y79.2199
G01 X1.9921Y79.0634
G01 X2.0050Y79.0383
G01 X2.1021Y78.8762
G01 X2.1182Y78.8530
G01 X2.2117Y78.7269
G01 X2.2398Y78.6928
G01 X2.3452Y78.5764
G01 X2.3764Y78.5452
G01 X2.4928Y78.4398
G01 X2.5143Y78.4215
G01 X2.6530Y78.3182
G01 X2.6762Y78.3021
G01 X2.8383Y78.2050
G01 X2.8634Y78.1921
G01 X3.0053Y78.1250
G01 X3.0461Y78.1081
G01 X3.1939Y78.0552
G01 X3.2362Y78.0424
G01 X3.3885Y78.0042
G01 X3.4161Y77.9983
G01 X3.5871Y77.9726
G01 X3.6152Y77.9693
G01 X3.8039Y77.9601
G01 X3.8321Y77.9605
G01 X3.9889Y77.9682
G01 X4.0329Y77.9726
G01 X4.1882Y77.9956
G01 X4.2315Y78.0042
G01 X4.3838Y78.0424
G01 X4.4109Y78.0501
G01 X4.5739Y78.1081
G01 X4.6001Y78.1185
G01 X4.7566Y78.1921
G01 X4.7817Y78.2050
G01 X4.9438Y78.3021
G01 X4.9670Y78.3182
G01 X5.1057Y78.4215
G01 X5.1272Y78.4398
G01 X5.2436Y78.5452
G01 X5.2748Y78.5764
G01 X5.3802Y78.6928
G01 X5.4083Y78.7269
G01 X5.5018Y78.8530
G01 X5.5179Y78.8762
G01 X5.6150Y79.0383
G01 X5.6279Y79.0634
G01 X5.6950Y79.2053
G01 X5.7062Y79.2312
G01 X5.7648Y79.3939
G01 X5.7776Y79.4362
G01 X5.8158Y79.5885
G01 X5.8217Y79.6161
G01 X5.8474Y79.7871
G01 X5.8518Y79.8311
G01 X5.8595Y79.9879
G01 X5.8595Y80.0321
G01 X5.8507Y80.2048
G01 X5.8474Y80.2329
G01 X5.8217Y80.4039
G01 X5.8158Y80.4315
G01 X5.7776Y80.5838
G01 X5.7699Y80.6109
G01 X5.7119Y80.7739
G01 X5.6950Y80.8147
G01 X5.6279Y80.9566
G01 X5.6150Y80.9817
G01 X5.5263Y81.1303
G01 X5.5018Y81.1670
G01 X5.4083Y81.2931
G01 X5.3802Y81.3272
G01 X5.2639Y81.4552
G01 X5.2436Y81.4748
G01 X5.1152Y81.5907
G01 X5.0931Y81.6083
G01 X4.9670Y81.7018
G01 X4.9438Y81.7179
G01 X4.7956Y81.8071
G01 X4.7566Y81.8279
G01 X4.6147Y81.8950
G01 X4.5739Y81.9119
G01 X4.4261Y81.9648
G01 X4.3992Y81.9734
G01 X4.2315Y82.0158
G01 X4.1882Y82.0244
G01 X4.0170Y82.0495
G01 X3.9889Y82.0518
G01 X3.8321Y82.0595
G01 X3.8039Y82.0599
G01 X3.6311Y82.0518
G01 X3.6030Y82.0495
G01 X3.4318Y82.0244
G01 X3.3885Y82.0158
G01 X3.2208Y81.9734
G01 X3.1939Y81.9648
G01 X3.0461Y81.9119
G01 X3.0053Y81.8950
G01 X2.8634Y81.8279
G01 X2.8244Y81.8071
G01 X2.6762Y81.7179
G01 X2.6530Y81.7018
G01 X2.5143Y81.5985
G01 X2.4928Y81.5802
G01 X2.3764Y81.4748
G01 X2.3561Y81.4552
G01 X2.2398Y81.3272
G01 X2.2215Y81.3057
G01 X2.1182Y81.1670
G01 X2.1021Y81.1438
G01 X2.0129Y80.9956
G01 X1.9921Y80.9566
G01 X1.9250Y80.8147
G01 X1.9081Y80.7739
G01 X1.8552Y80.6261
G01 X1.8466Y80.5992
G01 X1.8042Y80.4315
G01 X1.7956Y80.3882
G01 X1.7705Y80.2170
G01 X1.7682Y80.1889
G01 X1.7601Y80.0210
G01 X-0.3400Y80.5256
G01 X1.4472Y83.5074
G01 X5.4261Y88.8723
G01 X8.0615Y91.7800
G01 X7.5560Y91.7800
G01 X5.1362Y89.1102
G01 X1.1354Y83.7157
G01 X-0.3400Y81.2541
G01 X-0.3400Y81.9827
G01 X0.8236Y83.9241
G01 X4.8464Y89.3481
G01 X7.0505Y91.7800
G01 X6.5450Y91.7800
G01 X4.5565Y89.5860
G01 X0.5118Y84.1324
G01 X-0.3400Y82.7112
G01 X-0.3400Y83.4398
G01 X0.2000Y84.3408
G01 X4.2666Y89.8239
G01 X6.0395Y91.7800
G01 X5.5340Y91.7800
G01 X3.9767Y90.0618
G01 X-0.1118Y84.5491
G01 X-0.3400Y84.1683
G01 X-0.3400Y84.8701
G01 X3.6869Y90.2997
G01 X5.0285Y91.7800
G01 X4.5230Y91.7800
G01 X3.3970Y90.5376
G01 X-0.3400Y85.4989
G01 X-0.3400Y86.1276
G01 X3.1071Y90.7755
G01 X4.0175Y91.7800
G01 X3.5120Y91.7800
G01 X2.8172Y91.0134
G01 X-0.3400Y86.7564
G01 X-0.3400Y87.3851
G01 X2.5273Y91.2513
G01 X3.0065Y91.7800
G01 X2.5010Y91.7800
G01 X2.2375Y91.4892
G01 X-0.3400Y88.0139
G01 X-0.3400Y88.6426
G01 X1.9476Y91.7271
G01 X1.9956Y91.7800
G01 X1.5205Y91.7800
G01 X-0.3400Y89.2714
G01 X-0.3400Y89.9001
G01 X1.0542Y91.7800
G01 X0.5879Y91.7800
G01 X-0.3400Y90.5289
G01 X-0.3400Y91.1576
G01 X0.1216Y91.7800
G00 Z20.0000
G00 X25.5195Y79.1542
G01 Z20.0000
G01 X28.4209Y81.7838
G01 X32.1010Y84.5131
G01 X36.0308Y86.8686
G01 X40.1726Y88.8275
G01 X44.4865Y90.3711
G01 X48.9309Y91.4843
G01 X50.9242Y91.7800
G01 X53.4768Y91.7800
G01 X49.0040Y91.1165
G01 X44.5953Y90.0122
G01 X40.3161Y88.4811
G01 X39.0236Y87.8697
G00 Z20.0000
G00 X38.4227Y87.5856
G01 Z20.0000
G01 X36.2076Y86.5379
G01 X32.3093Y84.2013
G01 X28.6588Y81.4940
G01 X25.5787Y78.7023
G00 Z20.0000
G00 X37.9943Y80.1854
G01 Z20.0000
G01 X39.2127Y80.9156
G01 X42.7557Y82.5913
G01 X46.4459Y83.9117
G01 X50.2477Y84.8640
G01 X54.1246Y85.4391
G01 X57.0794Y85.5843
G00 Z20.0000
G00 X57.3679Y85.2234
G01 Z20.0000
G01 X54.1613Y85.0659
G01 X50.3209Y84.4962
G01 X46.5548Y83.5529
G01 X42.8992Y82.2449
G01 X39.3895Y80.5849
G01 X38.5876Y80.1043
G00 Z20.0000
G00 X44.4919Y80.0301
G01 Z20.0000
G01 X47.3168Y81.0409
G01 X50.8330Y81.9217
G01 X54.4186Y82.4535
G01 X54.4342Y82.4543
G00 Z20.0000
G00 X54.4301Y82.5610
G01 Z20.0000
G01 X54.4305Y82.5279
G01 X54.4365Y82.4140
G01 X54.4397Y82.3860
G01 X54.4567Y82.2732
G01 X54.4627Y82.2456
G01 X54.4907Y82.1350
G01 X54.4994Y82.1081
G01 X54.5381Y82.0008
G01 X54.5493Y81.9749
G01 X54.5984Y81.8719
G01 X54.6121Y81.8473
G01 X54.6710Y81.7496
G01 X54.6871Y81.7264
G01 X54.7553Y81.6349
G01 X54.7736Y81.6134
G01 X54.8504Y81.5291
G01 X54.8707Y81.5095
G01 X54.9554Y81.4331
G01 X54.9775Y81.4155
G01 X55.0694Y81.3478
G01 X55.0931Y81.3326
G01 X55.1911Y81.2742
G01 X55.2162Y81.2613
G01 X55.3195Y81.2128
G01 X55.3457Y81.2024
G01 X55.4532Y81.1643
G01 X55.4804Y81.1565
G01 X55.5911Y81.1291
G01 X55.6189Y81.1241
G01 X55.7318Y81.1077
G01 X55.7599Y81.1054
G01 X55.8739Y81.1001
G01 X55.9021Y81.1005
G01 X56.0001Y81.1054
G01 X56.0440Y81.1097
G01 X56.1569Y81.1267
G01 X56.1844Y81.1327
G01 X56.2796Y81.1565
G01 X56.3219Y81.1694
G01 X56.4292Y81.2081
G01 X56.4551Y81.2193
G01 X56.5438Y81.2613
G01 X56.5827Y81.2821
G01 X56.6804Y81.3410
G01 X56.7036Y81.3571
G01 X56.7825Y81.4155
G01 X56.8166Y81.4436
G01 X56.8893Y81.5095
G01 X56.9096Y81.5291
G01 X56.9864Y81.6134
G01 X57.0145Y81.6475
G01 X57.0729Y81.7264
G01 X57.0890Y81.7496
G01 X57.1500Y81.8509
G01 X57.2026Y81.7631
G01 X57.2178Y81.7394
G01 X57.2855Y81.6475
G01 X57.3031Y81.6254
G01 X57.3904Y81.5291
G01 X57.4107Y81.5095
G01 X57.4880Y81.4395
G01 X57.5175Y81.4155
G01 X57.6094Y81.3478
G01 X57.6331Y81.3326
G01 X57.7173Y81.2821
G01 X57.7507Y81.2640
G01 X57.8449Y81.2193
G01 X57.8857Y81.2024
G01 X57.9781Y81.1694
G01 X58.0050Y81.1607
G01 X58.1156Y81.1327
G01 X58.1432Y81.1267
G01 X58.2560Y81.1097
G01 X58.2840Y81.1065
G01 X58.3979Y81.1005
G01 X58.4261Y81.1001
G01 X58.5401Y81.1054
G01 X58.5682Y81.1077
G01 X58.6969Y81.1267
G01 X58.7244Y81.1327
G01 X58.8350Y81.1607
G01 X58.8619Y81.1694
G01 X58.9543Y81.2024
G01 X58.9951Y81.2193
G01 X59.0893Y81.2640
G01 X59.1227Y81.2821
G01 X59.2069Y81.3326
G01 X59.2306Y81.3478
G01 X59.3351Y81.4253
G01 X59.3566Y81.4436
G01 X59.4293Y81.5095
G01 X59.4605Y81.5407
G01 X59.5264Y81.6134
G01 X59.5447Y81.6349
G01 X59.6222Y81.7394
G01 X59.6374Y81.7631
G01 X59.6879Y81.8473
G01 X59.7087Y81.8862
G01 X59.7507Y81.9749
G01 X59.7619Y82.0008
G01 X59.8057Y82.1232
G01 X59.8135Y82.1504
G01 X59.8373Y82.2456
G01 X59.8459Y82.2889
G01 X59.8603Y82.3860
G01 X59.8635Y82.4140
G01 X59.8699Y82.5439
G01 X59.8695Y82.5721
G01 X59.8635Y82.6860
G01 X59.8603Y82.7140
G01 X59.8433Y82.8268
G01 X59.8373Y82.8544
G01 X59.8093Y82.9650
G01 X59.8006Y82.9919
G01 X59.7619Y83.0992
G01 X59.7507Y83.1251
G01 X59.7016Y83.2281
G01 X59.6879Y83.2527
G01 X59.6290Y83.3504
G01 X59.6129Y83.3736
G01 X59.5447Y83.4651
G01 X59.5264Y83.4866
G01 X59.4496Y83.5709
G01 X59.4293Y83.5905
G01 X59.3446Y83.6669
G01 X59.3225Y83.6845
G01 X59.2306Y83.7522
G01 X59.2069Y83.7674
G01 X59.1089Y83.8258
G01 X59.0838Y83.8387
G01 X58.9805Y83.8872
G01 X58.9543Y83.8976
G01 X58.8468Y83.9357
G01 X58.8196Y83.9435
G01 X58.7089Y83.9709
G01 X58.6811Y83.9759
G01 X58.5682Y83.9923
G01 X58.5401Y83.9946
G01 X58.4261Y83.9999
G01 X58.3979Y83.9995
G01 X58.2999Y83.9946
G01 X58.2560Y83.9903
G01 X58.1432Y83.9733
G01 X58.1156Y83.9673
G01 X58.0204Y83.9435
G01 X57.9781Y83.9306
G01 X57.8708Y83.8919
G01 X57.8449Y83.8807
G01 X57.7562Y83.8387
G01 X57.7173Y83.8179
G01 X57.6196Y83.7590
G01 X57.5964Y83.7429
G01 X57.5175Y83.6845
G01 X57.4834Y83.6564
G01 X57.4107Y83.5905
G01 X57.3904Y83.5709
G01 X57.3136Y83.4866
G01 X57.2855Y83.4525
G01 X57.2271Y83.3736
G01 X57.2110Y83.3504
G01 X57.1500Y83.2491
G01 X57.0974Y83.3369
G01 X57.0822Y83.3606
G01 X57.0145Y83.4525
G01 X56.9969Y83.4746
G01 X56.9096Y83.5709
G01 X56.8893Y83.5905
G01 X56.8120Y83.6605
G01 X56.7825Y83.6845
G01 X56.6906Y83.7522
G01 X56.6669Y83.7674
G01 X56.5827Y83.8179
G01 X56.5493Y83.8360
G01 X56.4551Y83.8807
G01 X56.4143Y83.8976
G01 X56.3219Y83.9306
G01 X56.2950Y83.9393
G01 X56.1844Y83.9673
G01 X56.1569Y83.9733
G01 X56.0440Y83.9903
G01 X56.0160Y83.9935
G01 X55.9021Y83.9995
G01 X55.8739Y83.9999
G01 X55.7599Y83.9946
G01 X55.7318Y83.9923
G01 X55.6032Y83.9733
G01 X55.5756Y83.9673
G01 X55.4650Y83.9393
G01 X55.4381Y83.9306
G01 X55.3457Y83.8976
G01 X55.3049Y83.8807
G01 X55.2107Y83.8360
G01 X55.1773Y83.8179
G01 X55.0931Y83.7674
G01 X55.0694Y83.7522
G01 X54.9649Y83.6747
G01 X54.9434Y83.6564
G01 X54.8707Y83.5905
G01 X54.8395Y83.5593
G01 X54.7736Y83.4866
G01 X54.7553Y83.4651
G01 X54.6778Y83.3606
G01 X54.6626Y83.3369
G01 X54.6121Y83.2527
G01 X54.5913Y83.2138
G01 X54.5493Y83.1251
G01 X54.5381Y83.0992
G01 X54.4943Y82.9768
G01 X54.4865Y82.9496
G01 X54.4627Y82.8544
G01 X54.4541Y82.8111
G01 X54.4397Y82.7140
G01 X54.4365Y82.6860
G01 X54.4301Y82.5610
G00 Z20.0000
G00 X54.4575Y82.8305
G01 Z20.0000
G01 X54.3819Y82.8267
G01 X50.7598Y82.2895
G01 X47.2079Y81.3997
G01 X44.6192Y80.4735
G00 Z20.0000
G00 X44.6115Y80.8685
G01 Z20.0000
G01 X47.0990Y81.7586
G01 X50.6867Y82.6573
G01 X54.3451Y83.1999
G01 X54.5904Y83.2120
G00 Z20.0000
G00 X54.8826Y83.6013
G01 Z20.0000
G01 X54.3084Y83.5731
G01 X50.6135Y83.0250
G01 X46.9902Y82.1174
G01 X44.5066Y81.2288
G00 Z20.0000
G00 X58.3437Y15.5214
G01 Z20.0000
G01 X58.4904Y15.5286
G00 Z20.0000
G00 X58.9066Y15.1740
G01 Z20.0000
G01 X58.0391Y15.1314
G01 X57.8739Y15.1395
G00 Z20.0000
G00 X60.6006Y15.2572
G01 Z20.0000
G01 X61.0348Y15.2786
G01 X61.2487Y15.3103
G00 Z20.0000
G00 X78.6699Y15.5290
G01 Z20.0000
G01 X78.7600Y15.5957
G00 Z20.0000
G00 X81.2418Y15.5711
G01 Z20.0000
G01 X81.2911Y15.6077
G00 Z20.0000
G00 X95.6271Y-0.3400
G01 Z20.0000
G01 X95.7459Y-0.2519
G01 X100.0678Y3.6652
G01 X100.6700Y4.3297
G01 X100.6700Y3.7719
G01 X100.3330Y3.4001
G01 X96.2064Y-0.3400
G01 X96.7642Y-0.3400
G01 X100.5981Y3.1349
G01 X100.6700Y3.2142
G01 X100.6700Y2.6946
G01 X97.3219Y-0.3400
G01 X97.8796Y-0.3400
G01 X100.6700Y2.1891
G01 X100.6700Y1.6836
G01 X98.4373Y-0.3400
G01 X98.9951Y-0.3400
G01 X100.6700Y1.1781
G01 X100.6700Y0.6726
G01 X99.5528Y-0.3400
G01 X100.1105Y-0.3400
G01 X100.6700Y0.1671
G01 X100.6700Y-0.3384
G01 X100.6683Y-0.3400
G00 Z20.0000
G00 X9.5307Y-0.3400
G01 Z20.0000
G01 X6.2958Y3.2292
G01 X5.8599Y3.8169
G00 Z20.0000
G00 X5.7894Y3.2832
G01 Z20.0000
G01 X6.0059Y2.9913
G01 X9.0252Y-0.3400
G01 X8.5197Y-0.3400
G01 X5.7160Y2.7534
G01 X5.6304Y2.8688
G00 Z20.0000
G00 X5.4130Y2.5333
G01 Z20.0000
G01 X5.4261Y2.5155
G01 X8.0142Y-0.3400
G01 X7.5087Y-0.3400
G01 X5.1510Y2.2613
G00 Z20.0000
G00 X4.8445Y2.0423
G01 Z20.0000
G01 X7.0032Y-0.3400
G01 X6.4977Y-0.3400
G01 X4.5565Y1.8018
G01 X4.4978Y1.8809
G00 Z20.0000
G00 X4.1040Y1.7831
G01 Z20.0000
G01 X4.2666Y1.5639
G01 X5.9922Y-0.3400
G01 X5.4867Y-0.3400
G01 X3.9767Y1.3260
G01 X3.6494Y1.7673
G00 Z20.0000
G00 X3.0905Y1.8922
G01 Z20.0000
G01 X3.6869Y1.0881
G01 X4.9812Y-0.3400
G00 Z20.0000
G00 Z20.0000
G00 X0Y0
M05
G0 Z20
G0 X0 Y100