G0 Z20
G21
G90
G94
F80.00
G00 Z3.0000
M03 S45
G4 P1
G00 X4.8200Y3.9095
G01 Z-0.2000
G01 X4.7812Y4.1046
G01 X4.7051Y4.2884
G01 X4.5945Y4.4538
G01 X4.4538Y4.5945
G01 X4.2884Y4.7051
G01 X4.1046Y4.7812
G01 X3.9095Y4.8200
G01 X3.7105Y4.8200
G01 X3.5154Y4.7812
G01 X3.3316Y4.7051
G01 X3.1662Y4.5945
G01 X3.0255Y4.4538
G01 X2.9150Y4.2884
G01 X2.8388Y4.1046
G01 X2.8000Y3.9095
G01 X2.8000Y3.7105
G01 X2.8388Y3.5154
G01 X2.9150Y3.3316
G01 X3.0255Y3.1662
G01 X3.1662Y3.0255
G01 X3.3316Y2.9149
G01 X3.5154Y2.8388
G01 X3.7105Y2.8000
G01 X3.9095Y2.8000
G01 X4.1046Y2.8388
G01 X4.2884Y2.9149
G01 X4.4538Y3.0255
G01 X4.5945Y3.1662
G01 X4.7051Y3.3316
G01 X4.7812Y3.5154
G01 X4.8200Y3.7105
G01 X4.8200Y3.9095
G00 Z3.0000
G00 X4.9000Y3.9174
G01 Z-0.2000
G01 X4.8581Y4.1279
G01 X4.7759Y4.3263
G01 X4.6567Y4.5048
G01 X4.5048Y4.6567
G01 X4.3263Y4.7759
G01 X4.1279Y4.8581
G01 X3.9174Y4.9000
G01 X3.7026Y4.9000
G01 X3.4921Y4.8581
G01 X3.2937Y4.7759
G01 X3.1152Y4.6567
G01 X2.9633Y4.5048
G01 X2.8441Y4.3263
G01 X2.7619Y4.1279
G01 X2.7200Y3.9174
G01 X2.7200Y3.7026
G01 X2.7619Y3.4921
G01 X2.8441Y3.2937
G01 X2.9633Y3.1152
G01 X3.1152Y2.9633
G01 X3.2937Y2.8441
G01 X3.4921Y2.7619
G01 X3.7026Y2.7200
G01 X3.9174Y2.7200
G01 X4.1279Y2.7619
G01 X4.3263Y2.8441
G01 X4.5048Y2.9633
G01 X4.6567Y3.1152
G01 X4.7759Y3.2937
G01 X4.8581Y3.4921
G01 X4.9000Y3.7026
G01 X4.9000Y3.9174
G00 Z3.0000
G00 X4.9800Y3.9252
G01 Z-0.2000
G01 X4.9350Y4.1513
G01 X4.8468Y4.3642
G01 X4.7188Y4.5558
G01 X4.5558Y4.7188
G01 X4.3642Y4.8468
G01 X4.1513Y4.9350
G01 X3.9252Y4.9800
G01 X3.6948Y4.9800
G01 X3.4687Y4.9350
G01 X3.2558Y4.8468
G01 X3.0642Y4.7188
G01 X2.9012Y4.5558
G01 X2.7732Y4.3642
G01 X2.6850Y4.1513
G01 X2.6400Y3.9252
G01 X2.6400Y3.6948
G01 X2.6850Y3.4687
G01 X2.7732Y3.2558
G01 X2.9012Y3.0642
G01 X3.0642Y2.9012
G01 X3.2558Y2.7732
G01 X3.4687Y2.6850
G01 X3.6948Y2.6400
G01 X3.9252Y2.6400
G01 X4.1513Y2.6850
G01 X4.3642Y2.7732
G01 X4.5558Y2.9012
G01 X4.7188Y3.0642
G01 X4.8468Y3.2558
G01 X4.9350Y3.4687
G01 X4.9800Y3.6948
G01 X4.9800Y3.9252
G00 Z3.0000
G00 X5.0600Y3.9331
G01 Z-0.2000
G01 X5.0120Y4.1746
G01 X4.9177Y4.4021
G01 X4.7809Y4.6068
G01 X4.6068Y4.7809
G01 X4.4021Y4.9177
G01 X4.1746Y5.0120
G01 X3.9331Y5.0600
G01 X3.6869Y5.0600
G01 X3.4454Y5.0120
G01 X3.2179Y4.9177
G01 X3.0132Y4.7809
G01 X2.8391Y4.6068
G01 X2.7023Y4.4021
G01 X2.6080Y4.1746
G01 X2.5600Y3.9331
G01 X2.5600Y3.6869
G01 X2.6080Y3.4454
G01 X2.7023Y3.2179
G01 X2.8391Y3.0132
G01 X3.0132Y2.8391
G01 X3.2179Y2.7023
G01 X3.4454Y2.6080
G01 X3.6869Y2.5600
G01 X3.9331Y2.5600
G01 X4.1746Y2.6080
G01 X4.4021Y2.7023
G01 X4.6068Y2.8391
G01 X4.7809Y3.0132
G01 X4.9177Y3.2179
G01 X5.0120Y3.4454
G01 X5.0600Y3.6869
G01 X5.0600Y3.9331
G00 Z3.0000
G00 X6.3638Y11.3895
G01 Z-0.2000
G01 X6.4196Y11.4229
G01 X6.4309Y11.4290
G01 X6.5002Y11.4617
G01 X6.5572Y11.4825
G01 X6.5365Y11.4855
G01 X6.4708Y11.4759
G01 X6.3500Y11.4700
G01 X6.2358Y11.4755
G01 X6.2231Y11.4767
G01 X6.1072Y11.4942
G01 X5.9991Y11.5213
G01 X5.9869Y11.5250
G01 X5.8763Y11.5649
G01 X5.7733Y11.6136
G01 X5.6668Y11.6772
G01 X5.5747Y11.7453
G01 X5.5649Y11.7534
G01 X5.4803Y11.8303
G01 X5.4010Y11.9176
G01 X5.3272Y12.0168
G01 X5.2684Y12.1146
G01 X5.2624Y12.1259
G01 X5.2162Y12.2235
G01 X5.2113Y12.2353
G01 X5.1728Y12.3433
G01 X5.1450Y12.4538
G01 X5.1425Y12.4663
G01 X5.1259Y12.5792
G01 X5.1200Y12.7000
G01 X5.1259Y12.8208
G01 X5.1442Y12.9428
G01 X5.1728Y13.0567
G01 X5.2149Y13.1737
G01 X5.2636Y13.2767
G01 X5.3239Y13.3780
G01 X5.3310Y13.3886
G01 X5.3953Y13.4753
G01 X5.4034Y13.4851
G01 X5.4803Y13.5697
G01 X5.5649Y13.6466
G01 X5.5747Y13.6547
G01 X5.6668Y13.7228
G01 X5.7733Y13.7864
G01 X5.8763Y13.8351
G01 X5.9933Y13.8772
G01 X6.1072Y13.9058
G01 X6.2292Y13.9241
G01 X6.3500Y13.9300
G01 X6.4642Y13.9245
G01 X6.4769Y13.9233
G01 X6.5837Y13.9075
G01 X6.5962Y13.9050
G01 X6.7067Y13.8772
G01 X6.8238Y13.8351
G01 X6.9267Y13.7864
G01 X7.0332Y13.7228
G01 X7.1324Y13.6490
G01 X7.2197Y13.5697
G01 X7.2990Y13.4824
G01 X7.3728Y13.3832
G01 X7.4316Y13.2854
G01 X7.4585Y13.2300
G01 X15.7955Y13.2300
G01 X16.9000Y14.3345
G01 X16.9000Y14.3813
G01 X16.8310Y14.4576
G01 X16.7610Y14.5514
G01 X16.7539Y14.5620
G01 X16.6936Y14.6633
G01 X16.6449Y14.7663
G01 X16.6050Y14.8769
G01 X16.6013Y14.8891
G01 X16.5742Y14.9972
G01 X16.5559Y15.1192
G01 X16.5500Y15.2400
G01 X16.5551Y15.3465
G01 X16.5417Y15.3102
G01 X16.5077Y15.2383
G01 X16.4667Y15.1691
G01 X16.4641Y15.1192
G01 X16.4475Y15.0063
G01 X16.4450Y14.9938
G01 X16.4172Y14.8833
G01 X16.3751Y14.7663
G01 X16.3276Y14.6659
G01 X16.3216Y14.6546
G01 X16.2628Y14.5568
G01 X16.1947Y14.4647
G01 X16.1866Y14.4549
G01 X16.1141Y14.3749
G01 X16.1051Y14.3659
G01 X16.0224Y14.2910
G01 X15.9286Y14.2210
G01 X15.9180Y14.2139
G01 X15.8167Y14.1536
G01 X15.7165Y14.1062
G01 X15.7047Y14.1013
G01 X15.5967Y14.0628
G01 X15.4862Y14.0350
G01 X15.4737Y14.0325
G01 X15.3608Y14.0159
G01 X15.2464Y14.0102
G01 X15.2336Y14.0102
G01 X15.1192Y14.0159
G01 X15.0063Y14.0325
G01 X14.9938Y14.0350
G01 X14.8833Y14.0628
G01 X14.7753Y14.1013
G01 X14.7635Y14.1062
G01 X14.6633Y14.1536
G01 X14.5568Y14.2172
G01 X14.4576Y14.2910
G01 X14.3703Y14.3703
G01 X14.2910Y14.4576
G01 X14.2172Y14.5568
G01 X14.1536Y14.6633
G01 X14.1049Y14.7663
G01 X14.0628Y14.8833
G01 X14.0342Y14.9972
G01 X14.0159Y15.1192
G01 X14.0100Y15.2400
G01 X14.0159Y15.3608
G01 X14.0342Y15.4828
G01 X14.0628Y15.5967
G01 X14.1049Y15.7137
G01 X14.1536Y15.8167
G01 X14.2172Y15.9232
G01 X14.2910Y16.0224
G01 X14.3703Y16.1097
G01 X14.4576Y16.1890
G01 X14.5568Y16.2628
G01 X14.6633Y16.3264
G01 X14.7663Y16.3751
G01 X14.8711Y16.4130
G01 X14.8878Y16.4791
G01 X14.9147Y16.5548
G01 X14.9196Y16.5666
G01 X14.9510Y16.6331
G01 X14.9571Y16.6444
G01 X14.9982Y16.7128
G01 X15.0515Y16.7844
G01 X15.1077Y16.8463
G01 X16.1737Y17.9123
G01 X16.2329Y17.9661
G01 X16.2428Y17.9742
G01 X16.3072Y18.0218
G01 X16.3756Y18.0629
G01 X16.3869Y18.0690
G01 X16.4534Y18.1004
G01 X16.4652Y18.1053
G01 X16.5409Y18.1322
G01 X16.6215Y18.1525
G01 X16.7096Y18.1657
G01 X16.7896Y18.1698
G01 X17.2500Y18.1700
G01 X17.2500Y20.9590
G01 X17.2538Y21.0389
G01 X17.2550Y21.0516
G01 X17.2658Y21.1244
G01 X17.2683Y21.1369
G01 X17.2879Y21.2144
G01 X17.3170Y21.2957
G01 X17.3539Y21.3738
G01 X17.3949Y21.4425
G01 X17.4020Y21.4531
G01 X17.4498Y21.5173
G01 X17.5077Y21.5812
G01 X22.7887Y26.8622
G01 X22.8506Y26.9185
G01 X22.9222Y26.9718
G01 X22.9993Y27.0177
G01 X23.0712Y27.0517
G01 X23.0933Y27.0600
G01 X22.6923Y27.0600
G01 X22.6715Y26.9774
G01 X22.6327Y26.8695
G01 X22.5882Y26.7755
G01 X22.5330Y26.6826
G01 X22.5259Y26.6720
G01 X22.4674Y26.5932
G01 X22.4593Y26.5833
G01 X22.3890Y26.5060
G01 X22.3117Y26.4357
G01 X22.3018Y26.4276
G01 X22.2230Y26.3691
G01 X22.2124Y26.3620
G01 X22.1195Y26.3068
G01 X22.0255Y26.2623
G01 X21.9241Y26.2257
G01 X21.9119Y26.2220
G01 X21.8133Y26.1973
G01 X21.7010Y26.1805
G01 X21.5900Y26.1750
G01 X21.4856Y26.1800
G01 X21.4729Y26.1812
G01 X21.3667Y26.1973
G01 X21.2681Y26.2220
G01 X21.2559Y26.2257
G01 X21.1545Y26.2623
G01 X21.0605Y26.3068
G01 X20.9676Y26.3620
G01 X20.9570Y26.3691
G01 X20.8710Y26.4333
G01 X20.7910Y26.5060
G01 X20.7183Y26.5860
G01 X20.6541Y26.6720
G01 X20.6470Y26.6826
G01 X20.5918Y26.7755
G01 X20.5473Y26.8695
G01 X20.5107Y26.9709
G01 X20.5070Y26.9831
G01 X20.4823Y27.0817
G01 X20.4662Y27.1879
G01 X20.4650Y27.2006
G01 X20.4600Y27.3050
G01 X20.4655Y27.4160
G01 X20.4823Y27.5283
G01 X20.5070Y27.6269
G01 X20.5107Y27.6391
G01 X20.5473Y27.7405
G01 X20.5918Y27.8345
G01 X20.6470Y27.9274
G01 X20.6541Y27.9380
G01 X20.7183Y28.0240
G01 X20.7910Y28.1040
G01 X20.8710Y28.1767
G01 X20.9623Y28.2446
G01 X21.0605Y28.3032
G01 X21.1545Y28.3477
G01 X21.2624Y28.3865
G01 X21.3667Y28.4127
G01 X21.4686Y28.4281
G01 X21.6027Y28.5623
G01 X21.6646Y28.6185
G01 X21.7362Y28.6718
G01 X21.8133Y28.7177
G01 X21.8824Y28.7504
G01 X21.8942Y28.7553
G01 X21.9699Y28.7822
G01 X22.0471Y28.8017
G01 X22.0596Y28.8042
G01 X22.1386Y28.8157
G01 X22.2246Y28.8200
G01 X18.9454Y28.8200
G01 X18.9151Y28.7363
G01 X18.8676Y28.6359
G01 X18.8616Y28.6246
G01 X18.8028Y28.5268
G01 X18.7347Y28.4347
G01 X18.7266Y28.4249
G01 X18.6497Y28.3403
G01 X18.5624Y28.2610
G01 X18.4686Y28.1910
G01 X18.4580Y28.1839
G01 X18.3567Y28.1236
G01 X18.2538Y28.0749
G01 X18.1431Y28.0350
G01 X18.1309Y28.0313
G01 X18.0228Y28.0042
G01 X17.9008Y27.9859
G01 X17.7800Y27.9800
G01 X17.6592Y27.9859
G01 X17.5372Y28.0042
G01 X17.4291Y28.0313
G01 X17.4169Y28.0350
G01 X17.3153Y28.0713
G01 X17.3035Y28.0762
G01 X17.2033Y28.1236
G01 X17.1020Y28.1839
G01 X17.0914Y28.1910
G01 X16.9976Y28.2610
G01 X16.9103Y28.3403
G01 X16.8310Y28.4276
G01 X16.7610Y28.5214
G01 X16.7539Y28.5320
G01 X16.6936Y28.6333
G01 X16.6449Y28.7363
G01 X16.6050Y28.8469
G01 X16.6013Y28.8591
G01 X16.5750Y28.9638
G01 X16.5725Y28.9763
G01 X16.5559Y29.0892
G01 X16.5502Y29.2036
G01 X16.5502Y29.2164
G01 X16.5555Y29.3242
G01 X16.5567Y29.3369
G01 X16.5742Y29.4528
G01 X16.6028Y29.5667
G01 X16.6449Y29.6838
G01 X16.6924Y29.7841
G01 X16.6984Y29.7954
G01 X16.7539Y29.8880
G01 X16.7610Y29.8986
G01 X16.8310Y29.9924
G01 X16.9103Y30.0797
G01 X16.9949Y30.1566
G01 X17.0047Y30.1647
G01 X17.0968Y30.2328
G01 X17.1946Y30.2916
G01 X17.2059Y30.2976
G01 X17.3035Y30.3438
G01 X17.3153Y30.3487
G01 X17.4233Y30.3872
G01 X17.5338Y30.4150
G01 X17.5463Y30.4175
G01 X17.6592Y30.4341
G01 X17.7736Y30.4398
G01 X17.7938Y30.4395
G01 X17.8583Y30.4777
G01 X17.9302Y30.5117
G01 X17.9523Y30.5200
G01 X17.7800Y30.5200
G01 X17.6658Y30.5255
G01 X17.6531Y30.5267
G01 X17.5463Y30.5425
G01 X17.5338Y30.5450
G01 X17.4233Y30.5728
G01 X17.3063Y30.6149
G01 X17.2033Y30.6636
G01 X17.0968Y30.7272
G01 X16.9976Y30.8010
G01 X16.9103Y30.8803
G01 X16.8310Y30.9676
G01 X16.7610Y31.0614
G01 X16.7539Y31.0720
G01 X16.6936Y31.1733
G01 X16.6462Y31.2735
G01 X16.6413Y31.2853
G01 X16.6050Y31.3869
G01 X16.6013Y31.3991
G01 X16.5742Y31.5072
G01 X16.5559Y31.6292
G01 X16.5500Y31.7500
G01 X16.5559Y31.8708
G01 X16.5742Y31.9928
G01 X16.6028Y32.1067
G01 X16.6449Y32.2238
G01 X16.6924Y32.3241
G01 X16.6984Y32.3354
G01 X16.7572Y32.4332
G01 X16.8253Y32.5253
G01 X16.8334Y32.5351
G01 X16.9059Y32.6151
G01 X16.9149Y32.6241
G01 X16.9976Y32.6990
G01 X17.0968Y32.7728
G01 X17.2033Y32.8364
G01 X17.3063Y32.8851
G01 X17.4233Y32.9272
G01 X17.5372Y32.9558
G01 X17.6592Y32.9741
G01 X17.7800Y32.9800
G01 X46.9900Y32.9800
G01 X47.1042Y32.9745
G01 X47.1169Y32.9733
G01 X47.2328Y32.9558
G01 X47.3409Y32.9287
G01 X47.3531Y32.9250
G01 X47.4638Y32.8851
G01 X47.5641Y32.8376
G01 X47.5754Y32.8316
G01 X47.6732Y32.7728
G01 X47.7724Y32.6990
G01 X47.8551Y32.6241
G01 X47.8641Y32.6151
G01 X47.9366Y32.5351
G01 X47.9447Y32.5253
G01 X48.0128Y32.4332
G01 X48.0716Y32.3354
G01 X48.0776Y32.3241
G01 X48.1251Y32.2238
G01 X48.1650Y32.1131
G01 X48.1687Y32.1009
G01 X48.1958Y31.9928
G01 X48.2133Y31.8769
G01 X48.2145Y31.8642
G01 X48.2200Y31.7500
G01 X48.2141Y31.6292
G01 X48.1975Y31.5163
G01 X48.1950Y31.5038
G01 X48.1687Y31.3991
G01 X48.1650Y31.3869
G01 X48.1251Y31.2763
G01 X48.0840Y31.1894
G01 X48.3397Y31.4451
G01 X48.3242Y31.5072
G01 X48.3067Y31.6231
G01 X48.3055Y31.6358
G01 X48.3000Y31.7500
G01 X48.3000Y35.5600
G01 X48.3055Y35.6742
G01 X48.3067Y35.6869
G01 X48.3242Y35.8028
G01 X48.3528Y35.9167
G01 X48.3949Y36.0337
G01 X48.4424Y36.1341
G01 X48.4484Y36.1454
G01 X48.5039Y36.2380
G01 X48.5110Y36.2486
G01 X48.5810Y36.3424
G01 X48.6603Y36.4297
G01 X48.7476Y36.5090
G01 X48.8468Y36.5828
G01 X48.9533Y36.6464
G01 X49.0535Y36.6938
G01 X49.0653Y36.6987
G01 X49.1669Y36.7350
G01 X49.1791Y36.7387
G01 X49.2872Y36.7658
G01 X49.4092Y36.7841
G01 X49.5300Y36.7900
G01 X49.6442Y36.7845
G01 X49.6569Y36.7833
G01 X49.7728Y36.7658
G01 X49.8809Y36.7387
G01 X49.8931Y36.7350
G01 X49.9947Y36.6987
G01 X50.0065Y36.6938
G01 X50.1067Y36.6464
G01 X50.2132Y36.5828
G01 X50.3124Y36.5090
G01 X50.3951Y36.4341
G01 X50.4041Y36.4251
G01 X50.4790Y36.3424
G01 X50.5528Y36.2432
G01 X50.6164Y36.1367
G01 X50.6651Y36.0337
G01 X50.7072Y35.9167
G01 X50.7358Y35.8028
G01 X50.7541Y35.6808
G01 X50.7598Y35.5664
G01 X50.7600Y31.7500
G01 X50.7541Y31.6292
G01 X50.7375Y31.5163
G01 X50.7350Y31.5038
G01 X50.7072Y31.3933
G01 X50.6687Y31.2853
G01 X50.6638Y31.2735
G01 X50.6164Y31.1733
G01 X50.5561Y31.0720
G01 X50.5490Y31.0614
G01 X50.4790Y30.9676
G01 X50.3997Y30.8803
G01 X50.3151Y30.8034
G01 X50.3053Y30.7953
G01 X50.2132Y30.7272
G01 X50.1154Y30.6684
G01 X50.1041Y30.6624
G01 X50.0065Y30.6162
G01 X49.9952Y30.6115
G01 X49.8881Y30.5045
G01 X49.9125Y30.5153
G01 X49.9878Y30.5421
G01 X50.0688Y30.5625
G01 X50.1569Y30.5757
G01 X50.2369Y30.5798
G01 X51.6928Y30.5800
G01 X51.5963Y30.6149
G01 X51.4959Y30.6624
G01 X51.4846Y30.6684
G01 X51.3868Y30.7272
G01 X51.2947Y30.7953
G01 X51.2849Y30.8034
G01 X51.2003Y30.8803
G01 X51.1234Y30.9649
G01 X51.1153Y30.9747
G01 X51.0510Y31.0614
G01 X51.0439Y31.0720
G01 X50.9836Y31.1733
G01 X50.9362Y31.2735
G01 X50.9313Y31.2853
G01 X50.8928Y31.3933
G01 X50.8650Y31.5038
G01 X50.8625Y31.5163
G01 X50.8459Y31.6292
G01 X50.8400Y31.7500
G01 X50.8400Y35.5600
G01 X50.8455Y35.6742
G01 X50.8467Y35.6869
G01 X50.8642Y35.8028
G01 X50.8928Y35.9167
G01 X50.9349Y36.0337
G01 X50.9836Y36.1367
G01 X51.0472Y36.2432
G01 X51.1210Y36.3424
G01 X51.2003Y36.4297
G01 X51.2849Y36.5066
G01 X51.2947Y36.5147
G01 X51.3868Y36.5828
G01 X51.4846Y36.6416
G01 X51.4959Y36.6476
G01 X51.5935Y36.6938
G01 X51.6053Y36.6987
G01 X51.7133Y36.7372
G01 X51.8272Y36.7658
G01 X51.9492Y36.7841
G01 X52.0636Y36.7898
G01 X52.0764Y36.7898
G01 X52.1908Y36.7841
G01 X52.3128Y36.7658
G01 X52.4267Y36.7372
G01 X52.5347Y36.6987
G01 X52.5465Y36.6938
G01 X52.6441Y36.6476
G01 X52.6554Y36.6416
G01 X52.7532Y36.5828
G01 X52.8524Y36.5090
G01 X52.9397Y36.4297
G01 X53.0166Y36.3451
G01 X53.0247Y36.3353
G01 X53.0890Y36.2486
G01 X53.0961Y36.2380
G01 X53.1564Y36.1367
G01 X53.2051Y36.0337
G01 X53.2472Y35.9167
G01 X53.2750Y35.8062
G01 X53.2775Y35.7937
G01 X53.2941Y35.6808
G01 X53.3000Y35.5600
G01 X53.3000Y31.7500
G01 X53.2941Y31.6292
G01 X53.2775Y31.5163
G01 X53.2750Y31.5038
G01 X53.2487Y31.3991
G01 X53.2450Y31.3869
G01 X53.2051Y31.2763
G01 X53.1640Y31.1894
G01 X53.3800Y31.4054
G01 X53.3802Y35.5664
G01 X53.3859Y35.6808
G01 X53.4042Y35.8028
G01 X53.4328Y35.9167
G01 X53.4749Y36.0337
G01 X53.5236Y36.1367
G01 X53.5872Y36.2432
G01 X53.6610Y36.3424
G01 X53.7300Y36.4187
G01 X53.7300Y39.0055
G01 X51.4477Y41.2877
G01 X51.3915Y41.3496
G01 X51.3382Y41.4212
G01 X51.2923Y41.4983
G01 X51.2596Y41.5674
G01 X51.2547Y41.5792
G01 X51.2278Y41.6549
G01 X51.2075Y41.7355
G01 X51.1943Y41.8236
G01 X51.1900Y41.9100
G01 X51.1900Y46.1215
G01 X51.1427Y46.1569
G01 X51.0709Y46.2219
G01 X51.0619Y46.2309
G01 X50.9993Y46.3000
G01 X50.9912Y46.3099
G01 X50.9319Y46.3901
G01 X50.8807Y46.4753
G01 X50.8747Y46.4866
G01 X50.8335Y46.5737
G01 X50.7964Y46.6769
G01 X50.7722Y46.7731
G01 X50.7697Y46.7856
G01 X50.7552Y46.8839
G01 X50.7502Y46.9836
G01 X50.7502Y46.9964
G01 X50.7552Y47.0961
G01 X50.7714Y47.2035
G01 X50.7964Y47.3031
G01 X50.8335Y47.4063
G01 X50.8747Y47.4934
G01 X50.8807Y47.5047
G01 X50.9319Y47.5899
G01 X50.9969Y47.6773
G01 X51.0619Y47.7491
G01 X51.0709Y47.7581
G01 X51.1427Y47.8231
G01 X51.1900Y47.8585
G01 X51.1902Y50.8064
G01 X51.1943Y50.8864
G01 X51.2058Y50.9654
G01 X51.2083Y50.9779
G01 X51.2262Y51.0493
G01 X51.2299Y51.0615
G01 X51.2583Y51.1398
G01 X51.2923Y51.2117
G01 X51.3349Y51.2835
G01 X51.3420Y51.2941
G01 X51.3915Y51.3604
G01 X51.4477Y51.4223
G01 X55.0000Y54.9745
G01 X55.0000Y55.0213
G01 X54.9310Y55.0976
G01 X54.8572Y55.1968
G01 X54.7936Y55.3033
G01 X54.7462Y55.4035
G01 X54.7413Y55.4153
G01 X54.7028Y55.5233
G01 X54.6742Y55.6372
G01 X54.6559Y55.7592
G01 X54.6502Y55.8736
G01 X54.6502Y55.8864
G01 X54.6559Y56.0008
G01 X54.6742Y56.1228
G01 X54.7028Y56.2367
G01 X54.7449Y56.3537
G01 X54.7936Y56.4567
G01 X54.8572Y56.5632
G01 X54.9310Y56.6624
G01 X55.0000Y56.7387
G01 X55.0000Y60.1013
G01 X54.9310Y60.1776
G01 X54.8610Y60.2714
G01 X54.8539Y60.2820
G01 X54.7936Y60.3833
G01 X54.7449Y60.4863
G01 X54.7050Y60.5969
G01 X54.7013Y60.6091
G01 X54.6742Y60.7172
G01 X54.6567Y60.8331
G01 X54.6555Y60.8458
G01 X54.6500Y60.9600
G01 X54.6559Y61.0808
G01 X54.6742Y61.2028
G01 X54.7013Y61.3109
G01 X54.7050Y61.3231
G01 X54.7449Y61.4337
G01 X54.7924Y61.5341
G01 X54.7984Y61.5454
G01 X54.8572Y61.6432
G01 X54.9253Y61.7353
G01 X54.9334Y61.7451
G01 X55.0103Y61.8297
G01 X55.0976Y61.9090
G01 X55.1968Y61.9828
G01 X55.2946Y62.0416
G01 X55.3059Y62.0476
G01 X55.4063Y62.0951
G01 X55.5169Y62.1350
G01 X55.5291Y62.1387
G01 X55.6372Y62.1658
G01 X55.7592Y62.1841
G01 X55.8736Y62.1898
G01 X55.8864Y62.1898
G01 X56.0008Y62.1841
G01 X56.1137Y62.1675
G01 X56.1262Y62.1650
G01 X56.2367Y62.1372
G01 X56.3537Y62.0951
G01 X56.4541Y62.0476
G01 X56.4654Y62.0416
G01 X56.5632Y61.9828
G01 X56.6553Y61.9147
G01 X56.6651Y61.9066
G01 X56.7497Y61.8297
G01 X56.8290Y61.7424
G01 X56.9028Y61.6432
G01 X56.9664Y61.5367
G01 X57.0138Y61.4365
G01 X57.0187Y61.4247
G01 X57.0550Y61.3231
G01 X57.0587Y61.3109
G01 X57.0858Y61.2028
G01 X57.1033Y61.0869
G01 X57.1045Y61.0742
G01 X57.1100Y60.9600
G01 X57.1041Y60.8392
G01 X57.0858Y60.7172
G01 X57.0587Y60.6091
G01 X57.0550Y60.5969
G01 X57.0151Y60.4863
G01 X56.9676Y60.3859
G01 X56.9616Y60.3746
G01 X56.9061Y60.2820
G01 X56.8990Y60.2714
G01 X56.8290Y60.1776
G01 X56.7600Y60.1013
G01 X56.7600Y56.7387
G01 X56.8290Y56.6624
G01 X56.9028Y56.5632
G01 X56.9664Y56.4567
G01 X57.0151Y56.3537
G01 X57.0572Y56.2367
G01 X57.0858Y56.1228
G01 X57.1041Y56.0008
G01 X57.1100Y55.8800
G01 X57.1041Y55.7592
G01 X57.0858Y55.6372
G01 X57.0572Y55.5233
G01 X57.0151Y55.4063
G01 X56.9664Y55.3033
G01 X56.9028Y55.1968
G01 X56.8290Y55.0976
G01 X56.7600Y55.0213
G01 X56.7600Y54.6100
G01 X56.7562Y54.5301
G01 X56.7550Y54.5174
G01 X56.7425Y54.4355
G01 X56.7238Y54.3607
G01 X56.7201Y54.3485
G01 X56.6953Y54.2792
G01 X56.6904Y54.2674
G01 X56.6577Y54.1983
G01 X56.6151Y54.1265
G01 X56.6080Y54.1159
G01 X56.5585Y54.0496
G01 X56.5023Y53.9877
G01 X52.9500Y50.4355
G01 X52.9500Y42.2745
G01 X55.2323Y39.9923
G01 X55.2861Y39.9331
G01 X55.2942Y39.9232
G01 X55.3380Y39.8641
G01 X55.3451Y39.8535
G01 X55.3877Y39.7817
G01 X55.4217Y39.7098
G01 X55.4501Y39.6315
G01 X55.4538Y39.6193
G01 X55.4725Y39.5445
G01 X55.4850Y39.4626
G01 X55.4862Y39.4499
G01 X55.4900Y39.3700
G01 X55.4900Y36.4187
G01 X55.5590Y36.3424
G01 X55.6328Y36.2432
G01 X55.6964Y36.1367
G01 X55.7451Y36.0337
G01 X55.7872Y35.9167
G01 X55.8158Y35.8028
G01 X55.8341Y35.6808
G01 X55.8398Y35.5664
G01 X55.8400Y31.4040
G01 X55.8341Y31.2832
G01 X55.8158Y31.1612
G01 X55.7872Y31.0473
G01 X55.7451Y30.9302
G01 X55.6964Y30.8273
G01 X55.6328Y30.7208
G01 X55.5590Y30.6216
G01 X55.4797Y30.5343
G01 X55.3924Y30.4550
G01 X55.2932Y30.3812
G01 X55.1867Y30.3176
G01 X55.0838Y30.2689
G01 X54.9667Y30.2268
G01 X54.8528Y30.1982
G01 X54.7308Y30.1799
G01 X54.6389Y30.1753
G01 X53.5414Y29.0777
G01 X53.4822Y29.0239
G01 X53.4724Y29.0158
G01 X53.4079Y28.9682
G01 X53.3308Y28.9223
G01 X53.2590Y28.8883
G01 X53.1807Y28.8599
G01 X53.1684Y28.8562
G01 X53.0970Y28.8383
G01 X53.0845Y28.8358
G01 X53.0056Y28.8242
G01 X52.9191Y28.8200
G01 X50.6078Y28.8200
G01 X49.1056Y27.3177
G01 X49.0464Y27.2639
G01 X49.0366Y27.2558
G01 X48.9722Y27.2083
G01 X48.9037Y27.1671
G01 X48.8925Y27.1610
G01 X48.8201Y27.1270
G01 X48.7448Y27.0999
G01 X48.7326Y27.0962
G01 X48.6550Y27.0769
G01 X48.5696Y27.0642
G01 X48.4833Y27.0600
G01 X36.3077Y27.0600
G01 X36.3298Y27.0517
G01 X36.3991Y27.0189
G01 X36.4104Y27.0129
G01 X36.4788Y26.9718
G01 X36.5504Y26.9185
G01 X36.6123Y26.8622
G01 X36.8451Y26.6294
G01 X36.9508Y26.6241
G01 X37.0728Y26.6058
G01 X37.1867Y26.5772
G01 X37.2947Y26.5387
G01 X37.3065Y26.5338
G01 X37.4041Y26.4876
G01 X37.4154Y26.4816
G01 X37.5132Y26.4228
G01 X37.6124Y26.3490
G01 X37.6997Y26.2697
G01 X37.7790Y26.1824
G01 X37.8528Y26.0832
G01 X37.9164Y25.9767
G01 X37.9651Y25.8737
G01 X38.0072Y25.7567
G01 X38.0358Y25.6428
G01 X38.0533Y25.5269
G01 X38.0545Y25.5142
G01 X38.0600Y25.4000
G01 X38.0541Y25.2792
G01 X38.0358Y25.1572
G01 X38.0072Y25.0433
G01 X37.9651Y24.9263
G01 X37.9164Y24.8233
G01 X37.8528Y24.7168
G01 X37.7790Y24.6176
G01 X37.6997Y24.5303
G01 X37.6124Y24.4510
G01 X37.5132Y24.3772
G01 X37.4067Y24.3136
G01 X37.3038Y24.2649
G01 X37.1867Y24.2228
G01 X37.0728Y24.1942
G01 X36.9569Y24.1767
G01 X36.9442Y24.1755
G01 X36.8300Y24.1700
G01 X36.7092Y24.1759
G01 X36.5872Y24.1942
G01 X36.4733Y24.2228
G01 X36.3563Y24.2649
G01 X36.2533Y24.3136
G01 X36.1468Y24.3772
G01 X36.0547Y24.4453
G01 X36.0449Y24.4534
G01 X35.9603Y24.5303
G01 X35.8810Y24.6176
G01 X35.8072Y24.7168
G01 X35.7436Y24.8233
G01 X35.6949Y24.9263
G01 X35.6550Y25.0369
G01 X35.6513Y25.0491
G01 X35.6250Y25.1538
G01 X35.6225Y25.1663
G01 X35.6059Y25.2792
G01 X35.6018Y25.3600
G01 X35.0977Y25.3600
G01 X35.1198Y25.3517
G01 X35.1917Y25.3177
G01 X35.2688Y25.2717
G01 X35.3404Y25.2184
G01 X35.4023Y25.1622
G01 X35.4585Y25.1004
G01 X35.5080Y25.0341
G01 X35.5151Y25.0235
G01 X35.5577Y24.9517
G01 X35.5917Y24.8798
G01 X35.6096Y24.8309
G01 X36.4217Y24.0188
G01 X36.4733Y24.0372
G01 X36.5838Y24.0650
G01 X36.5963Y24.0675
G01 X36.7092Y24.0841
G01 X36.8300Y24.0900
G01 X36.9508Y24.0841
G01 X37.0728Y24.0658
G01 X37.1867Y24.0372
G01 X37.2947Y23.9987
G01 X37.3065Y23.9938
G01 X37.4041Y23.9476
G01 X37.4154Y23.9416
G01 X37.5132Y23.8828
G01 X37.6053Y23.8147
G01 X37.6151Y23.8066
G01 X37.6997Y23.7297
G01 X37.7790Y23.6424
G01 X37.8528Y23.5432
G01 X37.9164Y23.4367
G01 X37.9638Y23.3365
G01 X37.9687Y23.3247
G01 X38.0072Y23.2167
G01 X38.0350Y23.1062
G01 X38.0375Y23.0937
G01 X38.0541Y22.9808
G01 X38.0600Y22.8600
G01 X38.0541Y22.7392
G01 X38.0375Y22.6263
G01 X38.0350Y22.6138
G01 X38.0072Y22.5033
G01 X37.9687Y22.3953
G01 X37.9638Y22.3835
G01 X37.9176Y22.2859
G01 X37.9116Y22.2746
G01 X37.8528Y22.1768
G01 X37.7790Y22.0776
G01 X37.6997Y21.9903
G01 X37.6151Y21.9134
G01 X37.6053Y21.9053
G01 X37.5132Y21.8372
G01 X37.4154Y21.7784
G01 X37.4041Y21.7724
G01 X37.3065Y21.7262
G01 X37.2947Y21.7213
G01 X37.1867Y21.6828
G01 X37.0728Y21.6542
G01 X36.9508Y21.6359
G01 X36.8300Y21.6300
G01 X36.7092Y21.6359
G01 X36.5872Y21.6542
G01 X36.4733Y21.6828
G01 X36.3563Y21.7249
G01 X36.2533Y21.7736
G01 X36.1520Y21.8339
G01 X36.1414Y21.8410
G01 X36.0476Y21.9110
G01 X35.9603Y21.9903
G01 X35.8810Y22.0776
G01 X35.8382Y22.1347
G01 X35.7756Y22.1815
G01 X35.7137Y22.2377
G01 X34.2915Y23.6600
G01 X24.4797Y23.6600
G01 X20.7100Y19.8903
G01 X20.7100Y13.4800
G01 X20.7057Y13.3936
G01 X20.6942Y13.3146
G01 X20.6917Y13.3021
G01 X20.6738Y13.2307
G01 X20.6701Y13.2185
G01 X20.6453Y13.1492
G01 X20.6404Y13.1374
G01 X20.6077Y13.0683
G01 X20.5651Y12.9965
G01 X20.5580Y12.9859
G01 X20.5085Y12.9196
G01 X20.4523Y12.8577
G01 X16.1200Y8.5255
G01 X16.1200Y7.2087
G01 X16.1890Y7.1324
G01 X16.2590Y7.0386
G01 X16.2661Y7.0280
G01 X16.3216Y6.9354
G01 X16.3276Y6.9241
G01 X16.3751Y6.8237
G01 X16.4150Y6.7131
G01 X16.4187Y6.7009
G01 X16.4458Y6.5928
G01 X16.4641Y6.4708
G01 X16.4700Y6.3500
G01 X16.4645Y6.2358
G01 X16.4633Y6.2231
G01 X16.4458Y6.1072
G01 X16.4187Y5.9991
G01 X16.4150Y5.9869
G01 X16.3751Y5.8763
G01 X16.3276Y5.7759
G01 X16.3216Y5.7646
G01 X16.2628Y5.6668
G01 X16.1947Y5.5747
G01 X16.1866Y5.5649
G01 X16.1097Y5.4803
G01 X16.0251Y5.4034
G01 X16.0153Y5.3953
G01 X15.9232Y5.3272
G01 X15.8254Y5.2684
G01 X15.8141Y5.2624
G01 X15.7165Y5.2162
G01 X15.7047Y5.2113
G01 X15.5967Y5.1728
G01 X15.4828Y5.1442
G01 X15.3608Y5.1259
G01 X15.2400Y5.1200
G01 X15.1192Y5.1259
G01 X14.9972Y5.1442
G01 X14.8833Y5.1728
G01 X14.7753Y5.2113
G01 X14.7635Y5.2162
G01 X14.6659Y5.2624
G01 X14.6546Y5.2684
G01 X14.5568Y5.3272
G01 X14.4647Y5.3953
G01 X14.4549Y5.4034
G01 X14.3703Y5.4803
G01 X14.2934Y5.5649
G01 X14.2853Y5.5747
G01 X14.2172Y5.6668
G01 X14.1536Y5.7733
G01 X14.1049Y5.8763
G01 X14.0650Y5.9869
G01 X14.0613Y5.9991
G01 X14.0350Y6.1038
G01 X14.0325Y6.1163
G01 X14.0159Y6.2292
G01 X14.0102Y6.3436
G01 X14.0102Y6.3564
G01 X14.0159Y6.4708
G01 X14.0325Y6.5837
G01 X14.0350Y6.5962
G01 X14.0628Y6.7067
G01 X14.1013Y6.8147
G01 X14.1062Y6.8265
G01 X14.1536Y6.9267
G01 X14.2139Y7.0280
G01 X14.2210Y7.0386
G01 X14.2910Y7.1324
G01 X14.3600Y7.2087
G01 X14.3600Y8.8900
G01 X14.3643Y8.9764
G01 X14.3758Y9.0554
G01 X14.3783Y9.0679
G01 X14.3962Y9.1393
G01 X14.3999Y9.1515
G01 X14.4247Y9.2208
G01 X14.4296Y9.2326
G01 X14.4623Y9.3017
G01 X14.5049Y9.3735
G01 X14.5120Y9.3841
G01 X14.5615Y9.4504
G01 X14.6177Y9.5123
G01 X18.9500Y13.8445
G01 X18.9500Y14.8628
G01 X18.9151Y14.7663
G01 X18.8676Y14.6659
G01 X18.8616Y14.6546
G01 X18.8061Y14.5620
G01 X18.7990Y14.5514
G01 X18.7290Y14.4576
G01 X18.6600Y14.3813
G01 X18.6598Y13.9636
G01 X18.6557Y13.8836
G01 X18.6442Y13.8046
G01 X18.6417Y13.7921
G01 X18.6222Y13.7149
G01 X18.5917Y13.6302
G01 X18.5577Y13.5583
G01 X18.5151Y13.4865
G01 X18.5080Y13.4759
G01 X18.4585Y13.4096
G01 X18.4023Y13.3477
G01 X16.7823Y11.7278
G01 X16.7204Y11.6715
G01 X16.6541Y11.6220
G01 X16.6435Y11.6149
G01 X16.5717Y11.5723
G01 X16.4998Y11.5383
G01 X16.4215Y11.5099
G01 X16.4093Y11.5062
G01 X16.3379Y11.4883
G01 X16.3254Y11.4858
G01 X16.2465Y11.4743
G01 X16.1664Y11.4702
G01 X12.5277Y11.4700
G01 X12.5498Y11.4617
G01 X12.6217Y11.4277
G01 X12.6988Y11.3818
G01 X12.7704Y11.3285
G01 X12.8203Y11.2833
G01 X12.9233Y11.2677
G01 X13.0276Y11.2415
G01 X13.1355Y11.2027
G01 X13.2295Y11.1582
G01 X13.3224Y11.1030
G01 X13.3330Y11.0959
G01 X13.4190Y11.0317
G01 X13.4944Y10.9634
G01 X13.5034Y10.9544
G01 X13.5693Y10.8817
G01 X13.5774Y10.8718
G01 X13.6396Y10.7877
G01 X13.6934Y10.6982
G01 X13.6994Y10.6870
G01 X13.7427Y10.5955
G01 X13.7815Y10.4876
G01 X13.8077Y10.3833
G01 X13.8245Y10.2710
G01 X13.8300Y10.1600
G01 X13.8245Y10.0490
G01 X13.8077Y9.9367
G01 X13.7815Y9.8324
G01 X13.7427Y9.7245
G01 X13.6982Y9.6305
G01 X13.6396Y9.5323
G01 X13.5800Y9.4516
G01 X13.5800Y7.2087
G01 X13.6490Y7.1324
G01 X13.7190Y7.0386
G01 X13.7261Y7.0280
G01 X13.7816Y6.9354
G01 X13.7876Y6.9241
G01 X13.8351Y6.8237
G01 X13.8772Y6.7067
G01 X13.9058Y6.5928
G01 X13.9233Y6.4769
G01 X13.9245Y6.4642
G01 X13.9298Y6.3564
G01 X13.9298Y6.3436
G01 X13.9241Y6.2292
G01 X13.9075Y6.1163
G01 X13.9050Y6.1038
G01 X13.8772Y5.9933
G01 X13.8387Y5.8853
G01 X13.8338Y5.8735
G01 X13.7864Y5.7733
G01 X13.7261Y5.6720
G01 X13.7190Y5.6614
G01 X13.6547Y5.5747
G01 X13.6466Y5.5649
G01 X13.5697Y5.4803
G01 X13.4851Y5.4034
G01 X13.4753Y5.3953
G01 X13.3832Y5.3272
G01 X13.2767Y5.2636
G01 X13.1765Y5.2162
G01 X13.1647Y5.2113
G01 X13.0567Y5.1728
G01 X12.9428Y5.1442
G01 X12.8208Y5.1259
G01 X12.7000Y5.1200
G01 X12.5792Y5.1259
G01 X12.4572Y5.1442
G01 X12.3433Y5.1728
G01 X12.2263Y5.2149
G01 X12.1233Y5.2636
G01 X12.0168Y5.3272
G01 X11.9176Y5.4010
G01 X11.8303Y5.4803
G01 X11.7510Y5.5676
G01 X11.6772Y5.6668
G01 X11.6136Y5.7733
G01 X11.5649Y5.8763
G01 X11.5228Y5.9933
G01 X11.4950Y6.1038
G01 X11.4925Y6.1163
G01 X11.4759Y6.2292
G01 X11.4702Y6.3436
G01 X11.4702Y6.3564
G01 X11.4759Y6.4708
G01 X11.4925Y6.5837
G01 X11.4950Y6.5962
G01 X11.5228Y6.7067
G01 X11.5613Y6.8147
G01 X11.5662Y6.8265
G01 X11.6136Y6.9267
G01 X11.6739Y7.0280
G01 X11.6810Y7.0386
G01 X11.7510Y7.1324
G01 X11.8200Y7.2087
G01 X11.8200Y9.4516
G01 X11.7604Y9.5323
G01 X11.7066Y9.6218
G01 X11.7006Y9.6330
G01 X11.6573Y9.7245
G01 X11.6407Y9.7700
G01 X7.5154Y9.7700
G01 X7.4851Y9.6863
G01 X7.4376Y9.5859
G01 X7.4316Y9.5746
G01 X7.3728Y9.4768
G01 X7.2990Y9.3776
G01 X7.2197Y9.2903
G01 X7.1324Y9.2110
G01 X7.0332Y9.1372
G01 X6.9267Y9.0736
G01 X6.8238Y9.0249
G01 X6.7067Y8.9828
G01 X6.5928Y8.9542
G01 X6.4708Y8.9359
G01 X6.3500Y8.9300
G01 X6.2292Y8.9359
G01 X6.1072Y8.9542
G01 X5.9933Y8.9828
G01 X5.8763Y9.0249
G01 X5.7733Y9.0736
G01 X5.6668Y9.1372
G01 X5.5747Y9.2053
G01 X5.5649Y9.2134
G01 X5.4803Y9.2903
G01 X5.4034Y9.3749
G01 X5.3953Y9.3847
G01 X5.3310Y9.4714
G01 X5.3239Y9.4820
G01 X5.2636Y9.5833
G01 X5.2149Y9.6863
G01 X5.1728Y9.8033
G01 X5.1442Y9.9172
G01 X5.1259Y10.0392
G01 X5.1200Y10.1600
G01 X5.1259Y10.2808
G01 X5.1425Y10.3937
G01 X5.1450Y10.4062
G01 X5.1728Y10.5167
G01 X5.2113Y10.6247
G01 X5.2162Y10.6365
G01 X5.2624Y10.7341
G01 X5.2684Y10.7454
G01 X5.3272Y10.8432
G01 X5.4010Y10.9424
G01 X5.4803Y11.0297
G01 X5.5676Y11.1090
G01 X5.6668Y11.1828
G01 X5.7733Y11.2464
G01 X5.8763Y11.2951
G01 X5.9869Y11.3350
G01 X5.9991Y11.3387
G01 X6.1072Y11.3658
G01 X6.2231Y11.3833
G01 X6.2358Y11.3845
G01 X6.3436Y11.3898
G01 X6.3638Y11.3895
G00 Z3.0000
G00 X5.8340Y11.4964
G01 Z-0.2000
G01 X5.8391Y11.4631
G01 X5.8408Y11.4300
G01 X5.8391Y11.3969
G01 X5.8340Y11.3636
G01 X5.8583Y11.3740
G01 X5.9599Y11.4104
G01 X5.9797Y11.4163
G01 X6.0342Y11.4300
G01 X5.9797Y11.4437
G01 X5.9599Y11.4496
G01 X5.8583Y11.4860
G01 X5.8340Y11.4964
G00 Z3.0000
G00 X5.6526Y11.6383
G01 Z-0.2000
G01 X5.6697Y11.6253
G01 X5.6861Y11.6103
G01 X5.7068Y11.5867
G01 X5.7179Y11.5716
G01 X5.7323Y11.5471
G01 X5.7400Y11.5306
G01 X5.7478Y11.5101
G01 X5.7515Y11.4979
G01 X5.7570Y11.4735
G01 X5.7595Y11.4552
G01 X5.7608Y11.4300
G01 X5.7595Y11.4048
G01 X5.7570Y11.3865
G01 X5.7515Y11.3621
G01 X5.7478Y11.3499
G01 X5.7400Y11.3294
G01 X5.7335Y11.3155
G01 X5.7212Y11.2937
G01 X5.7068Y11.2733
G01 X5.6861Y11.2497
G01 X5.6697Y11.2347
G01 X5.6526Y11.2216
G01 X5.5404Y11.1465
G01 X5.3635Y10.9696
G01 X5.2245Y10.7616
G01 X5.1288Y10.5304
G01 X5.0800Y10.2851
G01 X5.0800Y10.0349
G01 X5.1288Y9.7896
G01 X5.2245Y9.5584
G01 X5.3635Y9.3504
G01 X5.5404Y9.1735
G01 X5.7484Y9.0345
G01 X5.9796Y8.9388
G01 X6.2249Y8.8900
G01 X6.4751Y8.8900
G01 X6.7204Y8.9388
G01 X6.9516Y9.0345
G01 X7.1596Y9.1735
G01 X7.3365Y9.3504
G01 X7.4755Y9.5584
G01 X7.4904Y9.5921
G01 X7.5048Y9.6166
G01 X7.5216Y9.6389
G01 X7.5366Y9.6553
G01 X7.5530Y9.6703
G01 X7.5700Y9.6834
G01 X7.5912Y9.6967
G01 X7.6024Y9.7028
G01 X7.6163Y9.7093
G01 X7.6433Y9.7191
G01 X7.6643Y9.7245
G01 X7.6917Y9.7288
G01 X7.7169Y9.7300
G01 X11.4439Y9.7300
G01 X11.4691Y9.7288
G01 X11.4965Y9.7245
G01 X11.5175Y9.7191
G01 X11.5355Y9.7129
G01 X11.5584Y9.7028
G01 X11.5696Y9.6967
G01 X11.5854Y9.6871
G01 X11.6006Y9.6760
G01 X11.6242Y9.6553
G01 X11.6392Y9.6389
G01 X11.6522Y9.6219
G01 X11.7370Y9.4953
G01 X11.7515Y9.4706
G01 X11.7593Y9.4542
G01 X11.7691Y9.4272
G01 X11.7745Y9.4062
G01 X11.7788Y9.3788
G01 X11.7800Y9.3536
G01 X11.7798Y7.3253
G01 X11.7788Y7.3065
G01 X11.7762Y7.2882
G01 X11.7707Y7.2638
G01 X11.7629Y7.2400
G01 X11.7515Y7.2146
G01 X11.7371Y7.1901
G01 X11.7260Y7.1749
G01 X11.7151Y7.1619
G01 X11.5745Y6.9516
G01 X11.4788Y6.7204
G01 X11.4300Y6.4751
G01 X11.4300Y6.2249
G01 X11.4788Y5.9796
G01 X11.5745Y5.7484
G01 X11.7135Y5.5404
G01 X11.8904Y5.3635
G01 X12.0984Y5.2245
G01 X12.3296Y5.1288
G01 X12.5749Y5.0800
G01 X12.8251Y5.0800
G01 X13.0704Y5.1288
G01 X13.3016Y5.2245
G01 X13.5096Y5.3635
G01 X13.6865Y5.5404
G01 X13.7580Y5.6474
G01 X13.7690Y5.6625
G01 X13.7897Y5.6861
G01 X13.8061Y5.7011
G01 X13.8284Y5.7179
G01 X13.8442Y5.7275
G01 X13.8555Y5.7335
G01 X13.8784Y5.7436
G01 X13.8964Y5.7499
G01 X13.9174Y5.7553
G01 X13.9448Y5.7595
G01 X13.9636Y5.7606
G01 X13.9886Y5.7600
G01 X14.0135Y5.7570
G01 X14.0379Y5.7515
G01 X14.0501Y5.7478
G01 X14.0706Y5.7400
G01 X14.0958Y5.7275
G01 X14.1116Y5.7179
G01 X14.1339Y5.7011
G01 X14.1503Y5.6861
G01 X14.1710Y5.6625
G01 X14.1820Y5.6474
G01 X14.2535Y5.5404
G01 X14.4304Y5.3635
G01 X14.6384Y5.2245
G01 X14.8696Y5.1288
G01 X15.1149Y5.0800
G01 X15.3651Y5.0800
G01 X15.6104Y5.1288
G01 X15.8416Y5.2245
G01 X16.0496Y5.3635
G01 X16.2265Y5.5404
G01 X16.3655Y5.7484
G01 X16.4612Y5.9796
G01 X16.5100Y6.2249
G01 X16.5100Y6.4751
G01 X16.4612Y6.7204
G01 X16.3655Y6.9515
G01 X16.2239Y7.1631
G01 X16.2066Y7.1848
G01 X16.1933Y7.2059
G01 X16.1807Y7.2310
G01 X16.1730Y7.2516
G01 X16.1655Y7.2791
G01 X16.1620Y7.3004
G01 X16.1600Y7.3317
G01 X16.1602Y8.4097
G01 X16.1612Y8.4285
G01 X16.1638Y8.4468
G01 X16.1709Y8.4769
G01 X16.1807Y8.5039
G01 X16.1885Y8.5204
G01 X16.1996Y8.5396
G01 X16.2140Y8.5600
G01 X16.2347Y8.5836
G01 X20.4397Y12.7886
G01 X20.4583Y12.8055
G01 X20.4837Y12.8263
G01 X20.5987Y12.9664
G01 X20.6841Y13.1262
G01 X20.7367Y13.2997
G01 X20.7545Y13.4800
G01 X20.7512Y13.5127
G01 X20.7500Y13.5377
G01 X20.7500Y19.7681
G01 X20.7512Y19.7933
G01 X20.7555Y19.8207
G01 X20.7609Y19.8418
G01 X20.7707Y19.8688
G01 X20.7785Y19.8852
G01 X20.7929Y19.9097
G01 X20.8097Y19.9320
G01 X20.8247Y19.9484
G01 X24.4215Y23.5453
G01 X24.4380Y23.5603
G01 X24.4550Y23.5733
G01 X24.4656Y23.5804
G01 X24.4874Y23.5927
G01 X24.5012Y23.5993
G01 X24.5282Y23.6091
G01 X24.5493Y23.6145
G01 X24.5767Y23.6187
G01 X24.6019Y23.6200
G01 X34.1693Y23.6200
G01 X34.2006Y23.6180
G01 X34.2219Y23.6145
G01 X34.2430Y23.6091
G01 X34.2700Y23.5993
G01 X34.2838Y23.5927
G01 X34.2951Y23.5867
G01 X34.3162Y23.5733
G01 X34.3332Y23.5603
G01 X34.3450Y23.5497
G01 X35.6446Y22.2503
G01 X35.6615Y22.2317
G01 X35.6823Y22.2063
G01 X35.7794Y22.1266
G01 X35.7979Y22.1098
G01 X35.8187Y22.0863
G01 X35.8435Y22.0504
G01 X36.0204Y21.8735
G01 X36.2284Y21.7345
G01 X36.4596Y21.6388
G01 X36.7049Y21.5900
G01 X36.9551Y21.5900
G01 X37.2004Y21.6388
G01 X37.4316Y21.7345
G01 X37.6396Y21.8735
G01 X37.8165Y22.0504
G01 X37.9555Y22.2584
G01 X38.0512Y22.4896
G01 X38.1000Y22.7349
G01 X38.1000Y22.9851
G01 X38.0512Y23.2304
G01 X37.9555Y23.4616
G01 X37.8165Y23.6696
G01 X37.6396Y23.8465
G01 X37.5326Y23.9180
G01 X37.5175Y23.9290
G01 X37.4939Y23.9497
G01 X37.4789Y23.9661
G01 X37.4659Y23.9831
G01 X37.4588Y23.9937
G01 X37.4477Y24.0129
G01 X37.4400Y24.0294
G01 X37.4322Y24.0499
G01 X37.4285Y24.0621
G01 X37.4247Y24.0774
G01 X37.4212Y24.0987
G01 X37.4192Y24.1300
G01 X37.4205Y24.1552
G01 X37.4247Y24.1826
G01 X37.4301Y24.2036
G01 X37.4400Y24.2306
G01 X37.4477Y24.2471
G01 X37.4621Y24.2716
G01 X37.4732Y24.2867
G01 X37.4939Y24.3103
G01 X37.5175Y24.3310
G01 X37.5326Y24.3420
G01 X37.6396Y24.4135
G01 X37.8165Y24.5904
G01 X37.9555Y24.7984
G01 X38.0512Y25.0296
G01 X38.1000Y25.2749
G01 X38.1000Y25.5251
G01 X38.0512Y25.7704
G01 X37.9555Y26.0016
G01 X37.8165Y26.2096
G01 X37.6396Y26.3865
G01 X37.4316Y26.5255
G01 X37.4162Y26.5320
G01 X37.3939Y26.5433
G01 X37.3727Y26.5566
G01 X37.3530Y26.5720
G01 X37.3393Y26.5847
G01 X37.3267Y26.5984
G01 X37.3075Y26.6234
G01 X37.2931Y26.6479
G01 X37.2853Y26.6644
G01 X37.2776Y26.6849
G01 X37.2701Y26.7124
G01 X37.2666Y26.7337
G01 X37.2654Y26.7464
G01 X37.2648Y26.7714
G01 X37.2659Y26.7902
G01 X37.2684Y26.8085
G01 X37.2755Y26.8386
G01 X37.2853Y26.8656
G01 X37.2979Y26.8908
G01 X37.3113Y26.9119
G01 X37.3243Y26.9289
G01 X37.3349Y26.9407
G01 X37.3557Y26.9603
G01 X37.3781Y26.9771
G01 X37.4026Y26.9915
G01 X37.4280Y27.0029
G01 X37.4460Y27.0091
G01 X37.4636Y27.0137
G01 X37.4944Y27.0188
G01 X37.5196Y27.0200
G01 X43.7604Y27.0200
G01 X43.7856Y27.0188
G01 X43.8164Y27.0137
G01 X43.8340Y27.0091
G01 X43.8520Y27.0029
G01 X43.8774Y26.9915
G01 X43.9019Y26.9771
G01 X43.9243Y26.9603
G01 X43.9407Y26.9453
G01 X43.9614Y26.9217
G01 X43.9725Y26.9066
G01 X43.9821Y26.8908
G01 X43.9934Y26.8684
G01 X43.9983Y26.8566
G01 X44.0045Y26.8386
G01 X44.0099Y26.8176
G01 X44.0134Y26.7963
G01 X44.0146Y26.7836
G01 X44.0154Y26.7650
G01 X44.0146Y26.7464
G01 X44.0134Y26.7337
G01 X44.0099Y26.7124
G01 X44.0045Y26.6914
G01 X43.9983Y26.6734
G01 X43.9881Y26.6505
G01 X43.9821Y26.6392
G01 X43.9687Y26.6181
G01 X43.9557Y26.6011
G01 X43.9451Y26.5893
G01 X43.9243Y26.5697
G01 X43.9073Y26.5566
G01 X43.8967Y26.5496
G01 X43.8774Y26.5385
G01 X43.8484Y26.5255
G01 X43.8013Y26.4942
G01 X43.7852Y26.4847
G01 X43.7410Y26.4611
G01 X43.7022Y26.4293
G01 X43.6874Y26.4180
G01 X43.6404Y26.3865
G01 X43.6003Y26.3466
G01 X43.5864Y26.3342
G01 X43.5476Y26.3024
G01 X43.5158Y26.2636
G01 X43.5034Y26.2497
G01 X43.4635Y26.2096
G01 X43.4320Y26.1626
G01 X43.4207Y26.1478
G01 X43.3889Y26.1090
G01 X43.3653Y26.0648
G01 X43.3558Y26.0486
G01 X43.3245Y26.0016
G01 X43.3028Y25.9494
G01 X43.2946Y25.9326
G01 X43.2710Y25.8884
G01 X43.2564Y25.8404
G01 X43.2503Y25.8228
G01 X43.2288Y25.7704
G01 X43.2176Y25.7150
G01 X43.2129Y25.6970
G01 X43.1984Y25.6490
G01 X43.1935Y25.5990
G01 X43.1909Y25.5806
G01 X43.1800Y25.5251
G01 X43.1798Y25.4685
G01 X43.1788Y25.4499
G01 X43.1739Y25.4000
G01 X43.1788Y25.3501
G01 X43.1798Y25.3315
G01 X43.1800Y25.2749
G01 X43.1909Y25.2194
G01 X43.1935Y25.2010
G01 X43.1984Y25.1510
G01 X43.2129Y25.1030
G01 X43.2176Y25.0849
G01 X43.2288Y25.0296
G01 X43.2503Y24.9772
G01 X43.2564Y24.9596
G01 X43.2710Y24.9116
G01 X43.2946Y24.8674
G01 X43.3028Y24.8506
G01 X43.3245Y24.7984
G01 X43.3558Y24.7513
G01 X43.3653Y24.7352
G01 X43.3889Y24.6910
G01 X43.4207Y24.6522
G01 X43.4320Y24.6374
G01 X43.4635Y24.5904
G01 X43.5034Y24.5503
G01 X43.5158Y24.5364
G01 X43.5476Y24.4976
G01 X43.5864Y24.4658
G01 X43.6003Y24.4534
G01 X43.6404Y24.4135
G01 X43.6821Y24.3857
G01 X43.6972Y24.3747
G01 X43.7554Y24.3271
G01 X43.7739Y24.3103
G01 X43.7947Y24.2867
G01 X43.8057Y24.2716
G01 X43.8201Y24.2471
G01 X43.8279Y24.2306
G01 X43.8356Y24.2101
G01 X43.8394Y24.1979
G01 X43.8448Y24.1735
G01 X43.8474Y24.1552
G01 X43.8486Y24.1300
G01 X43.8474Y24.1048
G01 X43.8431Y24.0774
G01 X43.8378Y24.0564
G01 X43.8315Y24.0384
G01 X43.8266Y24.0266
G01 X43.8154Y24.0042
G01 X43.8057Y23.9884
G01 X43.7890Y23.9661
G01 X43.7739Y23.9497
G01 X43.7602Y23.9370
G01 X43.7022Y23.8893
G01 X43.6821Y23.8743
G01 X43.6404Y23.8465
G01 X43.6003Y23.8066
G01 X43.5864Y23.7942
G01 X43.5476Y23.7624
G01 X43.5158Y23.7236
G01 X43.5034Y23.7097
G01 X43.4635Y23.6696
G01 X43.4320Y23.6226
G01 X43.4207Y23.6078
G01 X43.3889Y23.5690
G01 X43.3653Y23.5248
G01 X43.3558Y23.5086
G01 X43.3245Y23.4616
G01 X43.3028Y23.4094
G01 X43.2946Y23.3926
G01 X43.2710Y23.3484
G01 X43.2564Y23.3004
G01 X43.2503Y23.2828
G01 X43.2288Y23.2304
G01 X43.2176Y23.1750
G01 X43.2129Y23.1570
G01 X43.1984Y23.1090
G01 X43.1935Y23.0590
G01 X43.1909Y23.0406
G01 X43.1800Y22.9851
G01 X43.1798Y20.1834
G01 X43.1788Y20.1646
G01 X43.1745Y20.1372
G01 X43.1691Y20.1162
G01 X43.1593Y20.0892
G01 X43.1515Y20.0728
G01 X43.1371Y20.0483
G01 X43.1203Y20.0259
G01 X43.1007Y20.0051
G01 X43.0817Y19.9888
G01 X43.0666Y19.9777
G01 X43.0508Y19.9681
G01 X43.0256Y19.9555
G01 X42.9986Y19.9457
G01 X42.9685Y19.9386
G01 X42.9502Y19.9361
G01 X42.9314Y19.9350
G01 X42.8998Y19.9361
G01 X42.8724Y19.9403
G01 X42.8514Y19.9457
G01 X42.8244Y19.9555
G01 X42.8079Y19.9633
G01 X42.7887Y19.9744
G01 X42.7632Y19.9927
G01 X42.6190Y20.1111
G01 X42.3984Y20.2290
G01 X42.1590Y20.3016
G01 X41.9100Y20.3261
G01 X41.6610Y20.3016
G01 X41.4216Y20.2290
G01 X41.2010Y20.1111
G01 X41.0076Y19.9524
G01 X40.8371Y19.7446
G01 X40.8203Y19.7261
G01 X40.7967Y19.7053
G01 X40.7816Y19.6943
G01 X40.7571Y19.6799
G01 X40.7406Y19.6721
G01 X40.7136Y19.6622
G01 X40.6926Y19.6569
G01 X40.6652Y19.6526
G01 X40.6400Y19.6514
G01 X40.6148Y19.6526
G01 X40.5874Y19.6569
G01 X40.5721Y19.6606
G01 X40.5599Y19.6644
G01 X40.5394Y19.6721
G01 X40.5229Y19.6799
G01 X40.5037Y19.6909
G01 X40.4931Y19.6980
G01 X40.4761Y19.7110
G01 X40.4597Y19.7261
G01 X40.4429Y19.7446
G01 X40.2724Y19.9524
G01 X40.0790Y20.1111
G01 X39.8584Y20.2290
G01 X39.6190Y20.3016
G01 X39.3700Y20.3261
G01 X39.1210Y20.3016
G01 X38.8816Y20.2290
G01 X38.6610Y20.1111
G01 X38.4676Y19.9524
G01 X38.2930Y19.7398
G01 X38.2757Y19.7217
G01 X38.2639Y19.7110
G01 X38.2469Y19.6980
G01 X38.2363Y19.6909
G01 X38.2171Y19.6799
G01 X38.2006Y19.6721
G01 X38.1736Y19.6622
G01 X38.1526Y19.6569
G01 X38.1252Y19.6526
G01 X38.1000Y19.6514
G01 X38.0814Y19.6521
G01 X38.0565Y19.6552
G01 X38.0440Y19.6577
G01 X38.0264Y19.6622
G01 X37.9994Y19.6721
G01 X37.9829Y19.6799
G01 X37.9637Y19.6909
G01 X37.9531Y19.6980
G01 X37.9361Y19.7110
G01 X37.9197Y19.7261
G01 X37.9029Y19.7446
G01 X37.7324Y19.9524
G01 X37.5390Y20.1111
G01 X37.3184Y20.2290
G01 X37.0790Y20.3016
G01 X36.8300Y20.3261
G01 X36.5810Y20.3016
G01 X36.3416Y20.2290
G01 X36.1210Y20.1111
G01 X35.9276Y19.9524
G01 X35.7530Y19.7398
G01 X35.7357Y19.7217
G01 X35.7239Y19.7110
G01 X35.7069Y19.6980
G01 X35.6963Y19.6909
G01 X35.6771Y19.6799
G01 X35.6606Y19.6721
G01 X35.6336Y19.6622
G01 X35.6126Y19.6569
G01 X35.5913Y19.6534
G01 X35.5664Y19.6515
G01 X35.5536Y19.6515
G01 X35.5348Y19.6526
G01 X35.5074Y19.6569
G01 X35.4864Y19.6622
G01 X35.4684Y19.6685
G01 X35.4455Y19.6786
G01 X35.4342Y19.6846
G01 X35.4184Y19.6943
G01 X35.4033Y19.7053
G01 X35.3797Y19.7261
G01 X35.3629Y19.7446
G01 X35.1924Y19.9524
G01 X34.9990Y20.1111
G01 X34.7784Y20.2290
G01 X34.5390Y20.3016
G01 X34.2900Y20.3261
G01 X34.0410Y20.3016
G01 X33.8016Y20.2290
G01 X33.5810Y20.1111
G01 X33.3876Y19.9524
G01 X33.2130Y19.7398
G01 X33.1957Y19.7217
G01 X33.1839Y19.7110
G01 X33.1669Y19.6980
G01 X33.1563Y19.6909
G01 X33.1371Y19.6799
G01 X33.1206Y19.6721
G01 X33.0936Y19.6622
G01 X33.0726Y19.6569
G01 X33.0513Y19.6534
G01 X33.0264Y19.6515
G01 X33.0136Y19.6515
G01 X32.9948Y19.6526
G01 X32.9674Y19.6569
G01 X32.9464Y19.6622
G01 X32.9284Y19.6685
G01 X32.9055Y19.6786
G01 X32.8942Y19.6846
G01 X32.8784Y19.6943
G01 X32.8633Y19.7053
G01 X32.8397Y19.7261
G01 X32.8229Y19.7446
G01 X32.6524Y19.9524
G01 X32.4590Y20.1111
G01 X32.2384Y20.2290
G01 X31.9990Y20.3016
G01 X31.7500Y20.3261
G01 X31.5010Y20.3016
G01 X31.2616Y20.2290
G01 X31.0410Y20.1111
G01 X30.8476Y19.9524
G01 X30.6730Y19.7398
G01 X30.6557Y19.7217
G01 X30.6439Y19.7110
G01 X30.6269Y19.6980
G01 X30.6163Y19.6909
G01 X30.5971Y19.6799
G01 X30.5806Y19.6721
G01 X30.5536Y19.6622
G01 X30.5326Y19.6569
G01 X30.5113Y19.6534
G01 X30.4800Y19.6514
G01 X30.4487Y19.6534
G01 X30.4274Y19.6569
G01 X30.4064Y19.6622
G01 X30.3794Y19.6721
G01 X30.3629Y19.6799
G01 X30.3437Y19.6909
G01 X30.3331Y19.6980
G01 X30.3161Y19.7110
G01 X30.3043Y19.7217
G01 X30.2871Y19.7398
G01 X30.1124Y19.9524
G01 X29.9190Y20.1111
G01 X29.6984Y20.2290
G01 X29.4590Y20.3016
G01 X29.2100Y20.3261
G01 X28.9610Y20.3016
G01 X28.7216Y20.2290
G01 X28.5010Y20.1111
G01 X28.3076Y19.9524
G01 X28.1330Y19.7398
G01 X28.1157Y19.7217
G01 X28.1039Y19.7110
G01 X28.0869Y19.6980
G01 X28.0763Y19.6909
G01 X28.0571Y19.6799
G01 X28.0406Y19.6721
G01 X28.0136Y19.6622
G01 X27.9926Y19.6569
G01 X27.9713Y19.6534
G01 X27.9400Y19.6514
G01 X27.9087Y19.6534
G01 X27.8874Y19.6569
G01 X27.8664Y19.6622
G01 X27.8394Y19.6721
G01 X27.8229Y19.6799
G01 X27.8037Y19.6909
G01 X27.7931Y19.6980
G01 X27.7761Y19.7110
G01 X27.7643Y19.7217
G01 X27.7471Y19.7398
G01 X27.5724Y19.9524
G01 X27.3790Y20.1111
G01 X27.1584Y20.2290
G01 X26.9190Y20.3016
G01 X26.6700Y20.3261
G01 X26.4210Y20.3016
G01 X26.1816Y20.2290
G01 X25.9610Y20.1111
G01 X25.7676Y19.9524
G01 X25.6089Y19.7590
G01 X25.4910Y19.5384
G01 X25.4184Y19.2990
G01 X25.4000Y19.1124
G01 X25.4000Y15.3149
G01 X25.3988Y15.2899
G01 X25.3939Y15.2400
G01 X25.4184Y14.9910
G01 X25.4910Y14.7516
G01 X25.6089Y14.5310
G01 X25.7273Y14.3868
G01 X25.7385Y14.3719
G01 X25.7456Y14.3613
G01 X25.7567Y14.3421
G01 X25.7645Y14.3256
G01 X25.7722Y14.3051
G01 X25.7759Y14.2929
G01 X25.7814Y14.2685
G01 X25.7844Y14.2436
G01 X25.7850Y14.2186
G01 X25.7839Y14.1998
G01 X25.7797Y14.1724
G01 X25.7743Y14.1514
G01 X25.7632Y14.1216
G01 X25.7567Y14.1079
G01 X25.7456Y14.0887
G01 X25.7385Y14.0781
G01 X25.7255Y14.0611
G01 X25.7059Y14.0403
G01 X25.6941Y14.0297
G01 X25.6771Y14.0166
G01 X25.6665Y14.0096
G01 X25.6472Y13.9985
G01 X25.6218Y13.9871
G01 X25.6038Y13.9809
G01 X25.5862Y13.9763
G01 X25.5554Y13.9712
G01 X25.5302Y13.9700
G01 X24.0676Y13.9700
G01 X23.8810Y13.9516
G01 X23.6416Y13.8790
G01 X23.4210Y13.7611
G01 X23.2276Y13.6024
G01 X23.0689Y13.4090
G01 X22.9510Y13.1884
G01 X22.8784Y12.9490
G01 X22.8539Y12.7000
G01 X22.8784Y12.4510
G01 X22.9510Y12.2116
G01 X23.0689Y11.9910
G01 X23.2276Y11.7976
G01 X23.4210Y11.6389
G01 X23.6416Y11.5210
G01 X23.8810Y11.4484
G01 X24.0676Y11.4300
G01 X26.7324Y11.4300
G01 X26.9190Y11.4484
G01 X27.1584Y11.5210
G01 X27.3790Y11.6389
G01 X27.5232Y11.7573
G01 X27.5487Y11.7756
G01 X27.5679Y11.7867
G01 X27.5844Y11.7945
G01 X27.6114Y11.8043
G01 X27.6324Y11.8097
G01 X27.6537Y11.8132
G01 X27.6664Y11.8144
G01 X27.6850Y11.8152
G01 X27.7102Y11.8139
G01 X27.7376Y11.8097
G01 X27.7529Y11.8059
G01 X27.7651Y11.8022
G01 X27.7856Y11.7945
G01 X27.8021Y11.7867
G01 X27.8213Y11.7756
G01 X27.8319Y11.7685
G01 X27.8489Y11.7555
G01 X27.8653Y11.7405
G01 X27.8803Y11.7241
G01 X27.8934Y11.7071
G01 X27.9004Y11.6965
G01 X27.9115Y11.6772
G01 X27.9193Y11.6608
G01 X27.9291Y11.6338
G01 X27.9345Y11.6128
G01 X27.9380Y11.5915
G01 X27.9400Y11.5602
G01 X27.9400Y4.9549
G01 X27.9509Y4.8994
G01 X27.9535Y4.8810
G01 X27.9584Y4.8310
G01 X27.9729Y4.7830
G01 X27.9776Y4.7649
G01 X27.9888Y4.7096
G01 X28.0103Y4.6572
G01 X28.0164Y4.6396
G01 X28.0310Y4.5916
G01 X28.0546Y4.5474
G01 X28.0628Y4.5306
G01 X28.0845Y4.4784
G01 X28.1158Y4.4313
G01 X28.1253Y4.4152
G01 X28.1489Y4.3710
G01 X28.1807Y4.3322
G01 X28.1920Y4.3174
G01 X28.2235Y4.2704
G01 X28.2634Y4.2303
G01 X28.2758Y4.2164
G01 X28.3076Y4.1776
G01 X28.3512Y4.1416
G01 X28.3649Y4.1290
G01 X28.4004Y4.0935
G01 X28.4474Y4.0620
G01 X28.4622Y4.0507
G01 X28.5010Y4.0189
G01 X28.5452Y3.9953
G01 X28.5614Y3.9858
G01 X28.6084Y3.9545
G01 X28.6606Y3.9328
G01 X28.6774Y3.9246
G01 X28.7216Y3.9010
G01 X28.7696Y3.8864
G01 X28.7873Y3.8803
G01 X28.8396Y3.8588
G01 X28.8950Y3.8476
G01 X28.9130Y3.8429
G01 X28.9610Y3.8284
G01 X29.0110Y3.8235
G01 X29.0294Y3.8209
G01 X29.0849Y3.8100
G01 X29.1415Y3.8098
G01 X29.1601Y3.8088
G01 X29.2100Y3.8039
G01 X29.2599Y3.8088
G01 X29.2785Y3.8098
G01 X29.3351Y3.8100
G01 X29.3906Y3.8209
G01 X29.4090Y3.8235
G01 X29.4590Y3.8284
G01 X29.5070Y3.8429
G01 X29.5251Y3.8476
G01 X29.5804Y3.8588
G01 X29.6328Y3.8803
G01 X29.6504Y3.8864
G01 X29.6984Y3.9010
G01 X29.7426Y3.9246
G01 X29.7594Y3.9328
G01 X29.8116Y3.9545
G01 X29.8587Y3.9858
G01 X29.8748Y3.9953
G01 X29.9190Y4.0189
G01 X29.9578Y4.0507
G01 X29.9726Y4.0620
G01 X30.0196Y4.0935
G01 X30.0597Y4.1334
G01 X30.0736Y4.1458
G01 X30.1124Y4.1776
G01 X30.1442Y4.2164
G01 X30.1566Y4.2303
G01 X30.1965Y4.2704
G01 X30.2244Y4.3121
G01 X30.2393Y4.3322
G01 X30.2870Y4.3902
G01 X30.2997Y4.4039
G01 X30.3161Y4.4190
G01 X30.3384Y4.4357
G01 X30.3542Y4.4454
G01 X30.3794Y4.4579
G01 X30.3999Y4.4656
G01 X30.4240Y4.4723
G01 X30.4365Y4.4748
G01 X30.4614Y4.4779
G01 X30.4864Y4.4785
G01 X30.5052Y4.4774
G01 X30.5326Y4.4731
G01 X30.5536Y4.4678
G01 X30.5716Y4.4615
G01 X30.5834Y4.4566
G01 X30.6058Y4.4454
G01 X30.6216Y4.4357
G01 X30.6367Y4.4247
G01 X30.6603Y4.4039
G01 X30.6771Y4.3854
G01 X30.7247Y4.3272
G01 X30.7357Y4.3121
G01 X30.7635Y4.2704
G01 X30.8034Y4.2303
G01 X30.8158Y4.2164
G01 X30.8476Y4.1776
G01 X30.8864Y4.1458
G01 X30.9003Y4.1334
G01 X30.9404Y4.0935
G01 X30.9874Y4.0620
G01 X31.0022Y4.0507
G01 X31.0410Y4.0189
G01 X31.0852Y3.9953
G01 X31.1014Y3.9858
G01 X31.1484Y3.9545
G01 X31.2006Y3.9328
G01 X31.2174Y3.9246
G01 X31.2616Y3.9010
G01 X31.3096Y3.8864
G01 X31.3273Y3.8803
G01 X31.3796Y3.8588
G01 X31.4350Y3.8476
G01 X31.4530Y3.8429
G01 X31.5010Y3.8284
G01 X31.5510Y3.8235
G01 X31.5694Y3.8209
G01 X31.6249Y3.8100
G01 X31.6815Y3.8098
G01 X31.7001Y3.8088
G01 X31.7500Y3.8039
G01 X31.7999Y3.8088
G01 X31.8185Y3.8098
G01 X31.8751Y3.8100
G01 X31.9306Y3.8209
G01 X31.9490Y3.8235
G01 X31.9990Y3.8284
G01 X32.0470Y3.8429
G01 X32.0651Y3.8476
G01 X32.1204Y3.8588
G01 X32.1728Y3.8803
G01 X32.1904Y3.8864
G01 X32.2384Y3.9010
G01 X32.2826Y3.9246
G01 X32.2994Y3.9328
G01 X32.3516Y3.9545
G01 X32.3987Y3.9858
G01 X32.4148Y3.9953
G01 X32.4590Y4.0189
G01 X32.4978Y4.0507
G01 X32.5126Y4.0620
G01 X32.5596Y4.0935
G01 X32.5997Y4.1334
G01 X32.6136Y4.1458
G01 X32.6524Y4.1776
G01 X32.6842Y4.2164
G01 X32.6966Y4.2303
G01 X32.7365Y4.2704
G01 X32.7644Y4.3121
G01 X32.7753Y4.3272
G01 X32.8229Y4.3854
G01 X32.8397Y4.4039
G01 X32.8633Y4.4247
G01 X32.8784Y4.4357
G01 X32.9029Y4.4501
G01 X32.9194Y4.4579
G01 X32.9399Y4.4656
G01 X32.9640Y4.4723
G01 X32.9765Y4.4748
G01 X33.0014Y4.4779
G01 X33.0264Y4.4785
G01 X33.0452Y4.4774
G01 X33.0726Y4.4731
G01 X33.0936Y4.4678
G01 X33.1116Y4.4615
G01 X33.1234Y4.4566
G01 X33.1458Y4.4454
G01 X33.1616Y4.4357
G01 X33.1767Y4.4247
G01 X33.2003Y4.4039
G01 X33.2171Y4.3854
G01 X33.2647Y4.3272
G01 X33.2757Y4.3121
G01 X33.3035Y4.2704
G01 X33.3434Y4.2303
G01 X33.3558Y4.2164
G01 X33.3876Y4.1776
G01 X33.4264Y4.1458
G01 X33.4403Y4.1334
G01 X33.4804Y4.0935
G01 X33.5274Y4.0620
G01 X33.5422Y4.0507
G01 X33.5810Y4.0189
G01 X33.6252Y3.9953
G01 X33.6414Y3.9858
G01 X33.6884Y3.9545
G01 X33.7406Y3.9328
G01 X33.7574Y3.9246
G01 X33.8016Y3.9010
G01 X33.8496Y3.8864
G01 X33.8673Y3.8803
G01 X33.9196Y3.8588
G01 X33.9750Y3.8476
G01 X33.9930Y3.8429
G01 X34.0410Y3.8284
G01 X34.0910Y3.8235
G01 X34.1094Y3.8209
G01 X34.1649Y3.8100
G01 X34.2215Y3.8098
G01 X34.2401Y3.8088
G01 X34.2900Y3.8039
G01 X34.3399Y3.8088
G01 X34.3585Y3.8098
G01 X34.4151Y3.8100
G01 X34.4706Y3.8209
G01 X34.4890Y3.8235
G01 X34.5390Y3.8284
G01 X34.5870Y3.8429
G01 X34.6051Y3.8476
G01 X34.6604Y3.8588
G01 X34.7128Y3.8803
G01 X34.7304Y3.8864
G01 X34.7784Y3.9010
G01 X34.8226Y3.9246
G01 X34.8394Y3.9328
G01 X34.8916Y3.9545
G01 X34.9387Y3.9858
G01 X34.9548Y3.9953
G01 X34.9990Y4.0189
G01 X35.0378Y4.0507
G01 X35.0526Y4.0620
G01 X35.0996Y4.0935
G01 X35.1397Y4.1334
G01 X35.1536Y4.1458
G01 X35.1924Y4.1776
G01 X35.2242Y4.2164
G01 X35.2366Y4.2303
G01 X35.2765Y4.2704
G01 X35.3044Y4.3121
G01 X35.3153Y4.3272
G01 X35.3629Y4.3854
G01 X35.3797Y4.4039
G01 X35.4033Y4.4247
G01 X35.4184Y4.4357
G01 X35.4429Y4.4501
G01 X35.4594Y4.4579
G01 X35.4799Y4.4656
G01 X35.5040Y4.4723
G01 X35.5165Y4.4748
G01 X35.5348Y4.4774
G01 X35.5600Y4.4786
G01 X35.5852Y4.4774
G01 X35.6035Y4.4748
G01 X35.6160Y4.4723
G01 X35.6401Y4.4656
G01 X35.6606Y4.4579
G01 X35.6771Y4.4501
G01 X35.7016Y4.4357
G01 X35.7167Y4.4247
G01 X35.7403Y4.4039
G01 X35.7571Y4.3854
G01 X35.8047Y4.3272
G01 X35.8157Y4.3121
G01 X35.8435Y4.2704
G01 X35.8834Y4.2303
G01 X35.8958Y4.2164
G01 X35.9276Y4.1776
G01 X35.9664Y4.1458
G01 X35.9803Y4.1334
G01 X36.0204Y4.0935
G01 X36.0674Y4.0620
G01 X36.0822Y4.0507
G01 X36.1210Y4.0189
G01 X36.1652Y3.9953
G01 X36.1814Y3.9858
G01 X36.2284Y3.9545
G01 X36.2806Y3.9328
G01 X36.2974Y3.9246
G01 X36.3416Y3.9010
G01 X36.3896Y3.8864
G01 X36.4072Y3.8803
G01 X36.4596Y3.8588
G01 X36.5150Y3.8476
G01 X36.5330Y3.8429
G01 X36.5810Y3.8284
G01 X36.6310Y3.8235
G01 X36.6494Y3.8209
G01 X36.7049Y3.8100
G01 X36.7615Y3.8098
G01 X36.7801Y3.8088
G01 X36.8300Y3.8039
G01 X36.8799Y3.8088
G01 X36.8985Y3.8098
G01 X36.9551Y3.8100
G01 X37.0106Y3.8209
G01 X37.0290Y3.8235
G01 X37.0790Y3.8284
G01 X37.1270Y3.8429
G01 X37.1451Y3.8476
G01 X37.2004Y3.8588
G01 X37.2528Y3.8803
G01 X37.2704Y3.8864
G01 X37.3184Y3.9010
G01 X37.3626Y3.9246
G01 X37.3794Y3.9328
G01 X37.4316Y3.9545
G01 X37.4787Y3.9858
G01 X37.4948Y3.9953
G01 X37.5390Y4.0189
G01 X37.5778Y4.0507
G01 X37.5926Y4.0620
G01 X37.6396Y4.0935
G01 X37.6797Y4.1334
G01 X37.6936Y4.1458
G01 X37.7324Y4.1776
G01 X37.7642Y4.2164
G01 X37.7766Y4.2303
G01 X37.8165Y4.2704
G01 X37.8444Y4.3121
G01 X37.8553Y4.3272
G01 X37.9029Y4.3854
G01 X37.9197Y4.4039
G01 X37.9433Y4.4247
G01 X37.9584Y4.4357
G01 X37.9829Y4.4501
G01 X37.9994Y4.4579
G01 X38.0199Y4.4656
G01 X38.0321Y4.4694
G01 X38.0565Y4.4748
G01 X38.0748Y4.4774
G01 X38.1000Y4.4786
G01 X38.1252Y4.4774
G01 X38.1435Y4.4748
G01 X38.1560Y4.4723
G01 X38.1801Y4.4656
G01 X38.2006Y4.4579
G01 X38.2171Y4.4501
G01 X38.2416Y4.4357
G01 X38.2567Y4.4247
G01 X38.2803Y4.4039
G01 X38.2971Y4.3854
G01 X38.3447Y4.3272
G01 X38.3557Y4.3121
G01 X38.3835Y4.2704
G01 X38.4234Y4.2303
G01 X38.4358Y4.2164
G01 X38.4676Y4.1776
G01 X38.5064Y4.1458
G01 X38.5203Y4.1334
G01 X38.5604Y4.0935
G01 X38.6074Y4.0620
G01 X38.6222Y4.0507
G01 X38.6610Y4.0189
G01 X38.7052Y3.9953
G01 X38.7214Y3.9858
G01 X38.7684Y3.9545
G01 X38.8206Y3.9328
G01 X38.8374Y3.9246
G01 X38.8816Y3.9010
G01 X38.9296Y3.8864
G01 X38.9472Y3.8803
G01 X38.9996Y3.8588
G01 X39.0550Y3.8476
G01 X39.0730Y3.8429
G01 X39.1210Y3.8284
G01 X39.1710Y3.8235
G01 X39.1894Y3.8209
G01 X39.2449Y3.8100
G01 X39.3015Y3.8098
G01 X39.3201Y3.8088
G01 X39.3700Y3.8039
G01 X39.4199Y3.8088
G01 X39.4385Y3.8098
G01 X39.4951Y3.8100
G01 X39.5506Y3.8209
G01 X39.5690Y3.8235
G01 X39.6190Y3.8284
G01 X39.6670Y3.8429
G01 X39.6851Y3.8476
G01 X39.7404Y3.8588
G01 X39.7928Y3.8803
G01 X39.8104Y3.8864
G01 X39.8584Y3.9010
G01 X39.9026Y3.9246
G01 X39.9194Y3.9328
G01 X39.9716Y3.9545
G01 X40.0187Y3.9858
G01 X40.0348Y3.9953
G01 X40.0790Y4.0189
G01 X40.1178Y4.0507
G01 X40.1326Y4.0620
G01 X40.1796Y4.0935
G01 X40.2197Y4.1334
G01 X40.2336Y4.1458
G01 X40.2724Y4.1776
G01 X40.3042Y4.2164
G01 X40.3166Y4.2303
G01 X40.3565Y4.2704
G01 X40.3844Y4.3121
G01 X40.3952Y4.3270
G01 X40.4470Y4.3906
G01 X40.4640Y4.4094
G01 X40.4874Y4.4300
G01 X40.4972Y4.4373
G01 X40.5184Y4.4508
G01 X40.5436Y4.4634
G01 X40.5641Y4.4711
G01 X40.5763Y4.4748
G01 X40.6007Y4.4803
G01 X40.6191Y4.4829
G01 X40.6443Y4.4842
G01 X40.6695Y4.4829
G01 X40.6877Y4.4804
G01 X40.7121Y4.4749
G01 X40.7244Y4.4712
G01 X40.7450Y4.4635
G01 X40.7614Y4.4557
G01 X40.7859Y4.4413
G01 X40.8011Y4.4303
G01 X40.8247Y4.4095
G01 X40.8454Y4.3859
G01 X40.8564Y4.3708
G01 X40.9235Y4.2704
G01 X41.1004Y4.0935
G01 X41.3084Y3.9545
G01 X41.5396Y3.8588
G01 X41.7849Y3.8100
G01 X42.0351Y3.8100
G01 X42.2804Y3.8588
G01 X42.5116Y3.9545
G01 X42.7196Y4.0935
G01 X42.8965Y4.2704
G01 X42.9680Y4.3774
G01 X42.9790Y4.3925
G01 X42.9997Y4.4161
G01 X43.0161Y4.4311
G01 X43.0384Y4.4479
G01 X43.0542Y4.4575
G01 X43.0655Y4.4635
G01 X43.0884Y4.4736
G01 X43.1064Y4.4799
G01 X43.1274Y4.4853
G01 X43.1548Y4.4895
G01 X43.1800Y4.4908
G01 X43.2052Y4.4895
G01 X43.2326Y4.4853
G01 X43.2536Y4.4799
G01 X43.2716Y4.4736
G01 X43.2945Y4.4635
G01 X43.3058Y4.4575
G01 X43.3216Y4.4479
G01 X43.3439Y4.4311
G01 X43.3603Y4.4161
G01 X43.3810Y4.3925
G01 X43.3920Y4.3774
G01 X43.4635Y4.2704
G01 X43.6404Y4.0935
G01 X43.8484Y3.9545
G01 X44.0796Y3.8588
G01 X44.3249Y3.8100
G01 X44.5751Y3.8100
G01 X44.8204Y3.8588
G01 X45.0516Y3.9545
G01 X45.2596Y4.0935
G01 X45.4365Y4.2704
G01 X45.5755Y4.4784
G01 X45.6712Y4.7096
G01 X45.7200Y4.9549
G01 X45.7200Y5.2051
G01 X45.6680Y5.4665
G01 X45.6644Y5.4910
G01 X45.6631Y5.5162
G01 X45.6644Y5.5414
G01 X45.6669Y5.5597
G01 X45.6694Y5.5722
G01 X45.6761Y5.5963
G01 X45.6838Y5.6169
G01 X45.6916Y5.6333
G01 X45.7060Y5.6578
G01 X45.7171Y5.6730
G01 X45.7378Y5.6965
G01 X47.5397Y7.4985
G01 X47.5583Y7.5153
G01 X47.5837Y7.5362
G01 X47.6987Y7.6762
G01 X47.7841Y7.8361
G01 X47.8367Y8.0095
G01 X47.8545Y8.1898
G01 X47.8512Y8.2226
G01 X47.8500Y8.2476
G01 X47.8500Y11.5250
G01 X47.8508Y11.5436
G01 X47.8520Y11.5563
G01 X47.8555Y11.5776
G01 X47.8630Y11.6051
G01 X47.8707Y11.6256
G01 X47.8785Y11.6421
G01 X47.8896Y11.6613
G01 X47.8967Y11.6719
G01 X47.9097Y11.6889
G01 X47.9203Y11.7007
G01 X47.9411Y11.7203
G01 X47.9581Y11.7334
G01 X47.9687Y11.7404
G01 X47.9879Y11.7515
G01 X48.0044Y11.7593
G01 X48.0314Y11.7691
G01 X48.0524Y11.7745
G01 X48.0798Y11.7788
G01 X48.1050Y11.7800
G01 X49.8183Y11.7800
G01 X49.8435Y11.7788
G01 X49.8709Y11.7745
G01 X49.8920Y11.7691
G01 X49.9190Y11.7593
G01 X49.9441Y11.7467
G01 X49.9652Y11.7334
G01 X49.9881Y11.7151
G01 X50.1984Y11.5745
G01 X50.4296Y11.4788
G01 X50.6749Y11.4300
G01 X50.9251Y11.4300
G01 X51.1704Y11.4788
G01 X51.2472Y11.5106
G01 X51.2711Y11.5191
G01 X51.2922Y11.5245
G01 X51.3134Y11.5280
G01 X51.3448Y11.5300
G01 X62.3452Y11.5300
G01 X62.3959Y11.5399
G01 X62.4144Y11.5425
G01 X62.4594Y11.5469
G01 X62.5026Y11.5601
G01 X62.5207Y11.5648
G01 X62.5713Y11.5750
G01 X62.6190Y11.5946
G01 X62.6366Y11.6007
G01 X62.6799Y11.6138
G01 X62.7198Y11.6351
G01 X62.7366Y11.6433
G01 X62.7842Y11.6632
G01 X62.8272Y11.6917
G01 X62.8433Y11.7012
G01 X62.8832Y11.7225
G01 X62.9181Y11.7512
G01 X62.9330Y11.7624
G01 X62.9758Y11.7912
G01 X63.0124Y11.8276
G01 X63.0264Y11.8400
G01 X63.0613Y11.8687
G01 X63.0900Y11.9036
G01 X63.1024Y11.9176
G01 X63.1388Y11.9542
G01 X63.1676Y11.9970
G01 X63.1788Y12.0119
G01 X63.2075Y12.0468
G01 X63.2288Y12.0867
G01 X63.2383Y12.1028
G01 X63.2668Y12.1458
G01 X63.2867Y12.1934
G01 X63.2949Y12.2102
G01 X63.3162Y12.2501
G01 X63.3293Y12.2934
G01 X63.3354Y12.3110
G01 X63.3550Y12.3587
G01 X63.3653Y12.4093
G01 X63.3699Y12.4274
G01 X63.3831Y12.4706
G01 X63.3875Y12.5156
G01 X63.3901Y12.5341
G01 X63.4000Y12.5848
G01 X63.4002Y12.6364
G01 X63.4012Y12.6550
G01 X63.4057Y12.7000
G01 X63.4012Y12.7450
G01 X63.4002Y12.7636
G01 X63.4000Y12.8152
G01 X63.3901Y12.8659
G01 X63.3875Y12.8844
G01 X63.3831Y12.9294
G01 X63.3699Y12.9726
G01 X63.3652Y12.9907
G01 X63.3550Y13.0413
G01 X63.3354Y13.0890
G01 X63.3293Y13.1066
G01 X63.3162Y13.1499
G01 X63.2949Y13.1898
G01 X63.2867Y13.2066
G01 X63.2668Y13.2542
G01 X63.2383Y13.2972
G01 X63.2288Y13.3133
G01 X63.2075Y13.3532
G01 X63.1788Y13.3881
G01 X63.1676Y13.4030
G01 X63.1388Y13.4458
G01 X63.1024Y13.4824
G01 X63.0900Y13.4964
G01 X63.0613Y13.5313
G01 X63.0264Y13.5600
G01 X63.0124Y13.5724
G01 X62.9758Y13.6088
G01 X62.9330Y13.6376
G01 X62.9181Y13.6488
G01 X62.8832Y13.6775
G01 X62.8433Y13.6988
G01 X62.8272Y13.7083
G01 X62.7842Y13.7368
G01 X62.7366Y13.7567
G01 X62.7198Y13.7649
G01 X62.6799Y13.7862
G01 X62.6366Y13.7993
G01 X62.6190Y13.8054
G01 X62.5713Y13.8250
G01 X62.5207Y13.8353
G01 X62.5026Y13.8399
G01 X62.4594Y13.8531
G01 X62.4144Y13.8575
G01 X62.3959Y13.8601
G01 X62.3452Y13.8700
G01 X51.3448Y13.8700
G01 X51.3134Y13.8720
G01 X51.2922Y13.8755
G01 X51.2711Y13.8809
G01 X51.2472Y13.8894
G01 X51.1704Y13.9212
G01 X50.9251Y13.9700
G01 X50.6749Y13.9700
G01 X50.4296Y13.9212
G01 X50.1985Y13.8255
G01 X49.9870Y13.6839
G01 X49.9751Y13.6740
G01 X49.9599Y13.6629
G01 X49.9354Y13.6485
G01 X49.9100Y13.6371
G01 X49.8920Y13.6309
G01 X49.8743Y13.6263
G01 X49.8435Y13.6212
G01 X49.8183Y13.6200
G01 X47.6459Y13.6200
G01 X47.6207Y13.6212
G01 X47.5933Y13.6255
G01 X47.5722Y13.6309
G01 X47.5452Y13.6407
G01 X47.5313Y13.6472
G01 X47.5096Y13.6596
G01 X47.4990Y13.6666
G01 X47.4820Y13.6797
G01 X47.4655Y13.6947
G01 X47.4505Y13.7111
G01 X47.4375Y13.7281
G01 X47.4304Y13.7387
G01 X47.4193Y13.7579
G01 X47.4116Y13.7744
G01 X47.4017Y13.8014
G01 X47.3964Y13.8224
G01 X47.3929Y13.8437
G01 X47.3909Y13.8750
G01 X47.3921Y13.9002
G01 X47.3964Y13.9276
G01 X47.4038Y13.9551
G01 X47.4128Y13.9784
G01 X47.4193Y13.9921
G01 X47.4304Y14.0113
G01 X47.4448Y14.0317
G01 X47.4611Y14.0507
G01 X49.9763Y16.5661
G01 X49.9999Y16.5868
G01 X50.0150Y16.5978
G01 X50.0308Y16.6075
G01 X50.2390Y16.7189
G01 X50.4324Y16.8776
G01 X50.6029Y17.0854
G01 X50.6243Y17.1083
G01 X50.6361Y17.1190
G01 X50.6531Y17.1320
G01 X50.6742Y17.1454
G01 X50.6994Y17.1579
G01 X50.7199Y17.1656
G01 X50.7321Y17.1694
G01 X50.7565Y17.1748
G01 X50.7814Y17.1779
G01 X50.8064Y17.1785
G01 X50.8252Y17.1774
G01 X50.8435Y17.1748
G01 X50.8736Y17.1678
G01 X50.8916Y17.1615
G01 X50.9171Y17.1501
G01 X50.9416Y17.1357
G01 X50.9666Y17.1166
G01 X50.9803Y17.1039
G01 X50.9929Y17.0902
G01 X51.1676Y16.8776
G01 X51.3610Y16.7189
G01 X51.5816Y16.6010
G01 X51.8210Y16.5284
G01 X52.0700Y16.5039
G01 X52.3190Y16.5284
G01 X52.5584Y16.6010
G01 X52.7790Y16.7189
G01 X52.9724Y16.8776
G01 X53.1471Y17.0902
G01 X53.1597Y17.1039
G01 X53.1734Y17.1166
G01 X53.1984Y17.1357
G01 X53.2229Y17.1501
G01 X53.2394Y17.1579
G01 X53.2664Y17.1678
G01 X53.2874Y17.1731
G01 X53.3148Y17.1774
G01 X53.3400Y17.1786
G01 X53.3652Y17.1774
G01 X53.3835Y17.1748
G01 X53.4136Y17.1678
G01 X53.4434Y17.1566
G01 X53.4571Y17.1501
G01 X53.4763Y17.1391
G01 X53.4869Y17.1320
G01 X53.5039Y17.1190
G01 X53.5203Y17.1039
G01 X53.5371Y17.0854
G01 X53.7076Y16.8776
G01 X53.9010Y16.7189
G01 X54.1216Y16.6010
G01 X54.3610Y16.5284
G01 X54.6100Y16.5039
G01 X54.8590Y16.5284
G01 X55.0984Y16.6010
G01 X55.3190Y16.7189
G01 X55.5124Y16.8776
G01 X55.6871Y17.0902
G01 X55.7043Y17.1083
G01 X55.7161Y17.1190
G01 X55.7331Y17.1320
G01 X55.7542Y17.1454
G01 X55.7766Y17.1566
G01 X55.7884Y17.1615
G01 X55.8121Y17.1694
G01 X55.8274Y17.1731
G01 X55.8548Y17.1774
G01 X55.8800Y17.1786
G01 X55.9052Y17.1774
G01 X55.9326Y17.1731
G01 X55.9479Y17.1694
G01 X55.9601Y17.1656
G01 X55.9806Y17.1579
G01 X55.9971Y17.1501
G01 X56.0163Y17.1391
G01 X56.0269Y17.1320
G01 X56.0439Y17.1190
G01 X56.0603Y17.1039
G01 X56.0771Y17.0854
G01 X56.2476Y16.8776
G01 X56.4410Y16.7189
G01 X56.6616Y16.6010
G01 X56.9010Y16.5284
G01 X57.1500Y16.5039
G01 X57.3990Y16.5284
G01 X57.6384Y16.6010
G01 X57.8590Y16.7189
G01 X58.0524Y16.8776
G01 X58.2271Y17.0902
G01 X58.2443Y17.1083
G01 X58.2561Y17.1190
G01 X58.2731Y17.1320
G01 X58.2837Y17.1391
G01 X58.3029Y17.1501
G01 X58.3194Y17.1579
G01 X58.3464Y17.1678
G01 X58.3674Y17.1731
G01 X58.3948Y17.1774
G01 X58.4200Y17.1786
G01 X58.4386Y17.1779
G01 X58.4635Y17.1748
G01 X58.4760Y17.1723
G01 X58.4936Y17.1678
G01 X58.5206Y17.1579
G01 X58.5371Y17.1501
G01 X58.5563Y17.1391
G01 X58.5669Y17.1320
G01 X58.5839Y17.1190
G01 X58.6003Y17.1039
G01 X58.6171Y17.0854
G01 X58.7876Y16.8776
G01 X58.9810Y16.7189
G01 X59.2016Y16.6010
G01 X59.4410Y16.5284
G01 X59.6900Y16.5039
G01 X59.9390Y16.5284
G01 X60.1784Y16.6010
G01 X60.3990Y16.7189
G01 X60.5924Y16.8776
G01 X60.7511Y17.0710
G01 X60.8690Y17.2916
G01 X60.9416Y17.5310
G01 X60.9600Y17.7176
G01 X60.9600Y19.1124
G01 X60.9416Y19.2990
G01 X60.8690Y19.5384
G01 X60.7511Y19.7590
G01 X60.5924Y19.9524
G01 X60.3990Y20.1111
G01 X60.1784Y20.2290
G01 X59.9390Y20.3016
G01 X59.6900Y20.3261
G01 X59.4410Y20.3016
G01 X59.2016Y20.2290
G01 X58.9810Y20.1111
G01 X58.7876Y19.9524
G01 X58.6171Y19.7446
G01 X58.6003Y19.7261
G01 X58.5767Y19.7053
G01 X58.5616Y19.6943
G01 X58.5458Y19.6846
G01 X58.5345Y19.6786
G01 X58.5116Y19.6685
G01 X58.4936Y19.6622
G01 X58.4726Y19.6569
G01 X58.4452Y19.6526
G01 X58.4264Y19.6515
G01 X58.4136Y19.6515
G01 X58.3887Y19.6534
G01 X58.3674Y19.6569
G01 X58.3464Y19.6622
G01 X58.3194Y19.6721
G01 X58.3029Y19.6799
G01 X58.2837Y19.6909
G01 X58.2731Y19.6980
G01 X58.2561Y19.7110
G01 X58.2443Y19.7217
G01 X58.2271Y19.7398
G01 X58.0524Y19.9524
G01 X57.8590Y20.1111
G01 X57.6384Y20.2290
G01 X57.3990Y20.3016
G01 X57.1500Y20.3261
G01 X56.9010Y20.3016
G01 X56.6616Y20.2290
G01 X56.4410Y20.1111
G01 X56.2476Y19.9524
G01 X56.0771Y19.7446
G01 X56.0603Y19.7261
G01 X56.0367Y19.7053
G01 X56.0216Y19.6943
G01 X56.0058Y19.6846
G01 X55.9945Y19.6786
G01 X55.9716Y19.6685
G01 X55.9536Y19.6622
G01 X55.9326Y19.6569
G01 X55.9052Y19.6526
G01 X55.8864Y19.6515
G01 X55.8736Y19.6515
G01 X55.8487Y19.6534
G01 X55.8274Y19.6569
G01 X55.8064Y19.6622
G01 X55.7794Y19.6721
G01 X55.7629Y19.6799
G01 X55.7437Y19.6909
G01 X55.7331Y19.6980
G01 X55.7161Y19.7110
G01 X55.7043Y19.7217
G01 X55.6871Y19.7398
G01 X55.5124Y19.9524
G01 X55.3190Y20.1111
G01 X55.0984Y20.2290
G01 X54.8590Y20.3016
G01 X54.6100Y20.3261
G01 X54.3610Y20.3016
G01 X54.1216Y20.2290
G01 X53.9010Y20.1111
G01 X53.7076Y19.9524
G01 X53.5371Y19.7446
G01 X53.5203Y19.7261
G01 X53.5039Y19.7110
G01 X53.4869Y19.6980
G01 X53.4763Y19.6909
G01 X53.4571Y19.6799
G01 X53.4406Y19.6721
G01 X53.4136Y19.6622
G01 X53.3960Y19.6577
G01 X53.3835Y19.6552
G01 X53.3586Y19.6521
G01 X53.3400Y19.6514
G01 X53.3148Y19.6526
G01 X53.2874Y19.6569
G01 X53.2664Y19.6622
G01 X53.2394Y19.6721
G01 X53.2229Y19.6799
G01 X53.2037Y19.6909
G01 X53.1931Y19.6980
G01 X53.1761Y19.7110
G01 X53.1643Y19.7217
G01 X53.1471Y19.7398
G01 X52.9724Y19.9524
G01 X52.7790Y20.1111
G01 X52.5584Y20.2290
G01 X52.3190Y20.3016
G01 X52.0700Y20.3261
G01 X51.8210Y20.3016
G01 X51.5816Y20.2290
G01 X51.3610Y20.1111
G01 X51.1676Y19.9524
G01 X50.9971Y19.7446
G01 X50.9803Y19.7261
G01 X50.9639Y19.7110
G01 X50.9469Y19.6980
G01 X50.9363Y19.6909
G01 X50.9171Y19.6799
G01 X50.9006Y19.6721
G01 X50.8801Y19.6644
G01 X50.8679Y19.6606
G01 X50.8526Y19.6569
G01 X50.8252Y19.6526
G01 X50.8000Y19.6514
G01 X50.7748Y19.6526
G01 X50.7474Y19.6569
G01 X50.7264Y19.6622
G01 X50.6994Y19.6721
G01 X50.6829Y19.6799
G01 X50.6584Y19.6943
G01 X50.6433Y19.7053
G01 X50.6197Y19.7261
G01 X50.6029Y19.7446
G01 X50.4324Y19.9524
G01 X50.2390Y20.1111
G01 X50.0184Y20.2290
G01 X49.7790Y20.3016
G01 X49.5300Y20.3261
G01 X49.2810Y20.3016
G01 X49.0416Y20.2290
G01 X48.8210Y20.1111
G01 X48.6717Y19.9888
G01 X48.6566Y19.9777
G01 X48.6408Y19.9681
G01 X48.6295Y19.9621
G01 X48.6066Y19.9519
G01 X48.5886Y19.9457
G01 X48.5710Y19.9411
G01 X48.5463Y19.9368
G01 X48.5150Y19.9348
G01 X48.4898Y19.9361
G01 X48.4624Y19.9403
G01 X48.4349Y19.9478
G01 X48.4144Y19.9555
G01 X48.4005Y19.9621
G01 X48.3787Y19.9744
G01 X48.3583Y19.9888
G01 X48.3347Y20.0095
G01 X48.3140Y20.0331
G01 X48.3029Y20.0483
G01 X48.2933Y20.0641
G01 X48.2807Y20.0892
G01 X48.2709Y20.1162
G01 X48.2638Y20.1464
G01 X48.2612Y20.1646
G01 X48.2602Y20.1834
G01 X48.2600Y23.7971
G01 X48.2612Y23.8221
G01 X48.2661Y23.8720
G01 X48.2416Y24.1210
G01 X48.1690Y24.3604
G01 X48.0511Y24.5810
G01 X47.8924Y24.7744
G01 X47.8536Y24.8062
G01 X47.8351Y24.8230
G01 X46.4130Y26.2451
G01 X46.3962Y26.2636
G01 X46.3644Y26.3024
G01 X46.1710Y26.4611
G01 X46.0176Y26.5433
G01 X46.0018Y26.5529
G01 X45.9866Y26.5640
G01 X45.9630Y26.5847
G01 X45.9480Y26.6011
G01 X45.9350Y26.6181
G01 X45.9279Y26.6287
G01 X45.9156Y26.6505
G01 X45.9091Y26.6644
G01 X45.8992Y26.6914
G01 X45.8938Y26.7124
G01 X45.8896Y26.7398
G01 X45.8883Y26.7650
G01 X45.8896Y26.7902
G01 X45.8938Y26.8176
G01 X45.8992Y26.8386
G01 X45.9091Y26.8656
G01 X45.9168Y26.8821
G01 X45.9312Y26.9066
G01 X45.9480Y26.9289
G01 X45.9630Y26.9453
G01 X45.9794Y26.9603
G01 X46.0018Y26.9771
G01 X46.0263Y26.9915
G01 X46.0427Y26.9993
G01 X46.0697Y27.0091
G01 X46.0907Y27.0145
G01 X46.1181Y27.0188
G01 X46.1433Y27.0200
G01 X48.4256Y27.0200
G01 X48.4506Y27.0188
G01 X48.4833Y27.0155
G01 X48.6637Y27.0333
G01 X48.8371Y27.0859
G01 X48.9969Y27.1713
G01 X49.1370Y27.2863
G01 X49.1579Y27.3117
G01 X49.1747Y27.3303
G01 X50.5497Y28.7053
G01 X50.5733Y28.7260
G01 X50.5885Y28.7371
G01 X50.6043Y28.7467
G01 X50.6294Y28.7593
G01 X50.6564Y28.7691
G01 X50.6774Y28.7745
G01 X50.6987Y28.7780
G01 X50.7300Y28.7800
G01 X52.8614Y28.7800
G01 X52.8864Y28.7788
G01 X52.9191Y28.7755
G01 X53.0995Y28.7933
G01 X53.2729Y28.8459
G01 X53.4327Y28.9313
G01 X53.5728Y29.0463
G01 X53.5937Y29.0717
G01 X53.6105Y29.0903
G01 X54.5877Y30.0675
G01 X54.6041Y30.0825
G01 X54.6212Y30.0955
G01 X54.6423Y30.1089
G01 X54.6535Y30.1149
G01 X54.6764Y30.1251
G01 X54.7002Y30.1329
G01 X54.7155Y30.1367
G01 X54.7430Y30.1410
G01 X54.8590Y30.1524
G01 X55.0984Y30.2250
G01 X55.3190Y30.3429
G01 X55.5124Y30.5016
G01 X55.6711Y30.6950
G01 X55.7890Y30.9156
G01 X55.8616Y31.1550
G01 X55.8800Y31.3416
G01 X55.8800Y35.6224
G01 X55.8616Y35.8090
G01 X55.7890Y36.0484
G01 X55.6711Y36.2690
G01 X55.5879Y36.3704
G01 X55.5729Y36.3906
G01 X55.5633Y36.4064
G01 X55.5507Y36.4315
G01 X55.5409Y36.4585
G01 X55.5355Y36.4795
G01 X55.5312Y36.5069
G01 X55.5300Y36.5321
G01 X55.5300Y39.3123
G01 X55.5312Y39.3373
G01 X55.5345Y39.3700
G01 X55.5167Y39.5504
G01 X55.4641Y39.7238
G01 X55.3787Y39.8836
G01 X55.2637Y40.0237
G01 X55.2383Y40.0445
G01 X55.2197Y40.0613
G01 X53.0647Y42.2164
G01 X53.0497Y42.2328
G01 X53.0367Y42.2498
G01 X53.0296Y42.2604
G01 X53.0185Y42.2796
G01 X53.0107Y42.2961
G01 X53.0009Y42.3231
G01 X52.9955Y42.3441
G01 X52.9920Y42.3654
G01 X52.9900Y42.3967
G01 X52.9902Y50.3197
G01 X52.9912Y50.3385
G01 X52.9955Y50.3659
G01 X53.0009Y50.3869
G01 X53.0107Y50.4139
G01 X53.0185Y50.4304
G01 X53.0329Y50.4549
G01 X53.0497Y50.4772
G01 X53.0603Y50.4890
G01 X56.4897Y53.9186
G01 X56.5083Y53.9354
G01 X56.5337Y53.9563
G01 X56.6487Y54.0964
G01 X56.7341Y54.2562
G01 X56.7867Y54.4296
G01 X56.8045Y54.6100
G01 X56.8012Y54.6427
G01 X56.8000Y54.6677
G01 X56.8000Y54.8983
G01 X56.8020Y54.9297
G01 X56.8055Y54.9509
G01 X56.8109Y54.9720
G01 X56.8220Y55.0017
G01 X56.8285Y55.0154
G01 X56.8429Y55.0399
G01 X56.8540Y55.0551
G01 X56.8649Y55.0681
G01 X57.0055Y55.2784
G01 X57.1012Y55.5096
G01 X57.1500Y55.7549
G01 X57.1500Y56.0051
G01 X57.1012Y56.2504
G01 X57.0055Y56.4815
G01 X56.8639Y56.6930
G01 X56.8540Y56.7049
G01 X56.8429Y56.7201
G01 X56.8285Y56.7446
G01 X56.8171Y56.7700
G01 X56.8093Y56.7938
G01 X56.8038Y56.8182
G01 X56.8012Y56.8365
G01 X56.8002Y56.8553
G01 X56.8000Y59.9783
G01 X56.8012Y60.0035
G01 X56.8055Y60.0309
G01 X56.8109Y60.0520
G01 X56.8207Y60.0790
G01 X56.8333Y60.1041
G01 X56.8466Y60.1252
G01 X56.8649Y60.1481
G01 X57.0055Y60.3584
G01 X57.1012Y60.5896
G01 X57.1500Y60.8349
G01 X57.1500Y61.0851
G01 X57.1012Y61.3304
G01 X57.0055Y61.5616
G01 X56.8665Y61.7696
G01 X56.6896Y61.9465
G01 X56.4816Y62.0855
G01 X56.2504Y62.1812
G01 X56.0051Y62.2300
G01 X55.7549Y62.2300
G01 X55.5096Y62.1812
G01 X55.2784Y62.0855
G01 X55.0704Y61.9465
G01 X54.8935Y61.7696
G01 X54.7545Y61.5616
G01 X54.6588Y61.3304
G01 X54.6100Y61.0851
G01 X54.6100Y60.8349
G01 X54.6588Y60.5896
G01 X54.7545Y60.3585
G01 X54.8961Y60.1470
G01 X54.9134Y60.1252
G01 X54.9267Y60.1041
G01 X54.9393Y60.0790
G01 X54.9491Y60.0520
G01 X54.9545Y60.0309
G01 X54.9588Y60.0035
G01 X54.9600Y59.9783
G01 X54.9598Y56.8553
G01 X54.9588Y56.8365
G01 X54.9562Y56.8182
G01 X54.9507Y56.7938
G01 X54.9429Y56.7700
G01 X54.9315Y56.7446
G01 X54.9171Y56.7201
G01 X54.9060Y56.7049
G01 X54.8951Y56.6919
G01 X54.7545Y56.4816
G01 X54.6588Y56.2504
G01 X54.6100Y56.0051
G01 X54.6100Y55.7549
G01 X54.6588Y55.5096
G01 X54.7545Y55.2784
G01 X54.8357Y55.1570
G01 X54.8454Y55.1411
G01 X54.8579Y55.1160
G01 X54.8678Y55.0890
G01 X54.8731Y55.0679
G01 X54.8766Y55.0467
G01 X54.8786Y55.0153
G01 X54.8774Y54.9902
G01 X54.8748Y54.9719
G01 X54.8694Y54.9475
G01 X54.8657Y54.9353
G01 X54.8566Y54.9119
G01 X54.8502Y54.8983
G01 X54.8391Y54.8791
G01 X54.8247Y54.8586
G01 X54.8040Y54.8350
G01 X51.4603Y51.4913
G01 X51.4417Y51.4745
G01 X51.4163Y51.4537
G01 X51.3013Y51.3136
G01 X51.2159Y51.1538
G01 X51.1633Y50.9804
G01 X51.1456Y50.8000
G01 X51.1488Y50.7673
G01 X51.1500Y50.7423
G01 X51.1500Y47.9995
G01 X51.1488Y47.9744
G01 X51.1437Y47.9436
G01 X51.1391Y47.9259
G01 X51.1329Y47.9079
G01 X51.1215Y47.8825
G01 X51.1071Y47.8580
G01 X51.0903Y47.8356
G01 X51.0753Y47.8192
G01 X50.9600Y47.7040
G01 X50.8375Y47.5205
G01 X50.7530Y47.3167
G01 X50.7100Y47.1003
G01 X50.7100Y46.8797
G01 X50.7530Y46.6633
G01 X50.8375Y46.4595
G01 X50.9600Y46.2760
G01 X51.0753Y46.1608
G01 X51.0903Y46.1444
G01 X51.1071Y46.1220
G01 X51.1215Y46.0975
G01 X51.1329Y46.0721
G01 X51.1391Y46.0541
G01 X51.1437Y46.0364
G01 X51.1488Y46.0056
G01 X51.1500Y45.9805
G01 X51.1500Y41.9677
G01 X51.1488Y41.9427
G01 X51.1456Y41.9100
G01 X51.1633Y41.7296
G01 X51.2159Y41.5562
G01 X51.3013Y41.3964
G01 X51.4163Y41.2563
G01 X51.4417Y41.2355
G01 X51.4603Y41.2187
G01 X53.6153Y39.0636
G01 X53.6303Y39.0472
G01 X53.6471Y39.0249
G01 X53.6615Y39.0004
G01 X53.6693Y38.9839
G01 X53.6791Y38.9569
G01 X53.6845Y38.9359
G01 X53.6888Y38.9085
G01 X53.6900Y38.8833
G01 X53.6900Y36.5321
G01 X53.6892Y36.5135
G01 X53.6880Y36.5008
G01 X53.6845Y36.4795
G01 X53.6770Y36.4520
G01 X53.6693Y36.4315
G01 X53.6615Y36.4151
G01 X53.6471Y36.3906
G01 X53.6321Y36.3704
G01 X53.5371Y36.2546
G01 X53.5203Y36.2361
G01 X53.5039Y36.2210
G01 X53.4869Y36.2080
G01 X53.4763Y36.2009
G01 X53.4571Y36.1899
G01 X53.4406Y36.1821
G01 X53.4201Y36.1744
G01 X53.4079Y36.1706
G01 X53.3926Y36.1669
G01 X53.3713Y36.1634
G01 X53.3400Y36.1614
G01 X53.3087Y36.1634
G01 X53.2874Y36.1669
G01 X53.2721Y36.1706
G01 X53.2599Y36.1744
G01 X53.2394Y36.1821
G01 X53.2229Y36.1899
G01 X53.1984Y36.2043
G01 X53.1761Y36.2210
G01 X53.1597Y36.2361
G01 X53.1429Y36.2546
G01 X52.9724Y36.4624
G01 X52.7790Y36.6211
G01 X52.5584Y36.7390
G01 X52.3190Y36.8116
G01 X52.0700Y36.8361
G01 X51.8210Y36.8116
G01 X51.5816Y36.7390
G01 X51.3610Y36.6211
G01 X51.1676Y36.4624
G01 X50.9930Y36.2498
G01 X50.9803Y36.2361
G01 X50.9666Y36.2234
G01 X50.9416Y36.2043
G01 X50.9171Y36.1899
G01 X50.9006Y36.1821
G01 X50.8736Y36.1722
G01 X50.8526Y36.1669
G01 X50.8252Y36.1626
G01 X50.8000Y36.1614
G01 X50.7748Y36.1626
G01 X50.7565Y36.1652
G01 X50.7264Y36.1722
G01 X50.6966Y36.1834
G01 X50.6829Y36.1899
G01 X50.6637Y36.2009
G01 X50.6531Y36.2080
G01 X50.6361Y36.2210
G01 X50.6197Y36.2361
G01 X50.6029Y36.2546
G01 X50.4324Y36.4624
G01 X50.2390Y36.6211
G01 X50.0184Y36.7390
G01 X49.7790Y36.8116
G01 X49.5300Y36.8361
G01 X49.2810Y36.8116
G01 X49.0416Y36.7390
G01 X48.8210Y36.6211
G01 X48.6276Y36.4624
G01 X48.4530Y36.2498
G01 X48.4357Y36.2317
G01 X48.4239Y36.2210
G01 X48.4069Y36.2080
G01 X48.3858Y36.1946
G01 X48.3745Y36.1886
G01 X48.3516Y36.1785
G01 X48.3279Y36.1706
G01 X48.3126Y36.1669
G01 X48.2852Y36.1626
G01 X48.2600Y36.1614
G01 X48.2348Y36.1626
G01 X48.2074Y36.1669
G01 X48.1921Y36.1706
G01 X48.1799Y36.1744
G01 X48.1594Y36.1821
G01 X48.1429Y36.1899
G01 X48.1237Y36.2009
G01 X48.1131Y36.2080
G01 X48.0961Y36.2210
G01 X48.0797Y36.2361
G01 X48.0629Y36.2546
G01 X47.8924Y36.4624
G01 X47.6990Y36.6211
G01 X47.4784Y36.7390
G01 X47.2390Y36.8116
G01 X46.9900Y36.8361
G01 X46.7410Y36.8116
G01 X46.5016Y36.7390
G01 X46.2810Y36.6211
G01 X46.0876Y36.4624
G01 X45.9130Y36.2498
G01 X45.8957Y36.2317
G01 X45.8839Y36.2210
G01 X45.8669Y36.2080
G01 X45.8563Y36.2009
G01 X45.8371Y36.1899
G01 X45.8206Y36.1821
G01 X45.7936Y36.1722
G01 X45.7726Y36.1669
G01 X45.7452Y36.1626
G01 X45.7200Y36.1614
G01 X45.7014Y36.1621
G01 X45.6765Y36.1652
G01 X45.6640Y36.1677
G01 X45.6464Y36.1722
G01 X45.6194Y36.1821
G01 X45.6029Y36.1899
G01 X45.5837Y36.2009
G01 X45.5731Y36.2080
G01 X45.5561Y36.2210
G01 X45.5397Y36.2361
G01 X45.5229Y36.2546
G01 X45.3524Y36.4624
G01 X45.1590Y36.6211
G01 X44.9384Y36.7390
G01 X44.6990Y36.8116
G01 X44.4500Y36.8361
G01 X44.2010Y36.8116
G01 X43.9616Y36.7390
G01 X43.7410Y36.6211
G01 X43.5476Y36.4624
G01 X43.3730Y36.2498
G01 X43.3557Y36.2317
G01 X43.3439Y36.2210
G01 X43.3269Y36.2080
G01 X43.3163Y36.2009
G01 X43.2971Y36.1899
G01 X43.2806Y36.1821
G01 X43.2536Y36.1722
G01 X43.2326Y36.1669
G01 X43.2052Y36.1626
G01 X43.1800Y36.1614
G01 X43.1614Y36.1621
G01 X43.1365Y36.1652
G01 X43.1240Y36.1677
G01 X43.1064Y36.1722
G01 X43.0794Y36.1821
G01 X43.0629Y36.1899
G01 X43.0437Y36.2009
G01 X43.0331Y36.2080
G01 X43.0161Y36.2210
G01 X42.9997Y36.2361
G01 X42.9829Y36.2546
G01 X42.8124Y36.4624
G01 X42.6190Y36.6211
G01 X42.3984Y36.7390
G01 X42.1590Y36.8116
G01 X41.9100Y36.8361
G01 X41.6610Y36.8116
G01 X41.4216Y36.7390
G01 X41.2010Y36.6211
G01 X41.0076Y36.4624
G01 X40.8330Y36.2498
G01 X40.8157Y36.2317
G01 X40.8039Y36.2210
G01 X40.7869Y36.2080
G01 X40.7763Y36.2009
G01 X40.7571Y36.1899
G01 X40.7406Y36.1821
G01 X40.7136Y36.1722
G01 X40.6926Y36.1669
G01 X40.6652Y36.1626
G01 X40.6400Y36.1614
G01 X40.6214Y36.1621
G01 X40.5965Y36.1652
G01 X40.5840Y36.1677
G01 X40.5664Y36.1722
G01 X40.5394Y36.1821
G01 X40.5229Y36.1899
G01 X40.5037Y36.2009
G01 X40.4931Y36.2080
G01 X40.4761Y36.2210
G01 X40.4597Y36.2361
G01 X40.4429Y36.2546
G01 X40.2724Y36.4624
G01 X40.0790Y36.6211
G01 X39.8584Y36.7390
G01 X39.6190Y36.8116
G01 X39.4711Y36.8262
G01 X39.4526Y36.8288
G01 X39.4282Y36.8342
G01 X39.4160Y36.8379
G01 X39.3954Y36.8457
G01 X39.3790Y36.8534
G01 X39.3545Y36.8679
G01 X39.3322Y36.8846
G01 X39.3158Y36.8996
G01 X39.2950Y36.9232
G01 X39.2806Y36.9437
G01 X39.2695Y36.9629
G01 X39.2631Y36.9765
G01 X39.2519Y37.0063
G01 X39.2466Y37.0274
G01 X39.2431Y37.0486
G01 X39.2418Y37.0613
G01 X39.2411Y37.0800
G01 X39.2418Y37.0986
G01 X39.2431Y37.1113
G01 X39.2466Y37.1325
G01 X39.2540Y37.1600
G01 X39.2618Y37.1806
G01 X39.2695Y37.1970
G01 X39.2840Y37.2215
G01 X39.2983Y37.2407
G01 X39.3841Y37.4012
G01 X39.4367Y37.5746
G01 X39.4545Y37.7550
G01 X39.4512Y37.7877
G01 X39.4500Y37.8127
G01 X39.4502Y50.3961
G01 X39.4513Y50.4149
G01 X39.4538Y50.4332
G01 X39.4609Y50.4634
G01 X39.4720Y50.4932
G01 X39.4785Y50.5068
G01 X39.4929Y50.5313
G01 X39.5097Y50.5537
G01 X39.5247Y50.5701
G01 X39.6438Y50.6892
G01 X39.7718Y50.8808
G01 X39.8600Y51.0937
G01 X39.9050Y51.3198
G01 X39.9050Y51.5502
G01 X39.8600Y51.7763
G01 X39.7718Y51.9892
G01 X39.7456Y52.0287
G01 X39.7345Y52.0479
G01 X39.7268Y52.0644
G01 X39.7169Y52.0914
G01 X39.7099Y52.1215
G01 X39.7073Y52.1398
G01 X39.7061Y52.1650
G01 X39.7073Y52.1902
G01 X39.7099Y52.2085
G01 X39.7124Y52.2210
G01 X39.7190Y52.2451
G01 X39.7268Y52.2656
G01 X39.7345Y52.2821
G01 X39.7456Y52.3013
G01 X39.7527Y52.3119
G01 X39.7657Y52.3289
G01 X39.7764Y52.3407
G01 X39.7972Y52.3603
G01 X39.8142Y52.3734
G01 X39.8248Y52.3804
G01 X39.8440Y52.3915
G01 X39.8604Y52.3993
G01 X39.8874Y52.4091
G01 X39.9176Y52.4162
G01 X39.9359Y52.4188
G01 X39.9547Y52.4198
G01 X45.6623Y52.4200
G01 X45.6873Y52.4188
G01 X45.7200Y52.4155
G01 X45.9004Y52.4333
G01 X46.0738Y52.4859
G01 X46.2336Y52.5713
G01 X46.3737Y52.6863
G01 X46.3945Y52.7117
G01 X46.4114Y52.7303
G01 X48.2164Y54.5353
G01 X48.2328Y54.5503
G01 X48.2551Y54.5671
G01 X48.2796Y54.5815
G01 X48.3051Y54.5929
G01 X48.3288Y54.6007
G01 X48.3532Y54.6062
G01 X48.3715Y54.6088
G01 X48.3823Y54.6095
G01 X48.6304Y54.6588
G01 X48.8616Y54.7545
G01 X49.0696Y54.8935
G01 X49.2465Y55.0704
G01 X49.3855Y55.2784
G01 X49.4812Y55.5096
G01 X49.5300Y55.7549
G01 X49.5300Y56.0051
G01 X49.4812Y56.2504
G01 X49.3855Y56.4816
G01 X49.2465Y56.6896
G01 X49.0696Y56.8665
G01 X48.8616Y57.0055
G01 X48.6304Y57.1012
G01 X48.3851Y57.1500
G01 X48.1349Y57.1500
G01 X47.8896Y57.1012
G01 X47.6584Y57.0055
G01 X47.4504Y56.8665
G01 X47.2735Y56.6896
G01 X47.1345Y56.4816
G01 X47.0388Y56.2505
G01 X46.9894Y56.0008
G01 X46.9862Y55.9732
G01 X46.9807Y55.9488
G01 X46.9729Y55.9251
G01 X46.9615Y55.8996
G01 X46.9471Y55.8751
G01 X46.9303Y55.8528
G01 X46.9153Y55.8364
G01 X45.4136Y54.3347
G01 X45.3972Y54.3197
G01 X45.3802Y54.3066
G01 X45.3696Y54.2996
G01 X45.3504Y54.2885
G01 X45.3339Y54.2807
G01 X45.3134Y54.2730
G01 X45.2893Y54.2663
G01 X45.2768Y54.2638
G01 X45.2585Y54.2612
G01 X45.2333Y54.2600
G01 X36.8877Y54.2600
G01 X36.8627Y54.2612
G01 X36.8300Y54.2645
G01 X36.7973Y54.2612
G01 X36.7723Y54.2600
G01 X35.2653Y54.2602
G01 X35.2465Y54.2612
G01 X35.2282Y54.2638
G01 X35.2038Y54.2693
G01 X35.1800Y54.2771
G01 X35.1546Y54.2885
G01 X35.1301Y54.3029
G01 X35.1149Y54.3140
G01 X35.1019Y54.3249
G01 X34.8916Y54.4655
G01 X34.6604Y54.5612
G01 X34.4151Y54.6100
G01 X34.1649Y54.6100
G01 X33.9196Y54.5612
G01 X33.6884Y54.4655
G01 X33.4804Y54.3265
G01 X33.3035Y54.1496
G01 X33.1645Y53.9416
G01 X33.0688Y53.7104
G01 X33.0200Y53.4651
G01 X33.0200Y53.2149
G01 X33.0688Y52.9696
G01 X33.1645Y52.7384
G01 X33.3035Y52.5304
G01 X33.4804Y52.3535
G01 X33.6884Y52.2145
G01 X33.9196Y52.1188
G01 X34.1649Y52.0700
G01 X34.4151Y52.0700
G01 X34.6604Y52.1188
G01 X34.8915Y52.2145
G01 X35.1031Y52.3561
G01 X35.1248Y52.3734
G01 X35.1459Y52.3867
G01 X35.1710Y52.3993
G01 X35.1980Y52.4091
G01 X35.2191Y52.4145
G01 X35.2465Y52.4188
G01 X35.2717Y52.4200
G01 X35.6550Y52.4200
G01 X35.6863Y52.4180
G01 X35.7076Y52.4145
G01 X35.7286Y52.4091
G01 X35.7584Y52.3980
G01 X35.7721Y52.3915
G01 X35.7966Y52.3771
G01 X35.8216Y52.3579
G01 X35.8353Y52.3453
G01 X35.8480Y52.3316
G01 X35.8671Y52.3066
G01 X35.8815Y52.2821
G01 X35.8880Y52.2684
G01 X35.8991Y52.2386
G01 X35.9062Y52.2085
G01 X35.9088Y52.1902
G01 X35.9100Y52.1650
G01 X35.9100Y42.5996
G01 X35.9088Y42.5744
G01 X35.9045Y42.5470
G01 X35.8991Y42.5260
G01 X35.8893Y42.4990
G01 X35.8815Y42.4826
G01 X35.8671Y42.4581
G01 X35.8503Y42.4357
G01 X35.8353Y42.4193
G01 X35.8189Y42.4043
G01 X35.7966Y42.3875
G01 X35.7721Y42.3731
G01 X35.7556Y42.3653
G01 X35.7286Y42.3555
G01 X35.7076Y42.3501
G01 X35.6802Y42.3459
G01 X35.6614Y42.3448
G01 X35.6364Y42.3454
G01 X35.6115Y42.3484
G01 X35.5990Y42.3509
G01 X35.5749Y42.3576
G01 X35.5544Y42.3653
G01 X35.5292Y42.3779
G01 X35.5134Y42.3875
G01 X35.4911Y42.4043
G01 X35.4747Y42.4193
G01 X35.4621Y42.4330
G01 X35.4429Y42.4581
G01 X35.4285Y42.4826
G01 X35.4155Y42.5116
G01 X35.2765Y42.7196
G01 X35.0996Y42.8965
G01 X35.0637Y42.9213
G01 X35.0402Y42.9421
G01 X35.0234Y42.9606
G01 X34.9437Y43.0577
G01 X34.9183Y43.0786
G01 X34.8997Y43.0954
G01 X33.4254Y44.5697
G01 X33.4085Y44.5883
G01 X33.3877Y44.6137
G01 X33.2476Y44.7287
G01 X33.0878Y44.8141
G01 X32.9144Y44.8667
G01 X32.7340Y44.8845
G01 X32.7013Y44.8812
G01 X32.6763Y44.8800
G01 X23.6977Y44.8800
G01 X23.6727Y44.8812
G01 X23.6400Y44.8845
G01 X23.4597Y44.8667
G01 X23.2862Y44.8141
G01 X23.1264Y44.7287
G01 X22.9863Y44.6137
G01 X22.9655Y44.5883
G01 X22.9486Y44.5697
G01 X20.9803Y42.6014
G01 X20.9617Y42.5845
G01 X20.9363Y42.5637
G01 X20.8213Y42.4236
G01 X20.7359Y42.2638
G01 X20.6833Y42.0904
G01 X20.6656Y41.9100
G01 X20.6688Y41.8773
G01 X20.6700Y41.8523
G01 X20.6700Y41.4464
G01 X20.6680Y41.4151
G01 X20.6645Y41.3938
G01 X20.6607Y41.3785
G01 X20.6570Y41.3663
G01 X20.6493Y41.3458
G01 X20.6367Y41.3207
G01 X20.6270Y41.3048
G01 X20.5532Y41.1942
G01 X20.4650Y40.9813
G01 X20.4390Y40.8509
G01 X20.4331Y40.8270
G01 X20.4268Y40.8090
G01 X20.4219Y40.7972
G01 X20.4107Y40.7749
G01 X20.4010Y40.7591
G01 X20.3843Y40.7367
G01 X20.3692Y40.7203
G01 X17.8236Y38.1747
G01 X17.8072Y38.1597
G01 X17.7849Y38.1429
G01 X17.7604Y38.1285
G01 X17.7349Y38.1171
G01 X17.7112Y38.1093
G01 X17.6868Y38.1038
G01 X17.6685Y38.1012
G01 X17.6577Y38.1005
G01 X17.4096Y38.0512
G01 X17.1784Y37.9555
G01 X16.9704Y37.8165
G01 X16.7935Y37.6396
G01 X16.6545Y37.4316
G01 X16.5588Y37.2004
G01 X16.5100Y36.9551
G01 X16.5100Y36.7049
G01 X16.5588Y36.4596
G01 X16.6545Y36.2284
G01 X16.7935Y36.0204
G01 X16.9704Y35.8435
G01 X17.1784Y35.7045
G01 X17.4096Y35.6088
G01 X17.6549Y35.5600
G01 X17.9051Y35.5600
G01 X18.1504Y35.6088
G01 X18.3816Y35.7045
G01 X18.5896Y35.8435
G01 X18.7665Y36.0204
G01 X18.9055Y36.2284
G01 X19.0012Y36.4595
G01 X19.0506Y36.7092
G01 X19.0520Y36.7246
G01 X19.0555Y36.7459
G01 X19.0630Y36.7734
G01 X19.0720Y36.7967
G01 X19.0785Y36.8104
G01 X19.0896Y36.8296
G01 X19.1040Y36.8500
G01 X19.1247Y36.8736
G01 X21.6703Y39.4192
G01 X21.6840Y39.4319
G01 X21.7037Y39.4473
G01 X21.7249Y39.4607
G01 X21.7472Y39.4719
G01 X21.7590Y39.4768
G01 X21.7770Y39.4831
G01 X21.8009Y39.4890
G01 X21.9313Y39.5150
G01 X22.1442Y39.6032
G01 X22.3358Y39.7312
G01 X22.4988Y39.8942
G01 X22.6268Y40.0858
G01 X22.7150Y40.2987
G01 X22.7600Y40.5248
G01 X22.7600Y40.7552
G01 X22.7150Y40.9813
G01 X22.6268Y41.1942
G01 X22.5622Y41.2909
G01 X22.5525Y41.3068
G01 X22.5400Y41.3319
G01 X22.5301Y41.3589
G01 X22.5248Y41.3800
G01 X22.5205Y41.4074
G01 X22.5193Y41.4326
G01 X22.5200Y41.4512
G01 X22.5231Y41.4760
G01 X22.5285Y41.5004
G01 X22.5364Y41.5242
G01 X22.5413Y41.5360
G01 X22.5477Y41.5496
G01 X22.5622Y41.5741
G01 X22.5789Y41.5965
G01 X22.5939Y41.6129
G01 X23.9510Y42.9697
G01 X23.9628Y42.9803
G01 X23.9851Y42.9971
G01 X24.0096Y43.0115
G01 X24.0261Y43.0193
G01 X24.0531Y43.0291
G01 X24.0741Y43.0345
G01 X24.1015Y43.0388
G01 X24.1203Y43.0398
G01 X26.1855Y43.0400
G01 X26.2053Y43.0487
G01 X26.2928Y43.0800
G01 X24.0045Y43.0800
G01 X22.4700Y41.5455
G01 X22.4700Y41.3484
G01 X22.5296Y41.2677
G01 X22.5882Y41.1695
G01 X22.6327Y41.0755
G01 X22.6693Y40.9741
G01 X22.6730Y40.9619
G01 X22.6977Y40.8633
G01 X22.7138Y40.7571
G01 X22.7150Y40.7444
G01 X22.7198Y40.6464
G01 X22.7198Y40.6336
G01 X22.7145Y40.5290
G01 X22.6977Y40.4167
G01 X22.6715Y40.3124
G01 X22.6327Y40.2045
G01 X22.5882Y40.1105
G01 X22.5296Y40.0123
G01 X22.4617Y39.9210
G01 X22.3934Y39.8456
G01 X22.3844Y39.8366
G01 X22.3117Y39.7707
G01 X22.3018Y39.7626
G01 X22.2177Y39.7004
G01 X22.1282Y39.6466
G01 X22.1170Y39.6406
G01 X22.0255Y39.5973
G01 X21.9176Y39.5585
G01 X21.8133Y39.5323
G01 X21.7114Y39.5169
G01 X19.0094Y36.8149
G01 X19.0041Y36.7092
G01 X18.9875Y36.5963
G01 X18.9850Y36.5838
G01 X18.9587Y36.4791
G01 X18.9550Y36.4669
G01 X18.9151Y36.3562
G01 X18.8676Y36.2559
G01 X18.8616Y36.2446
G01 X18.8028Y36.1468
G01 X18.7290Y36.0476
G01 X18.6497Y35.9603
G01 X18.5651Y35.8834
G01 X18.5553Y35.8753
G01 X18.4632Y35.8072
G01 X18.3654Y35.7484
G01 X18.3541Y35.7424
G01 X18.2565Y35.6962
G01 X18.2447Y35.6913
G01 X18.1367Y35.6528
G01 X18.0228Y35.6242
G01 X17.9008Y35.6059
G01 X17.7864Y35.6002
G01 X17.7736Y35.6002
G01 X17.6658Y35.6055
G01 X17.6531Y35.6067
G01 X17.5372Y35.6242
G01 X17.4233Y35.6528
G01 X17.3153Y35.6913
G01 X17.3035Y35.6962
G01 X17.2033Y35.7436
G01 X17.0968Y35.8072
G01 X16.9976Y35.8810
G01 X16.9103Y35.9603
G01 X16.8310Y36.0476
G01 X16.7572Y36.1468
G01 X16.6936Y36.2533
G01 X16.6449Y36.3562
G01 X16.6028Y36.4733
G01 X16.5742Y36.5872
G01 X16.5559Y36.7092
G01 X16.5500Y36.8300
G01 X16.5559Y36.9508
G01 X16.5742Y37.0728
G01 X16.6028Y37.1867
G01 X16.6449Y37.3038
G01 X16.6936Y37.4067
G01 X16.7572Y37.5132
G01 X16.8253Y37.6053
G01 X16.8334Y37.6151
G01 X16.9103Y37.6997
G01 X16.9949Y37.7766
G01 X17.0047Y37.7847
G01 X17.0968Y37.8528
G01 X17.2033Y37.9164
G01 X17.3063Y37.9651
G01 X17.4169Y38.0050
G01 X17.4291Y38.0087
G01 X17.5338Y38.0350
G01 X17.5463Y38.0375
G01 X17.6592Y38.0541
G01 X17.7649Y38.0594
G01 X20.4669Y40.7614
G01 X20.4823Y40.8633
G01 X20.5070Y40.9619
G01 X20.5107Y40.9741
G01 X20.5473Y41.0755
G01 X20.5906Y41.1670
G01 X20.5966Y41.1782
G01 X20.6504Y41.2677
G01 X20.7100Y41.3484
G01 X20.7100Y41.9100
G01 X20.7138Y41.9899
G01 X20.7150Y42.0026
G01 X20.7258Y42.0754
G01 X20.7283Y42.0879
G01 X20.7478Y42.1651
G01 X20.7747Y42.2408
G01 X20.7796Y42.2526
G01 X20.8123Y42.3217
G01 X20.8582Y42.3988
G01 X20.9115Y42.4704
G01 X20.9677Y42.5323
G01 X23.0177Y44.5823
G01 X23.0796Y44.6385
G01 X23.1459Y44.6880
G01 X23.1565Y44.6951
G01 X23.2196Y44.7329
G01 X23.2309Y44.7390
G01 X23.2974Y44.7704
G01 X23.3092Y44.7753
G01 X23.3849Y44.8022
G01 X23.4621Y44.8217
G01 X23.4746Y44.8242
G01 X23.5536Y44.8357
G01 X23.6400Y44.8400
G01 X32.7340Y44.8400
G01 X32.8204Y44.8357
G01 X32.9085Y44.8225
G01 X32.9833Y44.8038
G01 X32.9955Y44.8001
G01 X33.0738Y44.7717
G01 X33.1457Y44.7377
G01 X33.2175Y44.6951
G01 X33.2281Y44.6880
G01 X33.2944Y44.6385
G01 X33.3516Y44.5867
G01 X34.9123Y43.0263
G01 X34.9685Y42.9644
G01 X35.0153Y42.9018
G01 X35.0724Y42.8590
G01 X35.1551Y42.7841
G01 X35.1641Y42.7751
G01 X35.2366Y42.6951
G01 X35.2447Y42.6853
G01 X35.3128Y42.5932
G01 X35.3716Y42.4954
G01 X35.3776Y42.4841
G01 X35.4238Y42.3865
G01 X35.4287Y42.3747
G01 X35.4672Y42.2667
G01 X35.4958Y42.1528
G01 X35.5141Y42.0308
G01 X35.5200Y41.9100
G01 X35.5141Y41.7892
G01 X35.4975Y41.6763
G01 X35.4950Y41.6638
G01 X35.4672Y41.5533
G01 X35.4287Y41.4453
G01 X35.4238Y41.4335
G01 X35.3764Y41.3333
G01 X35.3128Y41.2268
G01 X35.2447Y41.1347
G01 X35.2366Y41.1249
G01 X35.1597Y41.0403
G01 X35.0751Y40.9634
G01 X35.0653Y40.9553
G01 X34.9786Y40.8910
G01 X34.9680Y40.8839
G01 X34.8667Y40.8236
G01 X34.7665Y40.7762
G01 X34.7547Y40.7713
G01 X34.6531Y40.7350
G01 X34.6409Y40.7313
G01 X34.5328Y40.7042
G01 X34.4169Y40.6867
G01 X34.4042Y40.6855
G01 X34.2900Y40.6800
G01 X34.1692Y40.6859
G01 X34.0472Y40.7042
G01 X33.9391Y40.7313
G01 X33.9269Y40.7350
G01 X33.8163Y40.7749
G01 X33.7133Y40.8236
G01 X33.6068Y40.8872
G01 X33.5076Y40.9610
G01 X33.4203Y41.0403
G01 X33.3410Y41.1276
G01 X33.2672Y41.2268
G01 X33.2036Y41.3333
G01 X33.1549Y41.4362
G01 X33.1128Y41.5533
G01 X33.0842Y41.6672
G01 X33.0667Y41.7831
G01 X33.0655Y41.7958
G01 X33.0600Y41.9100
G01 X33.0655Y42.0242
G01 X33.0667Y42.0369
G01 X33.0842Y42.1528
G01 X33.1128Y42.2667
G01 X33.1312Y42.3183
G01 X32.3695Y43.0800
G01 X32.1272Y43.0800
G01 X32.2238Y43.0451
G01 X32.3241Y42.9976
G01 X32.3354Y42.9916
G01 X32.4332Y42.9328
G01 X32.5253Y42.8647
G01 X32.5351Y42.8566
G01 X32.6197Y42.7797
G01 X32.6990Y42.6924
G01 X32.7690Y42.5986
G01 X32.7761Y42.5880
G01 X32.8364Y42.4867
G01 X32.8851Y42.3838
G01 X32.9272Y42.2667
G01 X32.9550Y42.1562
G01 X32.9575Y42.1437
G01 X32.9733Y42.0369
G01 X32.9745Y42.0242
G01 X32.9800Y41.9100
G01 X32.9800Y34.2900
G01 X32.9745Y34.1758
G01 X32.9733Y34.1631
G01 X32.9558Y34.0472
G01 X32.9272Y33.9333
G01 X32.8887Y33.8253
G01 X32.8838Y33.8135
G01 X32.8364Y33.7133
G01 X32.7728Y33.6068
G01 X32.7047Y33.5147
G01 X32.6966Y33.5049
G01 X32.6197Y33.4203
G01 X32.5324Y33.3410
G01 X32.4386Y33.2710
G01 X32.4280Y33.2639
G01 X32.3267Y33.2036
G01 X32.2238Y33.1549
G01 X32.1131Y33.1150
G01 X32.1009Y33.1113
G01 X31.9928Y33.0842
G01 X31.8708Y33.0659
G01 X31.7500Y33.0600
G01 X31.6358Y33.0655
G01 X31.6231Y33.0667
G01 X31.5163Y33.0825
G01 X31.5038Y33.0850
G01 X31.3933Y33.1128
G01 X31.2853Y33.1513
G01 X31.2735Y33.1562
G01 X31.1759Y33.2024
G01 X31.1646Y33.2084
G01 X31.0668Y33.2672
G01 X30.9676Y33.3410
G01 X30.8803Y33.4203
G01 X30.8034Y33.5049
G01 X30.7953Y33.5147
G01 X30.7310Y33.6014
G01 X30.7239Y33.6120
G01 X30.6636Y33.7133
G01 X30.6149Y33.8162
G01 X30.5750Y33.9269
G01 X30.5713Y33.9391
G01 X30.5442Y34.0472
G01 X30.5267Y34.1631
G01 X30.5255Y34.1758
G01 X30.5200Y34.2900
G01 X30.5200Y41.9100
G01 X30.5259Y42.0308
G01 X30.5442Y42.1528
G01 X30.5713Y42.2609
G01 X30.5750Y42.2731
G01 X30.6149Y42.3838
G01 X30.6636Y42.4867
G01 X30.7239Y42.5880
G01 X30.7310Y42.5986
G01 X30.8010Y42.6924
G01 X30.8803Y42.7797
G01 X30.9649Y42.8566
G01 X30.9747Y42.8647
G01 X31.0668Y42.9328
G01 X31.1646Y42.9916
G01 X31.1759Y42.9976
G01 X31.2763Y43.0451
G01 X31.3728Y43.0800
G01 X29.5872Y43.0800
G01 X29.6838Y43.0451
G01 X29.7841Y42.9976
G01 X29.7954Y42.9916
G01 X29.8932Y42.9328
G01 X29.9853Y42.8647
G01 X29.9951Y42.8566
G01 X30.0797Y42.7797
G01 X30.1590Y42.6924
G01 X30.2290Y42.5986
G01 X30.2361Y42.5880
G01 X30.2964Y42.4867
G01 X30.3451Y42.3838
G01 X30.3850Y42.2731
G01 X30.3887Y42.2609
G01 X30.4158Y42.1528
G01 X30.4341Y42.0308
G01 X30.4400Y41.9100
G01 X30.4400Y34.2900
G01 X30.4341Y34.1692
G01 X30.4175Y34.0563
G01 X30.4150Y34.0438
G01 X30.3887Y33.9391
G01 X30.3850Y33.9269
G01 X30.3451Y33.8162
G01 X30.2976Y33.7159
G01 X30.2916Y33.7046
G01 X30.2328Y33.6068
G01 X30.1647Y33.5147
G01 X30.1566Y33.5049
G01 X30.0797Y33.4203
G01 X29.9924Y33.3410
G01 X29.8986Y33.2710
G01 X29.8880Y33.2639
G01 X29.7867Y33.2036
G01 X29.6838Y33.1549
G01 X29.5731Y33.1150
G01 X29.5609Y33.1113
G01 X29.4528Y33.0842
G01 X29.3369Y33.0667
G01 X29.3242Y33.0655
G01 X29.2100Y33.0600
G01 X29.0958Y33.0655
G01 X29.0831Y33.0667
G01 X28.9672Y33.0842
G01 X28.8591Y33.1113
G01 X28.8469Y33.1150
G01 X28.7453Y33.1513
G01 X28.7335Y33.1562
G01 X28.6333Y33.2036
G01 X28.5320Y33.2639
G01 X28.5214Y33.2710
G01 X28.4276Y33.3410
G01 X28.3403Y33.4203
G01 X28.2634Y33.5049
G01 X28.2553Y33.5147
G01 X28.1910Y33.6014
G01 X28.1839Y33.6120
G01 X28.1236Y33.7133
G01 X28.0762Y33.8135
G01 X28.0713Y33.8253
G01 X28.0328Y33.9333
G01 X28.0042Y34.0472
G01 X27.9867Y34.1631
G01 X27.9855Y34.1758
G01 X27.9800Y34.2900
G01 X27.9800Y41.9100
G01 X27.9855Y42.0242
G01 X27.9867Y42.0369
G01 X28.0025Y42.1437
G01 X28.0050Y42.1562
G01 X28.0328Y42.2667
G01 X28.0749Y42.3838
G01 X28.1236Y42.4867
G01 X28.1839Y42.5880
G01 X28.1910Y42.5986
G01 X28.2610Y42.6924
G01 X28.3403Y42.7797
G01 X28.4249Y42.8566
G01 X28.4347Y42.8647
G01 X28.5268Y42.9328
G01 X28.6246Y42.9916
G01 X28.6359Y42.9976
G01 X28.7363Y43.0451
G01 X28.8328Y43.0800
G01 X27.0472Y43.0800
G01 X27.1347Y43.0487
G01 X27.1545Y43.0400
G01 X27.9553Y43.0400
G01 X27.9805Y43.0388
G01 X28.0079Y43.0345
G01 X28.0289Y43.0291
G01 X28.0469Y43.0229
G01 X28.0698Y43.0128
G01 X28.0810Y43.0067
G01 X28.0968Y42.9971
G01 X28.1120Y42.9860
G01 X28.1219Y42.9780
G01 X28.1400Y42.9607
G01 X28.1506Y42.9489
G01 X28.1674Y42.9266
G01 X28.1818Y42.9021
G01 X28.1883Y42.8884
G01 X28.1994Y42.8586
G01 X28.2048Y42.8376
G01 X28.2083Y42.8163
G01 X28.2103Y42.7850
G01 X28.2083Y42.7537
G01 X28.2048Y42.7324
G01 X28.2010Y42.7171
G01 X28.1973Y42.7049
G01 X28.1896Y42.6844
G01 X28.1818Y42.6679
G01 X28.1707Y42.6487
G01 X28.1636Y42.6381
G01 X28.1489Y42.6190
G01 X28.1253Y42.5748
G01 X28.1158Y42.5586
G01 X28.0845Y42.5116
G01 X28.0628Y42.4594
G01 X28.0546Y42.4426
G01 X28.0310Y42.3984
G01 X28.0164Y42.3504
G01 X28.0103Y42.3328
G01 X27.9888Y42.2804
G01 X27.9776Y42.2250
G01 X27.9729Y42.2070
G01 X27.9584Y42.1590
G01 X27.9535Y42.1090
G01 X27.9509Y42.0906
G01 X27.9400Y42.0351
G01 X27.9400Y36.6998
G01 X27.9380Y36.6685
G01 X27.9345Y36.6472
G01 X27.9291Y36.6262
G01 X27.9180Y36.5964
G01 X27.9115Y36.5828
G01 X27.8971Y36.5583
G01 X27.8780Y36.5332
G01 X27.8653Y36.5195
G01 X27.8489Y36.5045
G01 X27.8319Y36.4915
G01 X27.8213Y36.4844
G01 X27.8021Y36.4733
G01 X27.7856Y36.4655
G01 X27.7651Y36.4578
G01 X27.7529Y36.4541
G01 X27.7376Y36.4503
G01 X27.7102Y36.4461
G01 X27.6786Y36.4450
G01 X27.6598Y36.4461
G01 X27.6415Y36.4486
G01 X27.6114Y36.4557
G01 X27.5934Y36.4619
G01 X27.5679Y36.4733
G01 X27.5487Y36.4844
G01 X27.5232Y36.5027
G01 X27.3790Y36.6211
G01 X27.1584Y36.7390
G01 X26.9190Y36.8116
G01 X26.6700Y36.8361
G01 X26.4210Y36.8116
G01 X26.1816Y36.7390
G01 X25.9610Y36.6211
G01 X25.7676Y36.4624
G01 X25.6089Y36.2690
G01 X25.4910Y36.0484
G01 X25.4184Y35.8090
G01 X25.4139Y35.7715
G01 X25.4069Y35.7414
G01 X25.3970Y35.7144
G01 X25.3905Y35.7005
G01 X25.3845Y35.6892
G01 X25.3711Y35.6681
G01 X25.3581Y35.6511
G01 X25.3431Y35.6347
G01 X25.3266Y35.6197
G01 X25.3096Y35.6066
G01 X25.2990Y35.5996
G01 X25.2798Y35.5885
G01 X25.2544Y35.5771
G01 X25.2306Y35.5693
G01 X25.2153Y35.5655
G01 X25.1941Y35.5620
G01 X25.1691Y35.5602
G01 X24.0676Y35.5600
G01 X23.8810Y35.5416
G01 X23.6416Y35.4690
G01 X23.4210Y35.3511
G01 X23.2276Y35.1924
G01 X23.0689Y34.9990
G01 X22.9510Y34.7784
G01 X22.8784Y34.5390
G01 X22.8539Y34.2900
G01 X22.8784Y34.0410
G01 X22.9510Y33.8016
G01 X23.0689Y33.5810
G01 X23.1873Y33.4368
G01 X23.2023Y33.4166
G01 X23.2119Y33.4008
G01 X23.2245Y33.3756
G01 X23.2322Y33.3551
G01 X23.2397Y33.3276
G01 X23.2432Y33.3063
G01 X23.2444Y33.2936
G01 X23.2450Y33.2686
G01 X23.2439Y33.2498
G01 X23.2389Y33.2190
G01 X23.2343Y33.2014
G01 X23.2245Y33.1744
G01 X23.2167Y33.1579
G01 X23.2023Y33.1334
G01 X23.1855Y33.1111
G01 X23.1749Y33.0993
G01 X23.1659Y33.0903
G01 X23.1469Y33.0740
G01 X23.1317Y33.0629
G01 X23.1072Y33.0485
G01 X23.0908Y33.0407
G01 X23.0703Y33.0330
G01 X23.0581Y33.0293
G01 X23.0336Y33.0238
G01 X23.0154Y33.0212
G01 X22.9902Y33.0200
G01 X17.6549Y33.0200
G01 X17.5994Y33.0091
G01 X17.5810Y33.0065
G01 X17.5310Y33.0016
G01 X17.4830Y32.9871
G01 X17.4649Y32.9824
G01 X17.4096Y32.9712
G01 X17.3573Y32.9497
G01 X17.3396Y32.9436
G01 X17.2916Y32.9290
G01 X17.2474Y32.9054
G01 X17.2306Y32.8972
G01 X17.1784Y32.8755
G01 X17.1313Y32.8442
G01 X17.1152Y32.8347
G01 X17.0710Y32.8111
G01 X17.0322Y32.7793
G01 X17.0174Y32.7680
G01 X16.9704Y32.7365
G01 X16.9303Y32.6966
G01 X16.9164Y32.6842
G01 X16.8776Y32.6524
G01 X16.8458Y32.6136
G01 X16.8334Y32.5997
G01 X16.7935Y32.5596
G01 X16.7620Y32.5126
G01 X16.7507Y32.4978
G01 X16.7189Y32.4590
G01 X16.6953Y32.4148
G01 X16.6858Y32.3986
G01 X16.6545Y32.3516
G01 X16.6328Y32.2994
G01 X16.6246Y32.2826
G01 X16.6010Y32.2384
G01 X16.5864Y32.1904
G01 X16.5803Y32.1728
G01 X16.5588Y32.1204
G01 X16.5476Y32.0650
G01 X16.5429Y32.0470
G01 X16.5284Y31.9990
G01 X16.5235Y31.9490
G01 X16.5209Y31.9306
G01 X16.5100Y31.8751
G01 X16.5098Y31.8185
G01 X16.5088Y31.7999
G01 X16.5039Y31.7500
G01 X16.5088Y31.7001
G01 X16.5098Y31.6815
G01 X16.5100Y31.6249
G01 X16.5209Y31.5694
G01 X16.5235Y31.5510
G01 X16.5284Y31.5010
G01 X16.5429Y31.4530
G01 X16.5476Y31.4349
G01 X16.5588Y31.3796
G01 X16.5803Y31.3272
G01 X16.5864Y31.3096
G01 X16.6010Y31.2616
G01 X16.6246Y31.2174
G01 X16.6328Y31.2006
G01 X16.6545Y31.1484
G01 X16.6858Y31.1013
G01 X16.6953Y31.0852
G01 X16.7189Y31.0410
G01 X16.7507Y31.0022
G01 X16.7620Y30.9874
G01 X16.7935Y30.9404
G01 X16.8334Y30.9003
G01 X16.8458Y30.8864
G01 X16.8776Y30.8476
G01 X16.9164Y30.8158
G01 X16.9303Y30.8034
G01 X16.9704Y30.7635
G01 X17.0121Y30.7357
G01 X17.0270Y30.7248
G01 X17.0906Y30.6730
G01 X17.1094Y30.6560
G01 X17.1300Y30.6326
G01 X17.1373Y30.6228
G01 X17.1508Y30.6016
G01 X17.1634Y30.5764
G01 X17.1711Y30.5559
G01 X17.1778Y30.5318
G01 X17.1803Y30.5193
G01 X17.1829Y30.5009
G01 X17.1840Y30.4822
G01 X17.1834Y30.4572
G01 X17.1804Y30.4323
G01 X17.1749Y30.4079
G01 X17.1712Y30.3956
G01 X17.1635Y30.3750
G01 X17.1510Y30.3499
G01 X17.1413Y30.3341
G01 X17.1245Y30.3117
G01 X17.1095Y30.2953
G01 X17.0859Y30.2746
G01 X17.0708Y30.2636
G01 X16.9704Y30.1965
G01 X16.7935Y30.0196
G01 X16.6545Y29.8116
G01 X16.5588Y29.5804
G01 X16.5100Y29.3351
G01 X16.5100Y29.0849
G01 X16.5588Y28.8396
G01 X16.6545Y28.6084
G01 X16.7906Y28.4048
G01 X16.8063Y28.3776
G01 X16.8165Y28.3547
G01 X16.8243Y28.3310
G01 X16.8298Y28.3066
G01 X16.8323Y28.2883
G01 X16.8334Y28.2695
G01 X16.8328Y28.2445
G01 X16.8316Y28.2318
G01 X16.8281Y28.2105
G01 X16.8206Y28.1830
G01 X16.8129Y28.1625
G01 X16.8051Y28.1460
G01 X16.7907Y28.1216
G01 X16.7796Y28.1064
G01 X16.7715Y28.0965
G01 X16.7543Y28.0784
G01 X16.7353Y28.0621
G01 X16.7149Y28.0477
G01 X16.6957Y28.0366
G01 X16.6792Y28.0288
G01 X16.6522Y28.0190
G01 X16.6312Y28.0136
G01 X16.6038Y28.0094
G01 X16.5722Y28.0083
G01 X16.5534Y28.0094
G01 X16.5351Y28.0119
G01 X16.5049Y28.0190
G01 X16.4780Y28.0288
G01 X16.4528Y28.0414
G01 X16.4370Y28.0510
G01 X16.4218Y28.0621
G01 X16.3983Y28.0828
G01 X13.6947Y30.7864
G01 X13.6797Y30.8028
G01 X13.6666Y30.8198
G01 X13.6596Y30.8304
G01 X13.6485Y30.8496
G01 X13.6407Y30.8661
G01 X13.6330Y30.8866
G01 X13.6255Y30.9141
G01 X13.6212Y30.9415
G01 X13.6200Y30.9667
G01 X13.6200Y42.3463
G01 X13.6212Y42.3713
G01 X13.6245Y42.4040
G01 X13.6067Y42.5844
G01 X13.5541Y42.7578
G01 X13.4687Y42.9176
G01 X13.3537Y43.0577
G01 X13.3283Y43.0786
G01 X13.3097Y43.0954
G01 X8.0254Y48.3797
G01 X8.0085Y48.3983
G01 X7.9877Y48.4237
G01 X7.8476Y48.5387
G01 X7.6878Y48.6241
G01 X7.6553Y48.6347
G01 X7.6298Y48.6461
G01 X7.6106Y48.6572
G01 X7.6000Y48.6643
G01 X7.5830Y48.6773
G01 X7.5666Y48.6923
G01 X7.5516Y48.7087
G01 X7.5385Y48.7257
G01 X7.5315Y48.7363
G01 X7.5204Y48.7556
G01 X7.5113Y48.7750
G01 X7.4755Y48.8616
G01 X7.3365Y49.0696
G01 X7.1596Y49.2465
G01 X7.0526Y49.3180
G01 X7.0303Y49.3347
G01 X7.0139Y49.3497
G01 X7.0013Y49.3634
G01 X6.9821Y49.3884
G01 X6.9677Y49.4129
G01 X6.9600Y49.4294
G01 X6.9522Y49.4499
G01 X6.9447Y49.4774
G01 X6.9412Y49.4987
G01 X6.9400Y49.5114
G01 X6.9392Y49.5300
G01 X6.9400Y49.5486
G01 X6.9412Y49.5613
G01 X6.9447Y49.5826
G01 X6.9522Y49.6101
G01 X6.9600Y49.6306
G01 X6.9677Y49.6471
G01 X6.9821Y49.6716
G01 X6.9932Y49.6867
G01 X7.0095Y49.7057
G01 X7.0185Y49.7147
G01 X7.0303Y49.7253
G01 X7.0526Y49.7420
G01 X7.1596Y49.8135
G01 X7.3365Y49.9904
G01 X7.4755Y50.1984
G01 X7.5712Y50.4296
G01 X7.6200Y50.6749
G01 X7.6200Y50.9251
G01 X7.5712Y51.1704
G01 X7.4755Y51.4016
G01 X7.3365Y51.6096
G01 X7.1596Y51.7865
G01 X6.9516Y51.9255
G01 X6.7204Y52.0212
G01 X6.4751Y52.0700
G01 X6.2249Y52.0700
G01 X5.9796Y52.0212
G01 X5.7484Y51.9255
G01 X5.5404Y51.7865
G01 X5.3635Y51.6096
G01 X5.2245Y51.4016
G01 X5.1288Y51.1704
G01 X5.0800Y50.9251
G01 X5.0800Y50.6749
G01 X5.1288Y50.4296
G01 X5.2245Y50.1984
G01 X5.3635Y49.9904
G01 X5.5404Y49.8135
G01 X5.6474Y49.7420
G01 X5.6625Y49.7310
G01 X5.6861Y49.7103
G01 X5.7068Y49.6867
G01 X5.7179Y49.6716
G01 X5.7323Y49.6471
G01 X5.7400Y49.6306
G01 X5.7499Y49.6036
G01 X5.7553Y49.5826
G01 X5.7595Y49.5552
G01 X5.7608Y49.5300
G01 X5.7588Y49.4987
G01 X5.7553Y49.4774
G01 X5.7515Y49.4621
G01 X5.7478Y49.4499
G01 X5.7400Y49.4294
G01 X5.7323Y49.4129
G01 X5.7212Y49.3937
G01 X5.7141Y49.3831
G01 X5.7011Y49.3661
G01 X5.6861Y49.3497
G01 X5.6625Y49.3290
G01 X5.6474Y49.3180
G01 X5.5404Y49.2465
G01 X5.3635Y49.0696
G01 X5.2245Y48.8616
G01 X5.1288Y48.6304
G01 X5.0800Y48.3851
G01 X5.0800Y48.1349
G01 X5.1288Y47.8896
G01 X5.2245Y47.6584
G01 X5.3635Y47.4504
G01 X5.5404Y47.2735
G01 X5.6474Y47.2020
G01 X5.6625Y47.1910
G01 X5.6861Y47.1703
G01 X5.7068Y47.1467
G01 X5.7179Y47.1316
G01 X5.7323Y47.1071
G01 X5.7400Y47.0906
G01 X5.7478Y47.0701
G01 X5.7515Y47.0579
G01 X5.7570Y47.0335
G01 X5.7600Y47.0086
G01 X5.7606Y46.9836
G01 X5.7595Y46.9648
G01 X5.7553Y46.9374
G01 X5.7499Y46.9164
G01 X5.7436Y46.8984
G01 X5.7335Y46.8755
G01 X5.7275Y46.8642
G01 X5.7179Y46.8484
G01 X5.7011Y46.8261
G01 X5.6861Y46.8097
G01 X5.6625Y46.7890
G01 X5.6474Y46.7780
G01 X5.5404Y46.7065
G01 X5.3635Y46.5296
G01 X5.2245Y46.3216
G01 X5.1288Y46.0904
G01 X5.0800Y45.8451
G01 X5.0800Y45.5949
G01 X5.1288Y45.3496
G01 X5.2245Y45.1184
G01 X5.3635Y44.9104
G01 X5.5404Y44.7335
G01 X5.7484Y44.5945
G01 X5.9796Y44.4988
G01 X6.2249Y44.4500
G01 X6.4751Y44.4500
G01 X6.7365Y44.5020
G01 X6.7610Y44.5056
G01 X6.7926Y44.5067
G01 X6.8114Y44.5056
G01 X6.8297Y44.5031
G01 X6.8422Y44.5006
G01 X6.8663Y44.4939
G01 X6.8869Y44.4862
G01 X6.9033Y44.4784
G01 X6.9278Y44.4640
G01 X6.9430Y44.4529
G01 X6.9665Y44.4322
G01 X10.0053Y41.3934
G01 X10.0203Y41.3770
G01 X10.0333Y41.3600
G01 X10.0404Y41.3494
G01 X10.0515Y41.3302
G01 X10.0593Y41.3138
G01 X10.0670Y41.2932
G01 X10.0745Y41.2657
G01 X10.0787Y41.2383
G01 X10.0800Y41.2131
G01 X10.0800Y29.8335
G01 X10.0788Y29.8086
G01 X10.0755Y29.7758
G01 X10.0933Y29.5955
G01 X10.1459Y29.4221
G01 X10.2313Y29.2622
G01 X10.3463Y29.1221
G01 X10.3717Y29.1013
G01 X10.3903Y29.0845
G01 X15.9545Y23.5203
G01 X15.9713Y23.5017
G01 X15.9921Y23.4763
G01 X16.1322Y23.3613
G01 X16.2921Y23.2759
G01 X16.4655Y23.2233
G01 X16.6458Y23.2055
G01 X16.6785Y23.2088
G01 X16.7035Y23.2100
G01 X16.7983Y23.2100
G01 X16.8170Y23.2092
G01 X16.8297Y23.2080
G01 X16.8509Y23.2045
G01 X16.8784Y23.1970
G01 X16.8990Y23.1893
G01 X16.9154Y23.1815
G01 X16.9399Y23.1671
G01 X16.9551Y23.1560
G01 X16.9681Y23.1451
G01 X17.1784Y23.0045
G01 X17.4096Y22.9088
G01 X17.6549Y22.8600
G01 X17.9051Y22.8600
G01 X18.1103Y22.9008
G01 X18.1414Y22.9050
G01 X18.1600Y22.9057
G01 X18.1852Y22.9045
G01 X18.2126Y22.9002
G01 X18.2337Y22.8948
G01 X18.2634Y22.8837
G01 X18.2771Y22.8772
G01 X18.3016Y22.8628
G01 X18.3239Y22.8460
G01 X18.3357Y22.8354
G01 X18.3530Y22.8173
G01 X18.3611Y22.8075
G01 X18.3721Y22.7923
G01 X18.3865Y22.7678
G01 X18.3943Y22.7513
G01 X18.4020Y22.7308
G01 X18.4057Y22.7186
G01 X18.4112Y22.6942
G01 X18.4138Y22.6759
G01 X18.4150Y22.6507
G01 X18.4138Y22.6255
G01 X18.4095Y22.5981
G01 X18.4041Y22.5771
G01 X18.3979Y22.5591
G01 X18.3865Y22.5337
G01 X18.3755Y22.5144
G01 X18.3684Y22.5038
G01 X18.3530Y22.4841
G01 X18.3403Y22.4704
G01 X17.5203Y21.6503
G01 X17.5017Y21.6335
G01 X17.4763Y21.6127
G01 X17.3613Y21.4726
G01 X17.2759Y21.3128
G01 X17.2233Y21.1393
G01 X17.2055Y20.9590
G01 X17.2088Y20.9263
G01 X17.2100Y20.9013
G01 X17.2100Y18.4650
G01 X17.2080Y18.4337
G01 X17.2045Y18.4124
G01 X17.1991Y18.3914
G01 X17.1893Y18.3644
G01 X17.1815Y18.3479
G01 X17.1704Y18.3287
G01 X17.1560Y18.3083
G01 X17.1397Y18.2893
G01 X17.1216Y18.2721
G01 X17.1117Y18.2640
G01 X17.0966Y18.2529
G01 X17.0721Y18.2385
G01 X17.0466Y18.2271
G01 X17.0229Y18.2193
G01 X17.0076Y18.2155
G01 X16.9863Y18.2120
G01 X16.9550Y18.2100
G01 X16.8473Y18.2102
G01 X16.7960Y18.2145
G01 X16.6156Y18.1967
G01 X16.4422Y18.1441
G01 X16.2824Y18.0587
G01 X16.1423Y17.9437
G01 X16.1215Y17.9183
G01 X16.1046Y17.8997
G01 X15.1203Y16.9154
G01 X15.1017Y16.8985
G01 X15.0763Y16.8777
G01 X14.9613Y16.7376
G01 X14.8759Y16.5778
G01 X14.8653Y16.5453
G01 X14.8539Y16.5198
G01 X14.8428Y16.5006
G01 X14.8357Y16.4900
G01 X14.8227Y16.4730
G01 X14.8077Y16.4566
G01 X14.7913Y16.4416
G01 X14.7743Y16.4285
G01 X14.7637Y16.4215
G01 X14.7444Y16.4104
G01 X14.7250Y16.4013
G01 X14.6384Y16.3655
G01 X14.4304Y16.2265
G01 X14.2535Y16.0496
G01 X14.1145Y15.8416
G01 X14.0188Y15.6104
G01 X13.9700Y15.3651
G01 X13.9700Y15.1149
G01 X14.0188Y14.8696
G01 X14.1145Y14.6384
G01 X14.2535Y14.4304
G01 X14.4304Y14.2535
G01 X14.6384Y14.1145
G01 X14.8696Y14.0188
G01 X15.1149Y13.9700
G01 X15.3651Y13.9700
G01 X15.6104Y14.0188
G01 X15.8416Y14.1145
G01 X16.0452Y14.2506
G01 X16.0611Y14.2603
G01 X16.0835Y14.2716
G01 X16.0953Y14.2765
G01 X16.1132Y14.2827
G01 X16.1343Y14.2881
G01 X16.1556Y14.2916
G01 X16.1683Y14.2928
G01 X16.1869Y14.2936
G01 X16.2121Y14.2923
G01 X16.2429Y14.2873
G01 X16.2605Y14.2827
G01 X16.2785Y14.2765
G01 X16.3040Y14.2651
G01 X16.3232Y14.2540
G01 X16.3338Y14.2469
G01 X16.3508Y14.2339
G01 X16.3672Y14.2189
G01 X16.3879Y14.1953
G01 X16.3990Y14.1801
G01 X16.4134Y14.1556
G01 X16.4212Y14.1392
G01 X16.4289Y14.1187
G01 X16.4356Y14.0946
G01 X16.4381Y14.0820
G01 X16.4406Y14.0638
G01 X16.4417Y14.0450
G01 X16.4411Y14.0200
G01 X16.4399Y14.0073
G01 X16.4364Y13.9860
G01 X16.4310Y13.9649
G01 X16.4199Y13.9352
G01 X16.4134Y13.9215
G01 X16.3990Y13.8970
G01 X16.3822Y13.8747
G01 X16.3672Y13.8583
G01 X15.8536Y13.3447
G01 X15.8372Y13.3297
G01 X15.8149Y13.3129
G01 X15.7991Y13.3033
G01 X15.7767Y13.2920
G01 X15.7649Y13.2871
G01 X15.7469Y13.2809
G01 X15.7259Y13.2755
G01 X15.6985Y13.2713
G01 X15.6733Y13.2700
G01 X7.6328Y13.2700
G01 X7.6142Y13.2708
G01 X7.6015Y13.2720
G01 X7.5769Y13.2763
G01 X7.5592Y13.2809
G01 X7.5322Y13.2907
G01 X7.5158Y13.2985
G01 X7.4966Y13.3096
G01 X7.4860Y13.3167
G01 X7.4689Y13.3297
G01 X7.4481Y13.3493
G01 X7.4375Y13.3611
G01 X7.4245Y13.3781
G01 X7.3365Y13.5096
G01 X7.1596Y13.6865
G01 X6.9516Y13.8255
G01 X6.7204Y13.9212
G01 X6.4751Y13.9700
G01 X6.2249Y13.9700
G01 X5.9796Y13.9212
G01 X5.7484Y13.8255
G01 X5.5404Y13.6865
G01 X5.3635Y13.5096
G01 X5.2245Y13.3016
G01 X5.1288Y13.0704
G01 X5.0800Y12.8251
G01 X5.0800Y12.5749
G01 X5.1288Y12.3296
G01 X5.2245Y12.0984
G01 X5.3635Y11.8904
G01 X5.5404Y11.7135
G01 X5.6526Y11.6383
G00 Z3.0000
G00 X5.6050Y11.5741
G01 Z-0.2000
G01 X5.6176Y11.5646
G01 X5.6295Y11.5537
G01 X5.6404Y11.5418
G01 X5.6513Y11.5272
G01 X5.6607Y11.5113
G01 X5.6669Y11.4981
G01 X5.6733Y11.4807
G01 X5.6769Y11.4665
G01 X5.6799Y11.4472
G01 X5.6807Y11.4325
G01 X5.6796Y11.4104
G01 X5.6772Y11.3948
G01 X5.6733Y11.3793
G01 X5.6669Y11.3619
G01 X5.6607Y11.3487
G01 X5.6513Y11.3328
G01 X5.6404Y11.3182
G01 X5.6295Y11.3063
G01 X5.6176Y11.2954
G01 X5.6030Y11.2845
G01 X5.4894Y11.2086
G01 X5.3014Y11.0206
G01 X5.1536Y10.7995
G01 X5.0519Y10.5538
G01 X5.0000Y10.2930
G01 X5.0000Y10.0270
G01 X5.0519Y9.7662
G01 X5.1536Y9.5205
G01 X5.3014Y9.2994
G01 X5.4894Y9.1114
G01 X5.7105Y8.9636
G01 X5.9562Y8.8619
G01 X6.2170Y8.8100
G01 X6.4830Y8.8100
G01 X6.7438Y8.8619
G01 X6.9895Y8.9636
G01 X7.2106Y9.1114
G01 X7.3986Y9.2994
G01 X7.5464Y9.5205
G01 X7.5562Y9.5442
G01 X7.5638Y9.5596
G01 X7.5728Y9.5742
G01 X7.5823Y9.5868
G01 X7.5915Y9.5970
G01 X7.6078Y9.6118
G01 X7.6197Y9.6205
G01 X7.6366Y9.6304
G01 X7.6488Y9.6362
G01 X7.6663Y9.6425
G01 X7.6817Y9.6464
G01 X7.6997Y9.6491
G01 X7.7169Y9.6500
G01 X11.4439Y9.6500
G01 X11.4611Y9.6491
G01 X11.4791Y9.6464
G01 X11.4945Y9.6425
G01 X11.5085Y9.6376
G01 X11.5285Y9.6281
G01 X11.5411Y9.6205
G01 X11.5530Y9.6118
G01 X11.5693Y9.5970
G01 X11.5785Y9.5868
G01 X11.5880Y9.5742
G01 X11.6705Y9.4508
G01 X11.6800Y9.4349
G01 X11.6862Y9.4217
G01 X11.6925Y9.4042
G01 X11.6964Y9.3888
G01 X11.6992Y9.3708
G01 X11.7000Y9.3536
G01 X11.6999Y7.3292
G01 X11.6992Y7.3144
G01 X11.6971Y7.3000
G01 X11.6931Y7.2832
G01 X11.6862Y7.2635
G01 X11.6781Y7.2470
G01 X11.6691Y7.2324
G01 X11.6596Y7.2198
G01 X11.6519Y7.2113
G01 X11.5036Y6.9895
G01 X11.4019Y6.7438
G01 X11.3500Y6.4830
G01 X11.3500Y6.2170
G01 X11.4019Y5.9562
G01 X11.5036Y5.7105
G01 X11.6514Y5.4894
G01 X11.8394Y5.3014
G01 X12.0605Y5.1536
G01 X12.3062Y5.0519
G01 X12.5670Y5.0000
G01 X12.8330Y5.0000
G01 X13.0938Y5.0519
G01 X13.3395Y5.1536
G01 X13.5606Y5.3014
G01 X13.7486Y5.4894
G01 X13.8259Y5.6050
G01 X13.8354Y5.6176
G01 X13.8446Y5.6277
G01 X13.8582Y5.6404
G01 X13.8728Y5.6513
G01 X13.8854Y5.6589
G01 X13.9053Y5.6683
G01 X13.9193Y5.6733
G01 X13.9348Y5.6772
G01 X13.9528Y5.6799
G01 X13.9675Y5.6807
G01 X13.9872Y5.6799
G01 X14.0017Y5.6778
G01 X14.0207Y5.6733
G01 X14.0347Y5.6683
G01 X14.0513Y5.6607
G01 X14.0672Y5.6513
G01 X14.0818Y5.6404
G01 X14.0920Y5.6312
G01 X14.1046Y5.6176
G01 X14.1155Y5.6030
G01 X14.1914Y5.4894
G01 X14.3794Y5.3014
G01 X14.6005Y5.1536
G01 X14.8462Y5.0519
G01 X15.1070Y5.0000
G01 X15.3730Y5.0000
G01 X15.6338Y5.0519
G01 X15.8795Y5.1536
G01 X16.1006Y5.3014
G01 X16.2886Y5.4894
G01 X16.4364Y5.7105
G01 X16.5381Y5.9562
G01 X16.5900Y6.2170
G01 X16.5900Y6.4830
G01 X16.5381Y6.7438
G01 X16.4364Y6.9895
G01 X16.2881Y7.2113
G01 X16.2782Y7.2226
G01 X16.2682Y7.2365
G01 X16.2600Y7.2504
G01 X16.2524Y7.2670
G01 X16.2475Y7.2810
G01 X16.2439Y7.2951
G01 X16.2411Y7.3121
G01 X16.2400Y7.3317
G01 X16.2400Y8.4033
G01 X16.2411Y8.4229
G01 X16.2436Y8.4385
G01 X16.2475Y8.4540
G01 X16.2543Y8.4725
G01 X16.2600Y8.4846
G01 X16.2682Y8.4985
G01 X16.2804Y8.5151
G01 X16.2913Y8.5270
G01 X20.4963Y12.7321
G01 X20.5090Y12.7436
G01 X20.5405Y12.7695
G01 X20.6655Y12.9217
G01 X20.7584Y13.0955
G01 X20.8155Y13.2840
G01 X20.8348Y13.4800
G01 X20.8308Y13.5206
G01 X20.8300Y13.5377
G01 X20.8300Y19.7681
G01 X20.8309Y19.7853
G01 X20.8336Y19.8034
G01 X20.8375Y19.8188
G01 X20.8438Y19.8363
G01 X20.8500Y19.8494
G01 X20.8595Y19.8653
G01 X20.8704Y19.8800
G01 X20.8813Y19.8919
G01 X24.4781Y23.4887
G01 X24.4900Y23.4996
G01 X24.5026Y23.5091
G01 X24.5216Y23.5204
G01 X24.5337Y23.5262
G01 X24.5512Y23.5325
G01 X24.5666Y23.5364
G01 X24.5846Y23.5391
G01 X24.6019Y23.5400
G01 X34.1693Y23.5400
G01 X34.1889Y23.5388
G01 X34.2046Y23.5364
G01 X34.2200Y23.5325
G01 X34.2375Y23.5262
G01 X34.2496Y23.5204
G01 X34.2685Y23.5091
G01 X34.2812Y23.4996
G01 X34.2931Y23.4887
G01 X35.5881Y22.1937
G01 X35.5996Y22.1810
G01 X35.6255Y22.1495
G01 X35.7286Y22.0648
G01 X35.7414Y22.0533
G01 X35.7544Y22.0386
G01 X35.7814Y21.9994
G01 X35.9694Y21.8114
G01 X36.1905Y21.6636
G01 X36.4362Y21.5619
G01 X36.6970Y21.5100
G01 X36.9630Y21.5100
G01 X37.2238Y21.5619
G01 X37.4695Y21.6636
G01 X37.6906Y21.8114
G01 X37.8786Y21.9994
G01 X38.0264Y22.2205
G01 X38.1281Y22.4662
G01 X38.1800Y22.7270
G01 X38.1800Y22.9930
G01 X38.1281Y23.2538
G01 X38.0264Y23.4995
G01 X37.8786Y23.7206
G01 X37.6906Y23.9086
G01 X37.5770Y23.9845
G01 X37.5624Y23.9954
G01 X37.5505Y24.0063
G01 X37.5397Y24.0182
G01 X37.5301Y24.0308
G01 X37.5193Y24.0487
G01 X37.5131Y24.0619
G01 X37.5075Y24.0769
G01 X37.5022Y24.0983
G01 X37.5001Y24.1128
G01 X37.4993Y24.1325
G01 X37.5001Y24.1472
G01 X37.5022Y24.1617
G01 X37.5061Y24.1784
G01 X37.5131Y24.1981
G01 X37.5193Y24.2113
G01 X37.5287Y24.2272
G01 X37.5375Y24.2391
G01 X37.5523Y24.2554
G01 X37.5624Y24.2646
G01 X37.5750Y24.2741
G01 X37.6906Y24.3514
G01 X37.8786Y24.5394
G01 X38.0264Y24.7605
G01 X38.1281Y25.0062
G01 X38.1800Y25.2670
G01 X38.1800Y25.5330
G01 X38.1281Y25.7938
G01 X38.0264Y26.0395
G01 X37.8786Y26.2606
G01 X37.6906Y26.4486
G01 X37.4695Y26.5964
G01 X37.4383Y26.6100
G01 X37.4224Y26.6195
G01 X37.4105Y26.6282
G01 X37.3942Y26.6430
G01 X37.3850Y26.6532
G01 X37.3755Y26.6658
G01 X37.3647Y26.6837
G01 X37.3571Y26.7003
G01 X37.3521Y26.7143
G01 X37.3485Y26.7285
G01 X37.3458Y26.7454
G01 X37.3446Y26.7650
G01 X37.3455Y26.7822
G01 X37.3485Y26.8015
G01 X37.3521Y26.8157
G01 X37.3571Y26.8297
G01 X37.3647Y26.8463
G01 X37.3741Y26.8622
G01 X37.3859Y26.8779
G01 X37.3959Y26.8887
G01 X37.4067Y26.8987
G01 X37.4224Y26.9105
G01 X37.4383Y26.9200
G01 X37.4549Y26.9276
G01 X37.4690Y26.9325
G01 X37.4831Y26.9361
G01 X37.5024Y26.9391
G01 X37.5196Y26.9400
G01 X43.7604Y26.9400
G01 X43.7776Y26.9391
G01 X43.7956Y26.9364
G01 X43.8110Y26.9325
G01 X43.8296Y26.9257
G01 X43.8417Y26.9200
G01 X43.8555Y26.9118
G01 X43.8695Y26.9018
G01 X43.8841Y26.8887
G01 X43.8950Y26.8768
G01 X43.9059Y26.8622
G01 X43.9135Y26.8496
G01 X43.9229Y26.8297
G01 X43.9279Y26.8157
G01 X43.9318Y26.8002
G01 X43.9345Y26.7822
G01 X43.9354Y26.7650
G01 X43.9345Y26.7478
G01 X43.9324Y26.7333
G01 X43.9271Y26.7119
G01 X43.9216Y26.6969
G01 X43.9153Y26.6837
G01 X43.9059Y26.6678
G01 X43.8972Y26.6559
G01 X43.8824Y26.6396
G01 X43.8722Y26.6304
G01 X43.8576Y26.6195
G01 X43.8417Y26.6100
G01 X43.8105Y26.5964
G01 X43.7602Y26.5628
G01 X43.7475Y26.5553
G01 X43.6964Y26.5279
G01 X43.6515Y26.4911
G01 X43.6397Y26.4823
G01 X43.5894Y26.4486
G01 X43.5466Y26.4059
G01 X43.5357Y26.3960
G01 X43.4908Y26.3592
G01 X43.4540Y26.3143
G01 X43.4441Y26.3034
G01 X43.4014Y26.2606
G01 X43.3677Y26.2103
G01 X43.3589Y26.1985
G01 X43.3221Y26.1536
G01 X43.2947Y26.1025
G01 X43.2872Y26.0898
G01 X43.2536Y26.0395
G01 X43.2304Y25.9836
G01 X43.2241Y25.9703
G01 X43.1967Y25.9191
G01 X43.1799Y25.8636
G01 X43.1750Y25.8497
G01 X43.1519Y25.7938
G01 X43.1400Y25.7345
G01 X43.1364Y25.7202
G01 X43.1195Y25.6646
G01 X43.1138Y25.6069
G01 X43.1117Y25.5923
G01 X43.1000Y25.5330
G01 X43.0999Y25.4725
G01 X43.0992Y25.4578
G01 X43.0935Y25.4000
G01 X43.0992Y25.3422
G01 X43.0999Y25.3275
G01 X43.1000Y25.2670
G01 X43.1117Y25.2077
G01 X43.1138Y25.1931
G01 X43.1195Y25.1354
G01 X43.1364Y25.0798
G01 X43.1400Y25.0655
G01 X43.1519Y25.0062
G01 X43.1750Y24.9503
G01 X43.1799Y24.9364
G01 X43.1967Y24.8809
G01 X43.2241Y24.8297
G01 X43.2304Y24.8164
G01 X43.2536Y24.7605
G01 X43.2872Y24.7102
G01 X43.2947Y24.6975
G01 X43.3221Y24.6464
G01 X43.3589Y24.6015
G01 X43.3677Y24.5897
G01 X43.4014Y24.5394
G01 X43.4441Y24.4966
G01 X43.4540Y24.4857
G01 X43.4908Y24.4408
G01 X43.5357Y24.4040
G01 X43.5466Y24.3941
G01 X43.5894Y24.3514
G01 X43.6377Y24.3191
G01 X43.6515Y24.3089
G01 X43.7065Y24.2637
G01 X43.7174Y24.2537
G01 X43.7282Y24.2418
G01 X43.7392Y24.2272
G01 X43.7468Y24.2146
G01 X43.7562Y24.1947
G01 X43.7611Y24.1807
G01 X43.7650Y24.1652
G01 X43.7678Y24.1472
G01 X43.7686Y24.1300
G01 X43.7678Y24.1128
G01 X43.7650Y24.0948
G01 X43.7611Y24.0793
G01 X43.7562Y24.0653
G01 X43.7468Y24.0454
G01 X43.7392Y24.0328
G01 X43.7282Y24.0182
G01 X43.7174Y24.0063
G01 X43.7065Y23.9963
G01 X43.6515Y23.9511
G01 X43.6377Y23.9409
G01 X43.5894Y23.9086
G01 X43.5466Y23.8659
G01 X43.5357Y23.8560
G01 X43.4908Y23.8192
G01 X43.4540Y23.7743
G01 X43.4441Y23.7634
G01 X43.4014Y23.7206
G01 X43.3677Y23.6703
G01 X43.3589Y23.6585
G01 X43.3221Y23.6136
G01 X43.2947Y23.5625
G01 X43.2872Y23.5498
G01 X43.2536Y23.4995
G01 X43.2304Y23.4436
G01 X43.2241Y23.4303
G01 X43.1967Y23.3791
G01 X43.1799Y23.3236
G01 X43.1750Y23.3097
G01 X43.1519Y23.2538
G01 X43.1400Y23.1945
G01 X43.1364Y23.1802
G01 X43.1195Y23.1246
G01 X43.1138Y23.0669
G01 X43.1117Y23.0523
G01 X43.1000Y22.9930
G01 X43.1000Y20.1898
G01 X43.0992Y20.1726
G01 X43.0964Y20.1546
G01 X43.0925Y20.1392
G01 X43.0862Y20.1217
G01 X43.0800Y20.1085
G01 X43.0705Y20.0926
G01 X43.0596Y20.0780
G01 X43.0470Y20.0644
G01 X43.0368Y20.0552
G01 X43.0242Y20.0457
G01 X43.0063Y20.0349
G01 X42.9931Y20.0286
G01 X42.9781Y20.0231
G01 X42.9602Y20.0184
G01 X42.9397Y20.0155
G01 X42.9250Y20.0148
G01 X42.9078Y20.0157
G01 X42.8885Y20.0187
G01 X42.8743Y20.0223
G01 X42.8603Y20.0273
G01 X42.8404Y20.0367
G01 X42.8278Y20.0443
G01 X42.8159Y20.0530
G01 X42.6636Y20.1779
G01 X42.4291Y20.3033
G01 X42.1746Y20.3805
G01 X41.9100Y20.4065
G01 X41.6454Y20.3805
G01 X41.3909Y20.3033
G01 X41.1564Y20.1779
G01 X40.9508Y20.0092
G01 X40.7753Y19.7954
G01 X40.7637Y19.7826
G01 X40.7518Y19.7718
G01 X40.7372Y19.7608
G01 X40.7213Y19.7514
G01 X40.7081Y19.7452
G01 X40.6907Y19.7389
G01 X40.6752Y19.7350
G01 X40.6572Y19.7322
G01 X40.6400Y19.7314
G01 X40.6228Y19.7322
G01 X40.6048Y19.7350
G01 X40.5916Y19.7383
G01 X40.5719Y19.7452
G01 X40.5587Y19.7514
G01 X40.5448Y19.7596
G01 X40.5271Y19.7727
G01 X40.5163Y19.7826
G01 X40.5047Y19.7954
G01 X40.3292Y20.0092
G01 X40.1236Y20.1779
G01 X39.8891Y20.3033
G01 X39.6346Y20.3805
G01 X39.3700Y20.4065
G01 X39.1054Y20.3805
G01 X38.8509Y20.3033
G01 X38.6164Y20.1779
G01 X38.4108Y20.0092
G01 X38.2353Y19.7954
G01 X38.2237Y19.7826
G01 X38.2091Y19.7696
G01 X38.1972Y19.7608
G01 X38.1813Y19.7514
G01 X38.1681Y19.7452
G01 X38.1507Y19.7389
G01 X38.1352Y19.7350
G01 X38.1172Y19.7322
G01 X38.1000Y19.7314
G01 X38.0853Y19.7320
G01 X38.0635Y19.7353
G01 X38.0493Y19.7389
G01 X38.0319Y19.7452
G01 X38.0187Y19.7514
G01 X38.0048Y19.7596
G01 X37.9871Y19.7727
G01 X37.9763Y19.7826
G01 X37.9647Y19.7954
G01 X37.7892Y20.0092
G01 X37.5836Y20.1779
G01 X37.3491Y20.3033
G01 X37.0946Y20.3805
G01 X36.8300Y20.4065
G01 X36.5654Y20.3805
G01 X36.3109Y20.3033
G01 X36.0764Y20.1779
G01 X35.8708Y20.0092
G01 X35.6953Y19.7954
G01 X35.6837Y19.7826
G01 X35.6718Y19.7718
G01 X35.6572Y19.7608
G01 X35.6413Y19.7514
G01 X35.6281Y19.7452
G01 X35.6131Y19.7397
G01 X35.5917Y19.7343
G01 X35.5772Y19.7322
G01 X35.5575Y19.7314
G01 X35.5428Y19.7322
G01 X35.5248Y19.7350
G01 X35.5093Y19.7389
G01 X35.4953Y19.7438
G01 X35.4754Y19.7532
G01 X35.4628Y19.7608
G01 X35.4482Y19.7718
G01 X35.4363Y19.7826
G01 X35.4247Y19.7954
G01 X35.2492Y20.0092
G01 X35.0436Y20.1779
G01 X34.8091Y20.3033
G01 X34.5546Y20.3805
G01 X34.2900Y20.4065
G01 X34.0254Y20.3805
G01 X33.7709Y20.3033
G01 X33.5364Y20.1779
G01 X33.3308Y20.0092
G01 X33.1553Y19.7954
G01 X33.1437Y19.7826
G01 X33.1318Y19.7718
G01 X33.1172Y19.7608
G01 X33.1013Y19.7514
G01 X33.0881Y19.7452
G01 X33.0731Y19.7397
G01 X33.0517Y19.7343
G01 X33.0372Y19.7322
G01 X33.0175Y19.7314
G01 X33.0028Y19.7322
G01 X32.9848Y19.7350
G01 X32.9693Y19.7389
G01 X32.9553Y19.7438
G01 X32.9354Y19.7532
G01 X32.9228Y19.7608
G01 X32.9082Y19.7718
G01 X32.8963Y19.7826
G01 X32.8847Y19.7954
G01 X32.7092Y20.0092
G01 X32.5036Y20.1779
G01 X32.2691Y20.3033
G01 X32.0146Y20.3805
G01 X31.7500Y20.4065
G01 X31.4854Y20.3805
G01 X31.2309Y20.3033
G01 X30.9964Y20.1779
G01 X30.7908Y20.0092
G01 X30.6153Y19.7954
G01 X30.6037Y19.7826
G01 X30.5918Y19.7718
G01 X30.5772Y19.7608
G01 X30.5613Y19.7514
G01 X30.5481Y19.7452
G01 X30.5331Y19.7397
G01 X30.5117Y19.7343
G01 X30.4972Y19.7322
G01 X30.4775Y19.7314
G01 X30.4628Y19.7322
G01 X30.4448Y19.7350
G01 X30.4293Y19.7389
G01 X30.4153Y19.7438
G01 X30.3954Y19.7532
G01 X30.3828Y19.7608
G01 X30.3682Y19.7718
G01 X30.3563Y19.7826
G01 X30.3447Y19.7954
G01 X30.1692Y20.0092
G01 X29.9636Y20.1779
G01 X29.7291Y20.3033
G01 X29.4746Y20.3805
G01 X29.2100Y20.4065
G01 X28.9454Y20.3805
G01 X28.6909Y20.3033
G01 X28.4564Y20.1779
G01 X28.2508Y20.0092
G01 X28.0753Y19.7954
G01 X28.0637Y19.7826
G01 X28.0518Y19.7718
G01 X28.0372Y19.7608
G01 X28.0246Y19.7532
G01 X28.0047Y19.7438
G01 X27.9907Y19.7389
G01 X27.9752Y19.7350
G01 X27.9572Y19.7322
G01 X27.9400Y19.7314
G01 X27.9228Y19.7322
G01 X27.9048Y19.7350
G01 X27.8893Y19.7389
G01 X27.8753Y19.7438
G01 X27.8554Y19.7532
G01 X27.8428Y19.7608
G01 X27.8282Y19.7718
G01 X27.8163Y19.7826
G01 X27.8047Y19.7954
G01 X27.6292Y20.0092
G01 X27.4236Y20.1779
G01 X27.1891Y20.3033
G01 X26.9346Y20.3805
G01 X26.6700Y20.4065
G01 X26.4054Y20.3805
G01 X26.1509Y20.3033
G01 X25.9164Y20.1779
G01 X25.7108Y20.0092
G01 X25.5421Y19.8036
G01 X25.4167Y19.5691
G01 X25.3395Y19.3146
G01 X25.3200Y19.1163
G01 X25.3200Y15.3149
G01 X25.3192Y15.2978
G01 X25.3135Y15.2400
G01 X25.3395Y14.9754
G01 X25.4167Y14.7209
G01 X25.5421Y14.4864
G01 X25.6655Y14.3360
G01 X25.6757Y14.3222
G01 X25.6856Y14.3053
G01 X25.6927Y14.2897
G01 X25.6983Y14.2734
G01 X25.7016Y14.2602
G01 X25.7040Y14.2446
G01 X25.7051Y14.2275
G01 X25.7043Y14.2078
G01 X25.7016Y14.1898
G01 X25.6977Y14.1743
G01 X25.6909Y14.1558
G01 X25.6851Y14.1437
G01 X25.6770Y14.1298
G01 X25.6648Y14.1132
G01 X25.6522Y14.0996
G01 X25.6420Y14.0904
G01 X25.6294Y14.0809
G01 X25.6115Y14.0700
G01 X25.5949Y14.0624
G01 X25.5808Y14.0575
G01 X25.5667Y14.0539
G01 X25.5474Y14.0509
G01 X25.5302Y14.0500
G01 X24.0637Y14.0500
G01 X23.8654Y14.0305
G01 X23.6109Y13.9533
G01 X23.3764Y13.8279
G01 X23.1708Y13.6592
G01 X23.0021Y13.4536
G01 X22.8767Y13.2191
G01 X22.7995Y12.9646
G01 X22.7735Y12.7000
G01 X22.7995Y12.4354
G01 X22.8767Y12.1809
G01 X23.0021Y11.9464
G01 X23.1708Y11.7408
G01 X23.3764Y11.5721
G01 X23.6109Y11.4467
G01 X23.8654Y11.3695
G01 X24.0637Y11.3500
G01 X26.7363Y11.3500
G01 X26.9346Y11.3695
G01 X27.1891Y11.4467
G01 X27.4236Y11.5721
G01 X27.5740Y11.6955
G01 X27.5858Y11.7043
G01 X27.6047Y11.7156
G01 X27.6169Y11.7214
G01 X27.6343Y11.7277
G01 X27.6498Y11.7316
G01 X27.6654Y11.7340
G01 X27.6875Y11.7351
G01 X27.7022Y11.7343
G01 X27.7202Y11.7316
G01 X27.7357Y11.7277
G01 X27.7497Y11.7227
G01 X27.7696Y11.7133
G01 X27.7822Y11.7057
G01 X27.7968Y11.6948
G01 X27.8087Y11.6839
G01 X27.8187Y11.6731
G01 X27.8318Y11.6553
G01 X27.8400Y11.6415
G01 X27.8457Y11.6294
G01 X27.8525Y11.6108
G01 X27.8564Y11.5954
G01 X27.8589Y11.5798
G01 X27.8600Y11.5602
G01 X27.8600Y4.9470
G01 X27.8717Y4.8877
G01 X27.8738Y4.8731
G01 X27.8795Y4.8154
G01 X27.8964Y4.7598
G01 X27.9000Y4.7455
G01 X27.9119Y4.6862
G01 X27.9350Y4.6303
G01 X27.9399Y4.6164
G01 X27.9567Y4.5609
G01 X27.9841Y4.5097
G01 X27.9904Y4.4964
G01 X28.0136Y4.4405
G01 X28.0472Y4.3902
G01 X28.0547Y4.3775
G01 X28.0821Y4.3264
G01 X28.1189Y4.2815
G01 X28.1277Y4.2697
G01 X28.1614Y4.2194
G01 X28.2041Y4.1766
G01 X28.2140Y4.1657
G01 X28.2508Y4.1208
G01 X28.2975Y4.0824
G01 X28.3084Y4.0724
G01 X28.3494Y4.0314
G01 X28.3997Y3.9977
G01 X28.4115Y3.9889
G01 X28.4564Y3.9521
G01 X28.5075Y3.9247
G01 X28.5202Y3.9172
G01 X28.5705Y3.8836
G01 X28.6264Y3.8604
G01 X28.6397Y3.8541
G01 X28.6909Y3.8267
G01 X28.7464Y3.8099
G01 X28.7603Y3.8050
G01 X28.8162Y3.7819
G01 X28.8756Y3.7700
G01 X28.8898Y3.7664
G01 X28.9454Y3.7495
G01 X29.0031Y3.7438
G01 X29.0177Y3.7417
G01 X29.0770Y3.7300
G01 X29.1375Y3.7299
G01 X29.1522Y3.7292
G01 X29.2100Y3.7235
G01 X29.2678Y3.7292
G01 X29.2825Y3.7299
G01 X29.3430Y3.7300
G01 X29.4023Y3.7417
G01 X29.4169Y3.7438
G01 X29.4746Y3.7495
G01 X29.5302Y3.7664
G01 X29.5445Y3.7700
G01 X29.6038Y3.7819
G01 X29.6597Y3.8050
G01 X29.6736Y3.8099
G01 X29.7291Y3.8267
G01 X29.7803Y3.8541
G01 X29.7936Y3.8604
G01 X29.8495Y3.8836
G01 X29.8998Y3.9172
G01 X29.9125Y3.9247
G01 X29.9636Y3.9521
G01 X30.0085Y3.9889
G01 X30.0203Y3.9977
G01 X30.0706Y4.0314
G01 X30.1134Y4.0741
G01 X30.1244Y4.0840
G01 X30.1692Y4.1208
G01 X30.2060Y4.1656
G01 X30.2159Y4.1766
G01 X30.2586Y4.2194
G01 X30.2909Y4.2677
G01 X30.3011Y4.2815
G01 X30.3463Y4.3365
G01 X30.3563Y4.3474
G01 X30.3682Y4.3582
G01 X30.3828Y4.3692
G01 X30.3987Y4.3786
G01 X30.4119Y4.3848
G01 X30.4269Y4.3903
G01 X30.4483Y4.3957
G01 X30.4628Y4.3978
G01 X30.4825Y4.3986
G01 X30.4972Y4.3978
G01 X30.5152Y4.3950
G01 X30.5307Y4.3911
G01 X30.5447Y4.3862
G01 X30.5646Y4.3768
G01 X30.5772Y4.3692
G01 X30.5918Y4.3582
G01 X30.6037Y4.3474
G01 X30.6137Y4.3365
G01 X30.6589Y4.2815
G01 X30.6691Y4.2677
G01 X30.7014Y4.2194
G01 X30.7441Y4.1766
G01 X30.7540Y4.1657
G01 X30.7908Y4.1208
G01 X30.8357Y4.0840
G01 X30.8466Y4.0741
G01 X30.8894Y4.0314
G01 X30.9397Y3.9977
G01 X30.9515Y3.9889
G01 X30.9964Y3.9521
G01 X31.0475Y3.9247
G01 X31.0602Y3.9172
G01 X31.1105Y3.8836
G01 X31.1664Y3.8604
G01 X31.1797Y3.8541
G01 X31.2309Y3.8267
G01 X31.2864Y3.8099
G01 X31.3003Y3.8050
G01 X31.3562Y3.7819
G01 X31.4156Y3.7700
G01 X31.4298Y3.7664
G01 X31.4854Y3.7495
G01 X31.5431Y3.7438
G01 X31.5577Y3.7417
G01 X31.6170Y3.7300
G01 X31.6775Y3.7299
G01 X31.6922Y3.7292
G01 X31.7500Y3.7235
G01 X31.8078Y3.7292
G01 X31.8225Y3.7299
G01 X31.8830Y3.7300
G01 X31.9423Y3.7417
G01 X31.9569Y3.7438
G01 X32.0146Y3.7495
G01 X32.0702Y3.7664
G01 X32.0845Y3.7700
G01 X32.1438Y3.7819
G01 X32.1997Y3.8050
G01 X32.2136Y3.8099
G01 X32.2691Y3.8267
G01 X32.3203Y3.8541
G01 X32.3336Y3.8604
G01 X32.3895Y3.8836
G01 X32.4398Y3.9172
G01 X32.4525Y3.9247
G01 X32.5036Y3.9521
G01 X32.5485Y3.9889
G01 X32.5603Y3.9977
G01 X32.6106Y4.0314
G01 X32.6534Y4.0741
G01 X32.6644Y4.0840
G01 X32.7092Y4.1208
G01 X32.7460Y4.1656
G01 X32.7559Y4.1766
G01 X32.7986Y4.2194
G01 X32.8309Y4.2677
G01 X32.8411Y4.2815
G01 X32.8863Y4.3365
G01 X32.8963Y4.3474
G01 X32.9082Y4.3582
G01 X32.9228Y4.3692
G01 X32.9387Y4.3786
G01 X32.9519Y4.3848
G01 X32.9669Y4.3903
G01 X32.9883Y4.3957
G01 X33.0028Y4.3978
G01 X33.0225Y4.3986
G01 X33.0372Y4.3978
G01 X33.0552Y4.3950
G01 X33.0707Y4.3911
G01 X33.0847Y4.3862
G01 X33.1046Y4.3768
G01 X33.1172Y4.3692
G01 X33.1318Y4.3582
G01 X33.1437Y4.3474
G01 X33.1537Y4.3365
G01 X33.1989Y4.2815
G01 X33.2091Y4.2677
G01 X33.2414Y4.2194
G01 X33.2841Y4.1766
G01 X33.2940Y4.1657
G01 X33.3308Y4.1208
G01 X33.3757Y4.0840
G01 X33.3866Y4.0741
G01 X33.4294Y4.0314
G01 X33.4797Y3.9977
G01 X33.4915Y3.9889
G01 X33.5364Y3.9521
G01 X33.5875Y3.9247
G01 X33.6002Y3.9172
G01 X33.6505Y3.8836
G01 X33.7064Y3.8604
G01 X33.7197Y3.8541
G01 X33.7709Y3.8267
G01 X33.8264Y3.8099
G01 X33.8403Y3.8050
G01 X33.8962Y3.7819
G01 X33.9556Y3.7700
G01 X33.9698Y3.7664
G01 X34.0254Y3.7495
G01 X34.0831Y3.7438
G01 X34.0977Y3.7417
G01 X34.1570Y3.7300
G01 X34.2175Y3.7299
G01 X34.2322Y3.7292
G01 X34.2900Y3.7235
G01 X34.3478Y3.7292
G01 X34.3625Y3.7299
G01 X34.4230Y3.7300
G01 X34.4823Y3.7417
G01 X34.4969Y3.7438
G01 X34.5546Y3.7495
G01 X34.6102Y3.7664
G01 X34.6245Y3.7700
G01 X34.6838Y3.7819
G01 X34.7397Y3.8050
G01 X34.7536Y3.8099
G01 X34.8091Y3.8267
G01 X34.8603Y3.8541
G01 X34.8736Y3.8604
G01 X34.9295Y3.8836
G01 X34.9798Y3.9172
G01 X34.9925Y3.9247
G01 X35.0436Y3.9521
G01 X35.0885Y3.9889
G01 X35.1003Y3.9977
G01 X35.1506Y4.0314
G01 X35.1934Y4.0741
G01 X35.2044Y4.0840
G01 X35.2492Y4.1208
G01 X35.2860Y4.1656
G01 X35.2959Y4.1766
G01 X35.3386Y4.2194
G01 X35.3709Y4.2677
G01 X35.3811Y4.2815
G01 X35.4263Y4.3365
G01 X35.4363Y4.3474
G01 X35.4482Y4.3582
G01 X35.4628Y4.3692
G01 X35.4754Y4.3768
G01 X35.4953Y4.3862
G01 X35.5093Y4.3911
G01 X35.5248Y4.3950
G01 X35.5428Y4.3978
G01 X35.5600Y4.3986
G01 X35.5772Y4.3978
G01 X35.5952Y4.3950
G01 X35.6107Y4.3911
G01 X35.6247Y4.3862
G01 X35.6446Y4.3768
G01 X35.6572Y4.3692
G01 X35.6718Y4.3582
G01 X35.6837Y4.3474
G01 X35.6937Y4.3365
G01 X35.7389Y4.2815
G01 X35.7491Y4.2677
G01 X35.7814Y4.2194
G01 X35.8241Y4.1766
G01 X35.8340Y4.1657
G01 X35.8708Y4.1208
G01 X35.9156Y4.0840
G01 X35.9266Y4.0741
G01 X35.9694Y4.0314
G01 X36.0197Y3.9977
G01 X36.0315Y3.9889
G01 X36.0764Y3.9521
G01 X36.1275Y3.9247
G01 X36.1402Y3.9172
G01 X36.1905Y3.8836
G01 X36.2464Y3.8604
G01 X36.2597Y3.8541
G01 X36.3109Y3.8267
G01 X36.3664Y3.8099
G01 X36.3803Y3.8050
G01 X36.4362Y3.7819
G01 X36.4956Y3.7700
G01 X36.5098Y3.7664
G01 X36.5654Y3.7495
G01 X36.6231Y3.7438
G01 X36.6377Y3.7417
G01 X36.6970Y3.7300
G01 X36.7575Y3.7299
G01 X36.7722Y3.7292
G01 X36.8300Y3.7235
G01 X36.8878Y3.7292
G01 X36.9025Y3.7299
G01 X36.9630Y3.7300
G01 X37.0223Y3.7417
G01 X37.0369Y3.7438
G01 X37.0946Y3.7495
G01 X37.1502Y3.7664
G01 X37.1645Y3.7700
G01 X37.2238Y3.7819
G01 X37.2797Y3.8050
G01 X37.2936Y3.8099
G01 X37.3491Y3.8267
G01 X37.4003Y3.8541
G01 X37.4136Y3.8604
G01 X37.4695Y3.8836
G01 X37.5198Y3.9172
G01 X37.5325Y3.9247
G01 X37.5837Y3.9521
G01 X37.6285Y3.9889
G01 X37.6403Y3.9977
G01 X37.6906Y4.0314
G01 X37.7334Y4.0741
G01 X37.7443Y4.0840
G01 X37.7892Y4.1208
G01 X37.8260Y4.1656
G01 X37.8359Y4.1766
G01 X37.8786Y4.2194
G01 X37.9109Y4.2677
G01 X37.9211Y4.2815
G01 X37.9663Y4.3365
G01 X37.9763Y4.3474
G01 X37.9882Y4.3582
G01 X38.0028Y4.3692
G01 X38.0154Y4.3768
G01 X38.0353Y4.3862
G01 X38.0493Y4.3911
G01 X38.0648Y4.3950
G01 X38.0828Y4.3978
G01 X38.1000Y4.3986
G01 X38.1172Y4.3978
G01 X38.1352Y4.3950
G01 X38.1507Y4.3911
G01 X38.1647Y4.3862
G01 X38.1846Y4.3768
G01 X38.1972Y4.3692
G01 X38.2118Y4.3582
G01 X38.2237Y4.3474
G01 X38.2337Y4.3365
G01 X38.2789Y4.2815
G01 X38.2891Y4.2677
G01 X38.3214Y4.2194
G01 X38.3641Y4.1766
G01 X38.3740Y4.1657
G01 X38.4108Y4.1208
G01 X38.4556Y4.0840
G01 X38.4666Y4.0741
G01 X38.5094Y4.0314
G01 X38.5597Y3.9977
G01 X38.5715Y3.9889
G01 X38.6164Y3.9521
G01 X38.6675Y3.9247
G01 X38.6802Y3.9172
G01 X38.7305Y3.8836
G01 X38.7864Y3.8604
G01 X38.7997Y3.8541
G01 X38.8509Y3.8267
G01 X38.9064Y3.8099
G01 X38.9203Y3.8050
G01 X38.9762Y3.7819
G01 X39.0356Y3.7700
G01 X39.0498Y3.7664
G01 X39.1054Y3.7495
G01 X39.1631Y3.7438
G01 X39.1777Y3.7417
G01 X39.2370Y3.7300
G01 X39.2975Y3.7299
G01 X39.3122Y3.7292
G01 X39.3700Y3.7235
G01 X39.4278Y3.7292
G01 X39.4425Y3.7299
G01 X39.5030Y3.7300
G01 X39.5623Y3.7417
G01 X39.5769Y3.7438
G01 X39.6346Y3.7495
G01 X39.6902Y3.7664
G01 X39.7045Y3.7700
G01 X39.7638Y3.7819
G01 X39.8197Y3.8050
G01 X39.8336Y3.8099
G01 X39.8891Y3.8267
G01 X39.9403Y3.8541
G01 X39.9536Y3.8604
G01 X40.0095Y3.8836
G01 X40.0598Y3.9172
G01 X40.0725Y3.9247
G01 X40.1237Y3.9521
G01 X40.1685Y3.9889
G01 X40.1803Y3.9977
G01 X40.2306Y4.0314
G01 X40.2734Y4.0741
G01 X40.2843Y4.0840
G01 X40.3292Y4.1208
G01 X40.3660Y4.1656
G01 X40.3759Y4.1766
G01 X40.4186Y4.2194
G01 X40.4509Y4.2677
G01 X40.4609Y4.2813
G01 X40.5106Y4.3419
G01 X40.5205Y4.3528
G01 X40.5324Y4.3637
G01 X40.5450Y4.3731
G01 X40.5596Y4.3822
G01 X40.5795Y4.3917
G01 X40.5936Y4.3966
G01 X40.6091Y4.4006
G01 X40.6271Y4.4033
G01 X40.6443Y4.4042
G01 X40.6615Y4.4033
G01 X40.6796Y4.4006
G01 X40.6950Y4.3967
G01 X40.7090Y4.3918
G01 X40.7290Y4.3823
G01 X40.7416Y4.3747
G01 X40.7562Y4.3638
G01 X40.7698Y4.3512
G01 X40.7790Y4.3410
G01 X40.7885Y4.3284
G01 X40.8614Y4.2194
G01 X41.0494Y4.0314
G01 X41.2705Y3.8836
G01 X41.5162Y3.7819
G01 X41.7770Y3.7300
G01 X42.0430Y3.7300
G01 X42.3038Y3.7819
G01 X42.5495Y3.8836
G01 X42.7706Y4.0314
G01 X42.9586Y4.2194
G01 X43.0359Y4.3350
G01 X43.0454Y4.3476
G01 X43.0546Y4.3577
G01 X43.0682Y4.3704
G01 X43.0828Y4.3813
G01 X43.0954Y4.3889
G01 X43.1153Y4.3983
G01 X43.1293Y4.4033
G01 X43.1448Y4.4072
G01 X43.1628Y4.4099
G01 X43.1800Y4.4108
G01 X43.1972Y4.4099
G01 X43.2152Y4.4072
G01 X43.2307Y4.4033
G01 X43.2481Y4.3969
G01 X43.2613Y4.3907
G01 X43.2772Y4.3813
G01 X43.2918Y4.3704
G01 X43.3020Y4.3612
G01 X43.3146Y4.3476
G01 X43.3255Y4.3330
G01 X43.4014Y4.2194
G01 X43.5894Y4.0314
G01 X43.8105Y3.8836
G01 X44.0562Y3.7819
G01 X44.3170Y3.7300
G01 X44.5830Y3.7300
G01 X44.8438Y3.7819
G01 X45.0895Y3.8836
G01 X45.3106Y4.0314
G01 X45.4986Y4.2194
G01 X45.6464Y4.4405
G01 X45.7481Y4.6862
G01 X45.8000Y4.9470
G01 X45.8000Y5.2130
G01 X45.7465Y5.4821
G01 X45.7440Y5.4990
G01 X45.7432Y5.5138
G01 X45.7440Y5.5335
G01 X45.7460Y5.5480
G01 X45.7514Y5.5694
G01 X45.7569Y5.5844
G01 X45.7631Y5.5975
G01 X45.7726Y5.6134
G01 X45.7813Y5.6253
G01 X45.7944Y5.6400
G01 X47.5963Y7.4419
G01 X47.6090Y7.4535
G01 X47.6405Y7.4793
G01 X47.7655Y7.6316
G01 X47.8584Y7.8053
G01 X47.9155Y7.9938
G01 X47.9348Y8.1898
G01 X47.9309Y8.2304
G01 X47.9300Y8.2476
G01 X47.9301Y11.5275
G01 X47.9309Y11.5422
G01 X47.9330Y11.5567
G01 X47.9375Y11.5757
G01 X47.9443Y11.5942
G01 X47.9501Y11.6063
G01 X47.9595Y11.6222
G01 X47.9713Y11.6379
G01 X47.9813Y11.6487
G01 X47.9932Y11.6596
G01 X48.0099Y11.6718
G01 X48.0237Y11.6800
G01 X48.0369Y11.6862
G01 X48.0544Y11.6925
G01 X48.0698Y11.6964
G01 X48.0878Y11.6991
G01 X48.1050Y11.7000
G01 X49.8183Y11.7000
G01 X49.8356Y11.6991
G01 X49.8536Y11.6964
G01 X49.8715Y11.6917
G01 X49.8875Y11.6857
G01 X49.8996Y11.6800
G01 X49.9135Y11.6718
G01 X49.9274Y11.6618
G01 X49.9387Y11.6519
G01 X50.1605Y11.5036
G01 X50.4062Y11.4019
G01 X50.6670Y11.3500
G01 X50.9330Y11.3500
G01 X51.1938Y11.4019
G01 X51.2778Y11.4367
G01 X51.2941Y11.4425
G01 X51.3095Y11.4464
G01 X51.3252Y11.4489
G01 X51.3448Y11.4500
G01 X62.3531Y11.4500
G01 X62.4076Y11.4608
G01 X62.4222Y11.4629
G01 X62.4750Y11.4681
G01 X62.5259Y11.4835
G01 X62.5401Y11.4871
G01 X62.5946Y11.4980
G01 X62.6460Y11.5192
G01 X62.6599Y11.5241
G01 X62.7107Y11.5396
G01 X62.7575Y11.5646
G01 X62.7708Y11.5709
G01 X62.8221Y11.5923
G01 X62.8683Y11.6231
G01 X62.8810Y11.6306
G01 X62.9278Y11.6556
G01 X62.9689Y11.6893
G01 X62.9807Y11.6981
G01 X63.0268Y11.7291
G01 X63.0662Y11.7683
G01 X63.0771Y11.7782
G01 X63.1182Y11.8118
G01 X63.1518Y11.8529
G01 X63.1617Y11.8638
G01 X63.2009Y11.9032
G01 X63.2319Y11.9493
G01 X63.2407Y11.9611
G01 X63.2744Y12.0022
G01 X63.2994Y12.0490
G01 X63.3069Y12.0617
G01 X63.3377Y12.1079
G01 X63.3591Y12.1592
G01 X63.3654Y12.1725
G01 X63.3904Y12.2193
G01 X63.4059Y12.2701
G01 X63.4108Y12.2840
G01 X63.4320Y12.3354
G01 X63.4429Y12.3899
G01 X63.4465Y12.4041
G01 X63.4619Y12.4550
G01 X63.4671Y12.5078
G01 X63.4692Y12.5224
G01 X63.4800Y12.5769
G01 X63.4801Y12.6325
G01 X63.4808Y12.6472
G01 X63.4860Y12.7000
G01 X63.4808Y12.7528
G01 X63.4801Y12.7675
G01 X63.4800Y12.8231
G01 X63.4692Y12.8776
G01 X63.4671Y12.8922
G01 X63.4619Y12.9450
G01 X63.4465Y12.9959
G01 X63.4429Y13.0101
G01 X63.4320Y13.0646
G01 X63.4108Y13.1160
G01 X63.4059Y13.1299
G01 X63.3904Y13.1807
G01 X63.3654Y13.2275
G01 X63.3591Y13.2408
G01 X63.3377Y13.2921
G01 X63.3069Y13.3383
G01 X63.2994Y13.3510
G01 X63.2744Y13.3978
G01 X63.2407Y13.4389
G01 X63.2319Y13.4507
G01 X63.2009Y13.4968
G01 X63.1617Y13.5362
G01 X63.1518Y13.5471
G01 X63.1182Y13.5882
G01 X63.0771Y13.6218
G01 X63.0662Y13.6317
G01 X63.0268Y13.6709
G01 X62.9807Y13.7019
G01 X62.9689Y13.7107
G01 X62.9278Y13.7444
G01 X62.8810Y13.7694
G01 X62.8683Y13.7769
G01 X62.8221Y13.8077
G01 X62.7708Y13.8291
G01 X62.7575Y13.8354
G01 X62.7107Y13.8604
G01 X62.6599Y13.8759
G01 X62.6460Y13.8808
G01 X62.5946Y13.9020
G01 X62.5401Y13.9129
G01 X62.5259Y13.9165
G01 X62.4750Y13.9319
G01 X62.4222Y13.9371
G01 X62.4076Y13.9392
G01 X62.3531Y13.9500
G01 X51.3448Y13.9500
G01 X51.3252Y13.9511
G01 X51.3095Y13.9536
G01 X51.2941Y13.9575
G01 X51.2778Y13.9633
G01 X51.1938Y13.9981
G01 X50.9330Y14.0500
G01 X50.6670Y14.0500
G01 X50.4062Y13.9981
G01 X50.1605Y13.8964
G01 X49.9387Y13.7481
G01 X49.9302Y13.7404
G01 X49.9176Y13.7309
G01 X49.9030Y13.7219
G01 X49.8865Y13.7138
G01 X49.8690Y13.7075
G01 X49.8536Y13.7036
G01 X49.8330Y13.7007
G01 X49.8183Y13.7000
G01 X47.6459Y13.7000
G01 X47.6311Y13.7007
G01 X47.6093Y13.7039
G01 X47.5952Y13.7075
G01 X47.5766Y13.7143
G01 X47.5646Y13.7200
G01 X47.5487Y13.7295
G01 X47.5340Y13.7404
G01 X47.5221Y13.7513
G01 X47.5113Y13.7632
G01 X47.5018Y13.7758
G01 X47.4904Y13.7947
G01 X47.4847Y13.8069
G01 X47.4783Y13.8243
G01 X47.4744Y13.8398
G01 X47.4717Y13.8578
G01 X47.4709Y13.8750
G01 X47.4717Y13.8922
G01 X47.4744Y13.9102
G01 X47.4792Y13.9281
G01 X47.4852Y13.9442
G01 X47.4909Y13.9563
G01 X47.4990Y13.9702
G01 X47.5113Y13.9868
G01 X47.5221Y13.9987
G01 X50.0329Y16.5095
G01 X50.0475Y16.5225
G01 X50.0594Y16.5313
G01 X50.0720Y16.5389
G01 X50.2836Y16.6521
G01 X50.4892Y16.8208
G01 X50.6647Y17.0346
G01 X50.6780Y17.0491
G01 X50.6882Y17.0582
G01 X50.7008Y17.0677
G01 X50.7154Y17.0768
G01 X50.7319Y17.0848
G01 X50.7516Y17.0917
G01 X50.7648Y17.0950
G01 X50.7804Y17.0975
G01 X50.7975Y17.0986
G01 X50.8172Y17.0978
G01 X50.8352Y17.0950
G01 X50.8507Y17.0911
G01 X50.8692Y17.0843
G01 X50.8846Y17.0768
G01 X50.8972Y17.0692
G01 X50.9091Y17.0604
G01 X50.9237Y17.0474
G01 X50.9353Y17.0346
G01 X51.1108Y16.8208
G01 X51.3164Y16.6521
G01 X51.5509Y16.5267
G01 X51.8054Y16.4495
G01 X52.0700Y16.4235
G01 X52.3346Y16.4495
G01 X52.5891Y16.5267
G01 X52.8236Y16.6521
G01 X53.0292Y16.8208
G01 X53.2047Y17.0346
G01 X53.2163Y17.0474
G01 X53.2282Y17.0582
G01 X53.2428Y17.0692
G01 X53.2554Y17.0768
G01 X53.2753Y17.0862
G01 X53.2893Y17.0911
G01 X53.3048Y17.0950
G01 X53.3228Y17.0978
G01 X53.3400Y17.0986
G01 X53.3572Y17.0978
G01 X53.3752Y17.0950
G01 X53.3907Y17.0911
G01 X53.4047Y17.0862
G01 X53.4246Y17.0768
G01 X53.4372Y17.0692
G01 X53.4518Y17.0582
G01 X53.4637Y17.0474
G01 X53.4753Y17.0346
G01 X53.6508Y16.8208
G01 X53.8564Y16.6521
G01 X54.0909Y16.5267
G01 X54.3454Y16.4495
G01 X54.6100Y16.4235
G01 X54.8746Y16.4495
G01 X55.1291Y16.5267
G01 X55.3636Y16.6521
G01 X55.5692Y16.8208
G01 X55.7447Y17.0346
G01 X55.7563Y17.0474
G01 X55.7709Y17.0604
G01 X55.7828Y17.0692
G01 X55.7987Y17.0786
G01 X55.8119Y17.0848
G01 X55.8293Y17.0911
G01 X55.8448Y17.0950
G01 X55.8628Y17.0978
G01 X55.8800Y17.0986
G01 X55.8972Y17.0978
G01 X55.9152Y17.0950
G01 X55.9284Y17.0917
G01 X55.9481Y17.0848
G01 X55.9613Y17.0786
G01 X55.9752Y17.0704
G01 X55.9929Y17.0573
G01 X56.0037Y17.0474
G01 X56.0153Y17.0346
G01 X56.1908Y16.8208
G01 X56.3964Y16.6521
G01 X56.6309Y16.5267
G01 X56.8854Y16.4495
G01 X57.1500Y16.4235
G01 X57.4146Y16.4495
G01 X57.6691Y16.5267
G01 X57.9036Y16.6521
G01 X58.1092Y16.8208
G01 X58.2847Y17.0346
G01 X58.2963Y17.0474
G01 X58.3109Y17.0604
G01 X58.3228Y17.0692
G01 X58.3387Y17.0786
G01 X58.3519Y17.0848
G01 X58.3693Y17.0911
G01 X58.3848Y17.0950
G01 X58.4028Y17.0978
G01 X58.4200Y17.0986
G01 X58.4372Y17.0978
G01 X58.4552Y17.0950
G01 X58.4684Y17.0917
G01 X58.4881Y17.0848
G01 X58.5013Y17.0786
G01 X58.5152Y17.0704
G01 X58.5329Y17.0573
G01 X58.5437Y17.0474
G01 X58.5553Y17.0346
G01 X58.7308Y16.8208
G01 X58.9364Y16.6521
G01 X59.1709Y16.5267
G01 X59.4254Y16.4495
G01 X59.6900Y16.4235
G01 X59.9546Y16.4495
G01 X60.2091Y16.5267
G01 X60.4436Y16.6521
G01 X60.6492Y16.8208
G01 X60.8179Y17.0264
G01 X60.9433Y17.2609
G01 X61.0205Y17.5154
G01 X61.0400Y17.7137
G01 X61.0400Y19.1163
G01 X61.0205Y19.3146
G01 X60.9433Y19.5691
G01 X60.8179Y19.8036
G01 X60.6492Y20.0092
G01 X60.4436Y20.1779
G01 X60.2091Y20.3033
G01 X59.9546Y20.3805
G01 X59.6900Y20.4065
G01 X59.4254Y20.3805
G01 X59.1709Y20.3033
G01 X58.9364Y20.1779
G01 X58.7308Y20.0092
G01 X58.5553Y19.7954
G01 X58.5437Y19.7826
G01 X58.5318Y19.7718
G01 X58.5172Y19.7608
G01 X58.5046Y19.7532
G01 X58.4847Y19.7438
G01 X58.4707Y19.7389
G01 X58.4552Y19.7350
G01 X58.4372Y19.7322
G01 X58.4225Y19.7314
G01 X58.4028Y19.7322
G01 X58.3883Y19.7343
G01 X58.3669Y19.7397
G01 X58.3519Y19.7452
G01 X58.3387Y19.7514
G01 X58.3228Y19.7608
G01 X58.3082Y19.7718
G01 X58.2963Y19.7826
G01 X58.2847Y19.7954
G01 X58.1092Y20.0092
G01 X57.9036Y20.1779
G01 X57.6691Y20.3033
G01 X57.4146Y20.3805
G01 X57.1500Y20.4065
G01 X56.8854Y20.3805
G01 X56.6309Y20.3033
G01 X56.3964Y20.1779
G01 X56.1908Y20.0092
G01 X56.0153Y19.7954
G01 X56.0037Y19.7826
G01 X55.9918Y19.7718
G01 X55.9772Y19.7608
G01 X55.9646Y19.7532
G01 X55.9447Y19.7438
G01 X55.9307Y19.7389
G01 X55.9152Y19.7350
G01 X55.8972Y19.7322
G01 X55.8825Y19.7314
G01 X55.8628Y19.7322
G01 X55.8483Y19.7343
G01 X55.8269Y19.7397
G01 X55.8119Y19.7452
G01 X55.7987Y19.7514
G01 X55.7828Y19.7608
G01 X55.7682Y19.7718
G01 X55.7563Y19.7826
G01 X55.7447Y19.7954
G01 X55.5692Y20.0092
G01 X55.3636Y20.1779
G01 X55.1291Y20.3033
G01 X54.8746Y20.3805
G01 X54.6100Y20.4065
G01 X54.3454Y20.3805
G01 X54.0909Y20.3033
G01 X53.8564Y20.1779
G01 X53.6508Y20.0092
G01 X53.4753Y19.7954
G01 X53.4637Y19.7826
G01 X53.4529Y19.7727
G01 X53.4352Y19.7596
G01 X53.4213Y19.7514
G01 X53.4081Y19.7452
G01 X53.3907Y19.7389
G01 X53.3765Y19.7353
G01 X53.3547Y19.7320
G01 X53.3400Y19.7314
G01 X53.3228Y19.7322
G01 X53.3048Y19.7350
G01 X53.2893Y19.7389
G01 X53.2719Y19.7452
G01 X53.2587Y19.7514
G01 X53.2428Y19.7608
G01 X53.2309Y19.7696
G01 X53.2163Y19.7826
G01 X53.2047Y19.7954
G01 X53.0292Y20.0092
G01 X52.8236Y20.1779
G01 X52.5891Y20.3033
G01 X52.3346Y20.3805
G01 X52.0700Y20.4065
G01 X51.8054Y20.3805
G01 X51.5509Y20.3033
G01 X51.3164Y20.1779
G01 X51.1108Y20.0092
G01 X50.9353Y19.7954
G01 X50.9237Y19.7826
G01 X50.9129Y19.7727
G01 X50.8952Y19.7596
G01 X50.8813Y19.7514
G01 X50.8681Y19.7452
G01 X50.8484Y19.7383
G01 X50.8352Y19.7350
G01 X50.8172Y19.7322
G01 X50.8000Y19.7314
G01 X50.7828Y19.7322
G01 X50.7648Y19.7350
G01 X50.7493Y19.7389
G01 X50.7319Y19.7452
G01 X50.7187Y19.7514
G01 X50.7028Y19.7608
G01 X50.6882Y19.7718
G01 X50.6763Y19.7826
G01 X50.6647Y19.7954
G01 X50.4892Y20.0092
G01 X50.2836Y20.1779
G01 X50.0491Y20.3033
G01 X49.7946Y20.3805
G01 X49.5300Y20.4065
G01 X49.2654Y20.3805
G01 X49.0109Y20.3033
G01 X48.7764Y20.1779
G01 X48.6241Y20.0530
G01 X48.6122Y20.0443
G01 X48.5996Y20.0367
G01 X48.5797Y20.0273
G01 X48.5657Y20.0223
G01 X48.5515Y20.0187
G01 X48.5346Y20.0160
G01 X48.5150Y20.0148
G01 X48.4978Y20.0157
G01 X48.4798Y20.0184
G01 X48.4619Y20.0231
G01 X48.4469Y20.0286
G01 X48.4347Y20.0344
G01 X48.4198Y20.0430
G01 X48.4032Y20.0552
G01 X48.3896Y20.0678
G01 X48.3804Y20.0780
G01 X48.3709Y20.0906
G01 X48.3600Y20.1085
G01 X48.3524Y20.1251
G01 X48.3475Y20.1392
G01 X48.3439Y20.1533
G01 X48.3409Y20.1726
G01 X48.3400Y20.1898
G01 X48.3400Y23.7971
G01 X48.3408Y23.8142
G01 X48.3465Y23.8720
G01 X48.3205Y24.1366
G01 X48.2433Y24.3911
G01 X48.1179Y24.6257
G01 X47.9492Y24.8312
G01 X47.9043Y24.8680
G01 X47.8916Y24.8796
G01 X46.4696Y26.3016
G01 X46.4580Y26.3143
G01 X46.4212Y26.3592
G01 X46.2157Y26.5279
G01 X46.0587Y26.6119
G01 X46.0462Y26.6195
G01 X46.0342Y26.6282
G01 X46.0196Y26.6413
G01 X46.0087Y26.6532
G01 X45.9992Y26.6658
G01 X45.9879Y26.6847
G01 X45.9822Y26.6969
G01 X45.9758Y26.7143
G01 X45.9719Y26.7298
G01 X45.9692Y26.7478
G01 X45.9683Y26.7650
G01 X45.9692Y26.7822
G01 X45.9719Y26.8002
G01 X45.9758Y26.8157
G01 X45.9822Y26.8331
G01 X45.9884Y26.8463
G01 X45.9978Y26.8622
G01 X46.0087Y26.8768
G01 X46.0196Y26.8887
G01 X46.0315Y26.8996
G01 X46.0462Y26.9105
G01 X46.0620Y26.9200
G01 X46.0752Y26.9262
G01 X46.0927Y26.9325
G01 X46.1081Y26.9364
G01 X46.1261Y26.9391
G01 X46.1433Y26.9400
G01 X48.4256Y26.9400
G01 X48.4428Y26.9392
G01 X48.4833Y26.9352
G01 X48.6794Y26.9545
G01 X48.8679Y27.0117
G01 X49.0416Y27.1045
G01 X49.1939Y27.2295
G01 X49.2197Y27.2610
G01 X49.2312Y27.2737
G01 X50.6063Y28.6487
G01 X50.6209Y28.6618
G01 X50.6328Y28.6705
G01 X50.6454Y28.6781
G01 X50.6619Y28.6862
G01 X50.6794Y28.6925
G01 X50.6948Y28.6964
G01 X50.7104Y28.6988
G01 X50.7300Y28.7000
G01 X52.8614Y28.7000
G01 X52.8786Y28.6991
G01 X52.9191Y28.6952
G01 X53.1152Y28.7145
G01 X53.3037Y28.7716
G01 X53.4774Y28.8645
G01 X53.6297Y28.9895
G01 X53.6555Y29.0210
G01 X53.6671Y29.0337
G01 X54.6443Y30.0109
G01 X54.6562Y30.0218
G01 X54.6688Y30.0313
G01 X54.6834Y30.0403
G01 X54.6999Y30.0484
G01 X54.7174Y30.0547
G01 X54.7328Y30.0586
G01 X54.7509Y30.0613
G01 X54.8746Y30.0735
G01 X55.1291Y30.1507
G01 X55.3636Y30.2761
G01 X55.5692Y30.4448
G01 X55.7379Y30.6503
G01 X55.8633Y30.8849
G01 X55.9405Y31.1394
G01 X55.9600Y31.3377
G01 X55.9600Y35.6263
G01 X55.9405Y35.8246
G01 X55.8633Y36.0791
G01 X55.7379Y36.3136
G01 X55.6497Y36.4211
G01 X55.6395Y36.4349
G01 X55.6319Y36.4475
G01 X55.6238Y36.4640
G01 X55.6175Y36.4815
G01 X55.6136Y36.4969
G01 X55.6109Y36.5149
G01 X55.6100Y36.5321
G01 X55.6100Y39.3123
G01 X55.6108Y39.3294
G01 X55.6148Y39.3700
G01 X55.5955Y39.5660
G01 X55.5384Y39.7545
G01 X55.4455Y39.9283
G01 X55.3205Y40.0805
G01 X55.2890Y40.1064
G01 X55.2763Y40.1179
G01 X53.1213Y42.2730
G01 X53.1104Y42.2849
G01 X53.1009Y42.2975
G01 X53.0896Y42.3164
G01 X53.0838Y42.3286
G01 X53.0775Y42.3460
G01 X53.0736Y42.3615
G01 X53.0711Y42.3771
G01 X53.0700Y42.3967
G01 X53.0701Y50.3158
G01 X53.0709Y50.3305
G01 X53.0736Y50.3485
G01 X53.0775Y50.3640
G01 X53.0838Y50.3814
G01 X53.0900Y50.3946
G01 X53.0995Y50.4105
G01 X53.1104Y50.4251
G01 X53.1213Y50.4370
G01 X56.5463Y53.8621
G01 X56.5590Y53.8736
G01 X56.5905Y53.8995
G01 X56.7155Y54.0517
G01 X56.8084Y54.2255
G01 X56.8655Y54.4140
G01 X56.8848Y54.6100
G01 X56.8808Y54.6506
G01 X56.8800Y54.6677
G01 X56.8800Y54.8983
G01 X56.8811Y54.9179
G01 X56.8836Y54.9336
G01 X56.8875Y54.9490
G01 X56.8943Y54.9675
G01 X56.9000Y54.9796
G01 X56.9095Y54.9955
G01 X56.9204Y55.0102
G01 X56.9281Y55.0187
G01 X57.0764Y55.2405
G01 X57.1781Y55.4862
G01 X57.2300Y55.7470
G01 X57.2300Y56.0130
G01 X57.1781Y56.2738
G01 X57.0764Y56.5195
G01 X56.9281Y56.7413
G01 X56.9204Y56.7498
G01 X56.9109Y56.7624
G01 X56.9019Y56.7770
G01 X56.8938Y56.7935
G01 X56.8875Y56.8110
G01 X56.8836Y56.8264
G01 X56.8807Y56.8470
G01 X56.8800Y56.8617
G01 X56.8800Y59.9783
G01 X56.8809Y59.9956
G01 X56.8836Y60.0136
G01 X56.8883Y60.0315
G01 X56.8943Y60.0475
G01 X56.9000Y60.0596
G01 X56.9082Y60.0735
G01 X56.9182Y60.0874
G01 X56.9281Y60.0987
G01 X57.0764Y60.3205
G01 X57.1781Y60.5662
G01 X57.2300Y60.8270
G01 X57.2300Y61.0930
G01 X57.1781Y61.3538
G01 X57.0764Y61.5995
G01 X56.9286Y61.8206
G01 X56.7406Y62.0086
G01 X56.5195Y62.1564
G01 X56.2738Y62.2581
G01 X56.0130Y62.3100
G01 X55.7470Y62.3100
G01 X55.4862Y62.2581
G01 X55.2405Y62.1564
G01 X55.0194Y62.0086
G01 X54.8314Y61.8206
G01 X54.6836Y61.5995
G01 X54.5819Y61.3538
G01 X54.5300Y61.0930
G01 X54.5300Y60.8270
G01 X54.5819Y60.5662
G01 X54.6836Y60.3205
G01 X54.8319Y60.0987
G01 X54.8418Y60.0874
G01 X54.8518Y60.0735
G01 X54.8600Y60.0596
G01 X54.8657Y60.0475
G01 X54.8717Y60.0315
G01 X54.8764Y60.0136
G01 X54.8792Y59.9956
G01 X54.8800Y59.9783
G01 X54.8799Y56.8592
G01 X54.8792Y56.8444
G01 X54.8771Y56.8300
G01 X54.8731Y56.8132
G01 X54.8662Y56.7935
G01 X54.8581Y56.7770
G01 X54.8491Y56.7624
G01 X54.8396Y56.7498
G01 X54.8319Y56.7413
G01 X54.6836Y56.5195
G01 X54.5819Y56.2738
G01 X54.5300Y56.0130
G01 X54.5300Y55.7470
G01 X54.5819Y55.4862
G01 X54.6836Y55.2405
G01 X54.7705Y55.1105
G01 X54.7791Y55.0956
G01 X54.7848Y55.0835
G01 X54.7903Y55.0685
G01 X54.7957Y55.0471
G01 X54.7978Y55.0326
G01 X54.7986Y55.0153
G01 X54.7978Y54.9981
G01 X54.7957Y54.9836
G01 X54.7903Y54.9622
G01 X54.7843Y54.9461
G01 X54.7786Y54.9341
G01 X54.7705Y54.9202
G01 X54.7582Y54.9035
G01 X54.7474Y54.8916
G01 X51.4037Y51.5479
G01 X51.3910Y51.5364
G01 X51.3595Y51.5105
G01 X51.2345Y51.3583
G01 X51.1417Y51.1845
G01 X51.0845Y50.9960
G01 X51.0652Y50.8000
G01 X51.0692Y50.7594
G01 X51.0700Y50.7423
G01 X51.0700Y47.9995
G01 X51.0692Y47.9823
G01 X51.0661Y47.9630
G01 X51.0625Y47.9489
G01 X51.0576Y47.9349
G01 X51.0500Y47.9183
G01 X51.0391Y47.9003
G01 X51.0296Y47.8877
G01 X51.0187Y47.8758
G01 X50.8979Y47.7550
G01 X50.7666Y47.5584
G01 X50.6761Y47.3400
G01 X50.6300Y47.1082
G01 X50.6300Y46.8718
G01 X50.6761Y46.6400
G01 X50.7666Y46.4216
G01 X50.8979Y46.2250
G01 X51.0187Y46.1042
G01 X51.0296Y46.0923
G01 X51.0391Y46.0797
G01 X51.0500Y46.0617
G01 X51.0576Y46.0451
G01 X51.0625Y46.0311
G01 X51.0661Y46.0170
G01 X51.0692Y45.9977
G01 X51.0700Y45.9805
G01 X51.0700Y41.9677
G01 X51.0692Y41.9506
G01 X51.0652Y41.9100
G01 X51.0845Y41.7140
G01 X51.1417Y41.5255
G01 X51.2345Y41.3517
G01 X51.3595Y41.1995
G01 X51.3910Y41.1736
G01 X51.4037Y41.1621
G01 X53.5587Y39.0070
G01 X53.5696Y38.9951
G01 X53.5805Y38.9805
G01 X53.5900Y38.9646
G01 X53.5962Y38.9514
G01 X53.6025Y38.9340
G01 X53.6064Y38.9185
G01 X53.6092Y38.9005
G01 X53.6100Y38.8833
G01 X53.6100Y36.5321
G01 X53.6093Y36.5174
G01 X53.6064Y36.4969
G01 X53.6017Y36.4790
G01 X53.5962Y36.4640
G01 X53.5904Y36.4518
G01 X53.5805Y36.4349
G01 X53.5703Y36.4211
G01 X53.4753Y36.3054
G01 X53.4637Y36.2926
G01 X53.4518Y36.2818
G01 X53.4352Y36.2696
G01 X53.4213Y36.2614
G01 X53.4081Y36.2552
G01 X53.3907Y36.2489
G01 X53.3765Y36.2453
G01 X53.3547Y36.2420
G01 X53.3400Y36.2414
G01 X53.3228Y36.2422
G01 X53.3048Y36.2450
G01 X53.2916Y36.2483
G01 X53.2719Y36.2552
G01 X53.2587Y36.2614
G01 X53.2448Y36.2696
G01 X53.2282Y36.2818
G01 X53.2163Y36.2926
G01 X53.2063Y36.3035
G01 X53.0292Y36.5192
G01 X52.8236Y36.6879
G01 X52.5891Y36.8133
G01 X52.3346Y36.8905
G01 X52.0700Y36.9165
G01 X51.8054Y36.8905
G01 X51.5509Y36.8133
G01 X51.3164Y36.6879
G01 X51.1108Y36.5192
G01 X50.9353Y36.3054
G01 X50.9220Y36.2909
G01 X50.9118Y36.2818
G01 X50.8992Y36.2723
G01 X50.8846Y36.2632
G01 X50.8681Y36.2552
G01 X50.8507Y36.2489
G01 X50.8352Y36.2450
G01 X50.8172Y36.2422
G01 X50.8000Y36.2414
G01 X50.7828Y36.2422
G01 X50.7683Y36.2443
G01 X50.7469Y36.2497
G01 X50.7319Y36.2552
G01 X50.7187Y36.2614
G01 X50.7008Y36.2723
G01 X50.6882Y36.2818
G01 X50.6780Y36.2909
G01 X50.6647Y36.3054
G01 X50.4892Y36.5192
G01 X50.2836Y36.6879
G01 X50.0491Y36.8133
G01 X49.7946Y36.8905
G01 X49.5300Y36.9165
G01 X49.2654Y36.8905
G01 X49.0109Y36.8133
G01 X48.7764Y36.6879
G01 X48.5708Y36.5192
G01 X48.3953Y36.3054
G01 X48.3837Y36.2926
G01 X48.3691Y36.2796
G01 X48.3572Y36.2708
G01 X48.3413Y36.2614
G01 X48.3281Y36.2552
G01 X48.3107Y36.2489
G01 X48.2952Y36.2450
G01 X48.2772Y36.2422
G01 X48.2600Y36.2414
G01 X48.2428Y36.2422
G01 X48.2248Y36.2450
G01 X48.2116Y36.2483
G01 X48.1919Y36.2552
G01 X48.1787Y36.2614
G01 X48.1648Y36.2696
G01 X48.1471Y36.2827
G01 X48.1363Y36.2926
G01 X48.1247Y36.3054
G01 X47.9492Y36.5192
G01 X47.7436Y36.6879
G01 X47.5091Y36.8133
G01 X47.2546Y36.8905
G01 X46.9900Y36.9165
G01 X46.7254Y36.8905
G01 X46.4709Y36.8133
G01 X46.2364Y36.6879
G01 X46.0308Y36.5192
G01 X45.8553Y36.3054
G01 X45.8437Y36.2926
G01 X45.8291Y36.2796
G01 X45.8172Y36.2708
G01 X45.8013Y36.2614
G01 X45.7881Y36.2552
G01 X45.7707Y36.2489
G01 X45.7552Y36.2450
G01 X45.7372Y36.2422
G01 X45.7200Y36.2414
G01 X45.7053Y36.2420
G01 X45.6835Y36.2453
G01 X45.6693Y36.2489
G01 X45.6519Y36.2552
G01 X45.6387Y36.2614
G01 X45.6248Y36.2696
G01 X45.6071Y36.2827
G01 X45.5963Y36.2926
G01 X45.5847Y36.3054
G01 X45.4092Y36.5192
G01 X45.2036Y36.6879
G01 X44.9691Y36.8133
G01 X44.7146Y36.8905
G01 X44.4500Y36.9165
G01 X44.1854Y36.8905
G01 X43.9309Y36.8133
G01 X43.6964Y36.6879
G01 X43.4908Y36.5192
G01 X43.3153Y36.3054
G01 X43.3037Y36.2926
G01 X43.2891Y36.2796
G01 X43.2772Y36.2708
G01 X43.2613Y36.2614
G01 X43.2481Y36.2552
G01 X43.2307Y36.2489
G01 X43.2152Y36.2450
G01 X43.1972Y36.2422
G01 X43.1800Y36.2414
G01 X43.1653Y36.2420
G01 X43.1435Y36.2453
G01 X43.1293Y36.2489
G01 X43.1119Y36.2552
G01 X43.0987Y36.2614
G01 X43.0848Y36.2696
G01 X43.0671Y36.2827
G01 X43.0563Y36.2926
G01 X43.0447Y36.3054
G01 X42.8692Y36.5192
G01 X42.6636Y36.6879
G01 X42.4291Y36.8133
G01 X42.1746Y36.8905
G01 X41.9100Y36.9165
G01 X41.6454Y36.8905
G01 X41.3909Y36.8133
G01 X41.1564Y36.6879
G01 X40.9508Y36.5192
G01 X40.7753Y36.3054
G01 X40.7637Y36.2926
G01 X40.7491Y36.2796
G01 X40.7372Y36.2708
G01 X40.7213Y36.2614
G01 X40.7081Y36.2552
G01 X40.6907Y36.2489
G01 X40.6752Y36.2450
G01 X40.6572Y36.2422
G01 X40.6400Y36.2414
G01 X40.6253Y36.2420
G01 X40.6035Y36.2453
G01 X40.5893Y36.2489
G01 X40.5719Y36.2552
G01 X40.5587Y36.2614
G01 X40.5448Y36.2696
G01 X40.5271Y36.2827
G01 X40.5163Y36.2926
G01 X40.5047Y36.3054
G01 X40.3292Y36.5192
G01 X40.1236Y36.6879
G01 X39.8891Y36.8133
G01 X39.6346Y36.8905
G01 X39.4765Y36.9061
G01 X39.4608Y36.9086
G01 X39.4476Y36.9118
G01 X39.4279Y36.9188
G01 X39.4114Y36.9268
G01 X39.3989Y36.9344
G01 X39.3870Y36.9432
G01 X39.3723Y36.9562
G01 X39.3615Y36.9681
G01 X39.3505Y36.9828
G01 X39.3406Y36.9997
G01 X39.3349Y37.0118
G01 X39.3294Y37.0268
G01 X39.3247Y37.0447
G01 X39.3217Y37.0653
G01 X39.3211Y37.0800
G01 X39.3219Y37.0972
G01 X39.3250Y37.1165
G01 X39.3286Y37.1306
G01 X39.3335Y37.1446
G01 X39.3411Y37.1612
G01 X39.3492Y37.1751
G01 X39.3655Y37.1967
G01 X39.4584Y37.3705
G01 X39.5155Y37.5590
G01 X39.5348Y37.7550
G01 X39.5309Y37.7955
G01 X39.5300Y37.8127
G01 X39.5301Y50.3922
G01 X39.5309Y50.4070
G01 X39.5330Y50.4215
G01 X39.5375Y50.4404
G01 X39.5443Y50.4590
G01 X39.5500Y50.4710
G01 X39.5595Y50.4869
G01 X39.5704Y50.5016
G01 X39.5813Y50.5135
G01 X39.7059Y50.6382
G01 X39.8427Y50.8429
G01 X39.9370Y51.0704
G01 X39.9850Y51.3119
G01 X39.9850Y51.5581
G01 X39.9370Y51.7996
G01 X39.8427Y52.0271
G01 X39.8156Y52.0678
G01 X39.8079Y52.0804
G01 X39.7999Y52.0969
G01 X39.7929Y52.1166
G01 X39.7897Y52.1298
G01 X39.7869Y52.1478
G01 X39.7861Y52.1650
G01 X39.7869Y52.1822
G01 X39.7897Y52.2002
G01 X39.7936Y52.2157
G01 X39.7999Y52.2331
G01 X39.8061Y52.2463
G01 X39.8170Y52.2642
G01 X39.8265Y52.2768
G01 X39.8356Y52.2870
G01 X39.8492Y52.2996
G01 X39.8659Y52.3118
G01 X39.8798Y52.3200
G01 X39.8919Y52.3257
G01 X39.9104Y52.3325
G01 X39.9293Y52.3371
G01 X39.9438Y52.3391
G01 X39.9586Y52.3399
G01 X45.6623Y52.3400
G01 X45.6794Y52.3392
G01 X45.7200Y52.3352
G01 X45.9160Y52.3545
G01 X46.1045Y52.4117
G01 X46.2783Y52.5045
G01 X46.4305Y52.6295
G01 X46.4564Y52.6610
G01 X46.4679Y52.6737
G01 X48.2730Y54.4787
G01 X48.2849Y54.4896
G01 X48.2995Y54.5005
G01 X48.3164Y54.5104
G01 X48.3286Y54.5162
G01 X48.3436Y54.5217
G01 X48.3602Y54.5261
G01 X48.3795Y54.5291
G01 X48.3921Y54.5298
G01 X48.6538Y54.5819
G01 X48.8995Y54.6836
G01 X49.1206Y54.8314
G01 X49.3086Y55.0194
G01 X49.4564Y55.2405
G01 X49.5581Y55.4862
G01 X49.6100Y55.7470
G01 X49.6100Y56.0130
G01 X49.5581Y56.2738
G01 X49.4564Y56.5195
G01 X49.3086Y56.7406
G01 X49.1206Y56.9286
G01 X48.8995Y57.0764
G01 X48.6538Y57.1781
G01 X48.3930Y57.2300
G01 X48.1270Y57.2300
G01 X47.8662Y57.1781
G01 X47.6205Y57.0764
G01 X47.3994Y56.9286
G01 X47.2114Y56.7406
G01 X47.0636Y56.5195
G01 X46.9619Y56.2738
G01 X46.9098Y56.0121
G01 X46.9092Y55.9995
G01 X46.9061Y55.9802
G01 X46.9025Y55.9660
G01 X46.8976Y55.9520
G01 X46.8904Y55.9364
G01 X46.8805Y55.9195
G01 X46.8696Y55.9049
G01 X46.8587Y55.8930
G01 X45.3570Y54.3913
G01 X45.3451Y54.3804
G01 X45.3325Y54.3709
G01 X45.3146Y54.3600
G01 X45.3014Y54.3538
G01 X45.2864Y54.3483
G01 X45.2650Y54.3429
G01 X45.2505Y54.3409
G01 X45.2333Y54.3400
G01 X36.8877Y54.3400
G01 X36.8706Y54.3408
G01 X36.8300Y54.3448
G01 X36.7894Y54.3408
G01 X36.7723Y54.3400
G01 X35.2692Y54.3401
G01 X35.2544Y54.3409
G01 X35.2400Y54.3429
G01 X35.2232Y54.3469
G01 X35.2035Y54.3538
G01 X35.1870Y54.3619
G01 X35.1724Y54.3709
G01 X35.1598Y54.3804
G01 X35.1513Y54.3881
G01 X34.9295Y54.5364
G01 X34.6838Y54.6381
G01 X34.4230Y54.6900
G01 X34.1570Y54.6900
G01 X33.8962Y54.6381
G01 X33.6505Y54.5364
G01 X33.4294Y54.3886
G01 X33.2414Y54.2006
G01 X33.0936Y53.9795
G01 X32.9919Y53.7338
G01 X32.9400Y53.4730
G01 X32.9400Y53.2070
G01 X32.9919Y52.9462
G01 X33.0936Y52.7005
G01 X33.2414Y52.4794
G01 X33.4294Y52.2914
G01 X33.6505Y52.1436
G01 X33.8962Y52.0419
G01 X34.1570Y51.9900
G01 X34.4230Y51.9900
G01 X34.6838Y52.0419
G01 X34.9295Y52.1436
G01 X35.1513Y52.2919
G01 X35.1626Y52.3018
G01 X35.1765Y52.3118
G01 X35.1904Y52.3200
G01 X35.2025Y52.3257
G01 X35.2185Y52.3317
G01 X35.2364Y52.3364
G01 X35.2544Y52.3391
G01 X35.2717Y52.3400
G01 X35.6550Y52.3400
G01 X35.6722Y52.3391
G01 X35.6915Y52.3361
G01 X35.7057Y52.3325
G01 X35.7197Y52.3276
G01 X35.7363Y52.3200
G01 X35.7542Y52.3091
G01 X35.7668Y52.2996
G01 X35.7787Y52.2887
G01 X35.7896Y52.2768
G01 X35.7991Y52.2642
G01 X35.8100Y52.2463
G01 X35.8162Y52.2331
G01 X35.8217Y52.2181
G01 X35.8271Y52.1967
G01 X35.8292Y52.1822
G01 X35.8300Y52.1650
G01 X35.8300Y42.5996
G01 X35.8289Y42.5800
G01 X35.8264Y42.5644
G01 X35.8225Y42.5490
G01 X35.8157Y42.5304
G01 X35.8100Y42.5183
G01 X35.8005Y42.5024
G01 X35.7896Y42.4878
G01 X35.7787Y42.4759
G01 X35.7668Y42.4650
G01 X35.7502Y42.4528
G01 X35.7363Y42.4447
G01 X35.7197Y42.4371
G01 X35.7057Y42.4321
G01 X35.6915Y42.4285
G01 X35.6746Y42.4258
G01 X35.6550Y42.4246
G01 X35.6378Y42.4255
G01 X35.6198Y42.4282
G01 X35.6043Y42.4321
G01 X35.5869Y42.4384
G01 X35.5737Y42.4447
G01 X35.5578Y42.4541
G01 X35.5432Y42.4650
G01 X35.5313Y42.4759
G01 X35.5213Y42.4867
G01 X35.5095Y42.5024
G01 X35.5000Y42.5183
G01 X35.4864Y42.5495
G01 X35.3386Y42.7706
G01 X35.1506Y42.9586
G01 X35.1114Y42.9856
G01 X35.0967Y42.9986
G01 X35.0852Y43.0114
G01 X35.0005Y43.1145
G01 X34.9690Y43.1404
G01 X34.9563Y43.1519
G01 X33.4819Y44.6263
G01 X33.4704Y44.6390
G01 X33.4445Y44.6705
G01 X33.2923Y44.7955
G01 X33.1185Y44.8884
G01 X32.9300Y44.9455
G01 X32.7340Y44.9648
G01 X32.6934Y44.9608
G01 X32.6763Y44.9600
G01 X23.6977Y44.9600
G01 X23.6806Y44.9608
G01 X23.6400Y44.9648
G01 X23.4440Y44.9455
G01 X23.2555Y44.8884
G01 X23.0817Y44.7955
G01 X22.9295Y44.6705
G01 X22.9036Y44.6390
G01 X22.8921Y44.6263
G01 X20.9237Y42.6579
G01 X20.9110Y42.6464
G01 X20.8795Y42.6205
G01 X20.7545Y42.4683
G01 X20.6617Y42.2945
G01 X20.6045Y42.1060
G01 X20.5852Y41.9100
G01 X20.5892Y41.8694
G01 X20.5900Y41.8523
G01 X20.5900Y41.4464
G01 X20.5889Y41.4268
G01 X20.5864Y41.4112
G01 X20.5831Y41.3980
G01 X20.5762Y41.3783
G01 X20.5700Y41.3651
G01 X20.5618Y41.3512
G01 X20.4823Y41.2321
G01 X20.3880Y41.0046
G01 X20.3606Y40.8665
G01 X20.3564Y40.8500
G01 X20.3501Y40.8325
G01 X20.3439Y40.8193
G01 X20.3345Y40.8034
G01 X20.3226Y40.7877
G01 X20.3127Y40.7769
G01 X17.7670Y38.2313
G01 X17.7551Y38.2204
G01 X17.7405Y38.2095
G01 X17.7236Y38.1996
G01 X17.7080Y38.1924
G01 X17.6940Y38.1875
G01 X17.6798Y38.1839
G01 X17.6605Y38.1809
G01 X17.6479Y38.1802
G01 X17.3862Y38.1281
G01 X17.1405Y38.0264
G01 X16.9194Y37.8786
G01 X16.7314Y37.6906
G01 X16.5836Y37.4695
G01 X16.4819Y37.2238
G01 X16.4300Y36.9630
G01 X16.4300Y36.6970
G01 X16.4819Y36.4362
G01 X16.5836Y36.1905
G01 X16.7314Y35.9694
G01 X16.9194Y35.7814
G01 X17.1405Y35.6336
G01 X17.3862Y35.5319
G01 X17.6470Y35.4800
G01 X17.9130Y35.4800
G01 X18.1738Y35.5319
G01 X18.4195Y35.6336
G01 X18.6406Y35.7814
G01 X18.8286Y35.9694
G01 X18.9764Y36.1905
G01 X19.0781Y36.4362
G01 X19.1302Y36.6979
G01 X19.1309Y36.7105
G01 X19.1329Y36.7250
G01 X19.1369Y36.7417
G01 X19.1438Y36.7614
G01 X19.1519Y36.7779
G01 X19.1595Y36.7905
G01 X19.1682Y36.8024
G01 X19.1813Y36.8170
G01 X21.7269Y39.3627
G01 X21.7377Y39.3726
G01 X21.7534Y39.3845
G01 X21.7693Y39.3939
G01 X21.7825Y39.4001
G01 X21.8000Y39.4064
G01 X21.8165Y39.4106
G01 X21.9546Y39.4380
G01 X22.1821Y39.5323
G01 X22.3868Y39.6691
G01 X22.5609Y39.8432
G01 X22.6977Y40.0479
G01 X22.7920Y40.2754
G01 X22.8400Y40.5169
G01 X22.8400Y40.7631
G01 X22.7920Y41.0046
G01 X22.6977Y41.2321
G01 X22.6275Y41.3374
G01 X22.6188Y41.3523
G01 X22.6131Y41.3644
G01 X22.6076Y41.3794
G01 X22.6029Y41.3973
G01 X22.6001Y41.4153
G01 X22.5993Y41.4326
G01 X22.6001Y41.4498
G01 X22.6029Y41.4678
G01 X22.6068Y41.4832
G01 X22.6131Y41.5007
G01 X22.6193Y41.5138
G01 X22.6302Y41.5318
G01 X22.6397Y41.5444
G01 X22.6505Y41.5563
G01 X24.0030Y42.9087
G01 X24.0149Y42.9196
G01 X24.0295Y42.9305
G01 X24.0454Y42.9400
G01 X24.0586Y42.9462
G01 X24.0760Y42.9525
G01 X24.0915Y42.9564
G01 X24.1095Y42.9592
G01 X24.1242Y42.9599
G01 X26.2034Y42.9600
G01 X26.2322Y42.9733
G01 X26.3363Y43.0105
G01 X26.4446Y43.0377
G01 X26.5572Y43.0545
G01 X26.6700Y43.0600
G01 X26.7828Y43.0545
G01 X26.8954Y43.0377
G01 X27.0037Y43.0105
G01 X27.1078Y42.9733
G01 X27.1366Y42.9600
G01 X27.9553Y42.9600
G01 X27.9749Y42.9589
G01 X27.9905Y42.9564
G01 X28.0037Y42.9531
G01 X28.0200Y42.9476
G01 X28.0366Y42.9400
G01 X28.0525Y42.9305
G01 X28.0671Y42.9196
G01 X28.0807Y42.9070
G01 X28.0921Y42.8941
G01 X28.1008Y42.8822
G01 X28.1084Y42.8696
G01 X28.1165Y42.8531
G01 X28.1228Y42.8357
G01 X28.1267Y42.8202
G01 X28.1294Y42.8022
G01 X28.1303Y42.7850
G01 X28.1294Y42.7678
G01 X28.1267Y42.7498
G01 X28.1228Y42.7343
G01 X28.1165Y42.7169
G01 X28.1084Y42.7004
G01 X28.0994Y42.6858
G01 X28.0821Y42.6636
G01 X28.0547Y42.6125
G01 X28.0472Y42.5998
G01 X28.0136Y42.5495
G01 X27.9904Y42.4936
G01 X27.9841Y42.4803
G01 X27.9567Y42.4291
G01 X27.9399Y42.3736
G01 X27.9350Y42.3597
G01 X27.9119Y42.3038
G01 X27.9000Y42.2445
G01 X27.8964Y42.2302
G01 X27.8795Y42.1746
G01 X27.8738Y42.1169
G01 X27.8717Y42.1023
G01 X27.8600Y42.0430
G01 X27.8600Y36.6998
G01 X27.8592Y36.6826
G01 X27.8564Y36.6646
G01 X27.8525Y36.6492
G01 X27.8476Y36.6351
G01 X27.8381Y36.6152
G01 X27.8305Y36.6026
G01 X27.8196Y36.5880
G01 X27.8087Y36.5761
G01 X27.7968Y36.5652
G01 X27.7822Y36.5543
G01 X27.7696Y36.5467
G01 X27.7531Y36.5386
G01 X27.7381Y36.5331
G01 X27.7167Y36.5278
G01 X27.7022Y36.5257
G01 X27.6850Y36.5248
G01 X27.6678Y36.5257
G01 X27.6533Y36.5278
G01 X27.6343Y36.5323
G01 X27.6169Y36.5386
G01 X27.6037Y36.5449
G01 X27.5878Y36.5543
G01 X27.5740Y36.5645
G01 X27.4236Y36.6879
G01 X27.1891Y36.8133
G01 X26.9346Y36.8905
G01 X26.6700Y36.9165
G01 X26.4054Y36.8905
G01 X26.1509Y36.8133
G01 X25.9164Y36.6879
G01 X25.7108Y36.5192
G01 X25.5421Y36.3136
G01 X25.4167Y36.0791
G01 X25.3395Y35.8246
G01 X25.3369Y35.7978
G01 X25.3341Y35.7798
G01 X25.3302Y35.7643
G01 X25.3239Y35.7469
G01 X25.3177Y35.7337
G01 X25.3083Y35.7178
G01 X25.2973Y35.7032
G01 X25.2882Y35.6930
G01 X25.2746Y35.6804
G01 X25.2620Y35.6709
G01 X25.2430Y35.6596
G01 X25.2274Y35.6524
G01 X25.2112Y35.6469
G01 X25.1980Y35.6436
G01 X25.1823Y35.6411
G01 X25.1652Y35.6401
G01 X24.0637Y35.6400
G01 X23.8654Y35.6205
G01 X23.6109Y35.5433
G01 X23.3764Y35.4179
G01 X23.1708Y35.2492
G01 X23.0021Y35.0436
G01 X22.8767Y34.8091
G01 X22.7995Y34.5546
G01 X22.7735Y34.2900
G01 X22.7995Y34.0254
G01 X22.8767Y33.7709
G01 X23.0021Y33.5364
G01 X23.1255Y33.3860
G01 X23.1357Y33.3722
G01 X23.1451Y33.3563
G01 X23.1514Y33.3431
G01 X23.1577Y33.3257
G01 X23.1622Y33.3067
G01 X23.1643Y33.2922
G01 X23.1652Y33.2750
G01 X23.1643Y33.2578
G01 X23.1622Y33.2433
G01 X23.1569Y33.2219
G01 X23.1514Y33.2069
G01 X23.1433Y33.1904
G01 X23.1357Y33.1778
G01 X23.1248Y33.1632
G01 X23.1139Y33.1513
G01 X23.1020Y33.1404
G01 X23.0874Y33.1295
G01 X23.0715Y33.1200
G01 X23.0583Y33.1138
G01 X23.0433Y33.1083
G01 X23.0219Y33.1029
G01 X23.0074Y33.1009
G01 X22.9902Y33.1000
G01 X17.6470Y33.1000
G01 X17.5877Y33.0883
G01 X17.5731Y33.0862
G01 X17.5154Y33.0805
G01 X17.4598Y33.0636
G01 X17.4455Y33.0600
G01 X17.3862Y33.0481
G01 X17.3303Y33.0250
G01 X17.3164Y33.0201
G01 X17.2609Y33.0033
G01 X17.2097Y32.9759
G01 X17.1964Y32.9696
G01 X17.1405Y32.9464
G01 X17.0902Y32.9128
G01 X17.0775Y32.9053
G01 X17.0264Y32.8779
G01 X16.9815Y32.8411
G01 X16.9697Y32.8323
G01 X16.9194Y32.7986
G01 X16.8766Y32.7559
G01 X16.8657Y32.7460
G01 X16.8208Y32.7092
G01 X16.7840Y32.6643
G01 X16.7741Y32.6534
G01 X16.7314Y32.6106
G01 X16.6977Y32.5603
G01 X16.6889Y32.5485
G01 X16.6521Y32.5036
G01 X16.6247Y32.4525
G01 X16.6172Y32.4398
G01 X16.5836Y32.3895
G01 X16.5604Y32.3336
G01 X16.5541Y32.3203
G01 X16.5267Y32.2691
G01 X16.5099Y32.2136
G01 X16.5050Y32.1997
G01 X16.4819Y32.1438
G01 X16.4700Y32.0845
G01 X16.4664Y32.0702
G01 X16.4495Y32.0146
G01 X16.4438Y31.9569
G01 X16.4417Y31.9423
G01 X16.4300Y31.8830
G01 X16.4299Y31.8225
G01 X16.4292Y31.8078
G01 X16.4235Y31.7500
G01 X16.4292Y31.6922
G01 X16.4299Y31.6775
G01 X16.4300Y31.6170
G01 X16.4417Y31.5577
G01 X16.4438Y31.5431
G01 X16.4495Y31.4854
G01 X16.4664Y31.4298
G01 X16.4700Y31.4155
G01 X16.4819Y31.3562
G01 X16.5050Y31.3003
G01 X16.5099Y31.2864
G01 X16.5267Y31.2309
G01 X16.5541Y31.1797
G01 X16.5604Y31.1664
G01 X16.5836Y31.1105
G01 X16.6172Y31.0602
G01 X16.6247Y31.0475
G01 X16.6521Y30.9964
G01 X16.6889Y30.9515
G01 X16.6977Y30.9397
G01 X16.7314Y30.8894
G01 X16.7741Y30.8466
G01 X16.7840Y30.8357
G01 X16.8208Y30.7908
G01 X16.8657Y30.7540
G01 X16.8766Y30.7441
G01 X16.9194Y30.7014
G01 X16.9677Y30.6691
G01 X16.9813Y30.6591
G01 X17.0418Y30.6094
G01 X17.0528Y30.5995
G01 X17.0637Y30.5876
G01 X17.0731Y30.5750
G01 X17.0822Y30.5604
G01 X17.0917Y30.5405
G01 X17.0966Y30.5264
G01 X17.1006Y30.5109
G01 X17.1033Y30.4929
G01 X17.1041Y30.4782
G01 X17.1033Y30.4585
G01 X17.1013Y30.4440
G01 X17.0967Y30.4250
G01 X17.0918Y30.4110
G01 X17.0842Y30.3944
G01 X17.0747Y30.3785
G01 X17.0638Y30.3638
G01 X17.0546Y30.3537
G01 X17.0410Y30.3410
G01 X17.0264Y30.3301
G01 X16.9194Y30.2586
G01 X16.7314Y30.0706
G01 X16.5836Y29.8495
G01 X16.4819Y29.6038
G01 X16.4300Y29.3430
G01 X16.4300Y29.0770
G01 X16.4819Y28.8162
G01 X16.5836Y28.5705
G01 X16.7241Y28.3603
G01 X16.7317Y28.3477
G01 X16.7398Y28.3313
G01 X16.7461Y28.3138
G01 X16.7500Y28.2983
G01 X16.7527Y28.2803
G01 X16.7536Y28.2631
G01 X16.7527Y28.2459
G01 X16.7500Y28.2279
G01 X16.7467Y28.2147
G01 X16.7412Y28.1984
G01 X16.7340Y28.1828
G01 X16.7227Y28.1639
G01 X16.7132Y28.1513
G01 X16.7023Y28.1394
G01 X16.6904Y28.1285
G01 X16.6758Y28.1176
G01 X16.6599Y28.1082
G01 X16.6467Y28.1019
G01 X16.6292Y28.0956
G01 X16.6138Y28.0917
G01 X16.5958Y28.0890
G01 X16.5761Y28.0882
G01 X16.5614Y28.0890
G01 X16.5469Y28.0911
G01 X16.5279Y28.0956
G01 X16.5104Y28.1019
G01 X16.4940Y28.1100
G01 X16.4814Y28.1176
G01 X16.4695Y28.1263
G01 X16.4548Y28.1394
G01 X13.7513Y30.8430
G01 X13.7404Y30.8549
G01 X13.7309Y30.8675
G01 X13.7200Y30.8854
G01 X13.7138Y30.8986
G01 X13.7083Y30.9136
G01 X13.7036Y30.9315
G01 X13.7009Y30.9495
G01 X13.7000Y30.9667
G01 X13.7000Y42.3463
G01 X13.7008Y42.3634
G01 X13.7048Y42.4040
G01 X13.6855Y42.6000
G01 X13.6284Y42.7885
G01 X13.5355Y42.9623
G01 X13.4105Y43.1145
G01 X13.3790Y43.1404
G01 X13.3663Y43.1519
G01 X8.0819Y48.4363
G01 X8.0704Y48.4490
G01 X8.0445Y48.4805
G01 X7.8923Y48.6055
G01 X7.7185Y48.6984
G01 X7.6822Y48.7101
G01 X7.6656Y48.7177
G01 X7.6477Y48.7285
G01 X7.6351Y48.7380
G01 X7.6231Y48.7489
G01 X7.6123Y48.7608
G01 X7.6028Y48.7734
G01 X7.5919Y48.7913
G01 X7.5852Y48.8057
G01 X7.5464Y48.8995
G01 X7.3986Y49.1206
G01 X7.2106Y49.3086
G01 X7.0970Y49.3845
G01 X7.0852Y49.3932
G01 X7.0688Y49.4080
G01 X7.0597Y49.4182
G01 X7.0487Y49.4328
G01 X7.0393Y49.4487
G01 X7.0336Y49.4608
G01 X7.0267Y49.4793
G01 X7.0228Y49.4948
G01 X7.0204Y49.5104
G01 X7.0192Y49.5300
G01 X7.0204Y49.5496
G01 X7.0228Y49.5652
G01 X7.0267Y49.5807
G01 X7.0336Y49.5992
G01 X7.0393Y49.6113
G01 X7.0487Y49.6272
G01 X7.0597Y49.6418
G01 X7.0688Y49.6520
G01 X7.0852Y49.6668
G01 X7.0970Y49.6755
G01 X7.2106Y49.7514
G01 X7.3986Y49.9394
G01 X7.5464Y50.1605
G01 X7.6481Y50.4062
G01 X7.7000Y50.6670
G01 X7.7000Y50.9330
G01 X7.6481Y51.1938
G01 X7.5464Y51.4395
G01 X7.3986Y51.6606
G01 X7.2106Y51.8486
G01 X6.9895Y51.9964
G01 X6.7438Y52.0981
G01 X6.4830Y52.1500
G01 X6.2170Y52.1500
G01 X5.9562Y52.0981
G01 X5.7105Y51.9964
G01 X5.4894Y51.8486
G01 X5.3014Y51.6606
G01 X5.1536Y51.4395
G01 X5.0519Y51.1938
G01 X5.0000Y50.9330
G01 X5.0000Y50.6670
G01 X5.0519Y50.4062
G01 X5.1536Y50.1605
G01 X5.3014Y49.9394
G01 X5.4894Y49.7514
G01 X5.6050Y49.6741
G01 X5.6176Y49.6646
G01 X5.6277Y49.6554
G01 X5.6404Y49.6418
G01 X5.6513Y49.6272
G01 X5.6589Y49.6146
G01 X5.6683Y49.5947
G01 X5.6733Y49.5807
G01 X5.6772Y49.5652
G01 X5.6799Y49.5472
G01 X5.6807Y49.5325
G01 X5.6799Y49.5128
G01 X5.6778Y49.4983
G01 X5.6725Y49.4769
G01 X5.6669Y49.4619
G01 X5.6607Y49.4487
G01 X5.6513Y49.4328
G01 X5.6404Y49.4182
G01 X5.6277Y49.4046
G01 X5.6176Y49.3954
G01 X5.6050Y49.3859
G01 X5.4894Y49.3086
G01 X5.3014Y49.1206
G01 X5.1536Y48.8995
G01 X5.0519Y48.6538
G01 X5.0000Y48.3930
G01 X5.0000Y48.1270
G01 X5.0519Y47.8662
G01 X5.1536Y47.6205
G01 X5.3014Y47.3994
G01 X5.4894Y47.2114
G01 X5.6050Y47.1341
G01 X5.6176Y47.1246
G01 X5.6277Y47.1154
G01 X5.6404Y47.1018
G01 X5.6513Y47.0872
G01 X5.6589Y47.0746
G01 X5.6683Y47.0547
G01 X5.6733Y47.0407
G01 X5.6772Y47.0252
G01 X5.6799Y47.0072
G01 X5.6807Y46.9925
G01 X5.6799Y46.9728
G01 X5.6778Y46.9583
G01 X5.6733Y46.9393
G01 X5.6683Y46.9253
G01 X5.6607Y46.9087
G01 X5.6513Y46.8928
G01 X5.6404Y46.8782
G01 X5.6312Y46.8680
G01 X5.6176Y46.8554
G01 X5.6030Y46.8445
G01 X5.4894Y46.7686
G01 X5.3014Y46.5806
G01 X5.1536Y46.3595
G01 X5.0519Y46.1138
G01 X5.0000Y45.8530
G01 X5.0000Y45.5870
G01 X5.0519Y45.3262
G01 X5.1536Y45.0805
G01 X5.3014Y44.8594
G01 X5.4894Y44.6714
G01 X5.7105Y44.5236
G01 X5.9562Y44.4219
G01 X6.2170Y44.3700
G01 X6.4830Y44.3700
G01 X6.7521Y44.4235
G01 X6.7690Y44.4260
G01 X6.7838Y44.4268
G01 X6.8035Y44.4260
G01 X6.8180Y44.4240
G01 X6.8394Y44.4186
G01 X6.8544Y44.4131
G01 X6.8675Y44.4069
G01 X6.8834Y44.3974
G01 X6.8953Y44.3887
G01 X6.9100Y44.3756
G01 X9.9487Y41.3369
G01 X9.9596Y41.3250
G01 X9.9691Y41.3124
G01 X9.9800Y41.2944
G01 X9.9862Y41.2813
G01 X9.9917Y41.2663
G01 X9.9964Y41.2484
G01 X9.9991Y41.2304
G01 X10.0000Y41.2131
G01 X10.0000Y29.8335
G01 X9.9991Y29.8164
G01 X9.9952Y29.7758
G01 X10.0145Y29.5798
G01 X10.0716Y29.3913
G01 X10.1645Y29.2176
G01 X10.2895Y29.0653
G01 X10.3210Y29.0394
G01 X10.3337Y29.0279
G01 X15.8979Y23.4637
G01 X15.9094Y23.4510
G01 X15.9353Y23.4195
G01 X16.0876Y23.2945
G01 X16.2613Y23.2017
G01 X16.4498Y23.1445
G01 X16.6458Y23.1252
G01 X16.7011Y23.1299
G01 X16.7983Y23.1300
G01 X16.8156Y23.1291
G01 X16.8300Y23.1271
G01 X16.8515Y23.1217
G01 X16.8665Y23.1162
G01 X16.8786Y23.1104
G01 X16.8955Y23.1005
G01 X16.9102Y23.0896
G01 X16.9187Y23.0819
G01 X17.1405Y22.9336
G01 X17.3862Y22.8319
G01 X17.6470Y22.7800
G01 X17.9130Y22.7800
G01 X18.1259Y22.8224
G01 X18.1404Y22.8246
G01 X18.1600Y22.8257
G01 X18.1772Y22.8249
G01 X18.1952Y22.8221
G01 X18.2107Y22.8182
G01 X18.2292Y22.8114
G01 X18.2413Y22.8057
G01 X18.2572Y22.7962
G01 X18.2719Y22.7853
G01 X18.2820Y22.7761
G01 X18.2968Y22.7598
G01 X18.3056Y22.7479
G01 X18.3150Y22.7320
G01 X18.3212Y22.7189
G01 X18.3267Y22.7038
G01 X18.3321Y22.6824
G01 X18.3342Y22.6679
G01 X18.3350Y22.6507
G01 X18.3342Y22.6335
G01 X18.3314Y22.6155
G01 X18.3275Y22.6001
G01 X18.3212Y22.5826
G01 X18.3150Y22.5694
G01 X18.3056Y22.5535
G01 X18.2946Y22.5389
G01 X18.2855Y22.5287
G01 X17.4637Y21.7069
G01 X17.4510Y21.6954
G01 X17.4195Y21.6695
G01 X17.2945Y21.5172
G01 X17.2016Y21.3435
G01 X17.1445Y21.1550
G01 X17.1252Y20.9590
G01 X17.1292Y20.9184
G01 X17.1300Y20.9013
G01 X17.1300Y18.4650
G01 X17.1288Y18.4454
G01 X17.1264Y18.4298
G01 X17.1225Y18.4143
G01 X17.1157Y18.3958
G01 X17.1100Y18.3837
G01 X17.1018Y18.3698
G01 X17.0896Y18.3532
G01 X17.0787Y18.3413
G01 X17.0668Y18.3304
G01 X17.0522Y18.3195
G01 X17.0363Y18.3100
G01 X17.0231Y18.3038
G01 X17.0056Y18.2975
G01 X16.9902Y18.2936
G01 X16.9722Y18.2909
G01 X16.9574Y18.2901
G01 X16.8537Y18.2900
G01 X16.8366Y18.2908
G01 X16.7960Y18.2948
G01 X16.6000Y18.2755
G01 X16.4115Y18.2184
G01 X16.2377Y18.1255
G01 X16.0855Y18.0005
G01 X16.0596Y17.9690
G01 X16.0481Y17.9563
G01 X15.0637Y16.9719
G01 X15.0510Y16.9604
G01 X15.0195Y16.9345
G01 X14.8945Y16.7823
G01 X14.8017Y16.6085
G01 X14.7899Y16.5722
G01 X14.7823Y16.5556
G01 X14.7715Y16.5377
G01 X14.7620Y16.5251
G01 X14.7511Y16.5131
G01 X14.7392Y16.5023
G01 X14.7266Y16.4928
G01 X14.7087Y16.4819
G01 X14.6943Y16.4752
G01 X14.6005Y16.4364
G01 X14.3794Y16.2886
G01 X14.1914Y16.1006
G01 X14.0436Y15.8795
G01 X13.9419Y15.6338
G01 X13.8900Y15.3730
G01 X13.8900Y15.1070
G01 X13.9419Y14.8462
G01 X14.0436Y14.6005
G01 X14.1914Y14.3794
G01 X14.3794Y14.1914
G01 X14.6005Y14.0436
G01 X14.8462Y13.9419
G01 X15.1070Y13.8900
G01 X15.3730Y13.8900
G01 X15.6338Y13.9419
G01 X15.8795Y14.0436
G01 X16.0917Y14.1854
G01 X16.1056Y14.1935
G01 X16.1187Y14.1998
G01 X16.1385Y14.2067
G01 X16.1517Y14.2100
G01 X16.1673Y14.2124
G01 X16.1869Y14.2136
G01 X16.2065Y14.2124
G01 X16.2221Y14.2100
G01 X16.2375Y14.2061
G01 X16.2561Y14.1993
G01 X16.2682Y14.1935
G01 X16.2841Y14.1841
G01 X16.2998Y14.1723
G01 X16.3106Y14.1623
G01 X16.3215Y14.1504
G01 X16.3324Y14.1358
G01 X16.3400Y14.1232
G01 X16.3495Y14.1033
G01 X16.3544Y14.0892
G01 X16.3583Y14.0738
G01 X16.3610Y14.0558
G01 X16.3618Y14.0410
G01 X16.3607Y14.0190
G01 X16.3583Y14.0034
G01 X16.3544Y13.9879
G01 X16.3481Y13.9704
G01 X16.3423Y13.9583
G01 X16.3310Y13.9394
G01 X16.3215Y13.9267
G01 X16.3106Y13.9148
G01 X15.7971Y13.4013
G01 X15.7851Y13.3904
G01 X15.7705Y13.3795
G01 X15.7579Y13.3719
G01 X15.7380Y13.3624
G01 X15.7240Y13.3575
G01 X15.7085Y13.3536
G01 X15.6905Y13.3509
G01 X15.6733Y13.3500
G01 X7.6328Y13.3500
G01 X7.6181Y13.3507
G01 X7.5963Y13.3539
G01 X7.5822Y13.3575
G01 X7.5647Y13.3638
G01 X7.5516Y13.3700
G01 X7.5377Y13.3782
G01 X7.5210Y13.3904
G01 X7.5074Y13.4030
G01 X7.4983Y13.4132
G01 X7.4888Y13.4258
G01 X7.3986Y13.5606
G01 X7.2106Y13.7486
G01 X6.9895Y13.8964
G01 X6.7438Y13.9981
G01 X6.4830Y14.0500
G01 X6.2170Y14.0500
G01 X5.9562Y13.9981
G01 X5.7105Y13.8964
G01 X5.4894Y13.7486
G01 X5.3014Y13.5606
G01 X5.1536Y13.3395
G01 X5.0519Y13.0938
G01 X5.0000Y12.8330
G01 X5.0000Y12.5670
G01 X5.0519Y12.3062
G01 X5.1536Y12.0605
G01 X5.3014Y11.8394
G01 X5.4894Y11.6514
G01 X5.6050Y11.5741
G00 Z3.0000
G00 X7.4078Y13.1500
G01 Z-0.2000
G01 X7.3648Y13.2409
G01 X7.3062Y13.3389
G01 X7.2383Y13.4304
G01 X7.1632Y13.5132
G01 X7.0804Y13.5883
G01 X6.9889Y13.6562
G01 X6.8909Y13.7148
G01 X6.7913Y13.7620
G01 X6.6837Y13.8005
G01 X6.5754Y13.8277
G01 X6.4628Y13.8445
G01 X6.3500Y13.8500
G01 X6.2372Y13.8445
G01 X6.1246Y13.8277
G01 X6.0163Y13.8005
G01 X5.9087Y13.7620
G01 X5.8091Y13.7148
G01 X5.7111Y13.6562
G01 X5.6196Y13.5883
G01 X5.5368Y13.5132
G01 X5.4617Y13.4304
G01 X5.3938Y13.3389
G01 X5.3352Y13.2409
G01 X5.2880Y13.1413
G01 X5.2495Y13.0337
G01 X5.2223Y12.9254
G01 X5.2055Y12.8128
G01 X5.2000Y12.7000
G01 X5.2055Y12.5872
G01 X5.2223Y12.4746
G01 X5.2495Y12.3663
G01 X5.2880Y12.2587
G01 X5.3352Y12.1591
G01 X5.3925Y12.0632
G01 X5.4617Y11.9696
G01 X5.5386Y11.8851
G01 X5.6196Y11.8117
G01 X5.7091Y11.7452
G01 X5.8091Y11.6852
G01 X5.9122Y11.6367
G01 X6.0163Y11.5995
G01 X6.1233Y11.5726
G01 X6.2397Y11.5554
G01 X6.3525Y11.5501
G01 X6.4628Y11.5555
G01 X6.5384Y11.5667
G01 X6.5463Y11.5650
G01 X6.6215Y11.5539
G01 X6.7000Y11.5500
G01 X16.1600Y11.5500
G01 X16.2385Y11.5539
G01 X16.3172Y11.5656
G01 X16.3946Y11.5852
G01 X16.4673Y11.6114
G01 X16.5359Y11.6438
G01 X16.6065Y11.6862
G01 X16.6683Y11.7323
G01 X16.7239Y11.7826
G01 X18.3457Y13.4043
G01 X18.3977Y13.4617
G01 X18.4452Y13.5256
G01 X18.4862Y13.5941
G01 X18.5186Y13.6627
G01 X18.5456Y13.7379
G01 X18.5650Y13.8163
G01 X18.5761Y13.8915
G01 X18.5799Y13.9675
G01 X18.5800Y14.4148
G01 X18.5949Y14.4286
G01 X18.6705Y14.5124
G01 X18.7362Y14.6011
G01 X18.7948Y14.6991
G01 X18.8433Y14.8022
G01 X18.8805Y14.9063
G01 X18.9074Y15.0133
G01 X18.9245Y15.1272
G01 X18.9300Y15.2400
G01 X18.9245Y15.3528
G01 X18.9077Y15.4654
G01 X18.8797Y15.5762
G01 X18.8420Y15.6813
G01 X18.7953Y15.7799
G01 X18.7362Y15.8789
G01 X18.6683Y15.9704
G01 X18.5914Y16.0549
G01 X18.5104Y16.1283
G01 X18.4209Y16.1948
G01 X18.3209Y16.2548
G01 X18.2178Y16.3033
G01 X18.1115Y16.3411
G01 X18.0054Y16.3677
G01 X17.8952Y16.3842
G01 X17.7800Y16.3900
G01 X17.6648Y16.3842
G01 X17.5546Y16.3677
G01 X17.4485Y16.3411
G01 X17.3387Y16.3020
G01 X17.2358Y16.2530
G01 X17.1411Y16.1962
G01 X17.0524Y16.1305
G01 X16.9668Y16.0532
G01 X16.8917Y15.9704
G01 X16.8238Y15.8789
G01 X16.7647Y15.7799
G01 X16.7180Y15.6813
G01 X16.6789Y15.5715
G01 X16.6523Y15.4654
G01 X16.6358Y15.3552
G01 X16.6301Y15.2425
G01 X16.6355Y15.1272
G01 X16.6523Y15.0146
G01 X16.6795Y14.9063
G01 X16.7167Y14.8022
G01 X16.7652Y14.6991
G01 X16.8238Y14.6011
G01 X16.8917Y14.5096
G01 X16.9651Y14.4286
G01 X16.9800Y14.4148
G01 X16.9800Y14.3014
G01 X15.8286Y13.1500
G01 X7.4078Y13.1500
G00 Z3.0000
G00 X11.6970Y9.8500
G01 Z-0.2000
G01 X11.7304Y9.7570
G01 X11.7752Y9.6629
G01 X11.8269Y9.5767
G01 X11.8868Y9.4958
G01 X11.9000Y9.4809
G01 X11.9000Y7.1752
G01 X11.8851Y7.1614
G01 X11.8117Y7.0804
G01 X11.7425Y6.9868
G01 X11.6852Y6.8909
G01 X11.6385Y6.7923
G01 X11.5989Y6.6815
G01 X11.5723Y6.5754
G01 X11.5558Y6.4652
G01 X11.5500Y6.3500
G01 X11.5558Y6.2348
G01 X11.5723Y6.1246
G01 X11.5995Y6.0163
G01 X11.6380Y5.9087
G01 X11.6852Y5.8091
G01 X11.7438Y5.7111
G01 X11.8117Y5.6196
G01 X11.8868Y5.5368
G01 X11.9696Y5.4617
G01 X12.0611Y5.3938
G01 X12.1591Y5.3352
G01 X12.2587Y5.2880
G01 X12.3663Y5.2495
G01 X12.4746Y5.2223
G01 X12.5872Y5.2055
G01 X12.7000Y5.2000
G01 X12.8128Y5.2055
G01 X12.9254Y5.2223
G01 X13.0337Y5.2495
G01 X13.1423Y5.2885
G01 X13.2409Y5.3352
G01 X13.3389Y5.3938
G01 X13.4304Y5.4617
G01 X13.5114Y5.5351
G01 X13.5905Y5.6224
G01 X13.6562Y5.7111
G01 X13.7130Y5.8058
G01 X13.7633Y5.9122
G01 X13.8005Y6.0163
G01 X13.8277Y6.1246
G01 X13.8445Y6.2372
G01 X13.8499Y6.3475
G01 X13.8445Y6.4628
G01 X13.8277Y6.5754
G01 X13.8005Y6.6837
G01 X13.7620Y6.7913
G01 X13.7148Y6.8909
G01 X13.6562Y6.9889
G01 X13.5883Y7.0804
G01 X13.5149Y7.1614
G01 X13.5000Y7.1752
G01 X13.5000Y9.4809
G01 X13.5132Y9.4958
G01 X13.5731Y9.5767
G01 X13.6266Y9.6662
G01 X13.6696Y9.7570
G01 X13.7048Y9.8553
G01 X13.7296Y9.9541
G01 X13.7449Y10.0570
G01 X13.7500Y10.1600
G01 X13.7449Y10.2630
G01 X13.7296Y10.3659
G01 X13.7040Y10.4671
G01 X13.6691Y10.5641
G01 X13.6266Y10.6538
G01 X13.5744Y10.7413
G01 X13.5110Y10.8269
G01 X13.4425Y10.9025
G01 X13.3669Y10.9710
G01 X13.2833Y11.0331
G01 X13.1928Y11.0871
G01 X13.1030Y11.1296
G01 X13.0071Y11.1640
G01 X12.9059Y11.1896
G01 X12.8054Y11.2046
G01 X12.7855Y11.2059
G01 X12.7739Y11.2174
G01 X12.7183Y11.2677
G01 X12.6544Y11.3152
G01 X12.5859Y11.3562
G01 X12.5173Y11.3886
G01 X12.4421Y11.4156
G01 X12.3685Y11.4341
G01 X12.2860Y11.4463
G01 X12.2100Y11.4500
G01 X6.8400Y11.4500
G01 X6.7615Y11.4461
G01 X6.6815Y11.4341
G01 X6.6079Y11.4156
G01 X6.5361Y11.3900
G01 X6.4641Y11.3562
G01 X6.3976Y11.3165
G01 X6.3862Y11.3083
G01 X6.3475Y11.3099
G01 X6.2348Y11.3042
G01 X6.1246Y11.2877
G01 X6.0138Y11.2597
G01 X5.9087Y11.2220
G01 X5.8091Y11.1748
G01 X5.7111Y11.1162
G01 X5.6224Y11.0505
G01 X5.5368Y10.9732
G01 X5.4617Y10.8904
G01 X5.3938Y10.7989
G01 X5.3352Y10.7009
G01 X5.2880Y10.6013
G01 X5.2495Y10.4937
G01 X5.2223Y10.3854
G01 X5.2054Y10.2703
G01 X5.2000Y10.1600
G01 X5.2055Y10.0472
G01 X5.2223Y9.9346
G01 X5.2495Y9.8263
G01 X5.2880Y9.7187
G01 X5.3352Y9.6191
G01 X5.3938Y9.5211
G01 X5.4617Y9.4296
G01 X5.5368Y9.3468
G01 X5.6196Y9.2717
G01 X5.7111Y9.2038
G01 X5.8091Y9.1452
G01 X5.9087Y9.0980
G01 X6.0163Y9.0595
G01 X6.1246Y9.0323
G01 X6.2397Y9.0154
G01 X6.3500Y9.0100
G01 X6.4628Y9.0155
G01 X6.5754Y9.0323
G01 X6.6815Y9.0589
G01 X6.7923Y9.0985
G01 X6.8909Y9.1452
G01 X6.9889Y9.2038
G01 X7.0804Y9.2717
G01 X7.1632Y9.3468
G01 X7.2383Y9.4296
G01 X7.3048Y9.5191
G01 X7.3648Y9.6191
G01 X7.4120Y9.7187
G01 X7.4497Y9.8238
G01 X7.4565Y9.8500
G01 X11.6970Y9.8500
G00 Z3.0000
G00 X12.8214Y11.3900
G01 Z-0.2000
G01 X12.8560Y11.3589
G01 X12.9406Y11.3458
G01 X13.0506Y11.3181
G01 X13.1534Y11.2816
G01 X13.1680Y11.2758
G01 X13.2653Y11.2298
G01 X13.2794Y11.2220
G01 X13.3635Y11.1716
G01 X13.3807Y11.1601
G01 X13.4711Y11.0925
G01 X13.5481Y11.0227
G01 X13.5627Y11.0081
G01 X13.6286Y10.9354
G01 X13.6417Y10.9195
G01 X13.7062Y10.8321
G01 X13.7620Y10.7394
G01 X13.7698Y10.7253
G01 X13.8137Y10.6325
G01 X13.8216Y10.6134
G01 X13.8581Y10.5106
G01 X13.8845Y10.4061
G01 X13.8885Y10.3859
G01 X13.9041Y10.2789
G01 X13.9100Y10.1600
G01 X13.9041Y10.0411
G01 X13.8858Y9.9194
G01 X13.8581Y9.8094
G01 X13.8216Y9.7066
G01 X13.8158Y9.6920
G01 X13.7718Y9.5988
G01 X13.7620Y9.5806
G01 X13.7062Y9.4879
G01 X13.6600Y9.4252
G01 X13.6600Y7.2395
G01 X13.7098Y7.1845
G01 X13.7833Y7.0862
G01 X13.7947Y7.0691
G01 X13.8502Y6.9765
G01 X13.8579Y6.9625
G01 X13.9061Y6.8607
G01 X13.9140Y6.8417
G01 X13.9538Y6.7297
G01 X13.9700Y6.6658
G01 X13.9862Y6.7297
G01 X14.0260Y6.8417
G01 X14.0339Y6.8607
G01 X14.0821Y6.9625
G01 X14.0898Y6.9765
G01 X14.1453Y7.0691
G01 X14.1567Y7.0862
G01 X14.2302Y7.1845
G01 X14.2800Y7.2395
G01 X14.2800Y8.8900
G01 X14.2839Y8.9738
G01 X14.2859Y8.9943
G01 X14.2994Y9.0819
G01 X14.3212Y9.1681
G01 X14.3494Y9.2478
G01 X14.3552Y9.2623
G01 X14.3907Y9.3375
G01 X14.3984Y9.3515
G01 X14.4363Y9.4146
G01 X14.4477Y9.4318
G01 X14.5008Y9.5025
G01 X14.5612Y9.5688
G01 X16.4183Y11.4260
G01 X16.3519Y11.4094
G01 X16.2643Y11.3959
G01 X16.2438Y11.3939
G01 X16.1600Y11.3900
G01 X12.8214Y11.3900
G00 Z3.0000
G00 X13.2828Y11.3100
G01 Z-0.2000
G01 X13.3011Y11.3013
G01 X13.3205Y11.2907
G01 X13.4164Y11.2328
G01 X13.5071Y11.1659
G01 X13.5231Y11.1532
G01 X13.6122Y11.0722
G01 X13.6879Y10.9891
G01 X13.7059Y10.9671
G01 X13.7644Y10.8883
G01 X13.7802Y10.8647
G01 X13.8307Y10.7805
G01 X13.8413Y10.7611
G01 X13.8860Y10.6667
G01 X13.8969Y10.6404
G01 X13.9347Y10.5336
G01 X13.9621Y10.4256
G01 X13.9676Y10.3976
G01 X13.9837Y10.2869
G01 X13.9900Y10.1600
G01 X13.9837Y10.0331
G01 X13.9676Y9.9224
G01 X13.9639Y9.9020
G01 X13.9347Y9.7864
G01 X13.8969Y9.6796
G01 X13.8889Y9.6595
G01 X13.8441Y9.5646
G01 X13.8307Y9.5395
G01 X13.7728Y9.4436
G01 X13.7400Y9.3988
G01 X13.7400Y7.2704
G01 X13.7705Y7.2366
G01 X13.7832Y7.2206
G01 X13.8559Y7.1220
G01 X13.9189Y7.0176
G01 X13.9295Y6.9982
G01 X13.9700Y6.9128
G01 X14.0105Y6.9982
G01 X14.0211Y7.0176
G01 X14.0841Y7.1220
G01 X14.1568Y7.2206
G01 X14.1695Y7.2366
G01 X14.2000Y7.2704
G01 X14.2000Y8.8900
G01 X14.2040Y8.9777
G01 X14.2068Y9.0061
G01 X14.2176Y9.0789
G01 X14.2213Y9.0992
G01 X14.2445Y9.1910
G01 X14.2740Y9.2747
G01 X14.2821Y9.2948
G01 X14.3192Y9.3732
G01 X14.3298Y9.3926
G01 X14.3677Y9.4558
G01 X14.3835Y9.4794
G01 X14.4273Y9.5385
G01 X14.4401Y9.5545
G01 X14.5046Y9.6254
G01 X16.1904Y11.3112
G01 X16.1600Y11.3100
G01 X13.2828Y11.3100
G00 Z3.0000
G00 X16.2195Y14.3720
G01 Z-0.2000
G01 X16.2421Y14.3689
G01 X16.2742Y14.3619
G01 X16.3055Y14.3518
G01 X16.3245Y14.3439
G01 X16.3538Y14.3290
G01 X16.3728Y14.3173
G01 X16.4029Y14.2947
G01 X16.4238Y14.2755
G01 X16.4430Y14.2546
G01 X16.4656Y14.2245
G01 X16.4773Y14.2055
G01 X16.4922Y14.1762
G01 X16.5001Y14.1572
G01 X16.5102Y14.1259
G01 X16.5172Y14.0938
G01 X16.5205Y14.0682
G01 X16.8118Y14.3595
G01 X16.7702Y14.4055
G01 X16.6967Y14.5038
G01 X16.6853Y14.5209
G01 X16.6298Y14.6135
G01 X16.6221Y14.6275
G01 X16.5739Y14.7293
G01 X16.5660Y14.7483
G01 X16.5262Y14.8603
G01 X16.5100Y14.9242
G01 X16.4938Y14.8603
G01 X16.4540Y14.7483
G01 X16.4461Y14.7293
G01 X16.3979Y14.6275
G01 X16.3902Y14.6135
G01 X16.3293Y14.5124
G01 X16.2590Y14.4171
G01 X16.2498Y14.4055
G01 X16.2195Y14.3720
G00 Z3.0000
G00 X16.3582Y14.4165
G01 Z-0.2000
G01 X16.3755Y14.4082
G01 X16.3949Y14.3976
G01 X16.4172Y14.3838
G01 X16.4389Y14.3681
G01 X16.4549Y14.3554
G01 X16.4803Y14.3320
G01 X16.5037Y14.3066
G01 X16.5238Y14.2808
G01 X16.5321Y14.2689
G01 X16.5459Y14.2466
G01 X16.5597Y14.2205
G01 X16.7020Y14.3628
G01 X16.6325Y14.4561
G01 X16.6166Y14.4798
G01 X16.5611Y14.5724
G01 X16.5505Y14.5918
G01 X16.5100Y14.6772
G01 X16.4695Y14.5918
G01 X16.4589Y14.5724
G01 X16.3959Y14.4680
G01 X16.3582Y14.4165
G00 Z3.0000
G00 X17.4028Y16.4100
G01 Z-0.2000
G01 X17.1605Y16.4100
G01 X16.6100Y15.8595
G01 X16.6100Y15.6500
G01 X16.6083Y15.6125
G01 X16.6449Y15.7137
G01 X16.6924Y15.8141
G01 X16.6984Y15.8254
G01 X16.7539Y15.9180
G01 X16.7610Y15.9286
G01 X16.8310Y16.0224
G01 X16.9103Y16.1097
G01 X16.9976Y16.1890
G01 X17.0914Y16.2590
G01 X17.1020Y16.2661
G01 X17.1946Y16.3216
G01 X17.2059Y16.3276
G01 X17.3063Y16.3751
G01 X17.4028Y16.4100
G00 Z3.0000
G00 X18.7900Y16.4863
G01 Z-0.2000
G01 X18.7075Y16.4251
G01 X18.6326Y16.3798
G01 X18.6202Y16.3728
G01 X18.5983Y16.3620
G01 X18.6506Y16.3232
G01 X18.6666Y16.3105
G01 X18.7526Y16.2327
G01 X18.7629Y16.2229
G01 X18.7900Y16.1935
G01 X18.7900Y16.4863
G00 Z3.0000
G00 X18.8700Y16.6785
G01 Z-0.2000
G01 X18.8088Y16.6112
G01 X18.7468Y16.5546
G01 X18.7309Y16.5416
G01 X18.6633Y16.4918
G01 X18.5915Y16.4484
G01 X18.5733Y16.4387
G01 X18.4973Y16.4031
G01 X18.4273Y16.3777
G01 X18.5076Y16.3293
G01 X18.6029Y16.2590
G01 X18.6189Y16.2459
G01 X18.6988Y16.1734
G01 X18.7134Y16.1588
G01 X18.7898Y16.0745
G01 X18.7990Y16.0629
G01 X18.8700Y15.9666
G01 X18.8700Y16.6785
G00 Z3.0000
G00 X18.9500Y15.6172
G01 Z-0.2000
G01 X18.9500Y16.9723
G01 X18.9417Y16.9502
G01 X18.9090Y16.8809
G01 X18.9029Y16.8696
G01 X18.8617Y16.8011
G01 X18.8102Y16.7317
G01 X18.7566Y16.6724
G01 X18.7476Y16.6633
G01 X18.6883Y16.6098
G01 X18.6241Y16.5620
G01 X18.6135Y16.5549
G01 X18.5504Y16.5171
G01 X18.5391Y16.5110
G01 X18.4667Y16.4770
G01 X18.3854Y16.4479
G01 X18.3079Y16.4283
G01 X18.2954Y16.4258
G01 X18.2164Y16.4143
G01 X18.1543Y16.4110
G01 X18.2538Y16.3751
G01 X18.3541Y16.3276
G01 X18.3654Y16.3216
G01 X18.4580Y16.2661
G01 X18.4686Y16.2590
G01 X18.5624Y16.1890
G01 X18.6497Y16.1097
G01 X18.7290Y16.0224
G01 X18.7990Y15.9286
G01 X18.8061Y15.9180
G01 X18.8616Y15.8254
G01 X18.8676Y15.8141
G01 X18.9151Y15.7137
G01 X18.9500Y15.6172
G00 Z3.0000
G00 X18.8700Y14.5134
G01 Z-0.2000
G01 X18.7990Y14.4171
G01 X18.7898Y14.4055
G01 X18.7400Y14.3505
G01 X18.7400Y13.9700
G01 X18.7361Y13.8862
G01 X18.7341Y13.8657
G01 X18.7233Y13.7929
G01 X18.7193Y13.7727
G01 X18.7040Y13.7117
G01 X18.8700Y13.8776
G01 X18.8700Y14.5134
G00 Z3.0000
G00 X16.2321Y17.8573
G01 Z-0.2000
G01 X15.1643Y16.7897
G01 X15.1123Y16.7323
G01 X15.0635Y16.6664
G01 X15.0238Y16.5999
G01 X14.9914Y16.5313
G01 X14.9644Y16.4561
G01 X14.9456Y16.3812
G01 X14.9407Y16.3492
G01 X14.9038Y16.3397
G01 X14.8022Y16.3033
G01 X14.6991Y16.2548
G01 X14.6011Y16.1962
G01 X14.5096Y16.1283
G01 X14.4251Y16.0514
G01 X14.3517Y15.9704
G01 X14.2852Y15.8809
G01 X14.2252Y15.7809
G01 X14.1767Y15.6778
G01 X14.1395Y15.5737
G01 X14.1123Y15.4654
G01 X14.0955Y15.3528
G01 X14.0900Y15.2400
G01 X14.0955Y15.1272
G01 X14.1123Y15.0146
G01 X14.1395Y14.9063
G01 X14.1780Y14.7987
G01 X14.2252Y14.6991
G01 X14.2838Y14.6011
G01 X14.3517Y14.5096
G01 X14.4268Y14.4268
G01 X14.5096Y14.3517
G01 X14.6011Y14.2838
G01 X14.6991Y14.2252
G01 X14.8022Y14.1767
G01 X14.9063Y14.1395
G01 X15.0133Y14.1126
G01 X15.1272Y14.0955
G01 X15.2400Y14.0900
G01 X15.3503Y14.0954
G01 X15.4654Y14.1123
G01 X15.5762Y14.1403
G01 X15.6813Y14.1780
G01 X15.7809Y14.2252
G01 X15.8809Y14.2852
G01 X15.9704Y14.3517
G01 X16.0532Y14.4268
G01 X16.1305Y14.5124
G01 X16.1962Y14.6011
G01 X16.2530Y14.6958
G01 X16.3020Y14.7987
G01 X16.3405Y14.9063
G01 X16.3683Y15.0181
G01 X16.3845Y15.1272
G01 X16.3879Y15.1956
G01 X16.3965Y15.2076
G01 X16.4343Y15.2707
G01 X16.4686Y15.3427
G01 X16.4956Y15.4179
G01 X16.5144Y15.4928
G01 X16.5261Y15.5715
G01 X16.5299Y15.6475
G01 X16.5300Y15.8926
G01 X17.1274Y16.4900
G01 X18.1300Y16.4900
G01 X18.2084Y16.4939
G01 X18.2861Y16.5054
G01 X18.3622Y16.5244
G01 X18.4338Y16.5500
G01 X18.5092Y16.5857
G01 X18.5744Y16.6248
G01 X18.6375Y16.6716
G01 X18.6957Y16.7243
G01 X18.7484Y16.7825
G01 X18.7952Y16.8455
G01 X18.8343Y16.9107
G01 X18.8700Y16.9861
G01 X18.8955Y17.0578
G01 X18.9146Y17.1339
G01 X18.9261Y17.2115
G01 X18.9299Y17.2875
G01 X18.9300Y20.6276
G01 X23.7424Y25.4400
G01 X35.6586Y25.4400
G01 X35.6808Y25.4178
G01 X35.6801Y25.3975
G01 X35.6855Y25.2872
G01 X35.7023Y25.1746
G01 X35.7295Y25.0663
G01 X35.7680Y24.9587
G01 X35.8152Y24.8591
G01 X35.8738Y24.7611
G01 X35.9417Y24.6696
G01 X36.0168Y24.5868
G01 X36.0996Y24.5117
G01 X36.1911Y24.4438
G01 X36.2891Y24.3852
G01 X36.3887Y24.3380
G01 X36.4963Y24.2995
G01 X36.6046Y24.2723
G01 X36.7172Y24.2555
G01 X36.8325Y24.2501
G01 X36.9452Y24.2558
G01 X37.0554Y24.2723
G01 X37.1615Y24.2989
G01 X37.2713Y24.3380
G01 X37.3709Y24.3852
G01 X37.4689Y24.4438
G01 X37.5614Y24.5126
G01 X37.6432Y24.5868
G01 X37.7174Y24.6686
G01 X37.7862Y24.7611
G01 X37.8448Y24.8591
G01 X37.8933Y24.9622
G01 X37.9305Y25.0663
G01 X37.9574Y25.1733
G01 X37.9745Y25.2872
G01 X37.9800Y25.4000
G01 X37.9742Y25.5152
G01 X37.9577Y25.6254
G01 X37.9311Y25.7315
G01 X37.8933Y25.8378
G01 X37.8430Y25.9442
G01 X37.7862Y26.0389
G01 X37.7183Y26.1304
G01 X37.6432Y26.2132
G01 X37.5614Y26.2874
G01 X37.4689Y26.3562
G01 X37.3709Y26.4148
G01 X37.2723Y26.4615
G01 X37.1637Y26.5005
G01 X37.0554Y26.5277
G01 X36.9452Y26.5442
G01 X36.8325Y26.5499
G01 X36.8122Y26.5492
G01 X36.5539Y26.8074
G01 X36.4983Y26.8577
G01 X36.4344Y26.9052
G01 X36.3659Y26.9462
G01 X36.2939Y26.9800
G01 X36.2221Y27.0056
G01 X36.1485Y27.0241
G01 X36.0685Y27.0361
G01 X35.9900Y27.0400
G01 X23.4110Y27.0400
G01 X23.3325Y27.0361
G01 X23.2538Y27.0244
G01 X23.1789Y27.0056
G01 X23.1071Y26.9800
G01 X23.0351Y26.9462
G01 X22.9666Y26.9052
G01 X22.9027Y26.8577
G01 X22.8453Y26.8057
G01 X17.5643Y21.5247
G01 X17.5101Y21.4646
G01 X17.4648Y21.4034
G01 X17.4257Y21.3382
G01 X17.3909Y21.2651
G01 X17.3644Y21.1912
G01 X17.3459Y21.1175
G01 X17.3337Y21.0350
G01 X17.3300Y20.9590
G01 X17.3300Y18.0900
G01 X16.7960Y18.0900
G01 X16.7175Y18.0861
G01 X16.6388Y18.0744
G01 X16.5614Y18.0548
G01 X16.4887Y18.0286
G01 X16.4201Y17.9962
G01 X16.3495Y17.9538
G01 X16.2877Y17.9077
G01 X16.2321Y17.8573
G00 Z3.0000
G00 X19.0100Y20.5725
G01 Z-0.2000
G01 X19.0183Y20.5946
G01 X19.0255Y20.6100
G01 X19.0100Y20.5945
G01 X19.0100Y20.5725
G00 Z3.0000
G00 X16.6166Y25.6300
G01 Z-0.2000
G01 X16.9806Y25.2660
G01 X17.0080Y25.2859
G01 X17.0198Y25.2934
G01 X17.1124Y25.3489
G01 X17.1318Y25.3595
G01 X17.2172Y25.4000
G01 X17.1318Y25.4405
G01 X17.1124Y25.4511
G01 X17.0080Y25.5141
G01 X16.9094Y25.5868
G01 X16.8934Y25.5995
G01 X16.8596Y25.6300
G01 X16.6166Y25.6300
G00 Z3.0000
G00 X16.4191Y25.7144
G01 Z-0.2000
G01 X16.9728Y25.1607
G01 X17.0524Y25.2193
G01 X17.1535Y25.2802
G01 X17.1675Y25.2879
G01 X17.2693Y25.3361
G01 X17.2883Y25.3440
G01 X17.4003Y25.3838
G01 X17.4642Y25.4000
G01 X17.4003Y25.4162
G01 X17.2883Y25.4560
G01 X17.2693Y25.4639
G01 X17.1675Y25.5121
G01 X17.1535Y25.5198
G01 X17.0609Y25.5753
G01 X17.0438Y25.5867
G01 X16.9455Y25.6602
G01 X16.8905Y25.7100
G01 X16.5100Y25.7100
G01 X16.4191Y25.7144
G00 Z3.0000
G00 X16.7605Y27.8903
G01 Z-0.2000
G01 X16.9028Y27.7480
G01 X16.9961Y27.8175
G01 X17.0198Y27.8334
G01 X17.1124Y27.8889
G01 X17.1318Y27.8995
G01 X17.2172Y27.9400
G01 X17.1318Y27.9805
G01 X17.1124Y27.9911
G01 X17.0080Y28.0541
G01 X16.9565Y28.0918
G01 X16.9482Y28.0745
G01 X16.9376Y28.0551
G01 X16.9238Y28.0328
G01 X16.9081Y28.0111
G01 X16.8954Y27.9951
G01 X16.8720Y27.9697
G01 X16.8466Y27.9463
G01 X16.8208Y27.9262
G01 X16.8089Y27.9179
G01 X16.7866Y27.9041
G01 X16.7605Y27.8903
G00 Z3.0000
G00 X16.6082Y27.9295
G01 Z-0.2000
G01 X16.8995Y27.6382
G01 X16.9455Y27.6798
G01 X17.0438Y27.7533
G01 X17.0609Y27.7647
G01 X17.1535Y27.8202
G01 X17.1675Y27.8279
G01 X17.2693Y27.8761
G01 X17.2883Y27.8840
G01 X17.4003Y27.9238
G01 X17.4642Y27.9400
G01 X17.4003Y27.9562
G01 X17.2883Y27.9960
G01 X17.2693Y28.0039
G01 X17.1675Y28.0521
G01 X17.1535Y28.0598
G01 X17.0524Y28.1207
G01 X16.9571Y28.1910
G01 X16.9455Y28.2002
G01 X16.9120Y28.2305
G01 X16.9089Y28.2079
G01 X16.9019Y28.1758
G01 X16.8959Y28.1561
G01 X16.8839Y28.1255
G01 X16.8690Y28.0962
G01 X16.8573Y28.0772
G01 X16.8347Y28.0471
G01 X16.8155Y28.0262
G01 X16.7946Y28.0070
G01 X16.7645Y27.9844
G01 X16.7455Y27.9727
G01 X16.7162Y27.9578
G01 X16.6972Y27.9499
G01 X16.6659Y27.9398
G01 X16.6338Y27.9328
G01 X16.6082Y27.9295
G00 Z3.0000
G00 X18.0958Y27.9400
G01 Z-0.2000
G01 X18.1597Y27.9238
G01 X18.2717Y27.8840
G01 X18.2862Y27.8782
G01 X18.3925Y27.8279
G01 X18.4065Y27.8202
G01 X18.4991Y27.7647
G01 X18.5162Y27.7533
G01 X18.6029Y27.6890
G01 X18.6189Y27.6759
G01 X18.7063Y27.5963
G01 X18.7898Y27.5045
G01 X18.8633Y27.4062
G01 X18.8747Y27.3891
G01 X18.9302Y27.2965
G01 X18.9379Y27.2825
G01 X18.9882Y27.1762
G01 X18.9940Y27.1617
G01 X19.0304Y27.0601
G01 X19.0363Y27.0403
G01 X19.0639Y26.9302
G01 X19.0666Y26.9154
G01 X19.0837Y26.7987
G01 X19.0900Y26.6700
G01 X19.0837Y26.5413
G01 X19.0666Y26.4246
G01 X19.0639Y26.4098
G01 X19.0363Y26.2997
G01 X19.0304Y26.2799
G01 X18.9940Y26.1783
G01 X18.9861Y26.1593
G01 X18.9379Y26.0575
G01 X18.9302Y26.0435
G01 X18.8747Y25.9509
G01 X18.8633Y25.9338
G01 X18.7898Y25.8355
G01 X18.7063Y25.7437
G01 X18.6145Y25.6602
G01 X18.5076Y25.5807
G01 X18.4065Y25.5198
G01 X18.3925Y25.5121
G01 X18.2862Y25.4618
G01 X18.2717Y25.4560
G01 X18.1597Y25.4162
G01 X18.0958Y25.4000
G01 X18.1597Y25.3838
G01 X18.2717Y25.3440
G01 X18.2862Y25.3382
G01 X18.3925Y25.2879
G01 X18.4065Y25.2802
G01 X18.4991Y25.2247
G01 X18.5162Y25.2133
G01 X18.6029Y25.1490
G01 X18.6189Y25.1359
G01 X18.7063Y25.0563
G01 X18.7898Y24.9645
G01 X18.8633Y24.8662
G01 X18.8747Y24.8491
G01 X18.9302Y24.7565
G01 X18.9379Y24.7425
G01 X18.9882Y24.6362
G01 X18.9940Y24.6217
G01 X19.0304Y24.5201
G01 X19.0363Y24.5003
G01 X19.0639Y24.3902
G01 X19.0824Y24.2686
G01 X19.0845Y24.2481
G01 X19.0897Y24.1403
G01 X19.0897Y24.1197
G01 X19.0837Y24.0013
G01 X19.0666Y23.8846
G01 X19.0639Y23.8698
G01 X19.0338Y23.7503
G01 X18.9940Y23.6383
G01 X18.9861Y23.6193
G01 X18.9400Y23.5217
G01 X18.9302Y23.5035
G01 X18.8693Y23.4024
G01 X18.7990Y23.3071
G01 X18.7859Y23.2911
G01 X18.7134Y23.2112
G01 X18.6988Y23.1966
G01 X18.6145Y23.1202
G01 X18.5076Y23.0407
G01 X18.4065Y22.9798
G01 X18.3925Y22.9721
G01 X18.3270Y22.9410
G01 X18.3459Y22.9294
G01 X18.3644Y22.9160
G01 X18.3894Y22.8947
G01 X18.4040Y22.8801
G01 X18.4161Y22.8667
G01 X18.4387Y22.8366
G01 X18.4581Y22.8036
G01 X18.4674Y22.7838
G01 X18.4774Y22.7577
G01 X18.4808Y22.7473
G01 X18.4876Y22.7207
G01 X18.4903Y22.7059
G01 X18.4936Y22.6803
G01 X21.9707Y26.1574
G01 X21.9510Y26.1503
G01 X21.9313Y26.1444
G01 X21.8306Y26.1192
G01 X21.7089Y26.1009
G01 X21.5900Y26.0950
G01 X21.4817Y26.1001
G01 X21.4612Y26.1021
G01 X21.3641Y26.1165
G01 X21.3439Y26.1205
G01 X21.2394Y26.1469
G01 X21.1366Y26.1834
G01 X21.1175Y26.1913
G01 X21.0247Y26.2352
G01 X21.0106Y26.2430
G01 X20.9179Y26.2988
G01 X20.8189Y26.3725
G01 X20.7344Y26.4494
G01 X20.6575Y26.5339
G01 X20.5899Y26.6243
G01 X20.5784Y26.6415
G01 X20.5280Y26.7256
G01 X20.5203Y26.7397
G01 X20.4763Y26.8325
G01 X20.4684Y26.8516
G01 X20.4353Y26.9440
G01 X20.4294Y26.9637
G01 X20.4042Y27.0644
G01 X20.3859Y27.1861
G01 X20.3800Y27.3050
G01 X20.3859Y27.4239
G01 X20.4042Y27.5456
G01 X20.4319Y27.6556
G01 X20.4684Y27.7584
G01 X20.4742Y27.7730
G01 X20.5203Y27.8703
G01 X20.5280Y27.8844
G01 X20.5838Y27.9771
G01 X20.6575Y28.0761
G01 X20.7344Y28.1606
G01 X20.8146Y28.2336
G01 X20.8305Y28.2467
G01 X20.9179Y28.3112
G01 X21.0106Y28.3670
G01 X21.0247Y28.3748
G01 X21.1175Y28.4187
G01 X21.1366Y28.4266
G01 X21.2290Y28.4597
G01 X21.2487Y28.4656
G01 X21.3494Y28.4908
G01 X21.4308Y28.5034
G01 X21.5462Y28.6188
G01 X21.6082Y28.6754
G01 X21.6241Y28.6884
G01 X21.6945Y28.7400
G01 X19.0018Y28.7400
G01 X18.9882Y28.7038
G01 X18.9379Y28.5975
G01 X18.9302Y28.5835
G01 X18.8747Y28.4909
G01 X18.8633Y28.4738
G01 X18.7990Y28.3871
G01 X18.7859Y28.3711
G01 X18.7063Y28.2837
G01 X18.6189Y28.2041
G01 X18.6029Y28.1910
G01 X18.5076Y28.1207
G01 X18.4065Y28.0598
G01 X18.3925Y28.0521
G01 X18.2907Y28.0039
G01 X18.2717Y27.9960
G01 X18.1597Y27.9562
G01 X18.0958Y27.9400
G00 Z3.0000
G00 X18.3428Y27.9400
G01 Z-0.2000
G01 X18.4282Y27.8995
G01 X18.4476Y27.8889
G01 X18.5402Y27.8334
G01 X18.5639Y27.8175
G01 X18.6506Y27.7532
G01 X18.6666Y27.7405
G01 X18.7629Y27.6529
G01 X18.8452Y27.5626
G01 X18.8632Y27.5406
G01 X18.9359Y27.4420
G01 X18.9989Y27.3376
G01 X19.0095Y27.3182
G01 X19.0584Y27.2149
G01 X19.0693Y27.1886
G01 X19.1104Y27.0726
G01 X19.1402Y26.9551
G01 X19.1457Y26.9272
G01 X19.1633Y26.8067
G01 X19.1697Y26.6842
G01 X19.1697Y26.6558
G01 X19.1644Y26.5480
G01 X19.1616Y26.5196
G01 X19.1457Y26.4128
G01 X19.1420Y26.3925
G01 X19.1104Y26.2674
G01 X19.0693Y26.1514
G01 X19.0584Y26.1251
G01 X19.0095Y26.0218
G01 X18.9989Y26.0024
G01 X18.9359Y25.8980
G01 X18.8632Y25.7994
G01 X18.8452Y25.7774
G01 X18.7629Y25.6871
G01 X18.6666Y25.5995
G01 X18.6506Y25.5868
G01 X18.5639Y25.5225
G01 X18.5402Y25.5066
G01 X18.4476Y25.4511
G01 X18.4282Y25.4405
G01 X18.3428Y25.4000
G01 X18.4282Y25.3595
G01 X18.4476Y25.3489
G01 X18.5402Y25.2934
G01 X18.5639Y25.2775
G01 X18.6506Y25.2132
G01 X18.6666Y25.2005
G01 X18.7526Y25.1227
G01 X18.7727Y25.1026
G01 X18.8505Y25.0166
G01 X18.8632Y25.0006
G01 X18.9275Y24.9139
G01 X18.9434Y24.8902
G01 X18.9989Y24.7976
G01 X19.0095Y24.7782
G01 X19.0584Y24.6749
G01 X19.0693Y24.6486
G01 X19.1104Y24.5326
G01 X19.1402Y24.4151
G01 X19.1457Y24.3872
G01 X19.1616Y24.2804
G01 X19.1644Y24.2520
G01 X19.1697Y24.1442
G01 X19.1697Y24.1158
G01 X19.1633Y23.9933
G01 X19.1457Y23.8728
G01 X19.1402Y23.8449
G01 X19.1104Y23.7274
G01 X19.0693Y23.6114
G01 X19.0613Y23.5913
G01 X19.0095Y23.4818
G01 X18.9989Y23.4624
G01 X18.9434Y23.3698
G01 X18.9275Y23.3461
G01 X18.8632Y23.2594
G01 X18.8452Y23.2374
G01 X18.7629Y23.1471
G01 X18.6666Y23.0595
G01 X18.6506Y23.0468
G01 X18.5520Y22.9741
G01 X18.4711Y22.9252
G01 X18.4896Y22.9028
G01 X18.5052Y22.8810
G01 X18.5190Y22.8587
G01 X18.5329Y22.8327
G01 X21.7221Y26.0219
G01 X21.7022Y26.0202
G01 X21.5900Y26.0150
G01 X21.4631Y26.0213
G01 X21.3524Y26.0374
G01 X21.3320Y26.0411
G01 X21.2164Y26.0703
G01 X21.1096Y26.1081
G01 X21.0895Y26.1161
G01 X20.9889Y26.1637
G01 X20.9695Y26.1743
G01 X20.8736Y26.2322
G01 X20.7829Y26.2991
G01 X20.7669Y26.3118
G01 X20.6778Y26.3928
G01 X20.5968Y26.4819
G01 X20.5841Y26.4979
G01 X20.5172Y26.5886
G01 X20.4593Y26.6845
G01 X20.4487Y26.7039
G01 X20.4011Y26.8045
G01 X20.3931Y26.8246
G01 X20.3553Y26.9314
G01 X20.3261Y27.0470
G01 X20.3224Y27.0674
G01 X20.3063Y27.1781
G01 X20.3000Y27.3050
G01 X20.3063Y27.4319
G01 X20.3224Y27.5426
G01 X20.3261Y27.5630
G01 X20.3553Y27.6786
G01 X20.3931Y27.7854
G01 X20.4011Y27.8055
G01 X20.4487Y27.9061
G01 X20.4593Y27.9255
G01 X20.5172Y28.0214
G01 X20.5841Y28.1121
G01 X20.6021Y28.1341
G01 X20.6778Y28.2172
G01 X20.7609Y28.2929
G01 X20.7829Y28.3109
G01 X20.8617Y28.3694
G01 X20.8853Y28.3852
G01 X20.9695Y28.4357
G01 X20.9889Y28.4463
G01 X21.0833Y28.4910
G01 X21.1096Y28.5019
G01 X21.2020Y28.5350
G01 X21.2293Y28.5432
G01 X21.3320Y28.5689
G01 X21.3929Y28.5787
G01 X21.4742Y28.6600
G01 X19.0560Y28.6600
G01 X19.0095Y28.5618
G01 X18.9989Y28.5424
G01 X18.9359Y28.4380
G01 X18.8632Y28.3394
G01 X18.8505Y28.3234
G01 X18.7629Y28.2271
G01 X18.6666Y28.1395
G01 X18.6506Y28.1268
G01 X18.5520Y28.0541
G01 X18.4476Y27.9911
G01 X18.4282Y27.9805
G01 X18.3428Y27.9400
G00 Z3.0000
G00 X17.4642Y30.4800
G01 Z-0.2000
G01 X17.4097Y30.4937
G01 X17.3899Y30.4996
G01 X17.2883Y30.5360
G01 X17.2738Y30.5418
G01 X17.2556Y30.5503
G01 X17.2594Y30.5311
G01 X17.2625Y30.5089
G01 X17.2642Y30.4757
G01 X17.2625Y30.4425
G01 X17.2577Y30.4106
G01 X17.2883Y30.4240
G01 X17.3899Y30.4604
G01 X17.4097Y30.4663
G01 X17.4642Y30.4800
G00 Z3.0000
G00 X17.7775Y30.6001
G01 Z-0.2000
G01 X46.9925Y30.6001
G01 X47.1028Y30.6055
G01 X47.2154Y30.6223
G01 X47.3237Y30.6495
G01 X47.4313Y30.6880
G01 X47.5309Y30.7352
G01 X47.6289Y30.7938
G01 X47.7204Y30.8617
G01 X47.8032Y30.9368
G01 X47.8783Y31.0196
G01 X47.9462Y31.1111
G01 X48.0048Y31.2091
G01 X48.0520Y31.3087
G01 X48.0905Y31.4163
G01 X48.1177Y31.5246
G01 X48.1345Y31.6372
G01 X48.1399Y31.7525
G01 X48.1345Y31.8628
G01 X48.1177Y31.9754
G01 X48.0905Y32.0837
G01 X48.0520Y32.1913
G01 X48.0048Y32.2909
G01 X47.9462Y32.3889
G01 X47.8783Y32.4804
G01 X47.8032Y32.5632
G01 X47.7204Y32.6383
G01 X47.6289Y32.7062
G01 X47.5309Y32.7648
G01 X47.4313Y32.8120
G01 X47.3237Y32.8505
G01 X47.2154Y32.8777
G01 X47.1028Y32.8945
G01 X46.9925Y32.8999
G01 X17.7775Y32.8999
G01 X17.6672Y32.8945
G01 X17.5546Y32.8777
G01 X17.4463Y32.8505
G01 X17.3387Y32.8120
G01 X17.2391Y32.7648
G01 X17.1411Y32.7062
G01 X17.0496Y32.6383
G01 X16.9668Y32.5632
G01 X16.8917Y32.4804
G01 X16.8238Y32.3889
G01 X16.7652Y32.2909
G01 X16.7180Y32.1913
G01 X16.6795Y32.0837
G01 X16.6523Y31.9754
G01 X16.6355Y31.8628
G01 X16.6300Y31.7500
G01 X16.6355Y31.6372
G01 X16.6523Y31.5246
G01 X16.6795Y31.4163
G01 X16.7180Y31.3087
G01 X16.7652Y31.2091
G01 X16.8238Y31.1111
G01 X16.8917Y31.0196
G01 X16.9668Y30.9368
G01 X17.0496Y30.8617
G01 X17.1411Y30.7938
G01 X17.2391Y30.7352
G01 X17.3387Y30.6880
G01 X17.4463Y30.6495
G01 X17.5546Y30.6223
G01 X17.6672Y30.6055
G01 X17.7775Y30.6001
G00 Z3.0000
G00 X21.6611Y28.5073
G01 Z-0.2000
G01 X21.5045Y28.3509
G01 X21.4846Y28.3496
G01 X21.3828Y28.3343
G01 X21.2853Y28.3098
G01 X21.1859Y28.2741
G01 X21.0962Y28.2316
G01 X21.0067Y28.1781
G01 X20.9231Y28.1160
G01 X20.8475Y28.0475
G01 X20.7790Y27.9719
G01 X20.7184Y27.8904
G01 X20.6629Y27.7978
G01 X20.6204Y27.7080
G01 X20.5852Y27.6097
G01 X20.5604Y27.5109
G01 X20.5451Y27.4080
G01 X20.5400Y27.3050
G01 X20.5451Y27.2020
G01 X20.5604Y27.0991
G01 X20.5852Y27.0003
G01 X20.6204Y26.9020
G01 X20.6634Y26.8112
G01 X20.7169Y26.7217
G01 X20.7790Y26.6381
G01 X20.8475Y26.5625
G01 X20.9231Y26.4940
G01 X21.0067Y26.4319
G01 X21.0962Y26.3784
G01 X21.1870Y26.3354
G01 X21.2853Y26.3002
G01 X21.3841Y26.2754
G01 X21.4870Y26.2601
G01 X21.5900Y26.2550
G01 X21.6930Y26.2601
G01 X21.7959Y26.2754
G01 X21.8947Y26.3002
G01 X21.9930Y26.3354
G01 X22.0838Y26.3784
G01 X22.1733Y26.4319
G01 X22.2542Y26.4918
G01 X22.3325Y26.5625
G01 X22.4010Y26.6381
G01 X22.4631Y26.7217
G01 X22.5148Y26.8079
G01 X22.5596Y26.9020
G01 X22.5940Y26.9979
G01 X22.6196Y27.0991
G01 X22.6258Y27.1400
G01 X48.4833Y27.1400
G01 X48.5593Y27.1437
G01 X48.6418Y27.1559
G01 X48.7156Y27.1745
G01 X48.7895Y27.2009
G01 X48.8605Y27.2345
G01 X48.9257Y27.2735
G01 X48.9917Y27.3223
G01 X49.0490Y27.3743
G01 X50.5747Y28.9000
G01 X52.9191Y28.9000
G01 X52.9976Y28.9038
G01 X53.0728Y28.9149
G01 X53.1537Y28.9352
G01 X53.2265Y28.9614
G01 X53.2984Y28.9957
G01 X53.3656Y29.0362
G01 X53.4275Y29.0823
G01 X53.4831Y29.1326
G01 X54.6047Y30.2542
G01 X54.7228Y30.2595
G01 X54.8354Y30.2763
G01 X54.9437Y30.3035
G01 X55.0513Y30.3420
G01 X55.1509Y30.3892
G01 X55.2489Y30.4478
G01 X55.3404Y30.5157
G01 X55.4214Y30.5891
G01 X55.4983Y30.6736
G01 X55.5662Y30.7651
G01 X55.6248Y30.8631
G01 X55.6715Y30.9617
G01 X55.7111Y31.0725
G01 X55.7377Y31.1786
G01 X55.7546Y31.2937
G01 X55.7600Y31.4040
G01 X55.7600Y35.5600
G01 X55.7545Y35.6728
G01 X55.7377Y35.7854
G01 X55.7105Y35.8937
G01 X55.6720Y36.0013
G01 X55.6248Y36.1009
G01 X55.5662Y36.1989
G01 X55.4983Y36.2904
G01 X55.4249Y36.3714
G01 X55.4100Y36.3852
G01 X55.4100Y39.3700
G01 X55.4058Y39.4508
G01 X55.3944Y39.5272
G01 X55.3756Y39.6021
G01 X55.3486Y39.6773
G01 X55.3166Y39.7449
G01 X55.2738Y39.8165
G01 X55.2277Y39.8783
G01 X55.1774Y39.9339
G01 X52.8700Y42.2414
G01 X52.8700Y50.4686
G01 X56.4457Y54.0443
G01 X56.4977Y54.1017
G01 X56.5465Y54.1676
G01 X56.5862Y54.2341
G01 X56.6181Y54.3016
G01 X56.6448Y54.3754
G01 X56.6644Y54.4528
G01 X56.6763Y54.5340
G01 X56.6800Y54.6100
G01 X56.6800Y55.0548
G01 X56.6949Y55.0686
G01 X56.7683Y55.1496
G01 X56.8362Y55.2411
G01 X56.8948Y55.3391
G01 X56.9420Y55.4387
G01 X56.9805Y55.5463
G01 X57.0077Y55.6546
G01 X57.0245Y55.7672
G01 X57.0300Y55.8800
G01 X57.0245Y55.9928
G01 X57.0077Y56.1054
G01 X56.9805Y56.2137
G01 X56.9420Y56.3213
G01 X56.8948Y56.4209
G01 X56.8362Y56.5189
G01 X56.7683Y56.6104
G01 X56.6949Y56.6914
G01 X56.6800Y56.7052
G01 X56.6800Y60.1348
G01 X56.6949Y60.1486
G01 X56.7683Y60.2296
G01 X56.8362Y60.3211
G01 X56.8948Y60.4191
G01 X56.9420Y60.5187
G01 X56.9805Y60.6263
G01 X57.0077Y60.7346
G01 X57.0245Y60.8472
G01 X57.0300Y60.9600
G01 X57.0245Y61.0728
G01 X57.0077Y61.1854
G01 X56.9805Y61.2937
G01 X56.9420Y61.4013
G01 X56.8948Y61.5009
G01 X56.8362Y61.5989
G01 X56.7683Y61.6904
G01 X56.6949Y61.7714
G01 X56.6076Y61.8505
G01 X56.5189Y61.9162
G01 X56.4242Y61.9730
G01 X56.3213Y62.0220
G01 X56.2115Y62.0611
G01 X56.1054Y62.0877
G01 X55.9952Y62.1042
G01 X55.8800Y62.1100
G01 X55.7648Y62.1042
G01 X55.6546Y62.0877
G01 X55.5463Y62.0605
G01 X55.4377Y62.0215
G01 X55.3391Y61.9748
G01 X55.2432Y61.9175
G01 X55.1496Y61.8483
G01 X55.0651Y61.7714
G01 X54.9917Y61.6904
G01 X54.9252Y61.6009
G01 X54.8652Y61.5009
G01 X54.8167Y61.3978
G01 X54.7795Y61.2937
G01 X54.7526Y61.1867
G01 X54.7355Y61.0728
G01 X54.7301Y60.9575
G01 X54.7355Y60.8472
G01 X54.7517Y60.7381
G01 X54.7795Y60.6263
G01 X54.8185Y60.5177
G01 X54.8652Y60.4191
G01 X54.9225Y60.3232
G01 X54.9917Y60.2296
G01 X55.0651Y60.1486
G01 X55.0800Y60.1348
G01 X55.0800Y56.7052
G01 X55.0651Y56.6914
G01 X54.9917Y56.6104
G01 X54.9238Y56.5189
G01 X54.8652Y56.4209
G01 X54.8167Y56.3178
G01 X54.7789Y56.2115
G01 X54.7523Y56.1054
G01 X54.7358Y55.9952
G01 X54.7300Y55.8800
G01 X54.7354Y55.7697
G01 X54.7526Y55.6533
G01 X54.7795Y55.5463
G01 X54.8180Y55.4387
G01 X54.8652Y55.3391
G01 X54.9238Y55.2411
G01 X54.9917Y55.1496
G01 X55.0651Y55.0686
G01 X55.0800Y55.0548
G01 X55.0800Y54.9414
G01 X51.5026Y51.3639
G01 X51.4523Y51.3083
G01 X51.4062Y51.2465
G01 X51.3634Y51.1749
G01 X51.3314Y51.1073
G01 X51.3044Y51.0321
G01 X51.2856Y50.9572
G01 X51.2742Y50.8808
G01 X51.2700Y50.8000
G01 X51.2700Y47.8183
G01 X51.1948Y47.7623
G01 X51.1247Y47.6988
G01 X51.0586Y47.6263
G01 X50.9985Y47.5455
G01 X50.9475Y47.4602
G01 X50.9052Y47.3704
G01 X50.8730Y47.2801
G01 X50.8498Y47.1875
G01 X50.8348Y47.0881
G01 X50.8300Y46.9900
G01 X50.8348Y46.8919
G01 X50.8498Y46.7925
G01 X50.8730Y46.6999
G01 X50.9052Y46.6096
G01 X50.9475Y46.5198
G01 X50.9985Y46.4345
G01 X51.0586Y46.3537
G01 X51.1247Y46.2812
G01 X51.1948Y46.2177
G01 X51.2700Y46.1617
G01 X51.2700Y41.9100
G01 X51.2739Y41.8315
G01 X51.2856Y41.7528
G01 X51.3052Y41.6754
G01 X51.3314Y41.6027
G01 X51.3638Y41.5341
G01 X51.4062Y41.4635
G01 X51.4523Y41.4017
G01 X51.5026Y41.3461
G01 X53.8100Y39.0386
G01 X53.8100Y36.3852
G01 X53.7951Y36.3714
G01 X53.7217Y36.2904
G01 X53.6538Y36.1989
G01 X53.5952Y36.1009
G01 X53.5480Y36.0013
G01 X53.5095Y35.8937
G01 X53.4823Y35.7854
G01 X53.4655Y35.6728
G01 X53.4601Y35.5625
G01 X53.4600Y31.4040
G01 X53.4614Y31.3737
G01 X52.5878Y30.5000
G01 X50.2433Y30.5000
G01 X50.1649Y30.4961
G01 X50.0872Y30.4846
G01 X50.0111Y30.4655
G01 X49.9372Y30.4391
G01 X49.8662Y30.4055
G01 X49.7989Y30.3652
G01 X49.7358Y30.3184
G01 X49.6776Y30.2657
G01 X48.1520Y28.7400
G01 X22.2250Y28.7400
G01 X22.1465Y28.7361
G01 X22.0678Y28.7244
G01 X21.9929Y28.7056
G01 X21.9177Y28.6786
G01 X21.8491Y28.6462
G01 X21.7806Y28.6052
G01 X21.7167Y28.5577
G01 X21.6611Y28.5073
G00 Z3.0000
G00 X22.7995Y26.9800
G01 Z-0.2000
G01 X22.7547Y26.9800
G01 X22.7481Y26.9544
G01 X22.7373Y26.9235
G01 X22.7995Y26.9800
G00 Z3.0000
G00 X23.7600Y25.3444
G01 Z-0.2000
G01 X23.7753Y25.3517
G01 X23.7975Y25.3600
G01 X23.7755Y25.3600
G01 X23.7600Y25.3444
G00 Z3.0000
G00 X23.5513Y25.1073
G01 Z-0.2000
G01 X19.2643Y20.8205
G01 X19.2123Y20.7632
G01 X19.1648Y20.6992
G01 X19.1238Y20.6307
G01 X19.0914Y20.5621
G01 X19.0644Y20.4869
G01 X19.0456Y20.4120
G01 X19.0339Y20.3333
G01 X19.0300Y20.2548
G01 X19.0300Y13.8114
G01 X14.6743Y9.4557
G01 X14.6223Y9.3983
G01 X14.5762Y9.3365
G01 X14.5338Y9.2659
G01 X14.5014Y9.1973
G01 X14.4738Y9.1199
G01 X14.4550Y9.0437
G01 X14.4439Y8.9685
G01 X14.4401Y8.8925
G01 X14.4400Y7.1752
G01 X14.4251Y7.1614
G01 X14.3517Y7.0804
G01 X14.2838Y6.9889
G01 X14.2252Y6.8909
G01 X14.1767Y6.7878
G01 X14.1389Y6.6815
G01 X14.1123Y6.5754
G01 X14.0958Y6.4652
G01 X14.0900Y6.3500
G01 X14.0954Y6.2397
G01 X14.1126Y6.1233
G01 X14.1395Y6.0163
G01 X14.1767Y5.9122
G01 X14.2252Y5.8091
G01 X14.2852Y5.7091
G01 X14.3517Y5.6196
G01 X14.4251Y5.5386
G01 X14.5096Y5.4617
G01 X14.6032Y5.3925
G01 X14.6991Y5.3352
G01 X14.7987Y5.2880
G01 X14.9063Y5.2495
G01 X15.0146Y5.2223
G01 X15.1272Y5.2055
G01 X15.2400Y5.2000
G01 X15.3528Y5.2055
G01 X15.4654Y5.2223
G01 X15.5737Y5.2495
G01 X15.6813Y5.2880
G01 X15.7809Y5.3352
G01 X15.8789Y5.3938
G01 X15.9704Y5.4617
G01 X16.0532Y5.5368
G01 X16.1283Y5.6196
G01 X16.1962Y5.7111
G01 X16.2548Y5.8091
G01 X16.3033Y5.9122
G01 X16.3405Y6.0163
G01 X16.3674Y6.1233
G01 X16.3845Y6.2372
G01 X16.3900Y6.3500
G01 X16.3846Y6.4603
G01 X16.3677Y6.5754
G01 X16.3397Y6.6862
G01 X16.3020Y6.7913
G01 X16.2548Y6.8909
G01 X16.1962Y6.9889
G01 X16.1305Y7.0776
G01 X16.0549Y7.1614
G01 X16.0400Y7.1752
G01 X16.0400Y8.5586
G01 X20.3957Y12.9143
G01 X20.4477Y12.9717
G01 X20.4952Y13.0356
G01 X20.5362Y13.1041
G01 X20.5700Y13.1761
G01 X20.5956Y13.2479
G01 X20.6144Y13.3228
G01 X20.6261Y13.4015
G01 X20.6300Y13.4800
G01 X20.6300Y19.9235
G01 X24.4465Y23.7400
G01 X34.3246Y23.7400
G01 X35.7703Y22.2943
G01 X35.8277Y22.2423
G01 X35.8947Y22.1929
G01 X35.9417Y22.1296
G01 X36.0151Y22.0486
G01 X36.0996Y21.9717
G01 X36.1932Y21.9025
G01 X36.2891Y21.8452
G01 X36.3887Y21.7980
G01 X36.4985Y21.7589
G01 X36.6046Y21.7323
G01 X36.7172Y21.7155
G01 X36.8300Y21.7100
G01 X36.9428Y21.7155
G01 X37.0554Y21.7323
G01 X37.1637Y21.7595
G01 X37.2713Y21.7980
G01 X37.3709Y21.8452
G01 X37.4689Y21.9038
G01 X37.5576Y21.9695
G01 X37.6432Y22.0468
G01 X37.7183Y22.1296
G01 X37.7862Y22.2211
G01 X37.8430Y22.3158
G01 X37.8933Y22.4222
G01 X37.9305Y22.5263
G01 X37.9583Y22.6381
G01 X37.9745Y22.7472
G01 X37.9799Y22.8575
G01 X37.9745Y22.9728
G01 X37.9574Y23.0867
G01 X37.9305Y23.1937
G01 X37.8933Y23.2978
G01 X37.8448Y23.4009
G01 X37.7848Y23.5009
G01 X37.7174Y23.5914
G01 X37.6432Y23.6732
G01 X37.5614Y23.7474
G01 X37.4668Y23.8175
G01 X37.3709Y23.8748
G01 X37.2723Y23.9215
G01 X37.1637Y23.9605
G01 X37.0519Y23.9883
G01 X36.9428Y24.0045
G01 X36.8325Y24.0099
G01 X36.7172Y24.0045
G01 X36.6033Y23.9874
G01 X36.4963Y23.9605
G01 X36.4009Y23.9265
G01 X35.5403Y24.7871
G01 X35.5186Y24.8473
G01 X35.4866Y24.9149
G01 X35.4465Y24.9824
G01 X35.3977Y25.0483
G01 X35.3457Y25.1057
G01 X35.2883Y25.1577
G01 X35.2265Y25.2037
G01 X35.1559Y25.2461
G01 X35.0873Y25.2786
G01 X35.0146Y25.3048
G01 X34.9337Y25.3250
G01 X34.8585Y25.3361
G01 X34.7800Y25.3400
G01 X24.1152Y25.3400
G01 X24.0367Y25.3361
G01 X23.9580Y25.3244
G01 X23.8831Y25.3056
G01 X23.8078Y25.2786
G01 X23.7393Y25.2461
G01 X23.6707Y25.2052
G01 X23.6068Y25.1577
G01 X23.5513Y25.1073
G00 Z3.0000
G00 X27.9400Y19.3658
G01 Z-0.2000
G01 X27.9537Y19.4203
G01 X27.9596Y19.4401
G01 X27.9960Y19.5417
G01 X28.0018Y19.5562
G01 X28.0127Y19.5794
G01 X27.9952Y19.5760
G01 X27.9731Y19.5730
G01 X27.9400Y19.5714
G01 X27.9069Y19.5730
G01 X27.8848Y19.5760
G01 X27.8673Y19.5794
G01 X27.8782Y19.5562
G01 X27.8840Y19.5417
G01 X27.9204Y19.4401
G01 X27.9263Y19.4203
G01 X27.9400Y19.3658
G00 Z3.0000
G00 X30.4073Y19.5794
G01 Z-0.2000
G01 X30.4182Y19.5562
G01 X30.4240Y19.5417
G01 X30.4604Y19.4401
G01 X30.4663Y19.4203
G01 X30.4800Y19.3658
G01 X30.4937Y19.4203
G01 X30.4996Y19.4401
G01 X30.5360Y19.5417
G01 X30.5418Y19.5562
G01 X30.5527Y19.5794
G01 X30.5352Y19.5760
G01 X30.5131Y19.5730
G01 X30.4800Y19.5714
G01 X30.4469Y19.5730
G01 X30.4248Y19.5760
G01 X30.4073Y19.5794
G00 Z3.0000
G00 X32.9473Y19.5794
G01 Z-0.2000
G01 X32.9582Y19.5562
G01 X32.9640Y19.5417
G01 X33.0004Y19.4401
G01 X33.0063Y19.4203
G01 X33.0200Y19.3658
G01 X33.0337Y19.4203
G01 X33.0396Y19.4401
G01 X33.0760Y19.5417
G01 X33.0818Y19.5562
G01 X33.0927Y19.5794
G01 X33.0752Y19.5760
G01 X33.0531Y19.5730
G01 X33.0200Y19.5714
G01 X32.9869Y19.5730
G01 X32.9648Y19.5760
G01 X32.9473Y19.5794
G00 Z3.0000
G00 X35.4873Y19.5794
G01 Z-0.2000
G01 X35.4982Y19.5562
G01 X35.5040Y19.5417
G01 X35.5404Y19.4401
G01 X35.5463Y19.4203
G01 X35.5600Y19.3658
G01 X35.5737Y19.4203
G01 X35.5796Y19.4401
G01 X35.6160Y19.5417
G01 X35.6218Y19.5562
G01 X35.6327Y19.5794
G01 X35.6152Y19.5760
G01 X35.5931Y19.5730
G01 X35.5600Y19.5714
G01 X35.5269Y19.5730
G01 X35.5048Y19.5760
G01 X35.4873Y19.5794
G00 Z3.0000
G00 X35.6000Y17.3330
G01 Z-0.2000
G01 X35.6000Y15.6870
G01 X35.6218Y15.7462
G01 X35.6721Y15.8525
G01 X35.6798Y15.8665
G01 X35.7407Y15.9676
G01 X35.8110Y16.0629
G01 X35.8241Y16.0789
G01 X35.9037Y16.1663
G01 X35.9911Y16.2459
G01 X36.0071Y16.2590
G01 X36.1024Y16.3293
G01 X36.2035Y16.3902
G01 X36.2175Y16.3979
G01 X36.3193Y16.4461
G01 X36.3383Y16.4540
G01 X36.4503Y16.4938
G01 X36.5142Y16.5100
G01 X36.4503Y16.5262
G01 X36.3383Y16.5660
G01 X36.3193Y16.5739
G01 X36.2175Y16.6221
G01 X36.2035Y16.6298
G01 X36.1024Y16.6907
G01 X36.0071Y16.7610
G01 X35.9911Y16.7741
G01 X35.9037Y16.8537
G01 X35.8241Y16.9411
G01 X35.8110Y16.9571
G01 X35.7407Y17.0524
G01 X35.6798Y17.1535
G01 X35.6721Y17.1675
G01 X35.6218Y17.2738
G01 X35.6000Y17.3330
G00 Z3.0000
G00 X35.6800Y16.0204
G01 Z-0.2000
G01 X35.7468Y16.1106
G01 X35.7595Y16.1266
G01 X35.8373Y16.2126
G01 X35.8574Y16.2327
G01 X35.9434Y16.3105
G01 X35.9594Y16.3232
G01 X36.0461Y16.3875
G01 X36.0698Y16.4034
G01 X36.1624Y16.4589
G01 X36.1818Y16.4695
G01 X36.2672Y16.5100
G01 X36.1818Y16.5505
G01 X36.1624Y16.5611
G01 X36.0698Y16.6166
G01 X36.0461Y16.6325
G01 X35.9594Y16.6968
G01 X35.9434Y16.7095
G01 X35.8574Y16.7873
G01 X35.8373Y16.8074
G01 X35.7595Y16.8934
G01 X35.7468Y16.9094
G01 X35.6800Y16.9996
G01 X35.6800Y16.0204
G00 Z3.0000
G00 X36.8236Y16.5502
G01 Z-0.2000
G01 X36.7092Y16.5559
G01 X36.5963Y16.5725
G01 X36.5838Y16.5750
G01 X36.4733Y16.6028
G01 X36.3653Y16.6413
G01 X36.3535Y16.6462
G01 X36.2533Y16.6936
G01 X36.1520Y16.7539
G01 X36.1414Y16.7610
G01 X36.0476Y16.8310
G01 X35.9649Y16.9059
G01 X35.9559Y16.9149
G01 X35.8810Y16.9976
G01 X35.8110Y17.0914
G01 X35.8039Y17.1020
G01 X35.7436Y17.2033
G01 X35.6949Y17.3063
G01 X35.6528Y17.4233
G01 X35.6242Y17.5372
G01 X35.6059Y17.6592
G01 X35.6000Y17.7800
G01 X35.6000Y19.0500
G01 X35.6059Y19.1708
G01 X35.6242Y19.2928
G01 X35.6528Y19.4067
G01 X35.6949Y19.5237
G01 X35.7436Y19.6267
G01 X35.8072Y19.7332
G01 X35.8810Y19.8324
G01 X35.9603Y19.9197
G01 X36.0476Y19.9990
G01 X36.1468Y20.0728
G01 X36.2533Y20.1364
G01 X36.3563Y20.1851
G01 X36.4733Y20.2272
G01 X36.5872Y20.2558
G01 X36.7092Y20.2741
G01 X36.8300Y20.2800
G01 X36.9442Y20.2745
G01 X36.9569Y20.2733
G01 X37.0728Y20.2558
G01 X37.1867Y20.2272
G01 X37.2947Y20.1887
G01 X37.3065Y20.1838
G01 X37.4067Y20.1364
G01 X37.5080Y20.0761
G01 X37.5186Y20.0690
G01 X37.6124Y19.9990
G01 X37.6951Y19.9241
G01 X37.7041Y19.9151
G01 X37.7790Y19.8324
G01 X37.8490Y19.7386
G01 X37.8561Y19.7280
G01 X37.9164Y19.6267
G01 X37.9651Y19.5237
G01 X38.0072Y19.4067
G01 X38.0358Y19.2928
G01 X38.0541Y19.1708
G01 X38.0600Y19.0500
G01 X38.0600Y17.7800
G01 X38.0541Y17.6592
G01 X38.0358Y17.5372
G01 X38.0072Y17.4233
G01 X37.9651Y17.3063
G01 X37.9164Y17.2033
G01 X37.8528Y17.0968
G01 X37.7790Y16.9976
G01 X37.6997Y16.9103
G01 X37.6124Y16.8310
G01 X37.5132Y16.7572
G01 X37.4067Y16.6936
G01 X37.3038Y16.6449
G01 X37.1867Y16.6028
G01 X37.0728Y16.5742
G01 X36.9508Y16.5559
G01 X36.8364Y16.5502
G01 X36.8236Y16.5502
G00 Z3.0000
G00 X36.8275Y16.6301
G01 Z-0.2000
G01 X36.9428Y16.6355
G01 X37.0554Y16.6523
G01 X37.1637Y16.6795
G01 X37.2713Y16.7180
G01 X37.3709Y16.7652
G01 X37.4689Y16.8238
G01 X37.5604Y16.8917
G01 X37.6432Y16.9668
G01 X37.7183Y17.0496
G01 X37.7862Y17.1411
G01 X37.8448Y17.2391
G01 X37.8920Y17.3387
G01 X37.9305Y17.4463
G01 X37.9577Y17.5546
G01 X37.9745Y17.6672
G01 X37.9800Y17.7800
G01 X37.9800Y19.0500
G01 X37.9746Y19.1603
G01 X37.9577Y19.2754
G01 X37.9305Y19.3837
G01 X37.8920Y19.4913
G01 X37.8453Y19.5899
G01 X37.7862Y19.6889
G01 X37.7174Y19.7814
G01 X37.6432Y19.8632
G01 X37.5614Y19.9374
G01 X37.4668Y20.0075
G01 X37.3709Y20.0648
G01 X37.2723Y20.1115
G01 X37.1637Y20.1505
G01 X37.0554Y20.1777
G01 X36.9452Y20.1942
G01 X36.8300Y20.2000
G01 X36.7172Y20.1945
G01 X36.6046Y20.1777
G01 X36.4963Y20.1505
G01 X36.3887Y20.1120
G01 X36.2891Y20.0648
G01 X36.1911Y20.0062
G01 X36.0996Y19.9383
G01 X36.0168Y19.8632
G01 X35.9417Y19.7804
G01 X35.8738Y19.6889
G01 X35.8152Y19.5909
G01 X35.7680Y19.4913
G01 X35.7295Y19.3837
G01 X35.7023Y19.2754
G01 X35.6855Y19.1628
G01 X35.6800Y19.0500
G01 X35.6800Y17.7800
G01 X35.6854Y17.6697
G01 X35.7023Y17.5546
G01 X35.7295Y17.4463
G01 X35.7680Y17.3387
G01 X35.8147Y17.2401
G01 X35.8738Y17.1411
G01 X35.9426Y17.0486
G01 X36.0168Y16.9668
G01 X36.0986Y16.8926
G01 X36.1932Y16.8225
G01 X36.2891Y16.7652
G01 X36.3877Y16.7185
G01 X36.4963Y16.6795
G01 X36.6081Y16.6517
G01 X36.7172Y16.6355
G01 X36.8275Y16.6301
G00 Z3.0000
G00 X37.1458Y16.5100
G01 Z-0.2000
G01 X37.2097Y16.4938
G01 X37.3217Y16.4540
G01 X37.3407Y16.4461
G01 X37.4383Y16.4000
G01 X37.4565Y16.3902
G01 X37.5576Y16.3293
G01 X37.6529Y16.2590
G01 X37.6689Y16.2459
G01 X37.7488Y16.1734
G01 X37.7634Y16.1588
G01 X37.8398Y16.0745
G01 X37.9133Y15.9762
G01 X37.9247Y15.9591
G01 X37.9802Y15.8665
G01 X37.9879Y15.8525
G01 X38.0361Y15.7507
G01 X38.0440Y15.7317
G01 X38.0838Y15.6197
G01 X38.1139Y15.5002
G01 X38.1324Y15.3786
G01 X38.1345Y15.3581
G01 X38.1400Y15.2400
G01 X38.1400Y13.1470
G01 X38.1618Y13.2062
G01 X38.2100Y13.3083
G01 X38.2198Y13.3265
G01 X38.2807Y13.4276
G01 X38.3510Y13.5229
G01 X38.3641Y13.5389
G01 X38.4366Y13.6188
G01 X38.4512Y13.6334
G01 X38.5355Y13.7098
G01 X38.6424Y13.7893
G01 X38.7435Y13.8502
G01 X38.7575Y13.8579
G01 X38.8593Y13.9061
G01 X38.8783Y13.9140
G01 X38.9903Y13.9538
G01 X39.1098Y13.9839
G01 X39.2314Y14.0024
G01 X39.2519Y14.0045
G01 X39.3597Y14.0097
G01 X39.3803Y14.0097
G01 X39.4987Y14.0037
G01 X39.6154Y13.9866
G01 X39.6302Y13.9839
G01 X39.7497Y13.9538
G01 X39.8617Y13.9140
G01 X39.8807Y13.9061
G01 X39.9783Y13.8600
G01 X39.9965Y13.8502
G01 X40.0976Y13.7893
G01 X40.1929Y13.7190
G01 X40.2089Y13.7059
G01 X40.2888Y13.6334
G01 X40.3034Y13.6188
G01 X40.3798Y13.5345
G01 X40.4593Y13.4276
G01 X40.5202Y13.3265
G01 X40.5279Y13.3125
G01 X40.5761Y13.2107
G01 X40.5840Y13.1917
G01 X40.6238Y13.0797
G01 X40.6539Y12.9602
G01 X40.6724Y12.8386
G01 X40.6745Y12.8181
G01 X40.6800Y12.7000
G01 X40.6800Y5.5270
G01 X40.7018Y5.5862
G01 X40.7521Y5.6924
G01 X40.7598Y5.7065
G01 X40.8207Y5.8076
G01 X40.9002Y5.9145
G01 X40.9837Y6.0063
G01 X41.0755Y6.0898
G01 X41.1738Y6.1633
G01 X41.1909Y6.1747
G01 X41.2835Y6.2302
G01 X41.2975Y6.2379
G01 X41.4038Y6.2882
G01 X41.4739Y6.3139
G01 X41.4812Y6.3421
G01 X41.4846Y6.3525
G01 X41.5094Y6.4218
G01 X41.5173Y6.4408
G01 X41.5487Y6.5073
G01 X41.5584Y6.5255
G01 X41.5963Y6.5886
G01 X41.6077Y6.6058
G01 X41.6608Y6.6765
G01 X41.7141Y6.7354
G01 X44.2700Y9.2916
G01 X44.2700Y9.6374
G01 X44.2498Y9.5947
G01 X44.2420Y9.5806
G01 X44.1862Y9.4879
G01 X44.1125Y9.3889
G01 X44.0427Y9.3119
G01 X44.0281Y9.2973
G01 X43.9554Y9.2314
G01 X43.9395Y9.2183
G01 X43.8521Y9.1538
G01 X43.7594Y9.0980
G01 X43.7412Y9.0882
G01 X43.6525Y9.0463
G01 X43.6334Y9.0384
G01 X43.5306Y9.0019
G01 X43.4206Y8.9742
G01 X43.2989Y8.9559
G01 X43.1903Y8.9503
G01 X43.1697Y8.9503
G01 X43.0717Y8.9551
G01 X43.0512Y8.9571
G01 X42.9541Y8.9715
G01 X42.9339Y8.9755
G01 X42.8294Y9.0019
G01 X42.7266Y9.0384
G01 X42.7075Y9.0463
G01 X42.6147Y9.0902
G01 X42.6006Y9.0980
G01 X42.5079Y9.1538
G01 X42.4089Y9.2275
G01 X42.3319Y9.2973
G01 X42.3173Y9.3119
G01 X42.2514Y9.3846
G01 X42.2383Y9.4005
G01 X42.1738Y9.4879
G01 X42.1180Y9.5806
G01 X42.1082Y9.5988
G01 X42.0642Y9.6920
G01 X42.0584Y9.7066
G01 X42.0219Y9.8094
G01 X41.9942Y9.9194
G01 X41.9759Y10.0411
G01 X41.9700Y10.1600
G01 X41.9700Y12.1983
G01 X41.9262Y12.3203
G01 X41.8961Y12.4398
G01 X41.8934Y12.4546
G01 X41.8763Y12.5713
G01 X41.8700Y12.7000
G01 X41.8756Y12.8181
G01 X41.8776Y12.8386
G01 X41.8961Y12.9602
G01 X41.9237Y13.0703
G01 X41.9296Y13.0901
G01 X41.9660Y13.1917
G01 X41.9718Y13.2062
G01 X42.0200Y13.3083
G01 X42.0298Y13.3265
G01 X42.0907Y13.4276
G01 X42.1610Y13.5229
G01 X42.1741Y13.5389
G01 X42.2537Y13.6263
G01 X42.3411Y13.7059
G01 X42.3571Y13.7190
G01 X42.4524Y13.7893
G01 X42.5535Y13.8502
G01 X42.5717Y13.8600
G01 X42.6738Y13.9082
G01 X42.6883Y13.9140
G01 X42.7899Y13.9504
G01 X42.8097Y13.9563
G01 X42.9198Y13.9839
G01 X43.0414Y14.0024
G01 X43.0619Y14.0045
G01 X43.1800Y14.0100
G01 X43.2981Y14.0045
G01 X43.3186Y14.0024
G01 X43.4402Y13.9839
G01 X43.5503Y13.9563
G01 X43.5701Y13.9504
G01 X43.6717Y13.9140
G01 X43.6862Y13.9082
G01 X43.7883Y13.8600
G01 X43.8065Y13.8502
G01 X43.9076Y13.7893
G01 X44.0029Y13.7190
G01 X44.0189Y13.7059
G01 X44.1063Y13.6263
G01 X44.1859Y13.5389
G01 X44.1990Y13.5229
G01 X44.2693Y13.4276
G01 X44.3038Y13.3706
G01 X44.3112Y13.3989
G01 X44.3146Y13.4093
G01 X44.3394Y13.4786
G01 X44.3473Y13.4976
G01 X44.3787Y13.5642
G01 X44.3884Y13.5824
G01 X44.4263Y13.6455
G01 X44.4377Y13.6626
G01 X44.4908Y13.7333
G01 X44.5441Y13.7922
G01 X47.2471Y16.4956
G01 X47.1187Y16.4763
G01 X46.9900Y16.4700
G01 X46.8613Y16.4763
G01 X46.7446Y16.4934
G01 X46.7298Y16.4961
G01 X46.6103Y16.5262
G01 X46.4983Y16.5660
G01 X46.4838Y16.5718
G01 X46.3775Y16.6221
G01 X46.3635Y16.6298
G01 X46.2624Y16.6907
G01 X46.1555Y16.7702
G01 X46.0637Y16.8537
G01 X45.9802Y16.9455
G01 X45.9007Y17.0524
G01 X45.8398Y17.1535
G01 X45.8321Y17.1675
G01 X45.7818Y17.2738
G01 X45.7760Y17.2883
G01 X45.7362Y17.4003
G01 X45.7200Y17.4642
G01 X45.7038Y17.4003
G01 X45.6640Y17.2883
G01 X45.6582Y17.2738
G01 X45.6079Y17.1675
G01 X45.6002Y17.1535
G01 X45.5447Y17.0609
G01 X45.5333Y17.0438
G01 X45.4690Y16.9571
G01 X45.4559Y16.9411
G01 X45.3763Y16.8537
G01 X45.2845Y16.7702
G01 X45.1862Y16.6967
G01 X45.1691Y16.6853
G01 X45.0765Y16.6298
G01 X45.0625Y16.6221
G01 X44.9562Y16.5718
G01 X44.9417Y16.5660
G01 X44.8401Y16.5296
G01 X44.8203Y16.5237
G01 X44.7102Y16.4961
G01 X44.6954Y16.4934
G01 X44.5787Y16.4763
G01 X44.4500Y16.4700
G01 X44.3213Y16.4763
G01 X44.2046Y16.4934
G01 X44.1898Y16.4961
G01 X44.0797Y16.5237
G01 X44.0599Y16.5296
G01 X43.9583Y16.5660
G01 X43.9393Y16.5739
G01 X43.8375Y16.6221
G01 X43.8235Y16.6298
G01 X43.7309Y16.6853
G01 X43.7138Y16.6967
G01 X43.6155Y16.7702
G01 X43.5237Y16.8537
G01 X43.4402Y16.9455
G01 X43.3607Y17.0524
G01 X43.2998Y17.1535
G01 X43.2921Y17.1675
G01 X43.2418Y17.2738
G01 X43.2360Y17.2883
G01 X43.1962Y17.4003
G01 X43.1800Y17.4642
G01 X43.1638Y17.4003
G01 X43.1240Y17.2883
G01 X43.1161Y17.2693
G01 X43.0700Y17.1717
G01 X43.0602Y17.1535
G01 X42.9993Y17.0524
G01 X42.9290Y16.9571
G01 X42.9159Y16.9411
G01 X42.8434Y16.8612
G01 X42.8288Y16.8466
G01 X42.7445Y16.7702
G01 X42.6462Y16.6967
G01 X42.6291Y16.6853
G01 X42.5365Y16.6298
G01 X42.5225Y16.6221
G01 X42.4162Y16.5718
G01 X42.4017Y16.5660
G01 X42.3001Y16.5296
G01 X42.2803Y16.5237
G01 X42.1756Y16.4974
G01 X42.1554Y16.4934
G01 X42.0387Y16.4763
G01 X41.9100Y16.4700
G01 X41.7813Y16.4763
G01 X41.6646Y16.4934
G01 X41.6498Y16.4961
G01 X41.5303Y16.5262
G01 X41.4183Y16.5660
G01 X41.4038Y16.5718
G01 X41.2975Y16.6221
G01 X41.2835Y16.6298
G01 X41.1824Y16.6907
G01 X41.0755Y16.7702
G01 X40.9837Y16.8537
G01 X40.9002Y16.9455
G01 X40.8207Y17.0524
G01 X40.7598Y17.1535
G01 X40.7521Y17.1675
G01 X40.7018Y17.2738
G01 X40.6960Y17.2883
G01 X40.6562Y17.4003
G01 X40.6400Y17.4642
G01 X40.6238Y17.4003
G01 X40.5840Y17.2883
G01 X40.5761Y17.2693
G01 X40.5300Y17.1717
G01 X40.5202Y17.1535
G01 X40.4593Y17.0524
G01 X40.3890Y16.9571
G01 X40.3759Y16.9411
G01 X40.2963Y16.8537
G01 X40.2089Y16.7741
G01 X40.1929Y16.7610
G01 X40.0976Y16.6907
G01 X39.9965Y16.6298
G01 X39.9783Y16.6200
G01 X39.8762Y16.5718
G01 X39.8617Y16.5660
G01 X39.7601Y16.5296
G01 X39.7403Y16.5237
G01 X39.6302Y16.4961
G01 X39.6154Y16.4934
G01 X39.4987Y16.4763
G01 X39.3700Y16.4700
G01 X39.2413Y16.4763
G01 X39.1246Y16.4934
G01 X39.1098Y16.4961
G01 X38.9903Y16.5262
G01 X38.8783Y16.5660
G01 X38.8638Y16.5718
G01 X38.7617Y16.6200
G01 X38.7435Y16.6298
G01 X38.6424Y16.6907
G01 X38.5355Y16.7702
G01 X38.4437Y16.8537
G01 X38.3641Y16.9411
G01 X38.3510Y16.9571
G01 X38.2807Y17.0524
G01 X38.2198Y17.1535
G01 X38.2121Y17.1675
G01 X38.1639Y17.2693
G01 X38.1560Y17.2883
G01 X38.1162Y17.4003
G01 X38.1000Y17.4642
G01 X38.0838Y17.4003
G01 X38.0440Y17.2883
G01 X38.0361Y17.2693
G01 X37.9900Y17.1717
G01 X37.9802Y17.1535
G01 X37.9193Y17.0524
G01 X37.8490Y16.9571
G01 X37.8359Y16.9411
G01 X37.7563Y16.8537
G01 X37.6689Y16.7741
G01 X37.6529Y16.7610
G01 X37.5576Y16.6907
G01 X37.4565Y16.6298
G01 X37.4383Y16.6200
G01 X37.3407Y16.5739
G01 X37.3217Y16.5660
G01 X37.2097Y16.5262
G01 X37.1458Y16.5100
G00 Z3.0000
G00 X39.3636Y16.5502
G01 Z-0.2000
G01 X39.2492Y16.5559
G01 X39.1363Y16.5725
G01 X39.1238Y16.5750
G01 X39.0133Y16.6028
G01 X38.9053Y16.6413
G01 X38.8935Y16.6462
G01 X38.7933Y16.6936
G01 X38.6920Y16.7539
G01 X38.6814Y16.7610
G01 X38.5876Y16.8310
G01 X38.5049Y16.9059
G01 X38.4959Y16.9149
G01 X38.4210Y16.9976
G01 X38.3510Y17.0914
G01 X38.3439Y17.1020
G01 X38.2836Y17.2033
G01 X38.2349Y17.3063
G01 X38.1928Y17.4233
G01 X38.1642Y17.5372
G01 X38.1459Y17.6592
G01 X38.1400Y17.7800
G01 X38.1400Y19.0500
G01 X38.1459Y19.1708
G01 X38.1642Y19.2928
G01 X38.1928Y19.4067
G01 X38.2349Y19.5237
G01 X38.2836Y19.6267
G01 X38.3472Y19.7332
G01 X38.4210Y19.8324
G01 X38.5003Y19.9197
G01 X38.5876Y19.9990
G01 X38.6868Y20.0728
G01 X38.7933Y20.1364
G01 X38.8963Y20.1851
G01 X39.0133Y20.2272
G01 X39.1272Y20.2558
G01 X39.2492Y20.2741
G01 X39.3700Y20.2800
G01 X39.4842Y20.2745
G01 X39.4969Y20.2733
G01 X39.6128Y20.2558
G01 X39.7267Y20.2272
G01 X39.8347Y20.1887
G01 X39.8465Y20.1838
G01 X39.9467Y20.1364
G01 X40.0480Y20.0761
G01 X40.0586Y20.0690
G01 X40.1524Y19.9990
G01 X40.2351Y19.9241
G01 X40.2441Y19.9151
G01 X40.3190Y19.8324
G01 X40.3890Y19.7386
G01 X40.3961Y19.7280
G01 X40.4564Y19.6267
G01 X40.5051Y19.5237
G01 X40.5472Y19.4067
G01 X40.5758Y19.2928
G01 X40.5941Y19.1708
G01 X40.6000Y19.0500
G01 X40.6000Y17.7800
G01 X40.5941Y17.6592
G01 X40.5758Y17.5372
G01 X40.5472Y17.4233
G01 X40.5051Y17.3063
G01 X40.4564Y17.2033
G01 X40.3928Y17.0968
G01 X40.3190Y16.9976
G01 X40.2397Y16.9103
G01 X40.1524Y16.8310
G01 X40.0532Y16.7572
G01 X39.9467Y16.6936
G01 X39.8438Y16.6449
G01 X39.7267Y16.6028
G01 X39.6128Y16.5742
G01 X39.4908Y16.5559
G01 X39.3764Y16.5502
G01 X39.3636Y16.5502
G00 Z3.0000
G00 X39.3675Y16.6301
G01 Z-0.2000
G01 X39.4828Y16.6355
G01 X39.5954Y16.6523
G01 X39.7037Y16.6795
G01 X39.8113Y16.7180
G01 X39.9109Y16.7652
G01 X40.0089Y16.8238
G01 X40.1004Y16.8917
G01 X40.1832Y16.9668
G01 X40.2583Y17.0496
G01 X40.3262Y17.1411
G01 X40.3848Y17.2391
G01 X40.4320Y17.3387
G01 X40.4705Y17.4463
G01 X40.4977Y17.5546
G01 X40.5145Y17.6672
G01 X40.5200Y17.7800
G01 X40.5200Y19.0500
G01 X40.5146Y19.1603
G01 X40.4977Y19.2754
G01 X40.4705Y19.3837
G01 X40.4320Y19.4913
G01 X40.3853Y19.5899
G01 X40.3262Y19.6889
G01 X40.2574Y19.7814
G01 X40.1832Y19.8632
G01 X40.1014Y19.9374
G01 X40.0068Y20.0075
G01 X39.9109Y20.0648
G01 X39.8123Y20.1115
G01 X39.7037Y20.1505
G01 X39.5954Y20.1777
G01 X39.4852Y20.1942
G01 X39.3700Y20.2000
G01 X39.2572Y20.1945
G01 X39.1446Y20.1777
G01 X39.0363Y20.1505
G01 X38.9287Y20.1120
G01 X38.8291Y20.0648
G01 X38.7311Y20.0062
G01 X38.6396Y19.9383
G01 X38.5568Y19.8632
G01 X38.4817Y19.7804
G01 X38.4138Y19.6889
G01 X38.3552Y19.5909
G01 X38.3080Y19.4913
G01 X38.2695Y19.3837
G01 X38.2423Y19.2754
G01 X38.2255Y19.1628
G01 X38.2200Y19.0500
G01 X38.2200Y17.7800
G01 X38.2254Y17.6697
G01 X38.2423Y17.5546
G01 X38.2695Y17.4463
G01 X38.3080Y17.3387
G01 X38.3547Y17.2401
G01 X38.4138Y17.1411
G01 X38.4826Y17.0486
G01 X38.5568Y16.9668
G01 X38.6386Y16.8926
G01 X38.7332Y16.8225
G01 X38.8291Y16.7652
G01 X38.9277Y16.7185
G01 X39.0363Y16.6795
G01 X39.1481Y16.6517
G01 X39.2572Y16.6355
G01 X39.3675Y16.6301
G00 Z3.0000
G00 X41.9036Y16.5502
G01 Z-0.2000
G01 X41.7892Y16.5559
G01 X41.6763Y16.5725
G01 X41.6638Y16.5750
G01 X41.5533Y16.6028
G01 X41.4453Y16.6413
G01 X41.4335Y16.6462
G01 X41.3333Y16.6936
G01 X41.2320Y16.7539
G01 X41.2214Y16.7610
G01 X41.1276Y16.8310
G01 X41.0449Y16.9059
G01 X41.0359Y16.9149
G01 X40.9610Y16.9976
G01 X40.8910Y17.0914
G01 X40.8839Y17.1020
G01 X40.8236Y17.2033
G01 X40.7749Y17.3063
G01 X40.7328Y17.4233
G01 X40.7042Y17.5372
G01 X40.6859Y17.6592
G01 X40.6800Y17.7800
G01 X40.6800Y19.0500
G01 X40.6859Y19.1708
G01 X40.7042Y19.2928
G01 X40.7328Y19.4067
G01 X40.7749Y19.5237
G01 X40.8236Y19.6267
G01 X40.8872Y19.7332
G01 X40.9610Y19.8324
G01 X41.0403Y19.9197
G01 X41.1276Y19.9990
G01 X41.2268Y20.0728
G01 X41.3333Y20.1364
G01 X41.4363Y20.1851
G01 X41.5533Y20.2272
G01 X41.6672Y20.2558
G01 X41.7892Y20.2741
G01 X41.9100Y20.2800
G01 X42.0242Y20.2745
G01 X42.0369Y20.2733
G01 X42.1528Y20.2558
G01 X42.2667Y20.2272
G01 X42.3747Y20.1887
G01 X42.3865Y20.1838
G01 X42.4867Y20.1364
G01 X42.5880Y20.0761
G01 X42.5986Y20.0690
G01 X42.6924Y19.9990
G01 X42.7751Y19.9241
G01 X42.7841Y19.9151
G01 X42.8590Y19.8324
G01 X42.9290Y19.7386
G01 X42.9361Y19.7280
G01 X42.9964Y19.6267
G01 X43.0451Y19.5237
G01 X43.0872Y19.4067
G01 X43.1158Y19.2928
G01 X43.1341Y19.1708
G01 X43.1400Y19.0500
G01 X43.1400Y17.7800
G01 X43.1341Y17.6592
G01 X43.1158Y17.5372
G01 X43.0872Y17.4233
G01 X43.0451Y17.3063
G01 X42.9964Y17.2033
G01 X42.9328Y17.0968
G01 X42.8590Y16.9976
G01 X42.7797Y16.9103
G01 X42.6924Y16.8310
G01 X42.5932Y16.7572
G01 X42.4867Y16.6936
G01 X42.3838Y16.6449
G01 X42.2667Y16.6028
G01 X42.1528Y16.5742
G01 X42.0308Y16.5559
G01 X41.9164Y16.5502
G01 X41.9036Y16.5502
G00 Z3.0000
G00 X41.9075Y16.6301
G01 Z-0.2000
G01 X42.0228Y16.6355
G01 X42.1354Y16.6523
G01 X42.2437Y16.6795
G01 X42.3513Y16.7180
G01 X42.4509Y16.7652
G01 X42.5489Y16.8238
G01 X42.6404Y16.8917
G01 X42.7232Y16.9668
G01 X42.7983Y17.0496
G01 X42.8662Y17.1411
G01 X42.9248Y17.2391
G01 X42.9720Y17.3387
G01 X43.0105Y17.4463
G01 X43.0377Y17.5546
G01 X43.0545Y17.6672
G01 X43.0600Y17.7800
G01 X43.0600Y19.0500
G01 X43.0546Y19.1603
G01 X43.0377Y19.2754
G01 X43.0105Y19.3837
G01 X42.9720Y19.4913
G01 X42.9253Y19.5899
G01 X42.8662Y19.6889
G01 X42.7974Y19.7814
G01 X42.7232Y19.8632
G01 X42.6414Y19.9374
G01 X42.5468Y20.0075
G01 X42.4509Y20.0648
G01 X42.3523Y20.1115
G01 X42.2437Y20.1505
G01 X42.1354Y20.1777
G01 X42.0252Y20.1942
G01 X41.9100Y20.2000
G01 X41.7972Y20.1945
G01 X41.6846Y20.1777
G01 X41.5763Y20.1505
G01 X41.4687Y20.1120
G01 X41.3691Y20.0648
G01 X41.2711Y20.0062
G01 X41.1796Y19.9383
G01 X41.0968Y19.8632
G01 X41.0217Y19.7804
G01 X40.9538Y19.6889
G01 X40.8952Y19.5909
G01 X40.8480Y19.4913
G01 X40.8095Y19.3837
G01 X40.7823Y19.2754
G01 X40.7655Y19.1628
G01 X40.7600Y19.0500
G01 X40.7600Y17.7800
G01 X40.7654Y17.6697
G01 X40.7823Y17.5546
G01 X40.8095Y17.4463
G01 X40.8480Y17.3387
G01 X40.8947Y17.2401
G01 X40.9538Y17.1411
G01 X41.0226Y17.0486
G01 X41.0968Y16.9668
G01 X41.1786Y16.8926
G01 X41.2732Y16.8225
G01 X41.3691Y16.7652
G01 X41.4677Y16.7185
G01 X41.5763Y16.6795
G01 X41.6881Y16.6517
G01 X41.7972Y16.6355
G01 X41.9075Y16.6301
G00 Z3.0000
G00 X40.5673Y19.5794
G01 Z-0.2000
G01 X40.5782Y19.5562
G01 X40.5840Y19.5417
G01 X40.6204Y19.4401
G01 X40.6263Y19.4203
G01 X40.6400Y19.3658
G01 X40.6537Y19.4203
G01 X40.6596Y19.4401
G01 X40.6960Y19.5417
G01 X40.7018Y19.5562
G01 X40.7127Y19.5794
G01 X40.6952Y19.5760
G01 X40.6731Y19.5730
G01 X40.6400Y19.5714
G01 X40.6069Y19.5730
G01 X40.5848Y19.5760
G01 X40.5673Y19.5794
G00 Z3.0000
G00 X42.9420Y19.8554
G01 Z-0.2000
G01 X42.9993Y19.7776
G01 X43.0602Y19.6765
G01 X43.0700Y19.6583
G01 X43.1182Y19.5562
G01 X43.1400Y19.4970
G01 X43.1400Y19.9330
G01 X43.1109Y19.9112
G01 X43.0919Y19.8995
G01 X43.0737Y19.8897
G01 X43.0436Y19.8766
G01 X43.0216Y19.8691
G01 X42.9949Y19.8622
G01 X42.9681Y19.8577
G01 X42.9420Y19.8554
G00 Z3.0000
G00 X45.6000Y22.8600
G01 Z-0.2000
G01 X45.5945Y22.9728
G01 X45.5777Y23.0854
G01 X45.5505Y23.1937
G01 X45.5133Y23.2978
G01 X45.4630Y23.4042
G01 X45.4062Y23.4989
G01 X45.3374Y23.5914
G01 X45.2632Y23.6732
G01 X45.1804Y23.7483
G01 X45.0889Y23.8162
G01 X44.9909Y23.8748
G01 X44.8913Y23.9220
G01 X44.7837Y23.9605
G01 X44.6754Y23.9877
G01 X44.5628Y24.0045
G01 X44.4500Y24.0100
G01 X44.3372Y24.0045
G01 X44.2246Y23.9877
G01 X44.1185Y23.9611
G01 X44.0077Y23.9215
G01 X43.9091Y23.8748
G01 X43.8091Y23.8148
G01 X43.7196Y23.7483
G01 X43.6368Y23.6732
G01 X43.5617Y23.5904
G01 X43.4938Y23.4989
G01 X43.4352Y23.4009
G01 X43.3880Y23.3013
G01 X43.3495Y23.1937
G01 X43.3223Y23.0854
G01 X43.3055Y22.9728
G01 X43.3000Y22.8600
G01 X43.3000Y17.7800
G01 X43.3058Y17.6648
G01 X43.3223Y17.5546
G01 X43.3489Y17.4485
G01 X43.3885Y17.3377
G01 X43.4352Y17.2391
G01 X43.4938Y17.1411
G01 X43.5617Y17.0496
G01 X43.6351Y16.9686
G01 X43.7224Y16.8895
G01 X43.8111Y16.8238
G01 X43.9091Y16.7652
G01 X44.0087Y16.7180
G01 X44.1138Y16.6803
G01 X44.2246Y16.6523
G01 X44.3372Y16.6355
G01 X44.4500Y16.6300
G01 X44.5628Y16.6355
G01 X44.6754Y16.6523
G01 X44.7837Y16.6795
G01 X44.8913Y16.7180
G01 X44.9909Y16.7652
G01 X45.0889Y16.8238
G01 X45.1804Y16.8917
G01 X45.2632Y16.9668
G01 X45.3383Y17.0496
G01 X45.4062Y17.1411
G01 X45.4648Y17.2391
G01 X45.5120Y17.3387
G01 X45.5505Y17.4463
G01 X45.5777Y17.5546
G01 X45.5945Y17.6672
G01 X45.6000Y17.7800
G01 X45.6000Y22.8600
G00 Z3.0000
G00 X45.6800Y22.8600
G01 Z-0.2000
G01 X45.6800Y17.7800
G01 X45.6741Y17.6592
G01 X45.6558Y17.5372
G01 X45.6272Y17.4233
G01 X45.5851Y17.3063
G01 X45.5364Y17.2033
G01 X45.4728Y17.0968
G01 X45.3990Y16.9976
G01 X45.3197Y16.9103
G01 X45.2324Y16.8310
G01 X45.1332Y16.7572
G01 X45.0267Y16.6936
G01 X44.9238Y16.6449
G01 X44.8067Y16.6028
G01 X44.6928Y16.5742
G01 X44.5708Y16.5559
G01 X44.4500Y16.5500
G01 X44.3292Y16.5559
G01 X44.2072Y16.5742
G01 X44.0991Y16.6013
G01 X44.0869Y16.6050
G01 X43.9763Y16.6449
G01 X43.8733Y16.6936
G01 X43.7668Y16.7572
G01 X43.6747Y16.8253
G01 X43.6649Y16.8334
G01 X43.5849Y16.9059
G01 X43.5759Y16.9149
G01 X43.5010Y16.9976
G01 X43.4272Y17.0968
G01 X43.3636Y17.2033
G01 X43.3162Y17.3035
G01 X43.3113Y17.3153
G01 X43.2750Y17.4169
G01 X43.2713Y17.4291
G01 X43.2442Y17.5372
G01 X43.2267Y17.6531
G01 X43.2255Y17.6658
G01 X43.2200Y17.7800
G01 X43.2200Y22.8600
G01 X43.2259Y22.9808
G01 X43.2442Y23.1028
G01 X43.2728Y23.2167
G01 X43.3149Y23.3337
G01 X43.3636Y23.4367
G01 X43.4272Y23.5432
G01 X43.5010Y23.6424
G01 X43.5803Y23.7297
G01 X43.6676Y23.8090
G01 X43.7614Y23.8790
G01 X43.7720Y23.8861
G01 X43.8733Y23.9464
G01 X43.9735Y23.9938
G01 X43.9853Y23.9987
G01 X44.0869Y24.0350
G01 X44.0991Y24.0387
G01 X44.2072Y24.0658
G01 X44.3292Y24.0841
G01 X44.4500Y24.0900
G01 X44.5708Y24.0841
G01 X44.6928Y24.0658
G01 X44.8067Y24.0372
G01 X44.9238Y23.9951
G01 X45.0267Y23.9464
G01 X45.1332Y23.8828
G01 X45.2324Y23.8090
G01 X45.3197Y23.7297
G01 X45.3966Y23.6451
G01 X45.4047Y23.6353
G01 X45.4728Y23.5432
G01 X45.5316Y23.4454
G01 X45.5376Y23.4341
G01 X45.5838Y23.3365
G01 X45.5887Y23.3247
G01 X45.6272Y23.2167
G01 X45.6558Y23.1028
G01 X45.6741Y22.9808
G01 X45.6800Y22.8600
G00 Z3.0000
G00 X45.6675Y23.3419
G01 Z-0.2000
G01 X45.6800Y23.3070
G01 X45.6800Y23.3294
G01 X45.6675Y23.3419
G00 Z3.0000
G00 X44.8970Y24.0900
G01 Z-0.2000
G01 X44.9319Y24.0775
G01 X44.9194Y24.0900
G01 X44.8970Y24.0900
G00 Z3.0000
G00 X43.9206Y24.0573
G01 Z-0.2000
G01 X43.9438Y24.0682
G01 X43.9583Y24.0740
G01 X44.0599Y24.1104
G01 X44.0797Y24.1163
G01 X44.1342Y24.1300
G01 X44.0797Y24.1437
G01 X44.0599Y24.1496
G01 X43.9583Y24.1860
G01 X43.9438Y24.1918
G01 X43.9206Y24.2027
G01 X43.9240Y24.1852
G01 X43.9270Y24.1631
G01 X43.9286Y24.1300
G01 X43.9270Y24.0969
G01 X43.9240Y24.0748
G01 X43.9206Y24.0573
G00 Z3.0000
G00 X45.7510Y26.9000
G01 Z-0.2000
G01 X44.1527Y26.9000
G01 X44.1613Y26.8717
G01 X44.1661Y26.8523
G01 X44.1698Y26.8319
G01 X44.1733Y26.8061
G01 X44.1753Y26.7625
G01 X44.1928Y26.7657
G01 X44.3133Y26.7833
G01 X44.4500Y26.7900
G01 X45.4620Y26.7900
G01 X45.5987Y26.7833
G01 X45.7284Y26.7640
G01 X45.7304Y26.8061
G01 X45.7339Y26.8319
G01 X45.7376Y26.8523
G01 X45.7424Y26.8717
G01 X45.7510Y26.9000
G00 Z3.0000
G00 X45.8865Y26.9800
G01 Z-0.2000
G01 X44.0172Y26.9800
G01 X44.0330Y26.9595
G01 X44.0444Y26.9424
G01 X44.0585Y26.9178
G01 X44.0657Y26.9026
G01 X44.0736Y26.8836
G01 X44.0811Y26.8616
G01 X44.0880Y26.8349
G01 X44.0907Y26.8202
G01 X44.0937Y26.7981
G01 X44.0951Y26.7753
G01 X44.0951Y26.7547
G01 X44.0937Y26.7318
G01 X44.0880Y26.6951
G01 X44.0811Y26.6684
G01 X44.0769Y26.6556
G01 X44.1898Y26.6839
G01 X44.3114Y26.7024
G01 X44.3319Y26.7045
G01 X44.4500Y26.7100
G01 X45.4723Y26.7097
G01 X45.5801Y26.7045
G01 X45.6006Y26.7024
G01 X45.7222Y26.6839
G01 X45.8260Y26.6579
G01 X45.8226Y26.6684
G01 X45.8157Y26.6951
G01 X45.8112Y26.7219
G01 X45.8092Y26.7424
G01 X45.8083Y26.7650
G01 X45.8092Y26.7876
G01 X45.8112Y26.8081
G01 X45.8157Y26.8349
G01 X45.8226Y26.8616
G01 X45.8260Y26.8720
G01 X45.8359Y26.8981
G01 X45.8453Y26.9178
G01 X45.8647Y26.9509
G01 X45.8865Y26.9800
G00 Z3.0000
G00 X47.8048Y24.6834
G01 Z-0.2000
G01 X46.2752Y26.2132
G01 X46.1924Y26.2883
G01 X46.1009Y26.3562
G01 X46.0019Y26.4153
G01 X45.9033Y26.4620
G01 X45.7982Y26.4997
G01 X45.6874Y26.5277
G01 X45.5748Y26.5445
G01 X45.4620Y26.5500
G01 X44.4475Y26.5499
G01 X44.3372Y26.5445
G01 X44.2246Y26.5277
G01 X44.1163Y26.5005
G01 X44.0122Y26.4633
G01 X43.9091Y26.4148
G01 X43.8091Y26.3548
G01 X43.7196Y26.2883
G01 X43.6386Y26.2149
G01 X43.5617Y26.1304
G01 X43.4938Y26.0389
G01 X43.4347Y25.9399
G01 X43.3880Y25.8413
G01 X43.3503Y25.7362
G01 X43.3223Y25.6254
G01 X43.3054Y25.5103
G01 X43.3000Y25.4000
G01 X43.3054Y25.2897
G01 X43.3223Y25.1746
G01 X43.3503Y25.0638
G01 X43.3880Y24.9587
G01 X43.4347Y24.8601
G01 X43.4938Y24.7611
G01 X43.5626Y24.6686
G01 X43.6368Y24.5868
G01 X43.7186Y24.5126
G01 X43.8111Y24.4438
G01 X43.9101Y24.3847
G01 X44.0087Y24.3380
G01 X44.1138Y24.3003
G01 X44.2246Y24.2723
G01 X44.3372Y24.2555
G01 X44.4475Y24.2501
G01 X44.9857Y24.2500
G01 X45.8400Y23.3957
G01 X45.8400Y17.7800
G01 X45.8455Y17.6672
G01 X45.8617Y17.5581
G01 X45.8903Y17.4438
G01 X45.9280Y17.3387
G01 X45.9752Y17.2391
G01 X46.0338Y17.1411
G01 X46.0995Y17.0524
G01 X46.1786Y16.9651
G01 X46.2596Y16.8917
G01 X46.3511Y16.8238
G01 X46.4491Y16.7652
G01 X46.5477Y16.7185
G01 X46.6585Y16.6789
G01 X46.7646Y16.6523
G01 X46.8772Y16.6355
G01 X46.9900Y16.6300
G01 X47.1028Y16.6355
G01 X47.2154Y16.6523
G01 X47.3237Y16.6795
G01 X47.4313Y16.7180
G01 X47.5309Y16.7652
G01 X47.6289Y16.8238
G01 X47.7204Y16.8917
G01 X47.8032Y16.9668
G01 X47.8783Y17.0496
G01 X47.9462Y17.1411
G01 X48.0048Y17.2391
G01 X48.0520Y17.3387
G01 X48.0905Y17.4463
G01 X48.1177Y17.5546
G01 X48.1345Y17.6672
G01 X48.1400Y17.7800
G01 X48.1399Y23.8745
G01 X48.1345Y23.9848
G01 X48.1177Y24.0974
G01 X48.0905Y24.2057
G01 X48.0520Y24.3133
G01 X48.0048Y24.4129
G01 X47.9462Y24.5109
G01 X47.8783Y24.6024
G01 X47.8048Y24.6834
G00 Z3.0000
G00 X48.1943Y28.8955
G01 Z-0.2000
G01 X48.1700Y28.8847
G01 X48.0942Y28.8578
G01 X48.0137Y28.8375
G01 X47.9256Y28.8242
G01 X47.8395Y28.8200
G01 X48.1188Y28.8200
G01 X48.1943Y28.8955
G00 Z3.0000
G00 X48.4030Y29.1327
G01 Z-0.2000
G01 X49.9513Y30.6807
G01 X49.9713Y30.6880
G01 X50.0709Y30.7352
G01 X50.1689Y30.7938
G01 X50.2604Y30.8617
G01 X50.3449Y30.9386
G01 X50.4183Y31.0196
G01 X50.4848Y31.1091
G01 X50.5448Y31.2091
G01 X50.5920Y31.3087
G01 X50.6297Y31.4138
G01 X50.6583Y31.5281
G01 X50.6745Y31.6372
G01 X50.6800Y31.7500
G01 X50.6800Y35.5600
G01 X50.6745Y35.6728
G01 X50.6583Y35.7819
G01 X50.6297Y35.8962
G01 X50.5920Y36.0013
G01 X50.5448Y36.1009
G01 X50.4848Y36.2009
G01 X50.4183Y36.2904
G01 X50.3432Y36.3732
G01 X50.2604Y36.4483
G01 X50.1709Y36.5148
G01 X50.0709Y36.5748
G01 X49.9713Y36.6220
G01 X49.8662Y36.6597
G01 X49.7519Y36.6883
G01 X49.6428Y36.7045
G01 X49.5300Y36.7100
G01 X49.4172Y36.7045
G01 X49.3081Y36.6883
G01 X49.1938Y36.6597
G01 X49.0887Y36.6220
G01 X48.9891Y36.5748
G01 X48.8911Y36.5162
G01 X48.7996Y36.4483
G01 X48.7168Y36.3732
G01 X48.6426Y36.2914
G01 X48.5738Y36.1989
G01 X48.5170Y36.1042
G01 X48.4667Y35.9978
G01 X48.4295Y35.8937
G01 X48.4023Y35.7854
G01 X48.3855Y35.6728
G01 X48.3800Y35.5600
G01 X48.3800Y31.7500
G01 X48.3858Y31.6348
G01 X48.4023Y31.5246
G01 X48.4284Y31.4206
G01 X47.5078Y30.5000
G01 X18.2675Y30.4999
G01 X18.1915Y30.4961
G01 X18.1163Y30.4850
G01 X18.0379Y30.4656
G01 X17.9627Y30.4386
G01 X17.8951Y30.4066
G01 X17.8276Y30.3665
G01 X17.8162Y30.3583
G01 X17.7775Y30.3599
G01 X17.6648Y30.3542
G01 X17.5546Y30.3377
G01 X17.4438Y30.3097
G01 X17.3387Y30.2720
G01 X17.2391Y30.2248
G01 X17.1411Y30.1662
G01 X17.0524Y30.1005
G01 X16.9668Y30.0232
G01 X16.8917Y29.9404
G01 X16.8238Y29.8489
G01 X16.7647Y29.7499
G01 X16.7167Y29.6478
G01 X16.6795Y29.5437
G01 X16.6526Y29.4367
G01 X16.6355Y29.3228
G01 X16.6300Y29.2100
G01 X16.6355Y29.0972
G01 X16.6523Y28.9846
G01 X16.6795Y28.8763
G01 X16.7180Y28.7687
G01 X16.7652Y28.6691
G01 X16.8238Y28.5711
G01 X16.8917Y28.4796
G01 X16.9668Y28.3968
G01 X17.0496Y28.3217
G01 X17.1411Y28.2538
G01 X17.2391Y28.1952
G01 X17.3387Y28.1480
G01 X17.4463Y28.1095
G01 X17.5546Y28.0823
G01 X17.6672Y28.0655
G01 X17.7800Y28.0600
G01 X17.8928Y28.0655
G01 X18.0019Y28.0817
G01 X18.1162Y28.1103
G01 X18.2213Y28.1480
G01 X18.3209Y28.1952
G01 X18.4189Y28.2538
G01 X18.5076Y28.3195
G01 X18.5949Y28.3986
G01 X18.6683Y28.4796
G01 X18.7362Y28.5711
G01 X18.7948Y28.6691
G01 X18.8420Y28.7687
G01 X18.8797Y28.8738
G01 X18.8865Y28.9000
G01 X47.8391Y28.9000
G01 X47.9176Y28.9038
G01 X47.9963Y28.9156
G01 X48.0712Y28.9344
G01 X48.1465Y28.9614
G01 X48.2151Y28.9938
G01 X48.2836Y29.0348
G01 X48.3475Y29.0823
G01 X48.4030Y29.1327
G00 Z3.0000
G00 X47.5506Y30.6560
G01 Z-0.2000
G01 X47.4638Y30.6149
G01 X47.3672Y30.5800
G01 X47.4746Y30.5800
G01 X47.5506Y30.6560
G00 Z3.0000
G00 X46.9836Y33.0602
G01 Z-0.2000
G01 X46.8692Y33.0659
G01 X46.7563Y33.0825
G01 X46.7438Y33.0850
G01 X46.6333Y33.1128
G01 X46.5253Y33.1513
G01 X46.5135Y33.1562
G01 X46.4133Y33.2036
G01 X46.3120Y33.2639
G01 X46.3014Y33.2710
G01 X46.2076Y33.3410
G01 X46.1249Y33.4159
G01 X46.1159Y33.4249
G01 X46.0410Y33.5076
G01 X45.9710Y33.6014
G01 X45.9639Y33.6120
G01 X45.9036Y33.7133
G01 X45.8549Y33.8163
G01 X45.8128Y33.9333
G01 X45.7842Y34.0472
G01 X45.7659Y34.1692
G01 X45.7600Y34.2900
G01 X45.7600Y35.5600
G01 X45.7659Y35.6808
G01 X45.7842Y35.8028
G01 X45.8128Y35.9167
G01 X45.8549Y36.0337
G01 X45.9036Y36.1367
G01 X45.9672Y36.2432
G01 X46.0410Y36.3424
G01 X46.1203Y36.4297
G01 X46.2076Y36.5090
G01 X46.3068Y36.5828
G01 X46.4133Y36.6464
G01 X46.5163Y36.6951
G01 X46.6333Y36.7372
G01 X46.7472Y36.7658
G01 X46.8692Y36.7841
G01 X46.9900Y36.7900
G01 X47.1042Y36.7845
G01 X47.1169Y36.7833
G01 X47.2328Y36.7658
G01 X47.3467Y36.7372
G01 X47.4547Y36.6987
G01 X47.4665Y36.6938
G01 X47.5667Y36.6464
G01 X47.6680Y36.5861
G01 X47.6786Y36.5790
G01 X47.7724Y36.5090
G01 X47.8551Y36.4341
G01 X47.8641Y36.4251
G01 X47.9390Y36.3424
G01 X48.0090Y36.2486
G01 X48.0161Y36.2380
G01 X48.0764Y36.1367
G01 X48.1251Y36.0338
G01 X48.1672Y35.9167
G01 X48.1958Y35.8028
G01 X48.2141Y35.6808
G01 X48.2200Y35.5600
G01 X48.2200Y34.2900
G01 X48.2141Y34.1692
G01 X48.1958Y34.0472
G01 X48.1672Y33.9333
G01 X48.1251Y33.8162
G01 X48.0764Y33.7133
G01 X48.0128Y33.6068
G01 X47.9390Y33.5076
G01 X47.8597Y33.4203
G01 X47.7724Y33.3410
G01 X47.6732Y33.2672
G01 X47.5667Y33.2036
G01 X47.4638Y33.1549
G01 X47.3467Y33.1128
G01 X47.2328Y33.0842
G01 X47.1108Y33.0659
G01 X46.9964Y33.0602
G01 X46.9836Y33.0602
G00 Z3.0000
G00 X46.9875Y33.1401
G01 Z-0.2000
G01 X47.1028Y33.1455
G01 X47.2154Y33.1623
G01 X47.3237Y33.1895
G01 X47.4313Y33.2280
G01 X47.5309Y33.2752
G01 X47.6289Y33.3338
G01 X47.7204Y33.4017
G01 X47.8032Y33.4768
G01 X47.8783Y33.5596
G01 X47.9462Y33.6511
G01 X48.0048Y33.7491
G01 X48.0520Y33.8487
G01 X48.0905Y33.9563
G01 X48.1177Y34.0646
G01 X48.1345Y34.1772
G01 X48.1400Y34.2900
G01 X48.1400Y35.5600
G01 X48.1346Y35.6703
G01 X48.1177Y35.7854
G01 X48.0905Y35.8937
G01 X48.0520Y36.0013
G01 X48.0053Y36.0999
G01 X47.9462Y36.1989
G01 X47.8774Y36.2914
G01 X47.8032Y36.3732
G01 X47.7214Y36.4474
G01 X47.6268Y36.5175
G01 X47.5309Y36.5748
G01 X47.4323Y36.6215
G01 X47.3237Y36.6605
G01 X47.2154Y36.6877
G01 X47.1052Y36.7042
G01 X46.9900Y36.7100
G01 X46.8772Y36.7045
G01 X46.7646Y36.6877
G01 X46.6563Y36.6605
G01 X46.5487Y36.6220
G01 X46.4491Y36.5748
G01 X46.3511Y36.5162
G01 X46.2596Y36.4483
G01 X46.1768Y36.3732
G01 X46.1017Y36.2904
G01 X46.0338Y36.1989
G01 X45.9752Y36.1009
G01 X45.9280Y36.0013
G01 X45.8895Y35.8937
G01 X45.8623Y35.7854
G01 X45.8455Y35.6728
G01 X45.8400Y35.5600
G01 X45.8400Y34.2900
G01 X45.8454Y34.1797
G01 X45.8623Y34.0646
G01 X45.8895Y33.9563
G01 X45.9280Y33.8487
G01 X45.9747Y33.7501
G01 X46.0338Y33.6511
G01 X46.1026Y33.5586
G01 X46.1768Y33.4768
G01 X46.2586Y33.4026
G01 X46.3532Y33.3325
G01 X46.4491Y33.2752
G01 X46.5477Y33.2285
G01 X46.6563Y33.1895
G01 X46.7681Y33.1617
G01 X46.8772Y33.1455
G01 X46.9875Y33.1401
G00 Z3.0000
G00 X48.1400Y33.5096
G01 Z-0.2000
G01 X48.0732Y33.4194
G01 X48.0605Y33.4034
G01 X47.9827Y33.3174
G01 X47.9626Y33.2973
G01 X47.8766Y33.2195
G01 X47.8606Y33.2068
G01 X47.7739Y33.1425
G01 X47.7502Y33.1266
G01 X47.6576Y33.0711
G01 X47.6382Y33.0605
G01 X47.5528Y33.0200
G01 X47.6382Y32.9795
G01 X47.6576Y32.9689
G01 X47.7502Y32.9134
G01 X47.7739Y32.8975
G01 X47.8606Y32.8332
G01 X47.8766Y32.8205
G01 X47.9626Y32.7427
G01 X47.9827Y32.7226
G01 X48.0605Y32.6366
G01 X48.0732Y32.6206
G01 X48.1400Y32.5304
G01 X48.1400Y33.5096
G00 Z3.0000
G00 X48.2200Y33.8430
G01 Z-0.2000
G01 X48.1982Y33.7838
G01 X48.1479Y33.6775
G01 X48.1402Y33.6635
G01 X48.0793Y33.5624
G01 X48.0090Y33.4671
G01 X47.9959Y33.4511
G01 X47.9163Y33.3637
G01 X47.8289Y33.2841
G01 X47.8129Y33.2710
G01 X47.7176Y33.2007
G01 X47.6165Y33.1398
G01 X47.6025Y33.1321
G01 X47.5007Y33.0839
G01 X47.4817Y33.0760
G01 X47.3697Y33.0362
G01 X47.3058Y33.0200
G01 X47.3697Y33.0038
G01 X47.4817Y32.9640
G01 X47.5007Y32.9561
G01 X47.6025Y32.9079
G01 X47.6165Y32.9002
G01 X47.7176Y32.8393
G01 X47.8129Y32.7690
G01 X47.8289Y32.7559
G01 X47.9163Y32.6763
G01 X47.9959Y32.5889
G01 X48.0090Y32.5729
G01 X48.0793Y32.4776
G01 X48.1402Y32.3765
G01 X48.1479Y32.3625
G01 X48.1982Y32.2562
G01 X48.2200Y32.1970
G01 X48.2200Y33.8430
G00 Z3.0000
G00 X48.3327Y36.0894
G01 Z-0.2000
G01 X48.3152Y36.0860
G01 X48.2931Y36.0830
G01 X48.2600Y36.0814
G01 X48.2269Y36.0830
G01 X48.2048Y36.0860
G01 X48.1873Y36.0894
G01 X48.1982Y36.0662
G01 X48.2040Y36.0517
G01 X48.2404Y35.9501
G01 X48.2463Y35.9303
G01 X48.2600Y35.8758
G01 X48.2737Y35.9303
G01 X48.2796Y35.9501
G01 X48.3160Y36.0517
G01 X48.3218Y36.0662
G01 X48.3327Y36.0894
G00 Z3.0000
G00 X50.8727Y36.0894
G01 Z-0.2000
G01 X50.8552Y36.0860
G01 X50.8331Y36.0830
G01 X50.8000Y36.0814
G01 X50.7669Y36.0830
G01 X50.7448Y36.0860
G01 X50.7273Y36.0894
G01 X50.7382Y36.0662
G01 X50.7440Y36.0517
G01 X50.7804Y35.9501
G01 X50.7863Y35.9303
G01 X50.8000Y35.8758
G01 X50.8137Y35.9303
G01 X50.8196Y35.9501
G01 X50.8560Y36.0517
G01 X50.8618Y36.0662
G01 X50.8727Y36.0894
G00 Z3.0000
G00 X53.2200Y35.5600
G01 Z-0.2000
G01 X53.2145Y35.6728
G01 X53.1977Y35.7854
G01 X53.1705Y35.8937
G01 X53.1333Y35.9978
G01 X53.0830Y36.1042
G01 X53.0262Y36.1989
G01 X52.9574Y36.2914
G01 X52.8832Y36.3732
G01 X52.8004Y36.4483
G01 X52.7089Y36.5162
G01 X52.6109Y36.5748
G01 X52.5113Y36.6220
G01 X52.4037Y36.6605
G01 X52.2954Y36.6877
G01 X52.1852Y36.7042
G01 X52.0675Y36.7099
G01 X51.9572Y36.7045
G01 X51.8433Y36.6874
G01 X51.7363Y36.6605
G01 X51.6287Y36.6220
G01 X51.5291Y36.5748
G01 X51.4311Y36.5162
G01 X51.3396Y36.4483
G01 X51.2568Y36.3732
G01 X51.1817Y36.2904
G01 X51.1152Y36.2009
G01 X51.0547Y36.0999
G01 X51.0080Y36.0013
G01 X50.9695Y35.8937
G01 X50.9423Y35.7854
G01 X50.9258Y35.6752
G01 X50.9200Y35.5600
G01 X50.9200Y31.7500
G01 X50.9258Y31.6348
G01 X50.9423Y31.5246
G01 X50.9689Y31.4185
G01 X51.0080Y31.3087
G01 X51.0552Y31.2091
G01 X51.1125Y31.1132
G01 X51.1817Y31.0196
G01 X51.2568Y30.9368
G01 X51.3386Y30.8626
G01 X51.4311Y30.7938
G01 X51.5291Y30.7352
G01 X51.6277Y30.6885
G01 X51.7363Y30.6495
G01 X51.8446Y30.6223
G01 X51.9572Y30.6055
G01 X52.0700Y30.6000
G01 X52.1828Y30.6055
G01 X52.2954Y30.6223
G01 X52.4037Y30.6495
G01 X52.5113Y30.6880
G01 X52.6109Y30.7352
G01 X52.7089Y30.7938
G01 X52.8004Y30.8617
G01 X52.8832Y30.9368
G01 X52.9583Y31.0196
G01 X53.0262Y31.1111
G01 X53.0848Y31.2091
G01 X53.1320Y31.3087
G01 X53.1705Y31.4163
G01 X53.1977Y31.5246
G01 X53.2142Y31.6348
G01 X53.2200Y31.7500
G01 X53.2200Y35.5600
G00 Z3.0000
G00 X53.3400Y35.8758
G01 Z-0.2000
G01 X53.3537Y35.9303
G01 X53.3596Y35.9501
G01 X53.3960Y36.0517
G01 X53.4018Y36.0662
G01 X53.4127Y36.0894
G01 X53.3952Y36.0860
G01 X53.3731Y36.0830
G01 X53.3400Y36.0814
G01 X53.3069Y36.0830
G01 X53.2848Y36.0860
G01 X53.2673Y36.0894
G01 X53.2782Y36.0662
G01 X53.2840Y36.0517
G01 X53.3204Y35.9501
G01 X53.3263Y35.9303
G01 X53.3400Y35.8758
G00 Z3.0000
G00 X52.4472Y30.5800
G01 Z-0.2000
G01 X52.5546Y30.5800
G01 X52.6306Y30.6560
G01 X52.5438Y30.6149
G01 X52.4472Y30.5800
G00 Z3.0000
G00 X50.4835Y30.7400
G01 Z-0.2000
G01 X51.1165Y30.7400
G01 X51.0871Y30.7671
G01 X51.0773Y30.7774
G01 X50.9995Y30.8634
G01 X50.9868Y30.8794
G01 X50.9225Y30.9661
G01 X50.9066Y30.9898
G01 X50.8511Y31.0824
G01 X50.8405Y31.1018
G01 X50.8000Y31.1872
G01 X50.7595Y31.1018
G01 X50.7489Y31.0824
G01 X50.6934Y30.9898
G01 X50.6775Y30.9661
G01 X50.6132Y30.8794
G01 X50.6005Y30.8634
G01 X50.5227Y30.7774
G01 X50.5129Y30.7671
G01 X50.4835Y30.7400
G00 Z3.0000
G00 X50.2566Y30.6600
G01 Z-0.2000
G01 X51.3434Y30.6600
G01 X51.2471Y30.7310
G01 X51.2355Y30.7402
G01 X51.1437Y30.8237
G01 X51.0602Y30.9155
G01 X50.9807Y31.0224
G01 X50.9198Y31.1235
G01 X50.9121Y31.1375
G01 X50.8618Y31.2438
G01 X50.8560Y31.2583
G01 X50.8162Y31.3703
G01 X50.8000Y31.4342
G01 X50.7838Y31.3703
G01 X50.7440Y31.2583
G01 X50.7382Y31.2438
G01 X50.6879Y31.1375
G01 X50.6802Y31.1235
G01 X50.6193Y31.0224
G01 X50.5398Y30.9155
G01 X50.4563Y30.8237
G01 X50.3645Y30.7402
G01 X50.3529Y30.7310
G01 X50.2566Y30.6600
G00 Z3.0000
G00 X45.2304Y33.1400
G01 Z-0.2000
G01 X46.2096Y33.1400
G01 X46.1194Y33.2068
G01 X46.1034Y33.2195
G01 X46.0174Y33.2973
G01 X45.9973Y33.3174
G01 X45.9195Y33.4034
G01 X45.9068Y33.4194
G01 X45.8425Y33.5061
G01 X45.8266Y33.5298
G01 X45.7711Y33.6224
G01 X45.7605Y33.6418
G01 X45.7200Y33.7272
G01 X45.6795Y33.6418
G01 X45.6689Y33.6224
G01 X45.6134Y33.5298
G01 X45.5975Y33.5061
G01 X45.5332Y33.4194
G01 X45.5205Y33.4034
G01 X45.4427Y33.3174
G01 X45.4226Y33.2973
G01 X45.3366Y33.2195
G01 X45.3206Y33.2068
G01 X45.2304Y33.1400
G00 Z3.0000
G00 X44.8970Y33.0600
G01 Z-0.2000
G01 X46.5430Y33.0600
G01 X46.4838Y33.0818
G01 X46.3775Y33.1321
G01 X46.3635Y33.1398
G01 X46.2624Y33.2007
G01 X46.1671Y33.2710
G01 X46.1511Y33.2841
G01 X46.0637Y33.3637
G01 X45.9841Y33.4511
G01 X45.9710Y33.4671
G01 X45.9007Y33.5624
G01 X45.8398Y33.6635
G01 X45.8321Y33.6775
G01 X45.7839Y33.7793
G01 X45.7760Y33.7983
G01 X45.7362Y33.9103
G01 X45.7200Y33.9742
G01 X45.7038Y33.9103
G01 X45.6640Y33.7983
G01 X45.6561Y33.7793
G01 X45.6079Y33.6775
G01 X45.6002Y33.6635
G01 X45.5393Y33.5624
G01 X45.4690Y33.4671
G01 X45.4559Y33.4511
G01 X45.3763Y33.3637
G01 X45.2889Y33.2841
G01 X45.2729Y33.2710
G01 X45.1776Y33.2007
G01 X45.0765Y33.1398
G01 X45.0625Y33.1321
G01 X44.9562Y33.0818
G01 X44.8970Y33.0600
G00 Z3.0000
G00 X44.4436Y33.0602
G01 Z-0.2000
G01 X44.3292Y33.0659
G01 X44.2163Y33.0825
G01 X44.2038Y33.0850
G01 X44.0933Y33.1128
G01 X43.9853Y33.1513
G01 X43.9735Y33.1562
G01 X43.8733Y33.2036
G01 X43.7720Y33.2639
G01 X43.7614Y33.2710
G01 X43.6676Y33.3410
G01 X43.5849Y33.4159
G01 X43.5759Y33.4249
G01 X43.5010Y33.5076
G01 X43.4310Y33.6014
G01 X43.4239Y33.6120
G01 X43.3636Y33.7133
G01 X43.3149Y33.8162
G01 X43.2728Y33.9333
G01 X43.2442Y34.0472
G01 X43.2259Y34.1692
G01 X43.2200Y34.2900
G01 X43.2200Y35.5600
G01 X43.2259Y35.6808
G01 X43.2442Y35.8028
G01 X43.2728Y35.9167
G01 X43.3149Y36.0338
G01 X43.3636Y36.1367
G01 X43.4272Y36.2432
G01 X43.5010Y36.3424
G01 X43.5803Y36.4297
G01 X43.6676Y36.5090
G01 X43.7668Y36.5828
G01 X43.8733Y36.6464
G01 X43.9763Y36.6951
G01 X44.0933Y36.7372
G01 X44.2072Y36.7658
G01 X44.3292Y36.7841
G01 X44.4500Y36.7900
G01 X44.5642Y36.7845
G01 X44.5769Y36.7833
G01 X44.6928Y36.7658
G01 X44.8067Y36.7372
G01 X44.9147Y36.6987
G01 X44.9265Y36.6938
G01 X45.0267Y36.6464
G01 X45.1280Y36.5861
G01 X45.1386Y36.5790
G01 X45.2324Y36.5090
G01 X45.3151Y36.4341
G01 X45.3241Y36.4251
G01 X45.3990Y36.3424
G01 X45.4690Y36.2486
G01 X45.4761Y36.2380
G01 X45.5364Y36.1367
G01 X45.5851Y36.0337
G01 X45.6272Y35.9167
G01 X45.6558Y35.8028
G01 X45.6741Y35.6808
G01 X45.6800Y35.5600
G01 X45.6800Y34.2900
G01 X45.6741Y34.1692
G01 X45.6558Y34.0472
G01 X45.6272Y33.9333
G01 X45.5851Y33.8163
G01 X45.5364Y33.7133
G01 X45.4728Y33.6068
G01 X45.3990Y33.5076
G01 X45.3197Y33.4203
G01 X45.2324Y33.3410
G01 X45.1332Y33.2672
G01 X45.0267Y33.2036
G01 X44.9238Y33.1549
G01 X44.8067Y33.1128
G01 X44.6928Y33.0842
G01 X44.5708Y33.0659
G01 X44.4564Y33.0602
G01 X44.4436Y33.0602
G00 Z3.0000
G00 X44.4475Y33.1401
G01 Z-0.2000
G01 X44.5628Y33.1455
G01 X44.6754Y33.1623
G01 X44.7837Y33.1895
G01 X44.8913Y33.2280
G01 X44.9909Y33.2752
G01 X45.0889Y33.3338
G01 X45.1804Y33.4017
G01 X45.2632Y33.4768
G01 X45.3383Y33.5596
G01 X45.4062Y33.6511
G01 X45.4648Y33.7491
G01 X45.5120Y33.8487
G01 X45.5505Y33.9563
G01 X45.5777Y34.0646
G01 X45.5945Y34.1772
G01 X45.6000Y34.2900
G01 X45.6000Y35.5600
G01 X45.5946Y35.6703
G01 X45.5777Y35.7854
G01 X45.5505Y35.8937
G01 X45.5120Y36.0013
G01 X45.4653Y36.0999
G01 X45.4062Y36.1989
G01 X45.3374Y36.2914
G01 X45.2632Y36.3732
G01 X45.1814Y36.4474
G01 X45.0868Y36.5175
G01 X44.9909Y36.5748
G01 X44.8923Y36.6215
G01 X44.7837Y36.6605
G01 X44.6754Y36.6877
G01 X44.5652Y36.7042
G01 X44.4500Y36.7100
G01 X44.3372Y36.7045
G01 X44.2246Y36.6877
G01 X44.1163Y36.6605
G01 X44.0087Y36.6220
G01 X43.9091Y36.5748
G01 X43.8111Y36.5162
G01 X43.7196Y36.4483
G01 X43.6368Y36.3732
G01 X43.5617Y36.2904
G01 X43.4938Y36.1989
G01 X43.4352Y36.1009
G01 X43.3880Y36.0013
G01 X43.3495Y35.8937
G01 X43.3223Y35.7854
G01 X43.3055Y35.6728
G01 X43.3000Y35.5600
G01 X43.3000Y34.2900
G01 X43.3054Y34.1797
G01 X43.3223Y34.0646
G01 X43.3495Y33.9563
G01 X43.3880Y33.8487
G01 X43.4347Y33.7501
G01 X43.4938Y33.6511
G01 X43.5626Y33.5586
G01 X43.6368Y33.4768
G01 X43.7186Y33.4026
G01 X43.8132Y33.3325
G01 X43.9091Y33.2752
G01 X44.0077Y33.2285
G01 X44.1163Y33.1895
G01 X44.2281Y33.1617
G01 X44.3372Y33.1455
G01 X44.4475Y33.1401
G00 Z3.0000
G00 X42.6904Y33.1400
G01 Z-0.2000
G01 X43.6696Y33.1400
G01 X43.5794Y33.2068
G01 X43.5634Y33.2195
G01 X43.4774Y33.2973
G01 X43.4573Y33.3174
G01 X43.3795Y33.4034
G01 X43.3668Y33.4194
G01 X43.3025Y33.5061
G01 X43.2866Y33.5298
G01 X43.2311Y33.6224
G01 X43.2205Y33.6418
G01 X43.1800Y33.7272
G01 X43.1395Y33.6418
G01 X43.1289Y33.6224
G01 X43.0734Y33.5298
G01 X43.0575Y33.5061
G01 X42.9932Y33.4194
G01 X42.9805Y33.4034
G01 X42.9027Y33.3174
G01 X42.8826Y33.2973
G01 X42.7966Y33.2195
G01 X42.7806Y33.2068
G01 X42.6904Y33.1400
G00 Z3.0000
G00 X42.3570Y33.0600
G01 Z-0.2000
G01 X44.0030Y33.0600
G01 X43.9438Y33.0818
G01 X43.8375Y33.1321
G01 X43.8235Y33.1398
G01 X43.7224Y33.2007
G01 X43.6271Y33.2710
G01 X43.6111Y33.2841
G01 X43.5237Y33.3637
G01 X43.4441Y33.4511
G01 X43.4310Y33.4671
G01 X43.3607Y33.5624
G01 X43.2998Y33.6635
G01 X43.2921Y33.6775
G01 X43.2439Y33.7793
G01 X43.2360Y33.7983
G01 X43.1962Y33.9103
G01 X43.1800Y33.9742
G01 X43.1638Y33.9103
G01 X43.1240Y33.7983
G01 X43.1161Y33.7793
G01 X43.0679Y33.6775
G01 X43.0602Y33.6635
G01 X42.9993Y33.5624
G01 X42.9290Y33.4671
G01 X42.9159Y33.4511
G01 X42.8363Y33.3637
G01 X42.7489Y33.2841
G01 X42.7329Y33.2710
G01 X42.6376Y33.2007
G01 X42.5365Y33.1398
G01 X42.5225Y33.1321
G01 X42.4162Y33.0818
G01 X42.3570Y33.0600
G00 Z3.0000
G00 X41.9036Y33.0602
G01 Z-0.2000
G01 X41.7892Y33.0659
G01 X41.6763Y33.0825
G01 X41.6638Y33.0850
G01 X41.5533Y33.1128
G01 X41.4453Y33.1513
G01 X41.4335Y33.1562
G01 X41.3333Y33.2036
G01 X41.2320Y33.2639
G01 X41.2214Y33.2710
G01 X41.1276Y33.3410
G01 X41.0449Y33.4159
G01 X41.0359Y33.4249
G01 X40.9610Y33.5076
G01 X40.8910Y33.6014
G01 X40.8839Y33.6120
G01 X40.8236Y33.7133
G01 X40.7749Y33.8163
G01 X40.7328Y33.9333
G01 X40.7042Y34.0472
G01 X40.6859Y34.1692
G01 X40.6800Y34.2900
G01 X40.6800Y35.5600
G01 X40.6859Y35.6808
G01 X40.7042Y35.8028
G01 X40.7328Y35.9167
G01 X40.7749Y36.0337
G01 X40.8236Y36.1367
G01 X40.8872Y36.2432
G01 X40.9610Y36.3424
G01 X41.0403Y36.4297
G01 X41.1276Y36.5090
G01 X41.2268Y36.5828
G01 X41.3333Y36.6464
G01 X41.4363Y36.6951
G01 X41.5533Y36.7372
G01 X41.6672Y36.7658
G01 X41.7892Y36.7841
G01 X41.9100Y36.7900
G01 X42.0242Y36.7845
G01 X42.0369Y36.7833
G01 X42.1528Y36.7658
G01 X42.2667Y36.7372
G01 X42.3747Y36.6987
G01 X42.3865Y36.6938
G01 X42.4867Y36.6464
G01 X42.5880Y36.5861
G01 X42.5986Y36.5790
G01 X42.6924Y36.5090
G01 X42.7751Y36.4341
G01 X42.7841Y36.4251
G01 X42.8590Y36.3424
G01 X42.9290Y36.2486
G01 X42.9361Y36.2380
G01 X42.9964Y36.1367
G01 X43.0451Y36.0337
G01 X43.0872Y35.9167
G01 X43.1158Y35.8028
G01 X43.1341Y35.6808
G01 X43.1400Y35.5600
G01 X43.1400Y34.2900
G01 X43.1341Y34.1692
G01 X43.1158Y34.0472
G01 X43.0872Y33.9333
G01 X43.0451Y33.8163
G01 X42.9964Y33.7133
G01 X42.9328Y33.6068
G01 X42.8590Y33.5076
G01 X42.7797Y33.4203
G01 X42.6924Y33.3410
G01 X42.5932Y33.2672
G01 X42.4867Y33.2036
G01 X42.3838Y33.1549
G01 X42.2667Y33.1128
G01 X42.1528Y33.0842
G01 X42.0308Y33.0659
G01 X41.9164Y33.0602
G01 X41.9036Y33.0602
G00 Z3.0000
G00 X41.9075Y33.1401
G01 Z-0.2000
G01 X42.0228Y33.1455
G01 X42.1354Y33.1623
G01 X42.2437Y33.1895
G01 X42.3513Y33.2280
G01 X42.4509Y33.2752
G01 X42.5489Y33.3338
G01 X42.6404Y33.4017
G01 X42.7232Y33.4768
G01 X42.7983Y33.5596
G01 X42.8662Y33.6511
G01 X42.9248Y33.7491
G01 X42.9720Y33.8487
G01 X43.0105Y33.9563
G01 X43.0377Y34.0646
G01 X43.0545Y34.1772
G01 X43.0600Y34.2900
G01 X43.0600Y35.5600
G01 X43.0546Y35.6703
G01 X43.0377Y35.7854
G01 X43.0105Y35.8937
G01 X42.9720Y36.0013
G01 X42.9253Y36.0999
G01 X42.8662Y36.1989
G01 X42.7974Y36.2914
G01 X42.7232Y36.3732
G01 X42.6414Y36.4474
G01 X42.5468Y36.5175
G01 X42.4509Y36.5748
G01 X42.3523Y36.6215
G01 X42.2437Y36.6605
G01 X42.1354Y36.6877
G01 X42.0252Y36.7042
G01 X41.9100Y36.7100
G01 X41.7972Y36.7045
G01 X41.6846Y36.6877
G01 X41.5763Y36.6605
G01 X41.4687Y36.6220
G01 X41.3691Y36.5748
G01 X41.2711Y36.5162
G01 X41.1796Y36.4483
G01 X41.0968Y36.3732
G01 X41.0217Y36.2904
G01 X40.9538Y36.1989
G01 X40.8952Y36.1009
G01 X40.8480Y36.0013
G01 X40.8095Y35.8937
G01 X40.7823Y35.7854
G01 X40.7655Y35.6728
G01 X40.7600Y35.5600
G01 X40.7600Y34.2900
G01 X40.7654Y34.1797
G01 X40.7823Y34.0646
G01 X40.8095Y33.9563
G01 X40.8480Y33.8487
G01 X40.8947Y33.7501
G01 X40.9538Y33.6511
G01 X41.0226Y33.5586
G01 X41.0968Y33.4768
G01 X41.1786Y33.4026
G01 X41.2732Y33.3325
G01 X41.3691Y33.2752
G01 X41.4677Y33.2285
G01 X41.5763Y33.1895
G01 X41.6881Y33.1617
G01 X41.7972Y33.1455
G01 X41.9075Y33.1401
G00 Z3.0000
G00 X40.1504Y33.1400
G01 Z-0.2000
G01 X41.1296Y33.1400
G01 X41.0394Y33.2068
G01 X41.0234Y33.2195
G01 X40.9374Y33.2973
G01 X40.9173Y33.3174
G01 X40.8395Y33.4034
G01 X40.8268Y33.4194
G01 X40.7625Y33.5061
G01 X40.7466Y33.5298
G01 X40.6911Y33.6224
G01 X40.6805Y33.6418
G01 X40.6400Y33.7272
G01 X40.5995Y33.6418
G01 X40.5889Y33.6224
G01 X40.5334Y33.5298
G01 X40.5175Y33.5061
G01 X40.4532Y33.4194
G01 X40.4405Y33.4034
G01 X40.3627Y33.3174
G01 X40.3426Y33.2973
G01 X40.2566Y33.2195
G01 X40.2406Y33.2068
G01 X40.1504Y33.1400
G00 Z3.0000
G00 X39.8170Y33.0600
G01 Z-0.2000
G01 X41.4630Y33.0600
G01 X41.4038Y33.0818
G01 X41.2975Y33.1321
G01 X41.2835Y33.1398
G01 X41.1824Y33.2007
G01 X41.0871Y33.2710
G01 X41.0711Y33.2841
G01 X40.9837Y33.3637
G01 X40.9041Y33.4511
G01 X40.8910Y33.4671
G01 X40.8207Y33.5624
G01 X40.7598Y33.6635
G01 X40.7521Y33.6775
G01 X40.7039Y33.7793
G01 X40.6960Y33.7983
G01 X40.6562Y33.9103
G01 X40.6400Y33.9742
G01 X40.6238Y33.9103
G01 X40.5840Y33.7983
G01 X40.5761Y33.7793
G01 X40.5279Y33.6775
G01 X40.5202Y33.6635
G01 X40.4593Y33.5624
G01 X40.3890Y33.4671
G01 X40.3759Y33.4511
G01 X40.2963Y33.3637
G01 X40.2089Y33.2841
G01 X40.1929Y33.2710
G01 X40.0976Y33.2007
G01 X39.9965Y33.1398
G01 X39.9825Y33.1321
G01 X39.8762Y33.0818
G01 X39.8170Y33.0600
G00 Z3.0000
G00 X39.3636Y33.0602
G01 Z-0.2000
G01 X39.2492Y33.0659
G01 X39.1363Y33.0825
G01 X39.1238Y33.0850
G01 X39.0133Y33.1128
G01 X38.9053Y33.1513
G01 X38.8935Y33.1562
G01 X38.7933Y33.2036
G01 X38.6920Y33.2639
G01 X38.6814Y33.2710
G01 X38.5876Y33.3410
G01 X38.5049Y33.4159
G01 X38.4959Y33.4249
G01 X38.4210Y33.5076
G01 X38.3510Y33.6014
G01 X38.3439Y33.6120
G01 X38.2836Y33.7133
G01 X38.2349Y33.8162
G01 X38.1928Y33.9333
G01 X38.1642Y34.0472
G01 X38.1459Y34.1692
G01 X38.1400Y34.2900
G01 X38.1400Y35.5600
G01 X38.1459Y35.6808
G01 X38.1642Y35.8028
G01 X38.1928Y35.9167
G01 X38.2349Y36.0338
G01 X38.2836Y36.1367
G01 X38.3472Y36.2432
G01 X38.4210Y36.3424
G01 X38.5003Y36.4297
G01 X38.5876Y36.5090
G01 X38.6868Y36.5828
G01 X38.7933Y36.6464
G01 X38.8963Y36.6951
G01 X39.0133Y36.7372
G01 X39.1272Y36.7658
G01 X39.2492Y36.7841
G01 X39.3700Y36.7900
G01 X39.4842Y36.7845
G01 X39.4969Y36.7833
G01 X39.6128Y36.7658
G01 X39.7267Y36.7372
G01 X39.8347Y36.6987
G01 X39.8465Y36.6938
G01 X39.9467Y36.6464
G01 X40.0480Y36.5861
G01 X40.0586Y36.5790
G01 X40.1524Y36.5090
G01 X40.2351Y36.4341
G01 X40.2441Y36.4251
G01 X40.3190Y36.3424
G01 X40.3890Y36.2486
G01 X40.3961Y36.2380
G01 X40.4564Y36.1367
G01 X40.5051Y36.0337
G01 X40.5472Y35.9167
G01 X40.5758Y35.8028
G01 X40.5941Y35.6808
G01 X40.6000Y35.5600
G01 X40.6000Y34.2900
G01 X40.5941Y34.1692
G01 X40.5758Y34.0472
G01 X40.5472Y33.9333
G01 X40.5051Y33.8163
G01 X40.4564Y33.7133
G01 X40.3928Y33.6068
G01 X40.3190Y33.5076
G01 X40.2397Y33.4203
G01 X40.1524Y33.3410
G01 X40.0532Y33.2672
G01 X39.9467Y33.2036
G01 X39.8438Y33.1549
G01 X39.7267Y33.1128
G01 X39.6128Y33.0842
G01 X39.4908Y33.0659
G01 X39.3764Y33.0602
G01 X39.3636Y33.0602
G00 Z3.0000
G00 X39.3675Y33.1401
G01 Z-0.2000
G01 X39.4828Y33.1455
G01 X39.5954Y33.1623
G01 X39.7037Y33.1895
G01 X39.8113Y33.2280
G01 X39.9109Y33.2752
G01 X40.0089Y33.3338
G01 X40.1004Y33.4017
G01 X40.1832Y33.4768
G01 X40.2583Y33.5596
G01 X40.3262Y33.6511
G01 X40.3848Y33.7491
G01 X40.4320Y33.8487
G01 X40.4705Y33.9563
G01 X40.4977Y34.0646
G01 X40.5145Y34.1772
G01 X40.5200Y34.2900
G01 X40.5200Y35.5600
G01 X40.5146Y35.6703
G01 X40.4977Y35.7854
G01 X40.4705Y35.8937
G01 X40.4320Y36.0013
G01 X40.3853Y36.0999
G01 X40.3262Y36.1989
G01 X40.2574Y36.2914
G01 X40.1832Y36.3732
G01 X40.1014Y36.4474
G01 X40.0068Y36.5175
G01 X39.9109Y36.5748
G01 X39.8123Y36.6215
G01 X39.7037Y36.6605
G01 X39.5954Y36.6877
G01 X39.4852Y36.7042
G01 X39.3700Y36.7100
G01 X39.2572Y36.7045
G01 X39.1446Y36.6877
G01 X39.0363Y36.6605
G01 X38.9287Y36.6220
G01 X38.8291Y36.5748
G01 X38.7311Y36.5162
G01 X38.6396Y36.4483
G01 X38.5568Y36.3732
G01 X38.4817Y36.2904
G01 X38.4138Y36.1989
G01 X38.3552Y36.1009
G01 X38.3080Y36.0013
G01 X38.2695Y35.8937
G01 X38.2423Y35.7854
G01 X38.2255Y35.6728
G01 X38.2200Y35.5600
G01 X38.2200Y34.2900
G01 X38.2254Y34.1797
G01 X38.2423Y34.0646
G01 X38.2695Y33.9563
G01 X38.3080Y33.8487
G01 X38.3547Y33.7501
G01 X38.4138Y33.6511
G01 X38.4826Y33.5586
G01 X38.5568Y33.4768
G01 X38.6386Y33.4026
G01 X38.7332Y33.3325
G01 X38.8291Y33.2752
G01 X38.9277Y33.2285
G01 X39.0363Y33.1895
G01 X39.1481Y33.1617
G01 X39.2572Y33.1455
G01 X39.3675Y33.1401
G00 Z3.0000
G00 X37.6104Y33.1400
G01 Z-0.2000
G01 X38.5896Y33.1400
G01 X38.4994Y33.2068
G01 X38.4834Y33.2195
G01 X38.3974Y33.2973
G01 X38.3773Y33.3174
G01 X38.2995Y33.4034
G01 X38.2868Y33.4194
G01 X38.2225Y33.5061
G01 X38.2066Y33.5298
G01 X38.1511Y33.6224
G01 X38.1405Y33.6418
G01 X38.1000Y33.7272
G01 X38.0595Y33.6418
G01 X38.0489Y33.6224
G01 X37.9934Y33.5298
G01 X37.9775Y33.5061
G01 X37.9132Y33.4194
G01 X37.9005Y33.4034
G01 X37.8227Y33.3174
G01 X37.8026Y33.2973
G01 X37.7166Y33.2195
G01 X37.7006Y33.2068
G01 X37.6104Y33.1400
G00 Z3.0000
G00 X37.2770Y33.0600
G01 Z-0.2000
G01 X38.9230Y33.0600
G01 X38.8638Y33.0818
G01 X38.7575Y33.1321
G01 X38.7435Y33.1398
G01 X38.6424Y33.2007
G01 X38.5471Y33.2710
G01 X38.5311Y33.2841
G01 X38.4437Y33.3637
G01 X38.3641Y33.4511
G01 X38.3510Y33.4671
G01 X38.2807Y33.5624
G01 X38.2198Y33.6635
G01 X38.2121Y33.6775
G01 X38.1639Y33.7793
G01 X38.1560Y33.7983
G01 X38.1162Y33.9103
G01 X38.1000Y33.9742
G01 X38.0838Y33.9103
G01 X38.0440Y33.7983
G01 X38.0361Y33.7793
G01 X37.9879Y33.6775
G01 X37.9802Y33.6635
G01 X37.9193Y33.5624
G01 X37.8490Y33.4671
G01 X37.8359Y33.4511
G01 X37.7563Y33.3637
G01 X37.6689Y33.2841
G01 X37.6529Y33.2710
G01 X37.5576Y33.2007
G01 X37.4565Y33.1398
G01 X37.4425Y33.1321
G01 X37.3362Y33.0818
G01 X37.2770Y33.0600
G00 Z3.0000
G00 X35.0704Y33.1400
G01 Z-0.2000
G01 X36.0496Y33.1400
G01 X35.9594Y33.2068
G01 X35.9434Y33.2195
G01 X35.8574Y33.2973
G01 X35.8373Y33.3174
G01 X35.7595Y33.4034
G01 X35.7468Y33.4194
G01 X35.6825Y33.5061
G01 X35.6666Y33.5298
G01 X35.6111Y33.6224
G01 X35.6005Y33.6418
G01 X35.5600Y33.7272
G01 X35.5195Y33.6418
G01 X35.5089Y33.6224
G01 X35.4534Y33.5298
G01 X35.4375Y33.5061
G01 X35.3732Y33.4194
G01 X35.3605Y33.4034
G01 X35.2827Y33.3174
G01 X35.2626Y33.2973
G01 X35.1766Y33.2195
G01 X35.1606Y33.2068
G01 X35.0704Y33.1400
G00 Z3.0000
G00 X34.7370Y33.0600
G01 Z-0.2000
G01 X36.3830Y33.0600
G01 X36.3238Y33.0818
G01 X36.2175Y33.1321
G01 X36.2035Y33.1398
G01 X36.1024Y33.2007
G01 X36.0071Y33.2710
G01 X35.9911Y33.2841
G01 X35.9037Y33.3637
G01 X35.8241Y33.4511
G01 X35.8110Y33.4671
G01 X35.7407Y33.5624
G01 X35.6798Y33.6635
G01 X35.6721Y33.6775
G01 X35.6239Y33.7793
G01 X35.6160Y33.7983
G01 X35.5762Y33.9103
G01 X35.5600Y33.9742
G01 X35.5438Y33.9103
G01 X35.5040Y33.7983
G01 X35.4961Y33.7793
G01 X35.4479Y33.6775
G01 X35.4402Y33.6635
G01 X35.3793Y33.5624
G01 X35.3090Y33.4671
G01 X35.2959Y33.4511
G01 X35.2163Y33.3637
G01 X35.1289Y33.2841
G01 X35.1129Y33.2710
G01 X35.0176Y33.2007
G01 X34.9165Y33.1398
G01 X34.9025Y33.1321
G01 X34.7962Y33.0818
G01 X34.7370Y33.0600
G00 Z3.0000
G00 X32.5304Y33.1400
G01 Z-0.2000
G01 X33.5096Y33.1400
G01 X33.4194Y33.2068
G01 X33.4034Y33.2195
G01 X33.3174Y33.2973
G01 X33.2973Y33.3174
G01 X33.2195Y33.4034
G01 X33.2068Y33.4194
G01 X33.1425Y33.5061
G01 X33.1266Y33.5298
G01 X33.0711Y33.6224
G01 X33.0605Y33.6418
G01 X33.0200Y33.7272
G01 X32.9795Y33.6418
G01 X32.9689Y33.6224
G01 X32.9134Y33.5298
G01 X32.8975Y33.5061
G01 X32.8332Y33.4194
G01 X32.8205Y33.4034
G01 X32.7427Y33.3174
G01 X32.7226Y33.2973
G01 X32.6366Y33.2195
G01 X32.6206Y33.2068
G01 X32.5304Y33.1400
G00 Z3.0000
G00 X32.1970Y33.0600
G01 Z-0.2000
G01 X33.8430Y33.0600
G01 X33.7838Y33.0818
G01 X33.6775Y33.1321
G01 X33.6635Y33.1398
G01 X33.5624Y33.2007
G01 X33.4671Y33.2710
G01 X33.4511Y33.2841
G01 X33.3637Y33.3637
G01 X33.2841Y33.4511
G01 X33.2710Y33.4671
G01 X33.2007Y33.5624
G01 X33.1398Y33.6635
G01 X33.1321Y33.6775
G01 X33.0839Y33.7793
G01 X33.0760Y33.7983
G01 X33.0362Y33.9103
G01 X33.0200Y33.9742
G01 X33.0038Y33.9103
G01 X32.9640Y33.7983
G01 X32.9561Y33.7793
G01 X32.9079Y33.6775
G01 X32.9002Y33.6635
G01 X32.8393Y33.5624
G01 X32.7690Y33.4671
G01 X32.7559Y33.4511
G01 X32.6763Y33.3637
G01 X32.5889Y33.2841
G01 X32.5729Y33.2710
G01 X32.4776Y33.2007
G01 X32.3765Y33.1398
G01 X32.3625Y33.1321
G01 X32.2562Y33.0818
G01 X32.1970Y33.0600
G00 Z3.0000
G00 X32.8999Y34.2875
G01 Z-0.2000
G01 X32.9000Y41.9100
G01 X32.8945Y42.0228
G01 X32.8783Y42.1319
G01 X32.8505Y42.2437
G01 X32.8120Y42.3513
G01 X32.7648Y42.4509
G01 X32.7062Y42.5489
G01 X32.6383Y42.6404
G01 X32.5632Y42.7232
G01 X32.4804Y42.7983
G01 X32.3889Y42.8662
G01 X32.2909Y42.9248
G01 X32.1913Y42.9720
G01 X32.0837Y43.0105
G01 X31.9754Y43.0377
G01 X31.8628Y43.0545
G01 X31.7500Y43.0600
G01 X31.6372Y43.0545
G01 X31.5281Y43.0383
G01 X31.4138Y43.0097
G01 X31.3087Y42.9720
G01 X31.2091Y42.9248
G01 X31.1111Y42.8662
G01 X31.0224Y42.8005
G01 X30.9351Y42.7214
G01 X30.8617Y42.6404
G01 X30.7938Y42.5489
G01 X30.7352Y42.4509
G01 X30.6885Y42.3523
G01 X30.6489Y42.2415
G01 X30.6223Y42.1354
G01 X30.6055Y42.0228
G01 X30.6000Y41.9100
G01 X30.6000Y34.2900
G01 X30.6055Y34.1772
G01 X30.6217Y34.0681
G01 X30.6495Y33.9563
G01 X30.6867Y33.8522
G01 X30.7370Y33.7458
G01 X30.7938Y33.6511
G01 X30.8617Y33.5596
G01 X30.9368Y33.4768
G01 X31.0224Y33.3995
G01 X31.1111Y33.3338
G01 X31.2091Y33.2752
G01 X31.3087Y33.2280
G01 X31.4163Y33.1895
G01 X31.5246Y33.1623
G01 X31.6372Y33.1455
G01 X31.7500Y33.1400
G01 X31.8628Y33.1455
G01 X31.9754Y33.1623
G01 X32.0837Y33.1895
G01 X32.1913Y33.2280
G01 X32.2899Y33.2747
G01 X32.3889Y33.3338
G01 X32.4776Y33.3995
G01 X32.5649Y33.4786
G01 X32.6383Y33.5596
G01 X32.7062Y33.6511
G01 X32.7648Y33.7491
G01 X32.8120Y33.8487
G01 X32.8505Y33.9563
G01 X32.8777Y34.0646
G01 X32.8945Y34.1772
G01 X32.8999Y34.2875
G00 Z3.0000
G00 X30.3599Y34.2875
G01 Z-0.2000
G01 X30.3600Y41.9100
G01 X30.3545Y42.0228
G01 X30.3383Y42.1319
G01 X30.3105Y42.2437
G01 X30.2720Y42.3513
G01 X30.2248Y42.4509
G01 X30.1662Y42.5489
G01 X30.0983Y42.6404
G01 X30.0232Y42.7232
G01 X29.9404Y42.7983
G01 X29.8489Y42.8662
G01 X29.7509Y42.9248
G01 X29.6513Y42.9720
G01 X29.5437Y43.0105
G01 X29.4354Y43.0377
G01 X29.3228Y43.0545
G01 X29.2100Y43.0600
G01 X29.0972Y43.0545
G01 X28.9881Y43.0383
G01 X28.8738Y43.0097
G01 X28.7687Y42.9720
G01 X28.6691Y42.9248
G01 X28.5711Y42.8662
G01 X28.4824Y42.8005
G01 X28.3951Y42.7214
G01 X28.3217Y42.6404
G01 X28.2538Y42.5489
G01 X28.1952Y42.4509
G01 X28.1485Y42.3523
G01 X28.1089Y42.2415
G01 X28.0823Y42.1354
G01 X28.0655Y42.0228
G01 X28.0600Y41.9100
G01 X28.0600Y34.2900
G01 X28.0655Y34.1772
G01 X28.0817Y34.0681
G01 X28.1095Y33.9563
G01 X28.1467Y33.8522
G01 X28.1970Y33.7458
G01 X28.2538Y33.6511
G01 X28.3217Y33.5596
G01 X28.3968Y33.4768
G01 X28.4824Y33.3995
G01 X28.5711Y33.3338
G01 X28.6691Y33.2752
G01 X28.7687Y33.2280
G01 X28.8763Y33.1895
G01 X28.9846Y33.1623
G01 X29.0972Y33.1455
G01 X29.2100Y33.1400
G01 X29.3228Y33.1455
G01 X29.4354Y33.1623
G01 X29.5437Y33.1895
G01 X29.6513Y33.2280
G01 X29.7499Y33.2747
G01 X29.8489Y33.3338
G01 X29.9376Y33.3995
G01 X30.0249Y33.4786
G01 X30.0983Y33.5596
G01 X30.1662Y33.6511
G01 X30.2248Y33.7491
G01 X30.2720Y33.8487
G01 X30.3105Y33.9563
G01 X30.3377Y34.0646
G01 X30.3545Y34.1772
G01 X30.3599Y34.2875
G00 Z3.0000
G00 X29.9904Y33.1400
G01 Z-0.2000
G01 X30.9696Y33.1400
G01 X30.8794Y33.2068
G01 X30.8634Y33.2195
G01 X30.7774Y33.2973
G01 X30.7573Y33.3174
G01 X30.6795Y33.4034
G01 X30.6668Y33.4194
G01 X30.6025Y33.5061
G01 X30.5866Y33.5298
G01 X30.5311Y33.6224
G01 X30.5205Y33.6418
G01 X30.4800Y33.7272
G01 X30.4395Y33.6418
G01 X30.4289Y33.6224
G01 X30.3734Y33.5298
G01 X30.3575Y33.5061
G01 X30.2932Y33.4194
G01 X30.2805Y33.4034
G01 X30.2027Y33.3174
G01 X30.1826Y33.2973
G01 X30.0966Y33.2195
G01 X30.0806Y33.2068
G01 X29.9904Y33.1400
G00 Z3.0000
G00 X29.6570Y33.0600
G01 Z-0.2000
G01 X31.3030Y33.0600
G01 X31.2438Y33.0818
G01 X31.1375Y33.1321
G01 X31.1235Y33.1398
G01 X31.0224Y33.2007
G01 X30.9271Y33.2710
G01 X30.9111Y33.2841
G01 X30.8237Y33.3637
G01 X30.7441Y33.4511
G01 X30.7310Y33.4671
G01 X30.6607Y33.5624
G01 X30.5998Y33.6635
G01 X30.5921Y33.6775
G01 X30.5439Y33.7793
G01 X30.5360Y33.7983
G01 X30.4962Y33.9103
G01 X30.4800Y33.9742
G01 X30.4638Y33.9103
G01 X30.4240Y33.7983
G01 X30.4161Y33.7793
G01 X30.3679Y33.6775
G01 X30.3602Y33.6635
G01 X30.2993Y33.5624
G01 X30.2290Y33.4671
G01 X30.2159Y33.4511
G01 X30.1363Y33.3637
G01 X30.0489Y33.2841
G01 X30.0329Y33.2710
G01 X29.9376Y33.2007
G01 X29.8365Y33.1398
G01 X29.8225Y33.1321
G01 X29.7162Y33.0818
G01 X29.6570Y33.0600
G00 Z3.0000
G00 X27.8998Y34.2836
G01 Z-0.2000
G01 X27.8941Y34.1692
G01 X27.8758Y34.0472
G01 X27.8472Y33.9333
G01 X27.8087Y33.8253
G01 X27.8038Y33.8135
G01 X27.7576Y33.7159
G01 X27.7516Y33.7046
G01 X27.6928Y33.6068
G01 X27.6247Y33.5147
G01 X27.6166Y33.5049
G01 X27.5441Y33.4249
G01 X27.5351Y33.4159
G01 X27.4524Y33.3410
G01 X27.3532Y33.2672
G01 X27.2467Y33.2036
G01 X27.1465Y33.1562
G01 X27.1347Y33.1513
G01 X27.0267Y33.1128
G01 X26.9128Y33.0842
G01 X26.7969Y33.0667
G01 X26.7842Y33.0655
G01 X26.6700Y33.0600
G01 X24.1300Y33.0600
G01 X24.0092Y33.0659
G01 X23.8872Y33.0842
G01 X23.7733Y33.1128
G01 X23.6563Y33.1549
G01 X23.5533Y33.2036
G01 X23.4468Y33.2672
G01 X23.3476Y33.3410
G01 X23.2603Y33.4203
G01 X23.1810Y33.5076
G01 X23.1072Y33.6068
G01 X23.0436Y33.7133
G01 X22.9949Y33.8162
G01 X22.9528Y33.9333
G01 X22.9242Y34.0472
G01 X22.9059Y34.1692
G01 X22.9000Y34.2900
G01 X22.9059Y34.4108
G01 X22.9225Y34.5237
G01 X22.9250Y34.5362
G01 X22.9528Y34.6467
G01 X22.9913Y34.7547
G01 X22.9962Y34.7665
G01 X23.0436Y34.8667
G01 X23.1072Y34.9732
G01 X23.1753Y35.0653
G01 X23.1834Y35.0751
G01 X23.2603Y35.1597
G01 X23.3449Y35.2366
G01 X23.3547Y35.2447
G01 X23.4468Y35.3128
G01 X23.5533Y35.3764
G01 X23.6535Y35.4238
G01 X23.6653Y35.4287
G01 X23.7733Y35.4672
G01 X23.8838Y35.4950
G01 X23.8963Y35.4975
G01 X24.0092Y35.5141
G01 X24.1300Y35.5200
G01 X25.4400Y35.5200
G01 X25.4402Y35.5664
G01 X25.4459Y35.6808
G01 X25.4625Y35.7937
G01 X25.4650Y35.8062
G01 X25.4928Y35.9167
G01 X25.5313Y36.0247
G01 X25.5362Y36.0365
G01 X25.5836Y36.1367
G01 X25.6472Y36.2432
G01 X25.7210Y36.3424
G01 X25.8003Y36.4297
G01 X25.8876Y36.5090
G01 X25.9868Y36.5828
G01 X26.0933Y36.6464
G01 X26.1963Y36.6951
G01 X26.3133Y36.7372
G01 X26.4272Y36.7658
G01 X26.5492Y36.7841
G01 X26.6700Y36.7900
G01 X26.7842Y36.7845
G01 X26.7969Y36.7833
G01 X26.9128Y36.7658
G01 X27.0267Y36.7372
G01 X27.1347Y36.6987
G01 X27.1465Y36.6938
G01 X27.2467Y36.6464
G01 X27.3480Y36.5861
G01 X27.3586Y36.5790
G01 X27.4524Y36.5090
G01 X27.5351Y36.4341
G01 X27.5441Y36.4251
G01 X27.6190Y36.3424
G01 X27.6890Y36.2486
G01 X27.6961Y36.2380
G01 X27.7564Y36.1367
G01 X27.8051Y36.0338
G01 X27.8472Y35.9167
G01 X27.8758Y35.8028
G01 X27.8941Y35.6808
G01 X27.9000Y35.5600
G01 X27.8998Y34.2836
G00 Z3.0000
G00 X27.8199Y34.2875
G01 Z-0.2000
G01 X27.8200Y35.5600
G01 X27.8146Y35.6703
G01 X27.7977Y35.7854
G01 X27.7705Y35.8937
G01 X27.7320Y36.0013
G01 X27.6853Y36.0999
G01 X27.6262Y36.1989
G01 X27.5574Y36.2914
G01 X27.4832Y36.3732
G01 X27.4014Y36.4474
G01 X27.3068Y36.5175
G01 X27.2109Y36.5748
G01 X27.1123Y36.6215
G01 X27.0037Y36.6605
G01 X26.8954Y36.6877
G01 X26.7852Y36.7042
G01 X26.6700Y36.7100
G01 X26.5572Y36.7045
G01 X26.4446Y36.6877
G01 X26.3363Y36.6605
G01 X26.2277Y36.6215
G01 X26.1258Y36.5730
G01 X26.0311Y36.5162
G01 X25.9424Y36.4505
G01 X25.8568Y36.3732
G01 X25.7826Y36.2914
G01 X25.7138Y36.1989
G01 X25.6552Y36.1009
G01 X25.6080Y36.0013
G01 X25.5695Y35.8937
G01 X25.5423Y35.7854
G01 X25.5255Y35.6728
G01 X25.5200Y35.5600
G01 X25.5200Y35.4400
G01 X24.1300Y35.4400
G01 X24.0172Y35.4345
G01 X23.9033Y35.4174
G01 X23.7963Y35.3905
G01 X23.6922Y35.3533
G01 X23.5891Y35.3048
G01 X23.4911Y35.2462
G01 X23.3986Y35.1774
G01 X23.3168Y35.1032
G01 X23.2426Y35.0214
G01 X23.1738Y34.9289
G01 X23.1152Y34.8309
G01 X23.0667Y34.7278
G01 X23.0295Y34.6237
G01 X23.0026Y34.5167
G01 X22.9855Y34.4028
G01 X22.9800Y34.2900
G01 X22.9855Y34.1772
G01 X23.0023Y34.0646
G01 X23.0295Y33.9563
G01 X23.0680Y33.8487
G01 X23.1152Y33.7491
G01 X23.1738Y33.6511
G01 X23.2417Y33.5596
G01 X23.3168Y33.4768
G01 X23.3996Y33.4017
G01 X23.4911Y33.3338
G01 X23.5891Y33.2752
G01 X23.6887Y33.2280
G01 X23.7963Y33.1895
G01 X23.9046Y33.1623
G01 X24.0172Y33.1455
G01 X24.1300Y33.1400
G01 X26.6700Y33.1400
G01 X26.7852Y33.1458
G01 X26.8954Y33.1623
G01 X27.0037Y33.1895
G01 X27.1123Y33.2285
G01 X27.2109Y33.2752
G01 X27.3089Y33.3338
G01 X27.4004Y33.4017
G01 X27.4814Y33.4751
G01 X27.5605Y33.5624
G01 X27.6262Y33.6511
G01 X27.6830Y33.7458
G01 X27.7333Y33.8522
G01 X27.7705Y33.9563
G01 X27.7977Y34.0646
G01 X27.8145Y34.1772
G01 X27.8199Y34.2875
G00 Z3.0000
G00 X27.4504Y33.1400
G01 Z-0.2000
G01 X28.4296Y33.1400
G01 X28.3394Y33.2068
G01 X28.3234Y33.2195
G01 X28.2374Y33.2973
G01 X28.2173Y33.3174
G01 X28.1395Y33.4034
G01 X28.1268Y33.4194
G01 X28.0625Y33.5061
G01 X28.0466Y33.5298
G01 X27.9911Y33.6224
G01 X27.9805Y33.6418
G01 X27.9400Y33.7272
G01 X27.8995Y33.6418
G01 X27.8889Y33.6224
G01 X27.8334Y33.5298
G01 X27.8175Y33.5061
G01 X27.7532Y33.4194
G01 X27.7405Y33.4034
G01 X27.6627Y33.3174
G01 X27.6426Y33.2973
G01 X27.5566Y33.2195
G01 X27.5406Y33.2068
G01 X27.4504Y33.1400
G00 Z3.0000
G00 X27.1170Y33.0600
G01 Z-0.2000
G01 X28.7630Y33.0600
G01 X28.7038Y33.0818
G01 X28.5975Y33.1321
G01 X28.5835Y33.1398
G01 X28.4824Y33.2007
G01 X28.3871Y33.2710
G01 X28.3711Y33.2841
G01 X28.2837Y33.3637
G01 X28.2041Y33.4511
G01 X28.1910Y33.4671
G01 X28.1207Y33.5624
G01 X28.0598Y33.6635
G01 X28.0521Y33.6775
G01 X28.0039Y33.7793
G01 X27.9960Y33.7983
G01 X27.9562Y33.9103
G01 X27.9400Y33.9742
G01 X27.9238Y33.9103
G01 X27.8840Y33.7983
G01 X27.8761Y33.7793
G01 X27.8279Y33.6775
G01 X27.8202Y33.6635
G01 X27.7593Y33.5624
G01 X27.6890Y33.4671
G01 X27.6759Y33.4511
G01 X27.5963Y33.3637
G01 X27.5089Y33.2841
G01 X27.4929Y33.2710
G01 X27.3976Y33.2007
G01 X27.2965Y33.1398
G01 X27.2825Y33.1321
G01 X27.1762Y33.0818
G01 X27.1170Y33.0600
G00 Z3.0000
G00 X27.9000Y36.4430
G01 Z-0.2000
G01 X27.8709Y36.4212
G01 X27.8519Y36.4095
G01 X27.8337Y36.3997
G01 X27.8036Y36.3866
G01 X27.7816Y36.3791
G01 X27.7549Y36.3722
G01 X27.7281Y36.3677
G01 X27.7020Y36.3654
G01 X27.7593Y36.2876
G01 X27.8202Y36.1865
G01 X27.8300Y36.1683
G01 X27.8782Y36.0662
G01 X27.9000Y36.0070
G01 X27.9000Y36.4430
G00 Z3.0000
G00 X23.2470Y33.0600
G01 Z-0.2000
G01 X23.6830Y33.0600
G01 X23.6238Y33.0818
G01 X23.5217Y33.1300
G01 X23.5035Y33.1398
G01 X23.4024Y33.2007
G01 X23.3246Y33.2580
G01 X23.3223Y33.2319
G01 X23.3178Y33.2051
G01 X23.3109Y33.1784
G01 X23.3034Y33.1564
G01 X23.2903Y33.1263
G01 X23.2805Y33.1081
G01 X23.2688Y33.0891
G01 X23.2470Y33.0600
G00 Z3.0000
G00 X28.2121Y43.0000
G01 Z-0.2000
G01 X28.2279Y42.9795
G01 X28.2393Y42.9624
G01 X28.2534Y42.9378
G01 X28.2627Y42.9181
G01 X28.2761Y42.8816
G01 X28.2829Y42.8549
G01 X28.2859Y42.8384
G01 X28.3755Y42.9198
G01 X28.3871Y42.9290
G01 X28.4834Y43.0000
G01 X28.2121Y43.0000
G00 Z3.0000
G00 X29.9366Y43.0000
G01 Z-0.2000
G01 X30.0329Y42.9290
G01 X30.0445Y42.9198
G01 X30.1363Y42.8363
G01 X30.2198Y42.7445
G01 X30.2993Y42.6376
G01 X30.3602Y42.5365
G01 X30.3679Y42.5225
G01 X30.4182Y42.4162
G01 X30.4240Y42.4017
G01 X30.4638Y42.2897
G01 X30.4800Y42.2258
G01 X30.4962Y42.2897
G01 X30.5360Y42.4017
G01 X30.5418Y42.4162
G01 X30.5921Y42.5225
G01 X30.5998Y42.5365
G01 X30.6607Y42.6376
G01 X30.7402Y42.7445
G01 X30.8237Y42.8363
G01 X30.9155Y42.9198
G01 X30.9271Y42.9290
G01 X31.0234Y43.0000
G01 X29.9366Y43.0000
G00 Z3.0000
G00 X30.1635Y42.9200
G01 Z-0.2000
G01 X30.1929Y42.8929
G01 X30.2027Y42.8826
G01 X30.2805Y42.7966
G01 X30.2932Y42.7806
G01 X30.3575Y42.6939
G01 X30.3734Y42.6702
G01 X30.4289Y42.5776
G01 X30.4395Y42.5582
G01 X30.4800Y42.4728
G01 X30.5205Y42.5582
G01 X30.5311Y42.5776
G01 X30.5866Y42.6702
G01 X30.6025Y42.6939
G01 X30.6668Y42.7806
G01 X30.6795Y42.7966
G01 X30.7573Y42.8826
G01 X30.7671Y42.8929
G01 X30.7965Y42.9200
G01 X30.1635Y42.9200
G00 Z3.0000
G00 X32.9803Y42.3560
G01 Z-0.2000
G01 X33.0038Y42.2897
G01 X33.0200Y42.2258
G01 X33.0337Y42.2803
G01 X33.0388Y42.2975
G01 X32.9803Y42.3560
G00 Z3.0000
G00 X35.7900Y42.2073
G01 Z-0.2000
G01 X35.7617Y42.1987
G01 X35.7423Y42.1939
G01 X35.7219Y42.1902
G01 X35.6961Y42.1867
G01 X35.6525Y42.1847
G01 X35.6557Y42.1672
G01 X35.6733Y42.0467
G01 X35.6800Y41.9100
G01 X35.6733Y41.7733
G01 X35.6557Y41.6528
G01 X35.6520Y41.6325
G01 X35.6204Y41.5074
G01 X35.5793Y41.3914
G01 X35.5713Y41.3713
G01 X35.5195Y41.2618
G01 X35.5089Y41.2424
G01 X35.4534Y41.1498
G01 X35.4375Y41.1261
G01 X35.3732Y41.0394
G01 X35.3552Y41.0174
G01 X35.2729Y40.9271
G01 X35.1766Y40.8395
G01 X35.1606Y40.8268
G01 X35.0739Y40.7625
G01 X35.0502Y40.7466
G01 X34.9576Y40.6911
G01 X34.9382Y40.6805
G01 X34.8287Y40.6287
G01 X34.8087Y40.6207
G01 X34.6926Y40.5796
G01 X34.5751Y40.5498
G01 X34.5472Y40.5443
G01 X34.4404Y40.5284
G01 X34.4120Y40.5256
G01 X34.2900Y40.5200
G01 X34.1533Y40.5267
G01 X34.0328Y40.5443
G01 X34.0125Y40.5480
G01 X33.8874Y40.5796
G01 X33.7714Y40.6207
G01 X33.7513Y40.6287
G01 X33.6475Y40.6777
G01 X33.6224Y40.6911
G01 X33.5298Y40.7466
G01 X33.5061Y40.7625
G01 X33.4194Y40.8268
G01 X33.4034Y40.8395
G01 X33.3071Y40.9271
G01 X33.2195Y41.0234
G01 X33.2068Y41.0394
G01 X33.1400Y41.1296
G01 X33.1400Y36.3404
G01 X33.2068Y36.4306
G01 X33.2195Y36.4466
G01 X33.2973Y36.5326
G01 X33.3174Y36.5527
G01 X33.4034Y36.6305
G01 X33.4194Y36.6432
G01 X33.5061Y36.7075
G01 X33.5298Y36.7234
G01 X33.6224Y36.7789
G01 X33.6418Y36.7895
G01 X33.7326Y36.8325
G01 X35.7900Y38.8899
G01 X35.7900Y42.2073
G00 Z3.0000
G00 X35.8700Y42.3428
G01 Z-0.2000
G01 X35.8495Y42.3270
G01 X35.8324Y42.3156
G01 X35.8078Y42.3015
G01 X35.7926Y42.2943
G01 X35.7736Y42.2864
G01 X35.7516Y42.2789
G01 X35.7249Y42.2720
G01 X35.7102Y42.2693
G01 X35.6881Y42.2663
G01 X35.6653Y42.2649
G01 X35.6447Y42.2649
G01 X35.6219Y42.2663
G01 X35.5851Y42.2720
G01 X35.5584Y42.2789
G01 X35.5456Y42.2831
G01 X35.5739Y42.1702
G01 X35.5924Y42.0486
G01 X35.5945Y42.0281
G01 X35.5997Y41.9203
G01 X35.5997Y41.8997
G01 X35.5937Y41.7813
G01 X35.5766Y41.6646
G01 X35.5726Y41.6444
G01 X35.5438Y41.5303
G01 X35.5040Y41.4183
G01 X35.4982Y41.4038
G01 X35.4479Y41.2975
G01 X35.4402Y41.2835
G01 X35.3847Y41.1909
G01 X35.3733Y41.1738
G01 X35.2998Y41.0755
G01 X35.2163Y40.9837
G01 X35.1245Y40.9002
G01 X35.0262Y40.8267
G01 X35.0091Y40.8153
G01 X34.9165Y40.7598
G01 X34.8983Y40.7500
G01 X34.7962Y40.7018
G01 X34.7817Y40.6960
G01 X34.6697Y40.6562
G01 X34.5502Y40.6261
G01 X34.5354Y40.6234
G01 X34.4187Y40.6063
G01 X34.2900Y40.6000
G01 X34.1613Y40.6063
G01 X34.0446Y40.6234
G01 X34.0298Y40.6261
G01 X33.9103Y40.6562
G01 X33.7983Y40.6960
G01 X33.7838Y40.7018
G01 X33.6775Y40.7521
G01 X33.6635Y40.7598
G01 X33.5624Y40.8207
G01 X33.4555Y40.9002
G01 X33.3637Y40.9837
G01 X33.2802Y41.0755
G01 X33.2007Y41.1824
G01 X33.1398Y41.2835
G01 X33.1300Y41.3017
G01 X33.0818Y41.4038
G01 X33.0600Y41.4630
G01 X33.0600Y36.0070
G01 X33.0818Y36.0662
G01 X33.1321Y36.1725
G01 X33.1398Y36.1865
G01 X33.2007Y36.2876
G01 X33.2802Y36.3945
G01 X33.3637Y36.4863
G01 X33.4555Y36.5698
G01 X33.5624Y36.6493
G01 X33.6635Y36.7102
G01 X33.6775Y36.7179
G01 X33.7793Y36.7661
G01 X35.8700Y38.8568
G01 X35.8700Y42.3428
G00 Z3.0000
G00 X37.6500Y38.1415
G01 Z-0.2000
G01 X37.6417Y38.1193
G01 X37.6345Y38.1039
G01 X37.6500Y38.1195
G01 X37.6500Y38.1415
G00 Z3.0000
G00 X39.2404Y36.8635
G01 Z-0.2000
G01 X39.2235Y36.8854
G01 X39.2120Y36.9026
G01 X39.1980Y36.9271
G01 X39.1887Y36.9468
G01 X39.1753Y36.9833
G01 X39.1685Y37.0100
G01 X39.1647Y37.0320
G01 X38.9225Y36.7898
G01 X38.9903Y36.8138
G01 X39.1098Y36.8439
G01 X39.2404Y36.8635
G00 Z3.0000
G00 X38.1402Y36.0075
G01 Z-0.2000
G01 X38.0809Y35.9483
G01 X38.0863Y35.9303
G01 X38.1000Y35.8758
G01 X38.1162Y35.9397
G01 X38.1402Y36.0075
G00 Z3.0000
G00 X40.7127Y36.0894
G01 Z-0.2000
G01 X40.6952Y36.0860
G01 X40.6731Y36.0830
G01 X40.6400Y36.0814
G01 X40.6069Y36.0830
G01 X40.5848Y36.0860
G01 X40.5673Y36.0894
G01 X40.5782Y36.0662
G01 X40.5840Y36.0517
G01 X40.6204Y35.9501
G01 X40.6263Y35.9303
G01 X40.6400Y35.8758
G01 X40.6537Y35.9303
G01 X40.6596Y35.9501
G01 X40.6960Y36.0517
G01 X40.7018Y36.0662
G01 X40.7127Y36.0894
G00 Z3.0000
G00 X43.2527Y36.0894
G01 Z-0.2000
G01 X43.2352Y36.0860
G01 X43.2131Y36.0830
G01 X43.1800Y36.0814
G01 X43.1469Y36.0830
G01 X43.1248Y36.0860
G01 X43.1073Y36.0894
G01 X43.1182Y36.0662
G01 X43.1240Y36.0517
G01 X43.1604Y35.9501
G01 X43.1663Y35.9303
G01 X43.1800Y35.8758
G01 X43.1937Y35.9303
G01 X43.1996Y35.9501
G01 X43.2360Y36.0517
G01 X43.2418Y36.0662
G01 X43.2527Y36.0894
G00 Z3.0000
G00 X45.7200Y35.8758
G01 Z-0.2000
G01 X45.7337Y35.9303
G01 X45.7396Y35.9501
G01 X45.7760Y36.0517
G01 X45.7818Y36.0662
G01 X45.7927Y36.0894
G01 X45.7752Y36.0860
G01 X45.7531Y36.0830
G01 X45.7200Y36.0814
G01 X45.6869Y36.0830
G01 X45.6648Y36.0860
G01 X45.6473Y36.0894
G01 X45.6582Y36.0662
G01 X45.6640Y36.0517
G01 X45.7004Y35.9501
G01 X45.7063Y35.9303
G01 X45.7200Y35.8758
G00 Z3.0000
G00 X35.3916Y35.8894
G01 Z-0.2000
G01 X37.3957Y37.8935
G01 X37.4468Y37.9498
G01 X37.4965Y38.0168
G01 X37.5362Y38.0832
G01 X37.5686Y38.1518
G01 X37.5962Y38.2293
G01 X37.6144Y38.3020
G01 X37.6258Y38.3783
G01 X37.6300Y38.4592
G01 X37.6300Y52.5400
G01 X45.7200Y52.5400
G01 X45.7985Y52.5439
G01 X45.8772Y52.5556
G01 X45.9521Y52.5744
G01 X46.0239Y52.6000
G01 X46.0959Y52.6338
G01 X46.1644Y52.6748
G01 X46.2283Y52.7223
G01 X46.2857Y52.7743
G01 X48.2422Y54.7308
G01 X48.2625Y54.7301
G01 X48.3728Y54.7355
G01 X48.4867Y54.7526
G01 X48.5937Y54.7795
G01 X48.6978Y54.8167
G01 X48.8009Y54.8652
G01 X48.8989Y54.9238
G01 X48.9914Y54.9926
G01 X49.0732Y55.0668
G01 X49.1474Y55.1486
G01 X49.2162Y55.2411
G01 X49.2748Y55.3391
G01 X49.3220Y55.4387
G01 X49.3605Y55.5463
G01 X49.3877Y55.6546
G01 X49.4045Y55.7672
G01 X49.4100Y55.8800
G01 X49.4045Y55.9928
G01 X49.3877Y56.1054
G01 X49.3605Y56.2137
G01 X49.3220Y56.3213
G01 X49.2748Y56.4209
G01 X49.2162Y56.5189
G01 X49.1483Y56.6104
G01 X49.0732Y56.6932
G01 X48.9904Y56.7683
G01 X48.8989Y56.8362
G01 X48.8009Y56.8948
G01 X48.7023Y56.9415
G01 X48.5937Y56.9805
G01 X48.4854Y57.0077
G01 X48.3752Y57.0242
G01 X48.2575Y57.0299
G01 X48.1472Y57.0245
G01 X48.0346Y57.0077
G01 X47.9263Y56.9805
G01 X47.8222Y56.9433
G01 X47.7158Y56.8930
G01 X47.6211Y56.8362
G01 X47.5324Y56.7705
G01 X47.4468Y56.6932
G01 X47.3695Y56.6076
G01 X47.3038Y56.5189
G01 X47.2470Y56.4242
G01 X47.1985Y56.3223
G01 X47.1595Y56.2137
G01 X47.1323Y56.1054
G01 X47.1155Y55.9928
G01 X47.1101Y55.8825
G01 X47.1108Y55.8622
G01 X45.3886Y54.1400
G01 X35.1152Y54.1400
G01 X35.1014Y54.1549
G01 X35.0204Y54.2283
G01 X34.9289Y54.2962
G01 X34.8309Y54.3548
G01 X34.7313Y54.4020
G01 X34.6237Y54.4405
G01 X34.5154Y54.4677
G01 X34.4028Y54.4845
G01 X34.2900Y54.4900
G01 X34.1772Y54.4845
G01 X34.0633Y54.4674
G01 X33.9563Y54.4405
G01 X33.8522Y54.4033
G01 X33.7491Y54.3548
G01 X33.6511Y54.2962
G01 X33.5586Y54.2274
G01 X33.4768Y54.1532
G01 X33.4026Y54.0714
G01 X33.3338Y53.9789
G01 X33.2752Y53.8809
G01 X33.2280Y53.7813
G01 X33.1895Y53.6737
G01 X33.1617Y53.5619
G01 X33.1455Y53.4528
G01 X33.1401Y53.3375
G01 X33.1458Y53.2248
G01 X33.1623Y53.1146
G01 X33.1889Y53.0085
G01 X33.2280Y52.8987
G01 X33.2752Y52.7991
G01 X33.3338Y52.7011
G01 X33.4017Y52.6096
G01 X33.4768Y52.5268
G01 X33.5596Y52.4517
G01 X33.6511Y52.3838
G01 X33.7491Y52.3252
G01 X33.8487Y52.2780
G01 X33.9538Y52.2403
G01 X34.0646Y52.2123
G01 X34.1797Y52.1954
G01 X34.2900Y52.1900
G01 X34.4028Y52.1955
G01 X34.5154Y52.2123
G01 X34.6237Y52.2395
G01 X34.7313Y52.2780
G01 X34.8299Y52.3247
G01 X34.9289Y52.3838
G01 X35.0176Y52.4495
G01 X35.1014Y52.5251
G01 X35.1152Y52.5400
G01 X36.0300Y52.5400
G01 X36.0300Y38.7905
G01 X33.8687Y36.6293
G01 X33.8487Y36.6220
G01 X33.7491Y36.5748
G01 X33.6511Y36.5162
G01 X33.5596Y36.4483
G01 X33.4768Y36.3732
G01 X33.4017Y36.2904
G01 X33.3338Y36.1989
G01 X33.2752Y36.1009
G01 X33.2280Y36.0013
G01 X33.1895Y35.8937
G01 X33.1623Y35.7854
G01 X33.1455Y35.6728
G01 X33.1401Y35.5625
G01 X33.1400Y34.2900
G01 X33.1455Y34.1772
G01 X33.1617Y34.0681
G01 X33.1895Y33.9563
G01 X33.2280Y33.8487
G01 X33.2752Y33.7491
G01 X33.3338Y33.6511
G01 X33.4017Y33.5596
G01 X33.4768Y33.4768
G01 X33.5596Y33.4017
G01 X33.6511Y33.3338
G01 X33.7491Y33.2752
G01 X33.8487Y33.2280
G01 X33.9563Y33.1895
G01 X34.0646Y33.1623
G01 X34.1772Y33.1455
G01 X34.2900Y33.1400
G01 X34.4028Y33.1455
G01 X34.5154Y33.1623
G01 X34.6237Y33.1895
G01 X34.7313Y33.2280
G01 X34.8309Y33.2752
G01 X34.9289Y33.3338
G01 X35.0204Y33.4017
G01 X35.1032Y33.4768
G01 X35.1783Y33.5596
G01 X35.2462Y33.6511
G01 X35.3053Y33.7501
G01 X35.3520Y33.8487
G01 X35.3897Y33.9538
G01 X35.4177Y34.0646
G01 X35.4346Y34.1797
G01 X35.4400Y34.2900
G01 X35.4399Y35.5625
G01 X35.4342Y35.6752
G01 X35.4177Y35.7854
G01 X35.3916Y35.8894
G00 Z3.0000
G00 X33.8248Y36.6985
G01 Z-0.2000
G01 X35.9500Y38.8237
G01 X35.9500Y52.4600
G01 X35.1487Y52.4600
G01 X35.0724Y52.3910
G01 X34.9732Y52.3172
G01 X34.8667Y52.2536
G01 X34.7665Y52.2062
G01 X34.7547Y52.2013
G01 X34.6531Y52.1650
G01 X34.6409Y52.1613
G01 X34.5328Y52.1342
G01 X34.4169Y52.1167
G01 X34.4042Y52.1155
G01 X34.2900Y52.1100
G01 X34.1692Y52.1159
G01 X34.0472Y52.1342
G01 X33.9391Y52.1613
G01 X33.9269Y52.1650
G01 X33.8253Y52.2013
G01 X33.8135Y52.2062
G01 X33.7133Y52.2536
G01 X33.6068Y52.3172
G01 X33.5076Y52.3910
G01 X33.4203Y52.4703
G01 X33.3410Y52.5576
G01 X33.2672Y52.6568
G01 X33.2036Y52.7633
G01 X33.1549Y52.8662
G01 X33.1128Y52.9833
G01 X33.0850Y53.0938
G01 X33.0825Y53.1063
G01 X33.0659Y53.2192
G01 X33.0602Y53.3336
G01 X33.0602Y53.3464
G01 X33.0655Y53.4542
G01 X33.0667Y53.4669
G01 X33.0842Y53.5828
G01 X33.1113Y53.6909
G01 X33.1150Y53.7031
G01 X33.1549Y53.8138
G01 X33.2036Y53.9167
G01 X33.2672Y54.0232
G01 X33.3353Y54.1153
G01 X33.3434Y54.1251
G01 X33.4203Y54.2097
G01 X33.5076Y54.2890
G01 X33.6068Y54.3628
G01 X33.7046Y54.4216
G01 X33.7159Y54.4276
G01 X33.8135Y54.4738
G01 X33.8253Y54.4787
G01 X33.9333Y54.5172
G01 X34.0438Y54.5450
G01 X34.0563Y54.5475
G01 X34.1692Y54.5641
G01 X34.2900Y54.5700
G01 X34.4108Y54.5641
G01 X34.5328Y54.5458
G01 X34.6467Y54.5172
G01 X34.7638Y54.4751
G01 X34.8667Y54.4264
G01 X34.9732Y54.3628
G01 X35.0724Y54.2890
G01 X35.1487Y54.2200
G01 X45.3555Y54.2200
G01 X47.0306Y55.8951
G01 X47.0359Y56.0008
G01 X47.0525Y56.1137
G01 X47.0550Y56.1262
G01 X47.0813Y56.2309
G01 X47.0850Y56.2431
G01 X47.1249Y56.3537
G01 X47.1736Y56.4567
G01 X47.2372Y56.5632
G01 X47.3053Y56.6553
G01 X47.3134Y56.6651
G01 X47.3903Y56.7497
G01 X47.4749Y56.8266
G01 X47.4847Y56.8347
G01 X47.5714Y56.8990
G01 X47.5820Y56.9061
G01 X47.6746Y56.9616
G01 X47.6859Y56.9676
G01 X47.7863Y57.0151
G01 X47.9033Y57.0572
G01 X48.0172Y57.0858
G01 X48.1331Y57.1033
G01 X48.1458Y57.1045
G01 X48.2536Y57.1098
G01 X48.2664Y57.1098
G01 X48.3808Y57.1041
G01 X48.5028Y57.0858
G01 X48.6167Y57.0572
G01 X48.7247Y57.0187
G01 X48.7365Y57.0138
G01 X48.8341Y56.9676
G01 X48.8454Y56.9616
G01 X48.9432Y56.9028
G01 X49.0353Y56.8347
G01 X49.0451Y56.8266
G01 X49.1297Y56.7497
G01 X49.2090Y56.6624
G01 X49.2828Y56.5632
G01 X49.3416Y56.4654
G01 X49.3476Y56.4541
G01 X49.3938Y56.3565
G01 X49.3987Y56.3447
G01 X49.4372Y56.2367
G01 X49.4650Y56.1262
G01 X49.4675Y56.1137
G01 X49.4841Y56.0008
G01 X49.4900Y55.8800
G01 X49.4841Y55.7592
G01 X49.4658Y55.6372
G01 X49.4372Y55.5233
G01 X49.3951Y55.4063
G01 X49.3464Y55.3033
G01 X49.2828Y55.1968
G01 X49.2147Y55.1047
G01 X49.2066Y55.0949
G01 X49.1297Y55.0103
G01 X49.0451Y54.9334
G01 X49.0353Y54.9253
G01 X48.9432Y54.8572
G01 X48.8367Y54.7936
G01 X48.7338Y54.7449
G01 X48.6231Y54.7050
G01 X48.6109Y54.7013
G01 X48.5062Y54.6750
G01 X48.4937Y54.6725
G01 X48.3808Y54.6559
G01 X48.2751Y54.6506
G01 X46.3423Y52.7177
G01 X46.2804Y52.6615
G01 X46.2088Y52.6082
G01 X46.1317Y52.5623
G01 X46.0598Y52.5283
G01 X45.9751Y52.4978
G01 X45.8945Y52.4775
G01 X45.8064Y52.4643
G01 X45.7200Y52.4600
G01 X39.2079Y52.4600
G01 X39.2620Y52.4344
G01 X39.2732Y52.4284
G01 X39.3574Y52.3780
G01 X39.3680Y52.3709
G01 X39.4540Y52.3067
G01 X39.5340Y52.2340
G01 X39.6043Y52.1567
G01 X39.6124Y52.1468
G01 X39.6746Y52.0627
G01 X39.7332Y51.9645
G01 X39.7764Y51.8733
G01 X39.7813Y51.8615
G01 X39.8165Y51.7626
G01 X39.8427Y51.6583
G01 X39.8588Y51.5521
G01 X39.8600Y51.5394
G01 X39.8650Y51.4350
G01 X39.8595Y51.3240
G01 X39.8444Y51.2208
G01 X39.8419Y51.2083
G01 X39.8165Y51.1074
G01 X39.7813Y51.0085
G01 X39.7764Y50.9967
G01 X39.7332Y50.9055
G01 X39.6746Y50.8073
G01 X39.6067Y50.7160
G01 X39.5384Y50.6406
G01 X39.5294Y50.6316
G01 X39.4540Y50.5633
G01 X39.4100Y50.5303
G01 X39.4100Y37.7550
G01 X39.4058Y37.6687
G01 X39.3942Y37.5896
G01 X39.3917Y37.5771
G01 X39.3721Y37.4996
G01 X39.3430Y37.4182
G01 X39.3090Y37.3459
G01 X39.3030Y37.3346
G01 X39.2617Y37.2661
G01 X39.2103Y37.1967
G01 X39.1523Y37.1328
G01 X37.9886Y35.9691
G01 X38.0072Y35.9167
G01 X38.0350Y35.8062
G01 X38.0375Y35.7937
G01 X38.0541Y35.6808
G01 X38.0598Y35.5664
G01 X38.0600Y34.2900
G01 X38.0541Y34.1692
G01 X38.0358Y34.0472
G01 X38.0087Y33.9391
G01 X38.0050Y33.9269
G01 X37.9651Y33.8163
G01 X37.9164Y33.7133
G01 X37.8561Y33.6120
G01 X37.8490Y33.6014
G01 X37.7790Y33.5076
G01 X37.6997Y33.4203
G01 X37.6151Y33.3434
G01 X37.6053Y33.3353
G01 X37.5132Y33.2672
G01 X37.4154Y33.2084
G01 X37.4041Y33.2024
G01 X37.3065Y33.1562
G01 X37.2947Y33.1513
G01 X37.1867Y33.1128
G01 X37.0728Y33.0842
G01 X36.9508Y33.0659
G01 X36.8300Y33.0600
G01 X36.7092Y33.0659
G01 X36.5963Y33.0825
G01 X36.5838Y33.0850
G01 X36.4733Y33.1128
G01 X36.3653Y33.1513
G01 X36.3535Y33.1562
G01 X36.2559Y33.2024
G01 X36.2446Y33.2084
G01 X36.1468Y33.2672
G01 X36.0476Y33.3410
G01 X35.9603Y33.4203
G01 X35.8834Y33.5049
G01 X35.8753Y33.5147
G01 X35.8072Y33.6068
G01 X35.7484Y33.7046
G01 X35.7424Y33.7159
G01 X35.6949Y33.8163
G01 X35.6528Y33.9333
G01 X35.6250Y34.0438
G01 X35.6225Y34.0563
G01 X35.6067Y34.1631
G01 X35.6055Y34.1758
G01 X35.6000Y34.2900
G01 X35.6000Y35.5600
G01 X35.6055Y35.6742
G01 X35.6067Y35.6869
G01 X35.6242Y35.8028
G01 X35.6528Y35.9167
G01 X35.6949Y36.0337
G01 X35.7360Y36.1206
G01 X35.4803Y35.8649
G01 X35.4958Y35.8028
G01 X35.5133Y35.6869
G01 X35.5145Y35.6742
G01 X35.5200Y35.5600
G01 X35.5200Y34.2900
G01 X35.5141Y34.1692
G01 X35.4958Y34.0472
G01 X35.4687Y33.9391
G01 X35.4650Y33.9269
G01 X35.4251Y33.8163
G01 X35.3764Y33.7133
G01 X35.3161Y33.6120
G01 X35.3090Y33.6014
G01 X35.2390Y33.5076
G01 X35.1597Y33.4203
G01 X35.0724Y33.3410
G01 X34.9732Y33.2672
G01 X34.8667Y33.2036
G01 X34.7638Y33.1549
G01 X34.6467Y33.1128
G01 X34.5328Y33.0842
G01 X34.4108Y33.0659
G01 X34.2900Y33.0600
G01 X34.1692Y33.0659
G01 X34.0472Y33.0842
G01 X33.9333Y33.1128
G01 X33.8163Y33.1549
G01 X33.7133Y33.2036
G01 X33.6068Y33.2672
G01 X33.5076Y33.3410
G01 X33.4203Y33.4203
G01 X33.3434Y33.5049
G01 X33.3353Y33.5147
G01 X33.2710Y33.6014
G01 X33.2639Y33.6120
G01 X33.2036Y33.7133
G01 X33.1549Y33.8162
G01 X33.1128Y33.9333
G01 X33.0842Y34.0472
G01 X33.0659Y34.1692
G01 X33.0600Y34.2900
G01 X33.0600Y35.5600
G01 X33.0659Y35.6808
G01 X33.0842Y35.8028
G01 X33.1113Y35.9109
G01 X33.1150Y35.9231
G01 X33.1549Y36.0338
G01 X33.2024Y36.1341
G01 X33.2084Y36.1454
G01 X33.2672Y36.2432
G01 X33.3353Y36.3353
G01 X33.3434Y36.3451
G01 X33.4203Y36.4297
G01 X33.5049Y36.5066
G01 X33.5147Y36.5147
G01 X33.6068Y36.5828
G01 X33.7046Y36.6416
G01 X33.7159Y36.6476
G01 X33.8135Y36.6938
G01 X33.8248Y36.6985
G00 Z3.0000
G00 X37.1047Y26.7625
G01 Z-0.2000
G01 X37.1067Y26.8061
G01 X37.1102Y26.8319
G01 X37.1139Y26.8523
G01 X37.1187Y26.8717
G01 X37.1273Y26.9000
G01 X36.8008Y26.9000
G01 X36.9146Y26.7862
G01 X36.9520Y26.7844
G01 X36.9804Y26.7816
G01 X37.0872Y26.7657
G01 X37.1047Y26.7625
G00 Z3.0000
G00 X37.2031Y26.6556
G01 Z-0.2000
G01 X37.1989Y26.6684
G01 X37.1920Y26.6951
G01 X37.1863Y26.7318
G01 X37.1849Y26.7547
G01 X37.1849Y26.7753
G01 X37.1863Y26.7981
G01 X37.1893Y26.8202
G01 X37.1920Y26.8349
G01 X37.1989Y26.8616
G01 X37.2064Y26.8836
G01 X37.2143Y26.9026
G01 X37.2215Y26.9178
G01 X37.2356Y26.9424
G01 X37.2470Y26.9595
G01 X37.2628Y26.9800
G01 X36.6015Y26.9800
G01 X36.6688Y26.9188
G01 X36.8798Y26.7078
G01 X36.9587Y26.7037
G01 X37.0754Y26.6866
G01 X37.0956Y26.6826
G01 X37.2031Y26.6556
G00 Z3.0000
G00 X35.5547Y25.1055
G01 Z-0.2000
G01 X35.5461Y25.1398
G01 X35.5434Y25.1546
G01 X35.5276Y25.2614
G01 X35.5257Y25.2800
G01 X35.3914Y25.2800
G01 X35.4514Y25.2259
G01 X35.4659Y25.2113
G01 X35.5192Y25.1524
G01 X35.5547Y25.1055
G00 Z3.0000
G00 X36.5142Y24.1300
G01 Z-0.2000
G01 X36.4503Y24.1462
G01 X36.3840Y24.1697
G01 X36.4425Y24.1112
G01 X36.4597Y24.1163
G01 X36.5142Y24.1300
G00 Z3.0000
G00 X37.3460Y24.0636
G01 Z-0.2000
G01 X37.3409Y24.0969
G01 X37.3392Y24.1300
G01 X37.3409Y24.1631
G01 X37.3460Y24.1964
G01 X37.3217Y24.1860
G01 X37.2201Y24.1496
G01 X37.2003Y24.1437
G01 X37.1458Y24.1300
G01 X37.2003Y24.1163
G01 X37.2201Y24.1104
G01 X37.3217Y24.0740
G01 X37.3460Y24.0636
G00 Z3.0000
G00 X38.1000Y19.3658
G01 Z-0.2000
G01 X38.1137Y19.4203
G01 X38.1196Y19.4401
G01 X38.1560Y19.5417
G01 X38.1618Y19.5562
G01 X38.1727Y19.5794
G01 X38.1552Y19.5760
G01 X38.1331Y19.5730
G01 X38.1000Y19.5714
G01 X38.0669Y19.5730
G01 X38.0448Y19.5760
G01 X38.0273Y19.5794
G01 X38.0382Y19.5562
G01 X38.0440Y19.5417
G01 X38.0804Y19.4401
G01 X38.0863Y19.4203
G01 X38.1000Y19.3658
G00 Z3.0000
G00 X38.2200Y13.4804
G01 Z-0.2000
G01 X38.2868Y13.5706
G01 X38.2995Y13.5866
G01 X38.3773Y13.6726
G01 X38.3974Y13.6927
G01 X38.4834Y13.7705
G01 X38.4994Y13.7832
G01 X38.5861Y13.8475
G01 X38.6098Y13.8634
G01 X38.7024Y13.9189
G01 X38.7218Y13.9295
G01 X38.8251Y13.9784
G01 X38.8514Y13.9893
G01 X38.9530Y14.0257
G01 X38.9802Y14.0339
G01 X39.0925Y14.0620
G01 X39.1128Y14.0657
G01 X39.2196Y14.0816
G01 X39.2480Y14.0844
G01 X39.3700Y14.0900
G01 X39.4920Y14.0844
G01 X39.5204Y14.0816
G01 X39.6272Y14.0657
G01 X39.6475Y14.0620
G01 X39.7598Y14.0339
G01 X39.7870Y14.0257
G01 X39.8887Y13.9893
G01 X39.9087Y13.9813
G01 X40.0182Y13.9295
G01 X40.0376Y13.9189
G01 X40.1302Y13.8634
G01 X40.1539Y13.8475
G01 X40.2406Y13.7832
G01 X40.2566Y13.7705
G01 X40.3529Y13.6829
G01 X40.4352Y13.5926
G01 X40.4532Y13.5706
G01 X40.5259Y13.4720
G01 X40.5889Y13.3676
G01 X40.6023Y13.3425
G01 X40.6513Y13.2387
G01 X40.6593Y13.2186
G01 X40.6957Y13.1170
G01 X40.7039Y13.0898
G01 X40.7302Y12.9851
G01 X40.7357Y12.9572
G01 X40.7533Y12.8367
G01 X40.7600Y12.7000
G01 X40.7600Y5.8604
G01 X40.8268Y5.9506
G01 X40.8395Y5.9666
G01 X40.9173Y6.0526
G01 X40.9374Y6.0727
G01 X41.0174Y6.1452
G01 X41.0394Y6.1632
G01 X41.1380Y6.2359
G01 X41.2424Y6.2989
G01 X41.2675Y6.3123
G01 X41.3651Y6.3584
G01 X41.3914Y6.3693
G01 X41.4079Y6.3752
G01 X41.4340Y6.4487
G01 X41.4421Y6.4688
G01 X41.4792Y6.5472
G01 X41.4898Y6.5666
G01 X41.5277Y6.6298
G01 X41.5435Y6.6534
G01 X41.5873Y6.7125
G01 X41.6001Y6.7285
G01 X41.6548Y6.7891
G01 X44.1900Y9.3248
G01 X44.1900Y9.3583
G01 X44.1679Y9.3309
G01 X44.0922Y9.2478
G01 X44.0091Y9.1721
G01 X43.9871Y9.1541
G01 X43.8964Y9.0872
G01 X43.8005Y9.0293
G01 X43.7811Y9.0187
G01 X43.6867Y8.9740
G01 X43.6604Y8.9631
G01 X43.5536Y8.9253
G01 X43.4456Y8.8979
G01 X43.4176Y8.8924
G01 X43.3206Y8.8780
G01 X43.2922Y8.8752
G01 X43.1800Y8.8700
G01 X43.0531Y8.8763
G01 X42.9424Y8.8924
G01 X42.9144Y8.8979
G01 X42.8064Y8.9253
G01 X42.6996Y8.9631
G01 X42.6733Y8.9740
G01 X42.5789Y9.0187
G01 X42.5595Y9.0293
G01 X42.4636Y9.0872
G01 X42.3729Y9.1541
G01 X42.3569Y9.1668
G01 X42.2781Y9.2380
G01 X42.2580Y9.2581
G01 X42.1921Y9.3309
G01 X42.1741Y9.3529
G01 X42.1072Y9.4436
G01 X42.0493Y9.5395
G01 X42.0359Y9.5646
G01 X41.9911Y9.6595
G01 X41.9831Y9.6796
G01 X41.9453Y9.7864
G01 X41.9161Y9.9020
G01 X41.9124Y9.9224
G01 X41.8963Y10.0331
G01 X41.8900Y10.1600
G01 X41.8900Y12.1833
G01 X41.8496Y12.2974
G01 X41.8180Y12.4225
G01 X41.8143Y12.4428
G01 X41.7967Y12.5633
G01 X41.7900Y12.7000
G01 X41.7956Y12.8220
G01 X41.7984Y12.8504
G01 X41.8143Y12.9572
G01 X41.8180Y12.9775
G01 X41.8461Y13.0898
G01 X41.8543Y13.1170
G01 X41.8907Y13.2186
G01 X41.8987Y13.2387
G01 X41.9477Y13.3425
G01 X41.9611Y13.3676
G01 X42.0241Y13.4720
G01 X42.0968Y13.5706
G01 X42.1148Y13.5926
G01 X42.1873Y13.6726
G01 X42.2074Y13.6927
G01 X42.2934Y13.7705
G01 X42.3094Y13.7832
G01 X42.4080Y13.8559
G01 X42.5124Y13.9189
G01 X42.5318Y13.9295
G01 X42.6351Y13.9784
G01 X42.6614Y13.9893
G01 X42.7774Y14.0304
G01 X42.8949Y14.0602
G01 X42.9228Y14.0657
G01 X43.0433Y14.0833
G01 X43.1658Y14.0897
G01 X43.1942Y14.0897
G01 X43.3167Y14.0833
G01 X43.4372Y14.0657
G01 X43.4651Y14.0602
G01 X43.5826Y14.0304
G01 X43.6987Y13.9893
G01 X43.7187Y13.9813
G01 X43.8225Y13.9323
G01 X43.8476Y13.9189
G01 X43.9520Y13.8559
G01 X44.0506Y13.7832
G01 X44.0726Y13.7652
G01 X44.1629Y13.6829
G01 X44.2505Y13.5866
G01 X44.2816Y13.5459
G01 X44.3092Y13.6041
G01 X44.3198Y13.6235
G01 X44.3651Y13.6984
G01 X44.4173Y13.7694
G01 X44.4301Y13.7854
G01 X44.4946Y13.8562
G01 X47.0300Y16.3916
G01 X46.9900Y16.3900
G01 X46.9758Y16.3903
G01 X46.8680Y16.3956
G01 X46.8396Y16.3984
G01 X46.7328Y16.4143
G01 X46.7125Y16.4180
G01 X46.5874Y16.4496
G01 X46.4714Y16.4907
G01 X46.4451Y16.5016
G01 X46.3418Y16.5505
G01 X46.3224Y16.5611
G01 X46.2298Y16.6166
G01 X46.2061Y16.6325
G01 X46.1194Y16.6968
G01 X46.0974Y16.7148
G01 X46.0071Y16.7971
G01 X45.9195Y16.8934
G01 X45.9068Y16.9094
G01 X45.8425Y16.9961
G01 X45.8266Y17.0198
G01 X45.7711Y17.1124
G01 X45.7605Y17.1318
G01 X45.7200Y17.2172
G01 X45.6795Y17.1318
G01 X45.6689Y17.1124
G01 X45.6134Y17.0198
G01 X45.5975Y16.9961
G01 X45.5332Y16.9094
G01 X45.5205Y16.8934
G01 X45.4427Y16.8074
G01 X45.4226Y16.7873
G01 X45.3366Y16.7095
G01 X45.3206Y16.6968
G01 X45.2339Y16.6325
G01 X45.2102Y16.6166
G01 X45.1176Y16.5611
G01 X45.0982Y16.5505
G01 X44.9949Y16.5016
G01 X44.9687Y16.4907
G01 X44.8670Y16.4543
G01 X44.8398Y16.4461
G01 X44.7275Y16.4180
G01 X44.7072Y16.4143
G01 X44.6004Y16.3984
G01 X44.5720Y16.3956
G01 X44.4642Y16.3903
G01 X44.4358Y16.3903
G01 X44.3133Y16.3967
G01 X44.1928Y16.4143
G01 X44.1725Y16.4180
G01 X44.0474Y16.4496
G01 X43.9314Y16.4907
G01 X43.9051Y16.5016
G01 X43.8075Y16.5477
G01 X43.7824Y16.5611
G01 X43.6780Y16.6241
G01 X43.5794Y16.6968
G01 X43.5574Y16.7148
G01 X43.4774Y16.7873
G01 X43.4573Y16.8074
G01 X43.3795Y16.8934
G01 X43.3668Y16.9094
G01 X43.2941Y17.0080
G01 X43.2311Y17.1124
G01 X43.2205Y17.1318
G01 X43.1800Y17.2172
G01 X43.1395Y17.1318
G01 X43.1289Y17.1124
G01 X43.0659Y17.0080
G01 X42.9932Y16.9094
G01 X42.9805Y16.8934
G01 X42.9027Y16.8074
G01 X42.8826Y16.7873
G01 X42.8026Y16.7148
G01 X42.7806Y16.6968
G01 X42.6820Y16.6241
G01 X42.5776Y16.5611
G01 X42.5582Y16.5505
G01 X42.4487Y16.4987
G01 X42.4287Y16.4907
G01 X42.3126Y16.4496
G01 X42.1875Y16.4180
G01 X42.1672Y16.4143
G01 X42.0604Y16.3984
G01 X42.0320Y16.3956
G01 X41.9242Y16.3903
G01 X41.8958Y16.3903
G01 X41.7733Y16.3967
G01 X41.6528Y16.4143
G01 X41.6325Y16.4180
G01 X41.5202Y16.4461
G01 X41.4930Y16.4543
G01 X41.3914Y16.4907
G01 X41.3713Y16.4987
G01 X41.2675Y16.5477
G01 X41.2424Y16.5611
G01 X41.1380Y16.6241
G01 X41.0394Y16.6968
G01 X41.0234Y16.7095
G01 X40.9271Y16.7971
G01 X40.8448Y16.8874
G01 X40.8268Y16.9094
G01 X40.7625Y16.9961
G01 X40.7466Y17.0198
G01 X40.6911Y17.1124
G01 X40.6805Y17.1318
G01 X40.6400Y17.2172
G01 X40.5995Y17.1318
G01 X40.5889Y17.1124
G01 X40.5259Y17.0080
G01 X40.4532Y16.9094
G01 X40.4405Y16.8934
G01 X40.3627Y16.8074
G01 X40.3426Y16.7873
G01 X40.2626Y16.7148
G01 X40.2406Y16.6968
G01 X40.1420Y16.6241
G01 X40.0376Y16.5611
G01 X40.0125Y16.5477
G01 X39.9149Y16.5016
G01 X39.8887Y16.4907
G01 X39.7726Y16.4496
G01 X39.6475Y16.4180
G01 X39.6272Y16.4143
G01 X39.5204Y16.3984
G01 X39.4920Y16.3956
G01 X39.3700Y16.3900
G01 X39.2333Y16.3967
G01 X39.1128Y16.4143
G01 X39.0849Y16.4198
G01 X38.9674Y16.4496
G01 X38.8514Y16.4907
G01 X38.8251Y16.5016
G01 X38.7218Y16.5505
G01 X38.7024Y16.5611
G01 X38.6098Y16.6166
G01 X38.5861Y16.6325
G01 X38.4994Y16.6968
G01 X38.4834Y16.7095
G01 X38.3974Y16.7873
G01 X38.3773Y16.8074
G01 X38.2995Y16.8934
G01 X38.2868Y16.9094
G01 X38.2225Y16.9961
G01 X38.2066Y17.0198
G01 X38.1511Y17.1124
G01 X38.1405Y17.1318
G01 X38.1000Y17.2172
G01 X38.0595Y17.1318
G01 X38.0489Y17.1124
G01 X37.9859Y17.0080
G01 X37.9132Y16.9094
G01 X37.9005Y16.8934
G01 X37.8129Y16.7971
G01 X37.7166Y16.7095
G01 X37.7006Y16.6968
G01 X37.6020Y16.6241
G01 X37.4976Y16.5611
G01 X37.4782Y16.5505
G01 X37.3928Y16.5100
G01 X37.4782Y16.4695
G01 X37.4976Y16.4589
G01 X37.5902Y16.4034
G01 X37.6139Y16.3875
G01 X37.7006Y16.3232
G01 X37.7226Y16.3052
G01 X37.8129Y16.2229
G01 X37.9005Y16.1266
G01 X37.9132Y16.1106
G01 X37.9859Y16.0120
G01 X38.0489Y15.9076
G01 X38.0595Y15.8882
G01 X38.1113Y15.7787
G01 X38.1193Y15.7586
G01 X38.1557Y15.6570
G01 X38.1639Y15.6298
G01 X38.1920Y15.5175
G01 X38.1957Y15.4972
G01 X38.2116Y15.3904
G01 X38.2144Y15.3620
G01 X38.2197Y15.2542
G01 X38.2200Y13.4804
G00 Z3.0000
G00 X44.2299Y10.1575
G01 Z-0.2000
G01 X44.2300Y12.2334
G01 X44.2433Y12.2622
G01 X44.2805Y12.3663
G01 X44.3077Y12.4746
G01 X44.3245Y12.5872
G01 X44.3300Y12.7000
G01 X44.3245Y12.8128
G01 X44.3077Y12.9254
G01 X44.2805Y13.0337
G01 X44.2420Y13.1413
G01 X44.1948Y13.2409
G01 X44.1362Y13.3389
G01 X44.0683Y13.4304
G01 X43.9932Y13.5132
G01 X43.9104Y13.5883
G01 X43.8189Y13.6562
G01 X43.7209Y13.7148
G01 X43.6213Y13.7620
G01 X43.5137Y13.8005
G01 X43.4054Y13.8277
G01 X43.2928Y13.8445
G01 X43.1800Y13.8500
G01 X43.0672Y13.8445
G01 X42.9546Y13.8277
G01 X42.8463Y13.8005
G01 X42.7387Y13.7620
G01 X42.6358Y13.7130
G01 X42.5411Y13.6562
G01 X42.4524Y13.5905
G01 X42.3668Y13.5132
G01 X42.2895Y13.4276
G01 X42.2238Y13.3389
G01 X42.1670Y13.2442
G01 X42.1180Y13.1413
G01 X42.0789Y13.0315
G01 X42.0523Y12.9254
G01 X42.0358Y12.8152
G01 X42.0301Y12.6975
G01 X42.0355Y12.5872
G01 X42.0517Y12.4781
G01 X42.0795Y12.3663
G01 X42.1167Y12.2622
G01 X42.1300Y12.2334
G01 X42.1301Y10.1575
G01 X42.1351Y10.0570
G01 X42.1504Y9.9541
G01 X42.1752Y9.8553
G01 X42.2104Y9.7570
G01 X42.2534Y9.6662
G01 X42.3069Y9.5767
G01 X42.3690Y9.4931
G01 X42.4358Y9.4193
G01 X42.5158Y9.3468
G01 X42.5967Y9.2869
G01 X42.6862Y9.2334
G01 X42.7770Y9.1904
G01 X42.8753Y9.1552
G01 X42.9741Y9.1304
G01 X43.0746Y9.1154
G01 X43.1825Y9.1101
G01 X43.2830Y9.1151
G01 X43.3859Y9.1304
G01 X43.4847Y9.1552
G01 X43.5830Y9.1904
G01 X43.6738Y9.2334
G01 X43.7613Y9.2856
G01 X43.8480Y9.3499
G01 X43.9225Y9.4175
G01 X43.9910Y9.4931
G01 X44.0531Y9.5767
G01 X44.1048Y9.6629
G01 X44.1510Y9.7605
G01 X44.1848Y9.8553
G01 X44.2096Y9.9541
G01 X44.2249Y10.0570
G01 X44.2299Y10.1575
G00 Z3.0000
G00 X46.0500Y8.5763
G01 Z-0.2000
G01 X46.0417Y8.5542
G01 X46.0345Y8.5388
G01 X46.0500Y8.5543
G01 X46.0500Y8.5763
G00 Z3.0000
G00 X45.4737Y5.6022
G01 Z-0.2000
G01 X47.4957Y7.6242
G01 X47.5477Y7.6815
G01 X47.5952Y7.7454
G01 X47.6362Y7.8139
G01 X47.6700Y7.8860
G01 X47.6956Y7.9578
G01 X47.7144Y8.0327
G01 X47.7262Y8.1113
G01 X47.7300Y8.1898
G01 X47.7300Y11.9000
G01 X49.9748Y11.9000
G01 X49.9886Y11.8851
G01 X50.0696Y11.8117
G01 X50.1611Y11.7438
G01 X50.2591Y11.6852
G01 X50.3587Y11.6380
G01 X50.4663Y11.5995
G01 X50.5746Y11.5723
G01 X50.6872Y11.5555
G01 X50.8000Y11.5500
G01 X50.9128Y11.5555
G01 X51.0254Y11.5723
G01 X51.1337Y11.5995
G01 X51.2378Y11.6367
G01 X51.2666Y11.6500
G01 X62.2300Y11.6500
G01 X62.3330Y11.6551
G01 X62.4372Y11.6707
G01 X62.5347Y11.6952
G01 X62.6295Y11.7290
G01 X62.7238Y11.7734
G01 X62.8133Y11.8269
G01 X62.8969Y11.8890
G01 X62.9742Y11.9593
G01 X63.0432Y12.0358
G01 X63.1031Y12.1167
G01 X63.1548Y12.2029
G01 X63.1996Y12.2970
G01 X63.2348Y12.3953
G01 X63.2596Y12.4941
G01 X63.2751Y12.5995
G01 X63.2800Y12.7000
G01 X63.2751Y12.8005
G01 X63.2602Y12.9024
G01 X63.2348Y13.0047
G01 X63.1996Y13.1030
G01 X63.1566Y13.1938
G01 X63.1044Y13.2813
G01 X63.0410Y13.3669
G01 X62.9725Y13.4425
G01 X62.8980Y13.5101
G01 X62.8133Y13.5731
G01 X62.7238Y13.6266
G01 X62.6341Y13.6691
G01 X62.5347Y13.7048
G01 X62.4359Y13.7296
G01 X62.3354Y13.7446
G01 X62.2300Y13.7500
G01 X51.2666Y13.7500
G01 X51.2378Y13.7633
G01 X51.1337Y13.8005
G01 X51.0254Y13.8277
G01 X50.9128Y13.8445
G01 X50.8000Y13.8500
G01 X50.6872Y13.8445
G01 X50.5746Y13.8277
G01 X50.4663Y13.8005
G01 X50.3587Y13.7620
G01 X50.2591Y13.7148
G01 X50.1611Y13.6562
G01 X50.0696Y13.5883
G01 X49.9886Y13.5149
G01 X49.9748Y13.5000
G01 X47.2133Y13.5000
G01 X47.1348Y13.4961
G01 X47.0562Y13.4844
G01 X46.9812Y13.4656
G01 X46.9060Y13.4386
G01 X46.8374Y13.4062
G01 X46.7709Y13.3665
G01 X46.7050Y13.3177
G01 X46.6476Y13.2657
G01 X46.3643Y12.9824
G01 X46.3123Y12.9250
G01 X46.2635Y12.8591
G01 X46.2238Y12.7926
G01 X46.1919Y12.7251
G01 X46.1644Y12.6488
G01 X46.1450Y12.5703
G01 X46.1339Y12.4952
G01 X46.1300Y12.4167
G01 X46.1300Y8.5212
G01 X43.5343Y5.9255
G01 X43.4823Y5.8682
G01 X43.4348Y5.8042
G01 X43.3938Y5.7357
G01 X43.3614Y5.6672
G01 X43.3344Y5.5919
G01 X43.3156Y5.5170
G01 X43.3039Y5.4383
G01 X43.3001Y5.3623
G01 X43.3001Y5.2575
G01 X43.3037Y5.1840
G01 X43.3046Y5.1759
G01 X43.3000Y5.0800
G01 X43.3055Y4.9672
G01 X43.3226Y4.8533
G01 X43.3495Y4.7463
G01 X43.3867Y4.6422
G01 X43.4352Y4.5391
G01 X43.4938Y4.4411
G01 X43.5617Y4.3496
G01 X43.6368Y4.2668
G01 X43.7196Y4.1917
G01 X43.8111Y4.1238
G01 X43.9091Y4.0652
G01 X44.0087Y4.0180
G01 X44.1163Y3.9795
G01 X44.2246Y3.9523
G01 X44.3372Y3.9355
G01 X44.4500Y3.9300
G01 X44.5628Y3.9355
G01 X44.6754Y3.9523
G01 X44.7837Y3.9795
G01 X44.8913Y4.0180
G01 X44.9909Y4.0652
G01 X45.0889Y4.1238
G01 X45.1804Y4.1917
G01 X45.2632Y4.2668
G01 X45.3383Y4.3496
G01 X45.4062Y4.4411
G01 X45.4648Y4.5391
G01 X45.5120Y4.6387
G01 X45.5505Y4.7463
G01 X45.5777Y4.8546
G01 X45.5945Y4.9672
G01 X45.6000Y5.0800
G01 X45.5945Y5.1928
G01 X45.5777Y5.3054
G01 X45.5505Y5.4137
G01 X45.5120Y5.5213
G01 X45.4737Y5.6022
G00 Z3.0000
G00 X43.2955Y5.7150
G01 Z-0.2000
G01 X43.2800Y5.6995
G01 X43.2800Y5.6775
G01 X43.2883Y5.6996
G01 X43.2955Y5.7150
G00 Z3.0000
G00 X43.2464Y4.5640
G01 Z-0.2000
G01 X43.2360Y4.5883
G01 X43.1996Y4.6899
G01 X43.1937Y4.7097
G01 X43.1800Y4.7642
G01 X43.1663Y4.7097
G01 X43.1604Y4.6899
G01 X43.1240Y4.5883
G01 X43.1136Y4.5640
G01 X43.1469Y4.5691
G01 X43.1800Y4.5708
G01 X43.2131Y4.5691
G01 X43.2464Y4.5640
G00 Z3.0000
G00 X41.5411Y6.2530
G01 Z-0.2000
G01 X41.5578Y6.3191
G01 X41.5847Y6.3948
G01 X41.5896Y6.4066
G01 X41.6223Y6.4757
G01 X41.6649Y6.5475
G01 X41.6720Y6.5581
G01 X41.7215Y6.6244
G01 X41.7733Y6.6816
G01 X44.3500Y9.2585
G01 X44.3500Y12.3228
G01 X44.3187Y12.2353
G01 X44.3100Y12.2155
G01 X44.3100Y10.1600
G01 X44.3045Y10.0490
G01 X44.2877Y9.9367
G01 X44.2630Y9.8381
G01 X44.2593Y9.8259
G01 X44.2227Y9.7245
G01 X44.1782Y9.6305
G01 X44.1230Y9.5376
G01 X44.1159Y9.5270
G01 X44.0517Y9.4410
G01 X43.9790Y9.3610
G01 X43.9017Y9.2907
G01 X43.8918Y9.2826
G01 X43.8077Y9.2204
G01 X43.7182Y9.1666
G01 X43.7070Y9.1606
G01 X43.6155Y9.1173
G01 X43.5076Y9.0785
G01 X43.4067Y9.0531
G01 X43.3942Y9.0506
G01 X43.2910Y9.0355
G01 X43.1864Y9.0302
G01 X43.1736Y9.0302
G01 X43.0690Y9.0355
G01 X42.9658Y9.0506
G01 X42.9533Y9.0531
G01 X42.8524Y9.0785
G01 X42.7535Y9.1137
G01 X42.7417Y9.1186
G01 X42.6505Y9.1618
G01 X42.5523Y9.2204
G01 X42.4610Y9.2883
G01 X42.3856Y9.3566
G01 X42.3766Y9.3656
G01 X42.3107Y9.4383
G01 X42.3026Y9.4482
G01 X42.2404Y9.5323
G01 X42.1866Y9.6218
G01 X42.1806Y9.6330
G01 X42.1373Y9.7245
G01 X42.0985Y9.8324
G01 X42.0723Y9.9367
G01 X42.0555Y10.0490
G01 X42.0500Y10.1600
G01 X42.0500Y12.2155
G01 X42.0413Y12.2353
G01 X42.0028Y12.3433
G01 X41.9742Y12.4572
G01 X41.9559Y12.5792
G01 X41.9500Y12.7000
G01 X41.9555Y12.8142
G01 X41.9567Y12.8269
G01 X41.9742Y12.9428
G01 X42.0013Y13.0509
G01 X42.0050Y13.0631
G01 X42.0449Y13.1738
G01 X42.0924Y13.2741
G01 X42.0984Y13.2854
G01 X42.1572Y13.3832
G01 X42.2253Y13.4753
G01 X42.2334Y13.4851
G01 X42.3103Y13.5697
G01 X42.3976Y13.6490
G01 X42.4914Y13.7190
G01 X42.5020Y13.7261
G01 X42.6033Y13.7864
G01 X42.7063Y13.8351
G01 X42.8169Y13.8750
G01 X42.8291Y13.8787
G01 X42.9372Y13.9058
G01 X43.0531Y13.9233
G01 X43.0658Y13.9245
G01 X43.1800Y13.9300
G01 X43.3008Y13.9241
G01 X43.4228Y13.9058
G01 X43.5309Y13.8787
G01 X43.5431Y13.8750
G01 X43.6538Y13.8351
G01 X43.7567Y13.7864
G01 X43.8580Y13.7261
G01 X43.8686Y13.7190
G01 X43.9624Y13.6490
G01 X44.0497Y13.5697
G01 X44.1266Y13.4851
G01 X44.1347Y13.4753
G01 X44.2028Y13.3832
G01 X44.2616Y13.2854
G01 X44.2676Y13.2741
G01 X44.3151Y13.1738
G01 X44.3500Y13.0772
G01 X44.3502Y13.1272
G01 X44.3538Y13.2007
G01 X44.3550Y13.2134
G01 X44.3675Y13.2954
G01 X44.3862Y13.3702
G01 X44.3899Y13.3824
G01 X44.4183Y13.4607
G01 X44.4523Y13.5325
G01 X44.4982Y13.6096
G01 X44.5458Y13.6741
G01 X44.5539Y13.6839
G01 X44.6077Y13.7431
G01 X47.5506Y16.6860
G01 X47.4638Y16.6449
G01 X47.3531Y16.6050
G01 X47.3409Y16.6013
G01 X47.2362Y16.5750
G01 X47.2237Y16.5725
G01 X47.1108Y16.5559
G01 X46.9964Y16.5502
G01 X46.9836Y16.5502
G01 X46.8692Y16.5559
G01 X46.7472Y16.5742
G01 X46.6333Y16.6028
G01 X46.5163Y16.6449
G01 X46.4133Y16.6936
G01 X46.3068Y16.7572
G01 X46.2076Y16.8310
G01 X46.1249Y16.9059
G01 X46.1159Y16.9149
G01 X46.0434Y16.9949
G01 X46.0353Y17.0047
G01 X45.9672Y17.0968
G01 X45.9084Y17.1946
G01 X45.9024Y17.2059
G01 X45.8549Y17.3063
G01 X45.8150Y17.4169
G01 X45.8113Y17.4291
G01 X45.7850Y17.5338
G01 X45.7825Y17.5463
G01 X45.7659Y17.6592
G01 X45.7600Y17.7800
G01 X45.7600Y23.3625
G01 X44.9525Y24.1700
G01 X44.4436Y24.1702
G01 X44.3292Y24.1759
G01 X44.2163Y24.1925
G01 X44.2038Y24.1950
G01 X44.0933Y24.2228
G01 X43.9763Y24.2649
G01 X43.8733Y24.3136
G01 X43.7720Y24.3739
G01 X43.7614Y24.3810
G01 X43.6676Y24.4510
G01 X43.5803Y24.5303
G01 X43.5010Y24.6176
G01 X43.4272Y24.7168
G01 X43.3636Y24.8233
G01 X43.3149Y24.9263
G01 X43.2728Y25.0433
G01 X43.2442Y25.1572
G01 X43.2259Y25.2792
G01 X43.2200Y25.4000
G01 X43.2259Y25.5208
G01 X43.2425Y25.6337
G01 X43.2450Y25.6462
G01 X43.2728Y25.7567
G01 X43.3113Y25.8647
G01 X43.3162Y25.8765
G01 X43.3624Y25.9741
G01 X43.3684Y25.9854
G01 X43.4272Y26.0832
G01 X43.5010Y26.1824
G01 X43.5803Y26.2697
G01 X43.6676Y26.3490
G01 X43.7668Y26.4228
G01 X43.8733Y26.4864
G01 X43.9763Y26.5351
G01 X44.0933Y26.5772
G01 X44.2038Y26.6050
G01 X44.2163Y26.6075
G01 X44.3292Y26.6241
G01 X44.4436Y26.6298
G01 X45.4684Y26.6298
G01 X45.5762Y26.6245
G01 X45.5889Y26.6233
G01 X45.7048Y26.6058
G01 X45.8129Y26.5787
G01 X45.8251Y26.5750
G01 X45.9358Y26.5351
G01 X46.0361Y26.4876
G01 X46.0474Y26.4816
G01 X46.1452Y26.4228
G01 X46.2373Y26.3547
G01 X46.2471Y26.3466
G01 X46.3317Y26.2697
G01 X47.8597Y24.7417
G01 X47.9390Y24.6544
G01 X48.0128Y24.5552
G01 X48.0764Y24.4487
G01 X48.1251Y24.3458
G01 X48.1672Y24.2287
G01 X48.1958Y24.1148
G01 X48.2141Y23.9928
G01 X48.2200Y23.8720
G01 X48.2200Y17.7800
G01 X48.2141Y17.6592
G01 X48.1975Y17.5463
G01 X48.1950Y17.5338
G01 X48.1687Y17.4291
G01 X48.1650Y17.4169
G01 X48.1251Y17.3063
G01 X48.0840Y17.2194
G01 X48.3397Y17.4751
G01 X48.3242Y17.5372
G01 X48.3067Y17.6531
G01 X48.3055Y17.6658
G01 X48.3000Y17.7800
G01 X48.3000Y19.0500
G01 X48.3059Y19.1708
G01 X48.3225Y19.2837
G01 X48.3250Y19.2962
G01 X48.3528Y19.4067
G01 X48.3949Y19.5237
G01 X48.4436Y19.6267
G01 X48.5039Y19.7280
G01 X48.5110Y19.7386
G01 X48.5753Y19.8253
G01 X48.5834Y19.8351
G01 X48.6603Y19.9197
G01 X48.7449Y19.9966
G01 X48.7547Y20.0047
G01 X48.8468Y20.0728
G01 X48.9446Y20.1316
G01 X48.9559Y20.1376
G01 X49.0563Y20.1851
G01 X49.1669Y20.2250
G01 X49.1791Y20.2287
G01 X49.2872Y20.2558
G01 X49.4031Y20.2733
G01 X49.4158Y20.2745
G01 X49.5300Y20.2800
G01 X49.6442Y20.2745
G01 X49.6569Y20.2733
G01 X49.7728Y20.2558
G01 X49.8809Y20.2287
G01 X49.8931Y20.2250
G01 X49.9947Y20.1887
G01 X50.0065Y20.1838
G01 X50.1067Y20.1364
G01 X50.2080Y20.0761
G01 X50.2186Y20.0690
G01 X50.3124Y19.9990
G01 X50.3951Y19.9241
G01 X50.4041Y19.9151
G01 X50.4790Y19.8324
G01 X50.5528Y19.7332
G01 X50.6116Y19.6354
G01 X50.6176Y19.6241
G01 X50.6651Y19.5237
G01 X50.7050Y19.4131
G01 X50.7087Y19.4009
G01 X50.7358Y19.2928
G01 X50.7541Y19.1708
G01 X50.7600Y19.0500
G01 X50.7600Y17.7800
G01 X50.7541Y17.6592
G01 X50.7375Y17.5463
G01 X50.7350Y17.5338
G01 X50.7072Y17.4233
G01 X50.6687Y17.3153
G01 X50.6638Y17.3035
G01 X50.6164Y17.2033
G01 X50.5528Y17.0968
G01 X50.4847Y17.0047
G01 X50.4766Y16.9949
G01 X50.3997Y16.9103
G01 X50.3124Y16.8310
G01 X50.2132Y16.7572
G01 X50.1154Y16.6984
G01 X50.1041Y16.6924
G01 X50.0065Y16.6462
G01 X49.9952Y16.6415
G01 X46.8581Y13.5045
G01 X46.8825Y13.5153
G01 X46.9583Y13.5422
G01 X47.0388Y13.5625
G01 X47.1269Y13.5757
G01 X47.2133Y13.5800
G01 X49.9413Y13.5800
G01 X50.0176Y13.6490
G01 X50.1168Y13.7228
G01 X50.2233Y13.7864
G01 X50.3263Y13.8351
G01 X50.4433Y13.8772
G01 X50.5572Y13.9058
G01 X50.6792Y13.9241
G01 X50.8000Y13.9300
G01 X50.9208Y13.9241
G01 X51.0428Y13.9058
G01 X51.1567Y13.8772
G01 X51.2647Y13.8387
G01 X51.2845Y13.8300
G01 X62.2364Y13.8298
G01 X62.3410Y13.8245
G01 X62.4533Y13.8077
G01 X62.5576Y13.7815
G01 X62.6565Y13.7463
G01 X62.6683Y13.7414
G01 X62.7570Y13.6994
G01 X62.7682Y13.6934
G01 X62.8577Y13.6396
G01 X62.9418Y13.5774
G01 X62.9517Y13.5693
G01 X63.0244Y13.5034
G01 X63.0334Y13.4944
G01 X63.1017Y13.4190
G01 X63.1696Y13.3277
G01 X63.2282Y13.2295
G01 X63.2714Y13.1383
G01 X63.2763Y13.1265
G01 X63.3115Y13.0276
G01 X63.3377Y12.9233
G01 X63.3538Y12.8171
G01 X63.3550Y12.8044
G01 X63.3600Y12.7000
G01 X63.3550Y12.5956
G01 X63.3538Y12.5829
G01 X63.3394Y12.4858
G01 X63.3369Y12.4733
G01 X63.3115Y12.3724
G01 X63.2727Y12.2645
G01 X63.2282Y12.1705
G01 X63.1696Y12.0723
G01 X63.1017Y11.9810
G01 X63.0290Y11.9010
G01 X62.9490Y11.8283
G01 X62.8630Y11.7641
G01 X62.8524Y11.7570
G01 X62.7595Y11.7018
G01 X62.6683Y11.6586
G01 X62.6565Y11.6537
G01 X62.5641Y11.6207
G01 X62.5519Y11.6170
G01 X62.4533Y11.5923
G01 X62.3410Y11.5755
G01 X62.2300Y11.5700
G01 X51.2845Y11.5700
G01 X51.2647Y11.5613
G01 X51.1567Y11.5228
G01 X51.0428Y11.4942
G01 X50.9208Y11.4759
G01 X50.8000Y11.4700
G01 X50.6792Y11.4759
G01 X50.5572Y11.4942
G01 X50.4433Y11.5228
G01 X50.3263Y11.5649
G01 X50.2233Y11.6136
G01 X50.1168Y11.6772
G01 X50.0176Y11.7510
G01 X49.9413Y11.8200
G01 X47.8100Y11.8200
G01 X47.8100Y8.1898
G01 X47.8058Y8.1034
G01 X47.7942Y8.0244
G01 X47.7917Y8.0119
G01 X47.7738Y7.9405
G01 X47.7701Y7.9283
G01 X47.7417Y7.8500
G01 X47.7090Y7.7807
G01 X47.7030Y7.7695
G01 X47.6651Y7.7063
G01 X47.6580Y7.6957
G01 X47.6085Y7.6294
G01 X47.5567Y7.5722
G01 X45.5701Y5.5854
G01 X45.5887Y5.5447
G01 X45.6250Y5.4431
G01 X45.6287Y5.4309
G01 X45.6558Y5.3228
G01 X45.6741Y5.2008
G01 X45.6800Y5.0800
G01 X45.6745Y4.9658
G01 X45.6733Y4.9531
G01 X45.6558Y4.8372
G01 X45.6272Y4.7233
G01 X45.5887Y4.6153
G01 X45.5838Y4.6035
G01 X45.5376Y4.5059
G01 X45.5316Y4.4946
G01 X45.4728Y4.3968
G01 X45.3990Y4.2976
G01 X45.3197Y4.2103
G01 X45.2351Y4.1334
G01 X45.2253Y4.1253
G01 X45.1386Y4.0610
G01 X45.1280Y4.0539
G01 X45.0267Y3.9936
G01 X44.9238Y3.9449
G01 X44.8131Y3.9050
G01 X44.8009Y3.9013
G01 X44.6928Y3.8742
G01 X44.5708Y3.8559
G01 X44.4500Y3.8500
G01 X44.3358Y3.8555
G01 X44.3231Y3.8567
G01 X44.2072Y3.8742
G01 X44.0933Y3.9028
G01 X43.9853Y3.9413
G01 X43.9735Y3.9462
G01 X43.8759Y3.9924
G01 X43.8646Y3.9984
G01 X43.7668Y4.0572
G01 X43.6747Y4.1253
G01 X43.6649Y4.1334
G01 X43.5803Y4.2103
G01 X43.5010Y4.2976
G01 X43.4310Y4.3914
G01 X43.4239Y4.4020
G01 X43.3636Y4.5033
G01 X43.3149Y4.6062
G01 X43.2750Y4.7169
G01 X43.2713Y4.7291
G01 X43.2450Y4.8338
G01 X43.2425Y4.8463
G01 X43.2267Y4.9531
G01 X43.2255Y4.9658
G01 X43.2200Y5.0800
G01 X43.2244Y5.1725
G01 X43.2202Y5.2536
G01 X43.2200Y5.3023
G01 X43.2117Y5.2802
G01 X43.1777Y5.2083
G01 X43.1372Y5.1400
G01 X43.1400Y5.0800
G01 X43.1345Y4.9658
G01 X43.1333Y4.9531
G01 X43.1158Y4.8372
G01 X43.0887Y4.7291
G01 X43.0850Y4.7169
G01 X43.0451Y4.6063
G01 X42.9964Y4.5033
G01 X42.9328Y4.3968
G01 X42.8647Y4.3047
G01 X42.8566Y4.2949
G01 X42.7797Y4.2103
G01 X42.6951Y4.1334
G01 X42.6853Y4.1253
G01 X42.5932Y4.0572
G01 X42.4867Y3.9936
G01 X42.3865Y3.9462
G01 X42.3747Y3.9413
G01 X42.2667Y3.9028
G01 X42.1562Y3.8750
G01 X42.1437Y3.8725
G01 X42.0308Y3.8559
G01 X41.9164Y3.8502
G01 X41.9036Y3.8502
G01 X41.7958Y3.8555
G01 X41.7831Y3.8567
G01 X41.6672Y3.8742
G01 X41.5591Y3.9013
G01 X41.5469Y3.9050
G01 X41.4363Y3.9449
G01 X41.3359Y3.9924
G01 X41.3246Y3.9984
G01 X41.2268Y4.0572
G01 X41.1347Y4.1253
G01 X41.1249Y4.1334
G01 X41.0403Y4.2103
G01 X40.9610Y4.2976
G01 X40.8910Y4.3914
G01 X40.8839Y4.4020
G01 X40.8236Y4.5033
G01 X40.7749Y4.6063
G01 X40.7350Y4.7169
G01 X40.7313Y4.7291
G01 X40.7042Y4.8372
G01 X40.6867Y4.9531
G01 X40.6855Y4.9658
G01 X40.6800Y5.0800
G01 X40.6859Y5.2008
G01 X40.7042Y5.3228
G01 X40.7313Y5.4309
G01 X40.7350Y5.4431
G01 X40.7749Y5.5537
G01 X40.8236Y5.6567
G01 X40.8839Y5.7580
G01 X40.8910Y5.7686
G01 X40.9610Y5.8624
G01 X41.0403Y5.9497
G01 X41.1249Y6.0266
G01 X41.1347Y6.0347
G01 X41.2268Y6.1028
G01 X41.3246Y6.1616
G01 X41.3359Y6.1676
G01 X41.4363Y6.2151
G01 X41.5411Y6.2530
G00 Z3.0000
G00 X40.5998Y5.0736
G01 Z-0.2000
G01 X40.5941Y4.9592
G01 X40.5758Y4.8372
G01 X40.5472Y4.7233
G01 X40.5051Y4.6062
G01 X40.4564Y4.5033
G01 X40.3928Y4.3968
G01 X40.3190Y4.2976
G01 X40.2441Y4.2149
G01 X40.2351Y4.2059
G01 X40.1551Y4.1334
G01 X40.1453Y4.1253
G01 X40.0532Y4.0572
G01 X39.9554Y3.9984
G01 X39.9441Y3.9924
G01 X39.8438Y3.9449
G01 X39.7267Y3.9028
G01 X39.6128Y3.8742
G01 X39.4908Y3.8559
G01 X39.3700Y3.8500
G01 X39.2492Y3.8559
G01 X39.1272Y3.8742
G01 X39.0133Y3.9028
G01 X38.8963Y3.9449
G01 X38.7933Y3.9936
G01 X38.6868Y4.0572
G01 X38.5947Y4.1253
G01 X38.5849Y4.1334
G01 X38.5003Y4.2103
G01 X38.4210Y4.2976
G01 X38.3472Y4.3968
G01 X38.2884Y4.4946
G01 X38.2824Y4.5059
G01 X38.2362Y4.6035
G01 X38.2313Y4.6153
G01 X38.1928Y4.7233
G01 X38.1650Y4.8338
G01 X38.1625Y4.8463
G01 X38.1459Y4.9592
G01 X38.1400Y5.0800
G01 X38.1400Y12.7000
G01 X38.1459Y12.8208
G01 X38.1642Y12.9428
G01 X38.1913Y13.0509
G01 X38.1950Y13.0631
G01 X38.2313Y13.1647
G01 X38.2362Y13.1765
G01 X38.2836Y13.2767
G01 X38.3472Y13.3832
G01 X38.4210Y13.4824
G01 X38.4959Y13.5651
G01 X38.5049Y13.5741
G01 X38.5849Y13.6466
G01 X38.5947Y13.6547
G01 X38.6868Y13.7228
G01 X38.7933Y13.7864
G01 X38.8963Y13.8351
G01 X39.0069Y13.8750
G01 X39.0191Y13.8787
G01 X39.1238Y13.9050
G01 X39.1363Y13.9075
G01 X39.2492Y13.9241
G01 X39.3700Y13.9300
G01 X39.4908Y13.9241
G01 X39.6128Y13.9058
G01 X39.7267Y13.8772
G01 X39.8438Y13.8351
G01 X39.9467Y13.7864
G01 X40.0532Y13.7228
G01 X40.1524Y13.6490
G01 X40.2397Y13.5697
G01 X40.3190Y13.4824
G01 X40.3928Y13.3832
G01 X40.4564Y13.2767
G01 X40.5051Y13.1738
G01 X40.5472Y13.0567
G01 X40.5750Y12.9462
G01 X40.5775Y12.9337
G01 X40.5941Y12.8208
G01 X40.6000Y12.7000
G01 X40.5998Y5.0736
G00 Z3.0000
G00 X40.5199Y5.0775
G01 Z-0.2000
G01 X40.5200Y12.7000
G01 X40.5145Y12.8128
G01 X40.4983Y12.9219
G01 X40.4705Y13.0337
G01 X40.4320Y13.1413
G01 X40.3848Y13.2409
G01 X40.3262Y13.3389
G01 X40.2583Y13.4304
G01 X40.1832Y13.5132
G01 X40.1004Y13.5883
G01 X40.0089Y13.6562
G01 X39.9109Y13.7148
G01 X39.8113Y13.7620
G01 X39.7037Y13.8005
G01 X39.5954Y13.8277
G01 X39.4828Y13.8445
G01 X39.3700Y13.8500
G01 X39.2572Y13.8445
G01 X39.1481Y13.8283
G01 X39.0338Y13.7997
G01 X38.9287Y13.7620
G01 X38.8291Y13.7148
G01 X38.7311Y13.6562
G01 X38.6424Y13.5905
G01 X38.5551Y13.5114
G01 X38.4817Y13.4304
G01 X38.4138Y13.3389
G01 X38.3552Y13.2409
G01 X38.3085Y13.1423
G01 X38.2689Y13.0315
G01 X38.2423Y12.9254
G01 X38.2255Y12.8128
G01 X38.2200Y12.7000
G01 X38.2200Y5.0800
G01 X38.2255Y4.9672
G01 X38.2417Y4.8581
G01 X38.2695Y4.7463
G01 X38.3067Y4.6422
G01 X38.3570Y4.5358
G01 X38.4138Y4.4411
G01 X38.4817Y4.3496
G01 X38.5568Y4.2668
G01 X38.6424Y4.1895
G01 X38.7311Y4.1238
G01 X38.8291Y4.0652
G01 X38.9287Y4.0180
G01 X39.0363Y3.9795
G01 X39.1446Y3.9523
G01 X39.2572Y3.9355
G01 X39.3700Y3.9300
G01 X39.4828Y3.9355
G01 X39.5954Y3.9523
G01 X39.7037Y3.9795
G01 X39.8113Y4.0180
G01 X39.9099Y4.0647
G01 X40.0089Y4.1238
G01 X40.0976Y4.1895
G01 X40.1849Y4.2686
G01 X40.2583Y4.3496
G01 X40.3262Y4.4411
G01 X40.3848Y4.5391
G01 X40.4320Y4.6387
G01 X40.4705Y4.7463
G01 X40.4977Y4.8546
G01 X40.5145Y4.9672
G01 X40.5199Y5.0775
G00 Z3.0000
G00 X40.7094Y4.5577
G01 Z-0.2000
G01 X40.6960Y4.5883
G01 X40.6596Y4.6899
G01 X40.6537Y4.7097
G01 X40.6400Y4.7642
G01 X40.6263Y4.7097
G01 X40.6204Y4.6899
G01 X40.5840Y4.5883
G01 X40.5782Y4.5738
G01 X40.5697Y4.5556
G01 X40.5889Y4.5594
G01 X40.6111Y4.5625
G01 X40.6443Y4.5642
G01 X40.6775Y4.5625
G01 X40.7094Y4.5577
G00 Z3.0000
G00 X38.1727Y4.5506
G01 Z-0.2000
G01 X38.1618Y4.5738
G01 X38.1560Y4.5883
G01 X38.1196Y4.6899
G01 X38.1137Y4.7097
G01 X38.1000Y4.7642
G01 X38.0863Y4.7097
G01 X38.0804Y4.6899
G01 X38.0440Y4.5883
G01 X38.0382Y4.5738
G01 X38.0273Y4.5506
G01 X38.0448Y4.5540
G01 X38.0669Y4.5570
G01 X38.1000Y4.5586
G01 X38.1331Y4.5570
G01 X38.1552Y4.5540
G01 X38.1727Y4.5506
G00 Z3.0000
G00 X38.0598Y5.0736
G01 Z-0.2000
G01 X38.0541Y4.9592
G01 X38.0358Y4.8372
G01 X38.0072Y4.7233
G01 X37.9651Y4.6063
G01 X37.9164Y4.5033
G01 X37.8528Y4.3968
G01 X37.7790Y4.2976
G01 X37.6997Y4.2103
G01 X37.6124Y4.1310
G01 X37.5132Y4.0572
G01 X37.4067Y3.9936
G01 X37.3038Y3.9449
G01 X37.1867Y3.9028
G01 X37.0728Y3.8742
G01 X36.9508Y3.8559
G01 X36.8364Y3.8502
G01 X36.8236Y3.8502
G01 X36.7092Y3.8559
G01 X36.5872Y3.8742
G01 X36.4733Y3.9028
G01 X36.3653Y3.9413
G01 X36.3535Y3.9462
G01 X36.2559Y3.9924
G01 X36.2446Y3.9984
G01 X36.1468Y4.0572
G01 X36.0547Y4.1253
G01 X36.0449Y4.1334
G01 X35.9603Y4.2103
G01 X35.8810Y4.2976
G01 X35.8072Y4.3968
G01 X35.7436Y4.5033
G01 X35.6949Y4.6063
G01 X35.6528Y4.7233
G01 X35.6242Y4.8372
G01 X35.6059Y4.9592
G01 X35.6000Y5.0800
G01 X35.6000Y15.2400
G01 X35.6059Y15.3608
G01 X35.6242Y15.4828
G01 X35.6528Y15.5967
G01 X35.6949Y15.7138
G01 X35.7424Y15.8141
G01 X35.7484Y15.8254
G01 X35.8039Y15.9180
G01 X35.8110Y15.9286
G01 X35.8810Y16.0224
G01 X35.9603Y16.1097
G01 X36.0476Y16.1890
G01 X36.1414Y16.2590
G01 X36.1520Y16.2661
G01 X36.2446Y16.3216
G01 X36.2559Y16.3276
G01 X36.3563Y16.3751
G01 X36.4733Y16.4172
G01 X36.5872Y16.4458
G01 X36.7092Y16.4641
G01 X36.8300Y16.4700
G01 X36.9508Y16.4641
G01 X37.0728Y16.4458
G01 X37.1867Y16.4172
G01 X37.3038Y16.3751
G01 X37.4067Y16.3264
G01 X37.5132Y16.2628
G01 X37.6124Y16.1890
G01 X37.6997Y16.1097
G01 X37.7790Y16.0224
G01 X37.8528Y15.9232
G01 X37.9164Y15.8167
G01 X37.9651Y15.7137
G01 X38.0072Y15.5967
G01 X38.0358Y15.4828
G01 X38.0541Y15.3608
G01 X38.0600Y15.2400
G01 X38.0598Y5.0736
G00 Z3.0000
G00 X37.9799Y5.0775
G01 Z-0.2000
G01 X37.9800Y15.2400
G01 X37.9745Y15.3528
G01 X37.9577Y15.4654
G01 X37.9305Y15.5737
G01 X37.8920Y15.6813
G01 X37.8448Y15.7809
G01 X37.7862Y15.8789
G01 X37.7183Y15.9704
G01 X37.6432Y16.0532
G01 X37.5604Y16.1283
G01 X37.4689Y16.1962
G01 X37.3709Y16.2548
G01 X37.2713Y16.3020
G01 X37.1637Y16.3405
G01 X37.0554Y16.3677
G01 X36.9428Y16.3845
G01 X36.8300Y16.3900
G01 X36.7172Y16.3845
G01 X36.6046Y16.3677
G01 X36.4963Y16.3405
G01 X36.3887Y16.3020
G01 X36.2901Y16.2553
G01 X36.1891Y16.1948
G01 X36.0996Y16.1283
G01 X36.0168Y16.0532
G01 X35.9417Y15.9704
G01 X35.8752Y15.8809
G01 X35.8147Y15.7799
G01 X35.7680Y15.6813
G01 X35.7295Y15.5737
G01 X35.7023Y15.4654
G01 X35.6855Y15.3528
G01 X35.6800Y15.2400
G01 X35.6800Y5.0800
G01 X35.6855Y4.9672
G01 X35.7023Y4.8546
G01 X35.7295Y4.7463
G01 X35.7680Y4.6387
G01 X35.8152Y4.5391
G01 X35.8738Y4.4411
G01 X35.9417Y4.3496
G01 X36.0168Y4.2668
G01 X36.0986Y4.1926
G01 X36.1911Y4.1238
G01 X36.2858Y4.0670
G01 X36.3922Y4.0167
G01 X36.4963Y3.9795
G01 X36.6046Y3.9523
G01 X36.7172Y3.9355
G01 X36.8325Y3.9301
G01 X36.9428Y3.9355
G01 X37.0554Y3.9523
G01 X37.1637Y3.9795
G01 X37.2713Y4.0180
G01 X37.3709Y4.0652
G01 X37.4689Y4.1238
G01 X37.5604Y4.1917
G01 X37.6432Y4.2668
G01 X37.7183Y4.3496
G01 X37.7862Y4.4411
G01 X37.8448Y4.5391
G01 X37.8920Y4.6387
G01 X37.9305Y4.7463
G01 X37.9577Y4.8546
G01 X37.9745Y4.9672
G01 X37.9799Y5.0775
G00 Z3.0000
G00 X35.6327Y4.5506
G01 Z-0.2000
G01 X35.6218Y4.5738
G01 X35.6160Y4.5883
G01 X35.5796Y4.6899
G01 X35.5737Y4.7097
G01 X35.5600Y4.7642
G01 X35.5463Y4.7097
G01 X35.5404Y4.6899
G01 X35.5040Y4.5883
G01 X35.4982Y4.5738
G01 X35.4873Y4.5506
G01 X35.5048Y4.5540
G01 X35.5269Y4.5570
G01 X35.5600Y4.5586
G01 X35.5931Y4.5570
G01 X35.6152Y4.5540
G01 X35.6327Y4.5506
G00 Z3.0000
G00 X35.5198Y5.0736
G01 Z-0.2000
G01 X35.5141Y4.9592
G01 X35.4958Y4.8372
G01 X35.4672Y4.7233
G01 X35.4251Y4.6062
G01 X35.3764Y4.5033
G01 X35.3128Y4.3968
G01 X35.2390Y4.2976
G01 X35.1597Y4.2103
G01 X35.0724Y4.1310
G01 X34.9732Y4.0572
G01 X34.8667Y3.9936
G01 X34.7638Y3.9449
G01 X34.6467Y3.9028
G01 X34.5328Y3.8742
G01 X34.4108Y3.8559
G01 X34.2964Y3.8502
G01 X34.2836Y3.8502
G01 X34.1692Y3.8559
G01 X34.0472Y3.8742
G01 X33.9333Y3.9028
G01 X33.8253Y3.9413
G01 X33.8135Y3.9462
G01 X33.7159Y3.9924
G01 X33.7046Y3.9984
G01 X33.6068Y4.0572
G01 X33.5147Y4.1253
G01 X33.5049Y4.1334
G01 X33.4203Y4.2103
G01 X33.3410Y4.2976
G01 X33.2672Y4.3968
G01 X33.2036Y4.5033
G01 X33.1549Y4.6063
G01 X33.1128Y4.7233
G01 X33.0842Y4.8372
G01 X33.0659Y4.9592
G01 X33.0600Y5.0800
G01 X33.0600Y19.0500
G01 X33.0655Y19.1642
G01 X33.0667Y19.1769
G01 X33.0842Y19.2928
G01 X33.1113Y19.4009
G01 X33.1150Y19.4131
G01 X33.1513Y19.5147
G01 X33.1562Y19.5265
G01 X33.2036Y19.6267
G01 X33.2672Y19.7332
G01 X33.3410Y19.8324
G01 X33.4203Y19.9197
G01 X33.5076Y19.9990
G01 X33.6014Y20.0690
G01 X33.6120Y20.0761
G01 X33.7046Y20.1316
G01 X33.7159Y20.1376
G01 X33.8163Y20.1851
G01 X33.9333Y20.2272
G01 X34.0472Y20.2558
G01 X34.1692Y20.2741
G01 X34.2900Y20.2800
G01 X34.4108Y20.2741
G01 X34.5328Y20.2558
G01 X34.6467Y20.2272
G01 X34.7638Y20.1851
G01 X34.8667Y20.1364
G01 X34.9732Y20.0728
G01 X35.0724Y19.9990
G01 X35.1597Y19.9197
G01 X35.2390Y19.8324
G01 X35.3128Y19.7332
G01 X35.3764Y19.6267
G01 X35.4251Y19.5237
G01 X35.4672Y19.4067
G01 X35.4958Y19.2928
G01 X35.5141Y19.1708
G01 X35.5200Y19.0500
G01 X35.5198Y5.0736
G00 Z3.0000
G00 X35.4399Y5.0775
G01 Z-0.2000
G01 X35.4400Y19.0500
G01 X35.4345Y19.1628
G01 X35.4177Y19.2754
G01 X35.3905Y19.3837
G01 X35.3520Y19.4913
G01 X35.3048Y19.5909
G01 X35.2462Y19.6889
G01 X35.1783Y19.7804
G01 X35.1032Y19.8632
G01 X35.0204Y19.9383
G01 X34.9289Y20.0062
G01 X34.8309Y20.0648
G01 X34.7313Y20.1120
G01 X34.6237Y20.1505
G01 X34.5154Y20.1777
G01 X34.4028Y20.1945
G01 X34.2900Y20.2000
G01 X34.1772Y20.1945
G01 X34.0646Y20.1777
G01 X33.9563Y20.1505
G01 X33.8487Y20.1120
G01 X33.7501Y20.0653
G01 X33.6491Y20.0048
G01 X33.5596Y19.9383
G01 X33.4768Y19.8632
G01 X33.4017Y19.7804
G01 X33.3338Y19.6889
G01 X33.2752Y19.5909
G01 X33.2285Y19.4923
G01 X33.1889Y19.3815
G01 X33.1623Y19.2754
G01 X33.1454Y19.1603
G01 X33.1400Y19.0500
G01 X33.1400Y5.0800
G01 X33.1455Y4.9672
G01 X33.1623Y4.8546
G01 X33.1895Y4.7463
G01 X33.2280Y4.6387
G01 X33.2752Y4.5391
G01 X33.3338Y4.4411
G01 X33.4017Y4.3496
G01 X33.4768Y4.2668
G01 X33.5586Y4.1926
G01 X33.6511Y4.1238
G01 X33.7458Y4.0670
G01 X33.8522Y4.0167
G01 X33.9563Y3.9795
G01 X34.0646Y3.9523
G01 X34.1772Y3.9355
G01 X34.2925Y3.9301
G01 X34.4028Y3.9355
G01 X34.5154Y3.9523
G01 X34.6237Y3.9795
G01 X34.7313Y4.0180
G01 X34.8309Y4.0652
G01 X34.9289Y4.1238
G01 X35.0204Y4.1917
G01 X35.1032Y4.2668
G01 X35.1783Y4.3496
G01 X35.2462Y4.4411
G01 X35.3048Y4.5391
G01 X35.3520Y4.6387
G01 X35.3905Y4.7463
G01 X35.4177Y4.8546
G01 X35.4345Y4.9672
G01 X35.4399Y5.0775
G00 Z3.0000
G00 X33.0927Y4.5506
G01 Z-0.2000
G01 X33.0818Y4.5738
G01 X33.0760Y4.5883
G01 X33.0396Y4.6899
G01 X33.0337Y4.7097
G01 X33.0200Y4.7642
G01 X33.0063Y4.7097
G01 X33.0004Y4.6899
G01 X32.9640Y4.5883
G01 X32.9582Y4.5738
G01 X32.9473Y4.5506
G01 X32.9648Y4.5540
G01 X32.9869Y4.5570
G01 X33.0200Y4.5586
G01 X33.0531Y4.5570
G01 X33.0752Y4.5540
G01 X33.0927Y4.5506
G00 Z3.0000
G00 X32.9798Y5.0736
G01 Z-0.2000
G01 X32.9741Y4.9592
G01 X32.9558Y4.8372
G01 X32.9272Y4.7233
G01 X32.8851Y4.6063
G01 X32.8364Y4.5033
G01 X32.7728Y4.3968
G01 X32.6990Y4.2976
G01 X32.6197Y4.2103
G01 X32.5324Y4.1310
G01 X32.4332Y4.0572
G01 X32.3267Y3.9936
G01 X32.2238Y3.9449
G01 X32.1067Y3.9028
G01 X31.9928Y3.8742
G01 X31.8708Y3.8559
G01 X31.7564Y3.8502
G01 X31.7436Y3.8502
G01 X31.6292Y3.8559
G01 X31.5072Y3.8742
G01 X31.3933Y3.9028
G01 X31.2853Y3.9413
G01 X31.2735Y3.9462
G01 X31.1759Y3.9924
G01 X31.1646Y3.9984
G01 X31.0668Y4.0572
G01 X30.9747Y4.1253
G01 X30.9649Y4.1334
G01 X30.8803Y4.2103
G01 X30.8010Y4.2976
G01 X30.7272Y4.3968
G01 X30.6636Y4.5033
G01 X30.6149Y4.6063
G01 X30.5728Y4.7233
G01 X30.5442Y4.8372
G01 X30.5259Y4.9592
G01 X30.5200Y5.0800
G01 X30.5200Y19.0500
G01 X30.5255Y19.1642
G01 X30.5267Y19.1769
G01 X30.5442Y19.2928
G01 X30.5713Y19.4009
G01 X30.5750Y19.4131
G01 X30.6113Y19.5147
G01 X30.6162Y19.5265
G01 X30.6636Y19.6267
G01 X30.7272Y19.7332
G01 X30.8010Y19.8324
G01 X30.8803Y19.9197
G01 X30.9676Y19.9990
G01 X31.0614Y20.0690
G01 X31.0720Y20.0761
G01 X31.1646Y20.1316
G01 X31.1759Y20.1376
G01 X31.2763Y20.1851
G01 X31.3933Y20.2272
G01 X31.5072Y20.2558
G01 X31.6292Y20.2741
G01 X31.7500Y20.2800
G01 X31.8708Y20.2741
G01 X31.9928Y20.2558
G01 X32.1067Y20.2272
G01 X32.2238Y20.1851
G01 X32.3267Y20.1364
G01 X32.4332Y20.0728
G01 X32.5324Y19.9990
G01 X32.6197Y19.9197
G01 X32.6990Y19.8324
G01 X32.7728Y19.7332
G01 X32.8364Y19.6267
G01 X32.8851Y19.5238
G01 X32.9272Y19.4067
G01 X32.9558Y19.2928
G01 X32.9741Y19.1708
G01 X32.9800Y19.0500
G01 X32.9798Y5.0736
G00 Z3.0000
G00 X32.8999Y5.0775
G01 Z-0.2000
G01 X32.9000Y19.0500
G01 X32.8945Y19.1628
G01 X32.8777Y19.2754
G01 X32.8505Y19.3837
G01 X32.8120Y19.4913
G01 X32.7648Y19.5909
G01 X32.7062Y19.6889
G01 X32.6383Y19.7804
G01 X32.5632Y19.8632
G01 X32.4804Y19.9383
G01 X32.3889Y20.0062
G01 X32.2909Y20.0648
G01 X32.1913Y20.1120
G01 X32.0837Y20.1505
G01 X31.9754Y20.1777
G01 X31.8628Y20.1945
G01 X31.7500Y20.2000
G01 X31.6372Y20.1945
G01 X31.5246Y20.1777
G01 X31.4163Y20.1505
G01 X31.3087Y20.1120
G01 X31.2101Y20.0653
G01 X31.1091Y20.0048
G01 X31.0196Y19.9383
G01 X30.9368Y19.8632
G01 X30.8617Y19.7804
G01 X30.7938Y19.6889
G01 X30.7352Y19.5909
G01 X30.6885Y19.4923
G01 X30.6489Y19.3815
G01 X30.6223Y19.2754
G01 X30.6054Y19.1603
G01 X30.6000Y19.0500
G01 X30.6000Y5.0800
G01 X30.6055Y4.9672
G01 X30.6223Y4.8546
G01 X30.6495Y4.7463
G01 X30.6880Y4.6387
G01 X30.7352Y4.5391
G01 X30.7938Y4.4411
G01 X30.8617Y4.3496
G01 X30.9368Y4.2668
G01 X31.0186Y4.1926
G01 X31.1111Y4.1238
G01 X31.2058Y4.0670
G01 X31.3122Y4.0167
G01 X31.4163Y3.9795
G01 X31.5246Y3.9523
G01 X31.6372Y3.9355
G01 X31.7525Y3.9301
G01 X31.8628Y3.9355
G01 X31.9754Y3.9523
G01 X32.0837Y3.9795
G01 X32.1913Y4.0180
G01 X32.2909Y4.0652
G01 X32.3889Y4.1238
G01 X32.4804Y4.1917
G01 X32.5632Y4.2668
G01 X32.6383Y4.3496
G01 X32.7062Y4.4411
G01 X32.7648Y4.5391
G01 X32.8120Y4.6387
G01 X32.8505Y4.7463
G01 X32.8777Y4.8546
G01 X32.8945Y4.9672
G01 X32.8999Y5.0775
G00 Z3.0000
G00 X30.5527Y4.5506
G01 Z-0.2000
G01 X30.5418Y4.5738
G01 X30.5360Y4.5883
G01 X30.4996Y4.6899
G01 X30.4937Y4.7097
G01 X30.4800Y4.7642
G01 X30.4663Y4.7097
G01 X30.4604Y4.6899
G01 X30.4240Y4.5883
G01 X30.4182Y4.5738
G01 X30.4073Y4.5506
G01 X30.4248Y4.5540
G01 X30.4469Y4.5570
G01 X30.4800Y4.5586
G01 X30.5131Y4.5570
G01 X30.5352Y4.5540
G01 X30.5527Y4.5506
G00 Z3.0000
G00 X30.4398Y5.0736
G01 Z-0.2000
G01 X30.4341Y4.9592
G01 X30.4158Y4.8372
G01 X30.3872Y4.7233
G01 X30.3451Y4.6063
G01 X30.2964Y4.5033
G01 X30.2328Y4.3968
G01 X30.1590Y4.2976
G01 X30.0797Y4.2103
G01 X29.9924Y4.1310
G01 X29.8932Y4.0572
G01 X29.7867Y3.9936
G01 X29.6838Y3.9449
G01 X29.5667Y3.9028
G01 X29.4528Y3.8742
G01 X29.3308Y3.8559
G01 X29.2164Y3.8502
G01 X29.2036Y3.8502
G01 X29.0892Y3.8559
G01 X28.9672Y3.8742
G01 X28.8533Y3.9028
G01 X28.7453Y3.9413
G01 X28.7335Y3.9462
G01 X28.6359Y3.9924
G01 X28.6246Y3.9984
G01 X28.5268Y4.0572
G01 X28.4347Y4.1253
G01 X28.4249Y4.1334
G01 X28.3403Y4.2103
G01 X28.2610Y4.2976
G01 X28.1872Y4.3968
G01 X28.1236Y4.5033
G01 X28.0749Y4.6063
G01 X28.0328Y4.7233
G01 X28.0042Y4.8372
G01 X27.9859Y4.9592
G01 X27.9800Y5.0800
G01 X27.9800Y19.0500
G01 X27.9855Y19.1642
G01 X27.9867Y19.1769
G01 X28.0042Y19.2928
G01 X28.0313Y19.4009
G01 X28.0350Y19.4131
G01 X28.0713Y19.5147
G01 X28.0762Y19.5265
G01 X28.1236Y19.6267
G01 X28.1872Y19.7332
G01 X28.2610Y19.8324
G01 X28.3403Y19.9197
G01 X28.4276Y19.9990
G01 X28.5214Y20.0690
G01 X28.5320Y20.0761
G01 X28.6246Y20.1316
G01 X28.6359Y20.1376
G01 X28.7363Y20.1851
G01 X28.8533Y20.2272
G01 X28.9672Y20.2558
G01 X29.0892Y20.2741
G01 X29.2100Y20.2800
G01 X29.3308Y20.2741
G01 X29.4528Y20.2558
G01 X29.5667Y20.2272
G01 X29.6838Y20.1851
G01 X29.7867Y20.1364
G01 X29.8932Y20.0728
G01 X29.9924Y19.9990
G01 X30.0797Y19.9197
G01 X30.1590Y19.8324
G01 X30.2328Y19.7332
G01 X30.2964Y19.6267
G01 X30.3451Y19.5238
G01 X30.3872Y19.4067
G01 X30.4158Y19.2928
G01 X30.4341Y19.1708
G01 X30.4400Y19.0500
G01 X30.4398Y5.0736
G00 Z3.0000
G00 X30.3599Y5.0775
G01 Z-0.2000
G01 X30.3600Y19.0500
G01 X30.3545Y19.1628
G01 X30.3377Y19.2754
G01 X30.3105Y19.3837
G01 X30.2720Y19.4913
G01 X30.2248Y19.5909
G01 X30.1662Y19.6889
G01 X30.0983Y19.7804
G01 X30.0232Y19.8632
G01 X29.9404Y19.9383
G01 X29.8489Y20.0062
G01 X29.7509Y20.0648
G01 X29.6513Y20.1120
G01 X29.5437Y20.1505
G01 X29.4354Y20.1777
G01 X29.3228Y20.1945
G01 X29.2100Y20.2000
G01 X29.0972Y20.1945
G01 X28.9846Y20.1777
G01 X28.8763Y20.1505
G01 X28.7687Y20.1120
G01 X28.6701Y20.0653
G01 X28.5691Y20.0048
G01 X28.4796Y19.9383
G01 X28.3968Y19.8632
G01 X28.3217Y19.7804
G01 X28.2538Y19.6889
G01 X28.1952Y19.5909
G01 X28.1485Y19.4923
G01 X28.1089Y19.3815
G01 X28.0823Y19.2754
G01 X28.0654Y19.1603
G01 X28.0600Y19.0500
G01 X28.0600Y5.0800
G01 X28.0655Y4.9672
G01 X28.0823Y4.8546
G01 X28.1095Y4.7463
G01 X28.1480Y4.6387
G01 X28.1952Y4.5391
G01 X28.2538Y4.4411
G01 X28.3217Y4.3496
G01 X28.3968Y4.2668
G01 X28.4786Y4.1926
G01 X28.5711Y4.1238
G01 X28.6658Y4.0670
G01 X28.7722Y4.0167
G01 X28.8763Y3.9795
G01 X28.9846Y3.9523
G01 X29.0972Y3.9355
G01 X29.2125Y3.9301
G01 X29.3228Y3.9355
G01 X29.4354Y3.9523
G01 X29.5437Y3.9795
G01 X29.6513Y4.0180
G01 X29.7509Y4.0652
G01 X29.8489Y4.1238
G01 X29.9404Y4.1917
G01 X30.0232Y4.2668
G01 X30.0983Y4.3496
G01 X30.1662Y4.4411
G01 X30.2248Y4.5391
G01 X30.2720Y4.6387
G01 X30.3105Y4.7463
G01 X30.3377Y4.8546
G01 X30.3545Y4.9672
G01 X30.3599Y5.0775
G00 Z3.0000
G00 X27.9000Y11.8170
G01 Z-0.2000
G01 X27.9000Y12.2530
G01 X27.8782Y12.1938
G01 X27.8300Y12.0917
G01 X27.8202Y12.0735
G01 X27.7593Y11.9724
G01 X27.7020Y11.8946
G01 X27.7281Y11.8923
G01 X27.7549Y11.8878
G01 X27.7816Y11.8809
G01 X27.8036Y11.8734
G01 X27.8337Y11.8603
G01 X27.8519Y11.8505
G01 X27.8709Y11.8388
G01 X27.9000Y11.8170
G00 Z3.0000
G00 X27.2328Y13.9700
G01 Z-0.2000
G01 X27.3182Y13.9295
G01 X27.3376Y13.9189
G01 X27.4302Y13.8634
G01 X27.4539Y13.8475
G01 X27.5406Y13.7832
G01 X27.5566Y13.7705
G01 X27.6426Y13.6927
G01 X27.6627Y13.6726
G01 X27.7405Y13.5866
G01 X27.7532Y13.5706
G01 X27.8200Y13.4804
G01 X27.8200Y14.4596
G01 X27.7532Y14.3694
G01 X27.7405Y14.3534
G01 X27.6627Y14.2674
G01 X27.6426Y14.2473
G01 X27.5566Y14.1695
G01 X27.5406Y14.1568
G01 X27.4539Y14.0925
G01 X27.4302Y14.0766
G01 X27.3376Y14.0211
G01 X27.3182Y14.0105
G01 X27.2328Y13.9700
G00 Z3.0000
G00 X26.9858Y13.9700
G01 Z-0.2000
G01 X27.0497Y13.9538
G01 X27.1617Y13.9140
G01 X27.1807Y13.9061
G01 X27.2825Y13.8579
G01 X27.2965Y13.8502
G01 X27.3976Y13.7893
G01 X27.4929Y13.7190
G01 X27.5089Y13.7059
G01 X27.5963Y13.6263
G01 X27.6759Y13.5389
G01 X27.6890Y13.5229
G01 X27.7593Y13.4276
G01 X27.8202Y13.3265
G01 X27.8279Y13.3125
G01 X27.8782Y13.2062
G01 X27.9000Y13.1470
G01 X27.9000Y14.7930
G01 X27.8782Y14.7338
G01 X27.8279Y14.6275
G01 X27.8202Y14.6135
G01 X27.7593Y14.5124
G01 X27.6890Y14.4171
G01 X27.6759Y14.4011
G01 X27.5963Y14.3137
G01 X27.5089Y14.2341
G01 X27.4929Y14.2210
G01 X27.3976Y14.1507
G01 X27.2965Y14.0898
G01 X27.2825Y14.0821
G01 X27.1807Y14.0339
G01 X27.1617Y14.0260
G01 X27.0497Y13.9862
G01 X26.9858Y13.9700
G00 Z3.0000
G00 X25.7870Y14.0100
G01 Z-0.2000
G01 X26.2230Y14.0100
G01 X26.1638Y14.0318
G01 X26.0617Y14.0800
G01 X26.0435Y14.0898
G01 X25.9424Y14.1507
G01 X25.8646Y14.2080
G01 X25.8623Y14.1819
G01 X25.8578Y14.1551
G01 X25.8509Y14.1284
G01 X25.8434Y14.1064
G01 X25.8303Y14.0763
G01 X25.8205Y14.0581
G01 X25.8088Y14.0391
G01 X25.7870Y14.0100
G00 Z3.0000
G00 X27.8199Y15.2375
G01 Z-0.2000
G01 X27.8200Y19.0500
G01 X27.8142Y19.1652
G01 X27.7977Y19.2754
G01 X27.7705Y19.3837
G01 X27.7320Y19.4913
G01 X27.6848Y19.5909
G01 X27.6262Y19.6889
G01 X27.5583Y19.7804
G01 X27.4832Y19.8632
G01 X27.4004Y19.9383
G01 X27.3089Y20.0062
G01 X27.2109Y20.0648
G01 X27.1113Y20.1120
G01 X27.0037Y20.1505
G01 X26.8954Y20.1777
G01 X26.7828Y20.1945
G01 X26.6700Y20.2000
G01 X26.5572Y20.1945
G01 X26.4446Y20.1777
G01 X26.3363Y20.1505
G01 X26.2277Y20.1115
G01 X26.1291Y20.0648
G01 X26.0311Y20.0062
G01 X25.9386Y19.9374
G01 X25.8568Y19.8632
G01 X25.7817Y19.7804
G01 X25.7125Y19.6868
G01 X25.6552Y19.5909
G01 X25.6080Y19.4913
G01 X25.5689Y19.3815
G01 X25.5423Y19.2754
G01 X25.5258Y19.1652
G01 X25.5200Y19.0500
G01 X25.5200Y15.2400
G01 X25.5258Y15.1248
G01 X25.5423Y15.0146
G01 X25.5695Y14.9063
G01 X25.6080Y14.7987
G01 X25.6547Y14.7001
G01 X25.7152Y14.5991
G01 X25.7817Y14.5096
G01 X25.8568Y14.4268
G01 X25.9396Y14.3517
G01 X26.0311Y14.2838
G01 X26.1291Y14.2252
G01 X26.2287Y14.1780
G01 X26.3363Y14.1395
G01 X26.4433Y14.1126
G01 X26.5572Y14.0955
G01 X26.6675Y14.0901
G01 X26.7852Y14.0958
G01 X26.8954Y14.1123
G01 X27.0037Y14.1395
G01 X27.1113Y14.1780
G01 X27.2109Y14.2252
G01 X27.3089Y14.2838
G01 X27.4004Y14.3517
G01 X27.4832Y14.4268
G01 X27.5574Y14.5086
G01 X27.6262Y14.6011
G01 X27.6830Y14.6958
G01 X27.7333Y14.8022
G01 X27.7705Y14.9063
G01 X27.7977Y15.0146
G01 X27.8145Y15.1272
G01 X27.8199Y15.2375
G00 Z3.0000
G00 X27.8998Y15.2336
G01 Z-0.2000
G01 X27.8941Y15.1192
G01 X27.8758Y14.9972
G01 X27.8472Y14.8833
G01 X27.8087Y14.7753
G01 X27.8038Y14.7635
G01 X27.7576Y14.6659
G01 X27.7516Y14.6546
G01 X27.6928Y14.5568
G01 X27.6247Y14.4647
G01 X27.6166Y14.4549
G01 X27.5397Y14.3703
G01 X27.4524Y14.2910
G01 X27.3532Y14.2172
G01 X27.2467Y14.1536
G01 X27.1438Y14.1049
G01 X27.0267Y14.0628
G01 X26.9128Y14.0342
G01 X26.7969Y14.0167
G01 X26.7842Y14.0155
G01 X26.6764Y14.0102
G01 X26.6636Y14.0102
G01 X26.5492Y14.0159
G01 X26.4363Y14.0325
G01 X26.4238Y14.0350
G01 X26.3133Y14.0628
G01 X26.1963Y14.1049
G01 X26.0933Y14.1536
G01 X25.9868Y14.2172
G01 X25.8876Y14.2910
G01 X25.8003Y14.3703
G01 X25.7210Y14.4576
G01 X25.6510Y14.5514
G01 X25.6439Y14.5620
G01 X25.5884Y14.6546
G01 X25.5824Y14.6659
G01 X25.5349Y14.7663
G01 X25.4928Y14.8833
G01 X25.4642Y14.9972
G01 X25.4467Y15.1131
G01 X25.4455Y15.1258
G01 X25.4400Y15.2400
G01 X25.4400Y19.0500
G01 X25.4459Y19.1708
G01 X25.4625Y19.2837
G01 X25.4650Y19.2962
G01 X25.4928Y19.4067
G01 X25.5313Y19.5147
G01 X25.5362Y19.5265
G01 X25.5836Y19.6267
G01 X25.6439Y19.7280
G01 X25.6510Y19.7386
G01 X25.7153Y19.8253
G01 X25.7234Y19.8351
G01 X25.8003Y19.9197
G01 X25.8849Y19.9966
G01 X25.8947Y20.0047
G01 X25.9868Y20.0728
G01 X26.0933Y20.1364
G01 X26.1935Y20.1838
G01 X26.2053Y20.1887
G01 X26.3133Y20.2272
G01 X26.4272Y20.2558
G01 X26.5492Y20.2741
G01 X26.6700Y20.2800
G01 X26.7908Y20.2741
G01 X26.9128Y20.2558
G01 X27.0267Y20.2272
G01 X27.1438Y20.1851
G01 X27.2467Y20.1364
G01 X27.3532Y20.0728
G01 X27.4524Y19.9990
G01 X27.5397Y19.9197
G01 X27.6190Y19.8324
G01 X27.6928Y19.7332
G01 X27.7564Y19.6267
G01 X27.8051Y19.5238
G01 X27.8472Y19.4067
G01 X27.8758Y19.2928
G01 X27.8933Y19.1769
G01 X27.8945Y19.1642
G01 X27.9000Y19.0500
G01 X27.8998Y15.2336
G00 Z3.0000
G00 X24.1275Y11.5501
G01 Z-0.2000
G01 X26.6725Y11.5501
G01 X26.7828Y11.5555
G01 X26.8954Y11.5723
G01 X27.0037Y11.5995
G01 X27.1113Y11.6380
G01 X27.2109Y11.6852
G01 X27.3089Y11.7438
G01 X27.4004Y11.8117
G01 X27.4832Y11.8868
G01 X27.5583Y11.9696
G01 X27.6262Y12.0611
G01 X27.6848Y12.1591
G01 X27.7320Y12.2587
G01 X27.7705Y12.3663
G01 X27.7977Y12.4746
G01 X27.8145Y12.5872
G01 X27.8200Y12.7000
G01 X27.8145Y12.8128
G01 X27.7977Y12.9254
G01 X27.7705Y13.0337
G01 X27.7320Y13.1413
G01 X27.6830Y13.2442
G01 X27.6262Y13.3389
G01 X27.5605Y13.4276
G01 X27.4832Y13.5132
G01 X27.4004Y13.5883
G01 X27.3068Y13.6575
G01 X27.2109Y13.7148
G01 X27.1123Y13.7615
G01 X27.0037Y13.8005
G01 X26.8919Y13.8283
G01 X26.7828Y13.8445
G01 X26.6700Y13.8500
G01 X24.1300Y13.8500
G01 X24.0172Y13.8445
G01 X23.9046Y13.8277
G01 X23.7963Y13.8005
G01 X23.6887Y13.7620
G01 X23.5891Y13.7148
G01 X23.4911Y13.6562
G01 X23.3996Y13.5883
G01 X23.3186Y13.5149
G01 X23.2395Y13.4276
G01 X23.1738Y13.3389
G01 X23.1152Y13.2409
G01 X23.0680Y13.1413
G01 X23.0295Y13.0337
G01 X23.0023Y12.9254
G01 X22.9858Y12.8152
G01 X22.9801Y12.6975
G01 X22.9855Y12.5872
G01 X23.0023Y12.4746
G01 X23.0295Y12.3663
G01 X23.0680Y12.2587
G01 X23.1152Y12.1591
G01 X23.1725Y12.0632
G01 X23.2426Y11.9686
G01 X23.3168Y11.8868
G01 X23.3996Y11.8117
G01 X23.4911Y11.7438
G01 X23.5858Y11.6870
G01 X23.6922Y11.6367
G01 X23.7963Y11.5995
G01 X23.9046Y11.5723
G01 X24.0172Y11.5555
G01 X24.1275Y11.5501
G00 Z3.0000
G00 X24.1236Y11.4702
G01 Z-0.2000
G01 X24.0092Y11.4759
G01 X23.8872Y11.4942
G01 X23.7733Y11.5228
G01 X23.6653Y11.5613
G01 X23.6535Y11.5662
G01 X23.5559Y11.6124
G01 X23.5446Y11.6184
G01 X23.4468Y11.6772
G01 X23.3476Y11.7510
G01 X23.2603Y11.8303
G01 X23.1834Y11.9149
G01 X23.1753Y11.9247
G01 X23.1110Y12.0114
G01 X23.1039Y12.0220
G01 X23.0436Y12.1233
G01 X22.9949Y12.2263
G01 X22.9528Y12.3433
G01 X22.9250Y12.4538
G01 X22.9225Y12.4663
G01 X22.9067Y12.5731
G01 X22.9055Y12.5858
G01 X22.9000Y12.7000
G01 X22.9059Y12.8208
G01 X22.9242Y12.9428
G01 X22.9513Y13.0509
G01 X22.9550Y13.0631
G01 X22.9913Y13.1647
G01 X22.9962Y13.1765
G01 X23.0436Y13.2767
G01 X23.1072Y13.3832
G01 X23.1810Y13.4824
G01 X23.2559Y13.5651
G01 X23.2649Y13.5741
G01 X23.3449Y13.6466
G01 X23.3547Y13.6547
G01 X23.4468Y13.7228
G01 X23.5533Y13.7864
G01 X23.6563Y13.8351
G01 X23.7669Y13.8750
G01 X23.7791Y13.8787
G01 X23.8872Y13.9058
G01 X24.0031Y13.9233
G01 X24.0158Y13.9245
G01 X24.1236Y13.9298
G01 X26.6700Y13.9300
G01 X26.7908Y13.9241
G01 X26.9037Y13.9075
G01 X26.9162Y13.9050
G01 X27.0267Y13.8772
G01 X27.1347Y13.8387
G01 X27.1465Y13.8338
G01 X27.2467Y13.7864
G01 X27.3532Y13.7228
G01 X27.4453Y13.6547
G01 X27.4551Y13.6466
G01 X27.5397Y13.5697
G01 X27.6166Y13.4851
G01 X27.6247Y13.4753
G01 X27.6928Y13.3832
G01 X27.7564Y13.2767
G01 X27.8051Y13.1737
G01 X27.8472Y13.0567
G01 X27.8758Y12.9428
G01 X27.8941Y12.8208
G01 X27.9000Y12.7000
G01 X27.8941Y12.5792
G01 X27.8758Y12.4572
G01 X27.8472Y12.3433
G01 X27.8051Y12.2263
G01 X27.7564Y12.1233
G01 X27.6928Y12.0168
G01 X27.6190Y11.9176
G01 X27.5397Y11.8303
G01 X27.4524Y11.7510
G01 X27.3532Y11.6772
G01 X27.2467Y11.6136
G01 X27.1438Y11.5649
G01 X27.0331Y11.5250
G01 X27.0209Y11.5213
G01 X26.9128Y11.4942
G01 X26.7969Y11.4767
G01 X26.7842Y11.4755
G01 X26.6764Y11.4702
G01 X24.1236Y11.4702
G00 Z3.0000
G00 X13.9700Y6.0342
G01 Z-0.2000
G01 X13.9563Y5.9797
G01 X13.9504Y5.9599
G01 X13.9140Y5.8583
G01 X13.9036Y5.8340
G01 X13.9369Y5.8391
G01 X13.9700Y5.8408
G01 X14.0031Y5.8391
G01 X14.0364Y5.8340
G01 X14.0260Y5.8583
G01 X13.9896Y5.9599
G01 X13.9837Y5.9797
G01 X13.9700Y6.0342
G00 Z3.0000
G00 X12.1327Y29.9161
G01 Z-0.2000
G01 X15.9443Y26.1043
G01 X16.0044Y26.0501
G01 X16.0656Y26.0048
G01 X16.1307Y25.9657
G01 X16.2027Y25.9314
G01 X16.2779Y25.9044
G01 X16.3528Y25.8856
G01 X16.4315Y25.8739
G01 X16.5100Y25.8700
G01 X16.9548Y25.8700
G01 X16.9686Y25.8551
G01 X17.0496Y25.7817
G01 X17.1411Y25.7138
G01 X17.2391Y25.6552
G01 X17.3422Y25.6067
G01 X17.4485Y25.5689
G01 X17.5546Y25.5423
G01 X17.6648Y25.5258
G01 X17.7800Y25.5200
G01 X17.8903Y25.5254
G01 X18.0054Y25.5423
G01 X18.1162Y25.5703
G01 X18.2213Y25.6080
G01 X18.3199Y25.6547
G01 X18.4189Y25.7138
G01 X18.5104Y25.7817
G01 X18.5949Y25.8586
G01 X18.6705Y25.9424
G01 X18.7362Y26.0311
G01 X18.7930Y26.1258
G01 X18.8433Y26.2322
G01 X18.8805Y26.3363
G01 X18.9083Y26.4481
G01 X18.9245Y26.5572
G01 X18.9300Y26.6700
G01 X18.9245Y26.7828
G01 X18.9077Y26.8954
G01 X18.8805Y27.0037
G01 X18.8433Y27.1078
G01 X18.7930Y27.2142
G01 X18.7362Y27.3089
G01 X18.6683Y27.4004
G01 X18.5932Y27.4832
G01 X18.5114Y27.5574
G01 X18.4189Y27.6262
G01 X18.3209Y27.6848
G01 X18.2213Y27.7320
G01 X18.1137Y27.7705
G01 X18.0054Y27.7977
G01 X17.8928Y27.8145
G01 X17.7800Y27.8200
G01 X17.6697Y27.8146
G01 X17.5533Y27.7974
G01 X17.4463Y27.7705
G01 X17.3387Y27.7320
G01 X17.2391Y27.6848
G01 X17.1411Y27.6262
G01 X17.0496Y27.5583
G01 X16.9686Y27.4849
G01 X16.9548Y27.4700
G01 X16.8414Y27.4700
G01 X13.5000Y30.8114
G01 X13.5000Y42.4040
G01 X13.4958Y42.4849
G01 X13.4844Y42.5612
G01 X13.4662Y42.6339
G01 X13.4386Y42.7113
G01 X13.4043Y42.7833
G01 X13.3652Y42.8484
G01 X13.3199Y42.9096
G01 X13.2657Y42.9697
G01 X7.8997Y48.3357
G01 X7.8423Y48.3877
G01 X7.7805Y48.4338
G01 X7.7099Y48.4762
G01 X7.6413Y48.5086
G01 X7.5686Y48.5348
G01 X7.4912Y48.5544
G01 X7.4592Y48.5593
G01 X7.4497Y48.5962
G01 X7.4120Y48.7013
G01 X7.3648Y48.8009
G01 X7.3062Y48.8989
G01 X7.2374Y48.9914
G01 X7.1632Y49.0732
G01 X7.0814Y49.1474
G01 X6.9889Y49.2162
G01 X6.8899Y49.2753
G01 X6.7913Y49.3220
G01 X6.6862Y49.3597
G01 X6.5754Y49.3877
G01 X6.4628Y49.4045
G01 X6.3475Y49.4099
G01 X6.2372Y49.4045
G01 X6.1281Y49.3883
G01 X6.0163Y49.3605
G01 X5.9087Y49.3220
G01 X5.8058Y49.2730
G01 X5.7111Y49.2162
G01 X5.6224Y49.1505
G01 X5.5368Y49.0732
G01 X5.4595Y48.9876
G01 X5.3938Y48.8989
G01 X5.3370Y48.8042
G01 X5.2880Y48.7013
G01 X5.2495Y48.5937
G01 X5.2217Y48.4819
G01 X5.2055Y48.3728
G01 X5.2001Y48.2625
G01 X5.2055Y48.1472
G01 X5.2223Y48.0346
G01 X5.2503Y47.9238
G01 X5.2880Y47.8187
G01 X5.3347Y47.7201
G01 X5.3938Y47.6211
G01 X5.4617Y47.5296
G01 X5.5386Y47.4451
G01 X5.6196Y47.3717
G01 X5.7091Y47.3052
G01 X5.8091Y47.2452
G01 X5.9122Y47.1967
G01 X6.0163Y47.1595
G01 X6.1281Y47.1317
G01 X6.2372Y47.1155
G01 X6.3475Y47.1101
G01 X6.3862Y47.1117
G01 X6.3976Y47.1035
G01 X6.4641Y47.0638
G01 X6.5327Y47.0314
G01 X6.6079Y47.0044
G01 X6.6828Y46.9856
G01 X6.7615Y46.9739
G01 X6.8375Y46.9701
G01 X7.0026Y46.9700
G01 X11.9000Y42.0726
G01 X11.9000Y30.4800
G01 X11.9039Y30.4015
G01 X11.9156Y30.3228
G01 X11.9344Y30.2479
G01 X11.9614Y30.1727
G01 X11.9938Y30.1041
G01 X12.0348Y30.0356
G01 X12.0823Y29.9717
G01 X12.1327Y29.9161
G00 Z3.0000
G00 X11.8800Y30.1623
G01 Z-0.2000
G01 X11.8800Y30.1403
G01 X11.8955Y30.1248
G01 X11.8883Y30.1402
G01 X11.8800Y30.1623
G00 Z3.0000
G00 X11.8045Y42.0550
G01 Z-0.2000
G01 X11.8117Y42.0396
G01 X11.8200Y42.0175
G01 X11.8200Y42.0395
G01 X11.8045Y42.0550
G00 Z3.0000
G00 X6.8722Y44.6963
G01 Z-0.2000
G01 X10.2000Y41.3685
G01 X10.2000Y29.7758
G01 X10.2039Y29.6973
G01 X10.2159Y29.6174
G01 X10.2344Y29.5438
G01 X10.2600Y29.4720
G01 X10.2938Y29.3999
G01 X10.3362Y29.3294
G01 X10.3823Y29.2675
G01 X10.4343Y29.2101
G01 X16.0801Y23.5643
G01 X16.1402Y23.5101
G01 X16.2014Y23.4648
G01 X16.2666Y23.4257
G01 X16.3374Y23.3919
G01 X16.4137Y23.3644
G01 X16.4887Y23.3456
G01 X16.5673Y23.3339
G01 X16.6434Y23.3301
G01 X16.9548Y23.3300
G01 X16.9686Y23.3151
G01 X17.0524Y23.2395
G01 X17.1411Y23.1738
G01 X17.2391Y23.1152
G01 X17.3387Y23.0680
G01 X17.4438Y23.0303
G01 X17.5581Y23.0017
G01 X17.6672Y22.9855
G01 X17.7800Y22.9800
G01 X17.8928Y22.9855
G01 X18.0019Y23.0017
G01 X18.1162Y23.0303
G01 X18.2213Y23.0680
G01 X18.3209Y23.1152
G01 X18.4189Y23.1738
G01 X18.5114Y23.2426
G01 X18.5932Y23.3168
G01 X18.6674Y23.3986
G01 X18.7348Y23.4891
G01 X18.7948Y23.5891
G01 X18.8420Y23.6887
G01 X18.8805Y23.7963
G01 X18.9083Y23.9081
G01 X18.9245Y24.0172
G01 X18.9299Y24.1275
G01 X18.9246Y24.2403
G01 X18.9077Y24.3554
G01 X18.8805Y24.4637
G01 X18.8420Y24.5713
G01 X18.7930Y24.6742
G01 X18.7362Y24.7689
G01 X18.6705Y24.8576
G01 X18.5949Y24.9414
G01 X18.5104Y25.0183
G01 X18.4189Y25.0862
G01 X18.3209Y25.1448
G01 X18.2213Y25.1920
G01 X18.1137Y25.2305
G01 X18.0054Y25.2577
G01 X17.8928Y25.2745
G01 X17.7800Y25.2800
G01 X17.6672Y25.2745
G01 X17.5546Y25.2577
G01 X17.4463Y25.2305
G01 X17.3387Y25.1920
G01 X17.2391Y25.1448
G01 X17.1411Y25.0862
G01 X17.0496Y25.0183
G01 X16.9655Y24.9417
G01 X11.8000Y30.1072
G01 X11.8000Y41.6998
G01 X11.7961Y41.7783
G01 X11.7841Y41.8583
G01 X11.7656Y41.9319
G01 X11.7400Y42.0037
G01 X11.7062Y42.0757
G01 X11.6638Y42.1463
G01 X11.6177Y42.2082
G01 X11.5657Y42.2655
G01 X7.5455Y46.2857
G01 X7.4854Y46.3399
G01 X7.4242Y46.3852
G01 X7.3557Y46.4262
G01 X7.2871Y46.4586
G01 X7.2144Y46.4848
G01 X7.2047Y46.4875
G01 X7.1632Y46.5332
G01 X7.0776Y46.6105
G01 X6.9889Y46.6762
G01 X6.8942Y46.7330
G01 X6.7878Y46.7833
G01 X6.6837Y46.8205
G01 X6.5754Y46.8477
G01 X6.4628Y46.8645
G01 X6.3525Y46.8699
G01 X6.2348Y46.8642
G01 X6.1246Y46.8477
G01 X6.0163Y46.8205
G01 X5.9087Y46.7820
G01 X5.8091Y46.7348
G01 X5.7111Y46.6762
G01 X5.6196Y46.6083
G01 X5.5368Y46.5332
G01 X5.4617Y46.4504
G01 X5.3938Y46.3589
G01 X5.3352Y46.2609
G01 X5.2880Y46.1613
G01 X5.2495Y46.0537
G01 X5.2223Y45.9454
G01 X5.2055Y45.8328
G01 X5.2000Y45.7200
G01 X5.2055Y45.6072
G01 X5.2223Y45.4946
G01 X5.2495Y45.3863
G01 X5.2880Y45.2787
G01 X5.3352Y45.1791
G01 X5.3938Y45.0811
G01 X5.4617Y44.9896
G01 X5.5368Y44.9068
G01 X5.6196Y44.8317
G01 X5.7111Y44.7638
G01 X5.8091Y44.7052
G01 X5.9087Y44.6580
G01 X6.0163Y44.6195
G01 X6.1246Y44.5923
G01 X6.2372Y44.5755
G01 X6.3500Y44.5700
G01 X6.4628Y44.5755
G01 X6.5754Y44.5923
G01 X6.6837Y44.6195
G01 X6.7913Y44.6580
G01 X6.8722Y44.6963
G00 Z3.0000
G00 X6.6671Y46.9072
G01 Z-0.2000
G01 X6.7131Y46.8950
G01 X6.8147Y46.8587
G01 X6.8265Y46.8538
G01 X6.9241Y46.8076
G01 X6.9354Y46.8016
G01 X7.0332Y46.7428
G01 X7.1253Y46.6747
G01 X7.1351Y46.6666
G01 X7.2151Y46.5941
G01 X7.2494Y46.5572
G01 X7.3106Y46.5353
G01 X7.3350Y46.5245
G01 X6.9695Y46.8900
G01 X6.8400Y46.8900
G01 X6.7601Y46.8938
G01 X6.7474Y46.8950
G01 X6.6671Y46.9072
G00 Z3.0000
G00 X6.3638Y47.0305
G01 Z-0.2000
G01 X6.3436Y47.0302
G01 X6.2292Y47.0359
G01 X6.1072Y47.0542
G01 X5.9933Y47.0828
G01 X5.8763Y47.1249
G01 X5.7733Y47.1736
G01 X5.6668Y47.2372
G01 X5.5676Y47.3110
G01 X5.4803Y47.3903
G01 X5.4010Y47.4776
G01 X5.3272Y47.5768
G01 X5.2636Y47.6833
G01 X5.2149Y47.7862
G01 X5.1728Y47.9033
G01 X5.1442Y48.0172
G01 X5.1259Y48.1392
G01 X5.1200Y48.2600
G01 X5.1259Y48.3808
G01 X5.1442Y48.5028
G01 X5.1728Y48.6167
G01 X5.2149Y48.7338
G01 X5.2636Y48.8367
G01 X5.3272Y48.9432
G01 X5.4010Y49.0424
G01 X5.4803Y49.1297
G01 X5.5676Y49.2090
G01 X5.6668Y49.2828
G01 X5.7733Y49.3464
G01 X5.8763Y49.3951
G01 X5.9933Y49.4372
G01 X6.1072Y49.4658
G01 X6.2292Y49.4841
G01 X6.3500Y49.4900
G01 X6.4708Y49.4841
G01 X6.5928Y49.4658
G01 X6.7067Y49.4372
G01 X6.8238Y49.3951
G01 X6.9267Y49.3464
G01 X7.0332Y49.2828
G01 X7.1324Y49.2090
G01 X7.2151Y49.1341
G01 X7.2241Y49.1251
G01 X7.2990Y49.0424
G01 X7.3690Y48.9486
G01 X7.3761Y48.9380
G01 X7.4316Y48.8454
G01 X7.4376Y48.8341
G01 X7.4851Y48.7338
G01 X7.5230Y48.6289
G01 X7.5891Y48.6122
G01 X7.6648Y48.5853
G01 X7.6766Y48.5804
G01 X7.7457Y48.5477
G01 X7.8175Y48.5051
G01 X7.8281Y48.4980
G01 X7.8944Y48.4485
G01 X7.9563Y48.3923
G01 X13.3223Y43.0263
G01 X13.3785Y42.9644
G01 X13.4280Y42.8981
G01 X13.4351Y42.8875
G01 X13.4777Y42.8157
G01 X13.5104Y42.7466
G01 X13.5153Y42.7348
G01 X13.5422Y42.6591
G01 X13.5617Y42.5819
G01 X13.5642Y42.5694
G01 X13.5757Y42.4904
G01 X13.5800Y42.4040
G01 X13.5800Y30.8445
G01 X16.8745Y27.5500
G01 X16.9213Y27.5500
G01 X16.9976Y27.6190
G01 X17.0914Y27.6890
G01 X17.1020Y27.6961
G01 X17.2033Y27.7564
G01 X17.3063Y27.8051
G01 X17.4169Y27.8450
G01 X17.4291Y27.8487
G01 X17.5372Y27.8758
G01 X17.6592Y27.8941
G01 X17.7800Y27.9000
G01 X17.9008Y27.8941
G01 X18.0228Y27.8758
G01 X18.1309Y27.8487
G01 X18.1431Y27.8450
G01 X18.2447Y27.8087
G01 X18.2565Y27.8038
G01 X18.3567Y27.7564
G01 X18.4580Y27.6961
G01 X18.4686Y27.6890
G01 X18.5624Y27.6190
G01 X18.6497Y27.5397
G01 X18.7290Y27.4524
G01 X18.7990Y27.3586
G01 X18.8061Y27.3480
G01 X18.8664Y27.2467
G01 X18.9138Y27.1465
G01 X18.9187Y27.1347
G01 X18.9550Y27.0331
G01 X18.9587Y27.0209
G01 X18.9858Y26.9128
G01 X19.0033Y26.7969
G01 X19.0045Y26.7842
G01 X19.0100Y26.6700
G01 X19.0041Y26.5492
G01 X18.9858Y26.4272
G01 X18.9587Y26.3191
G01 X18.9550Y26.3069
G01 X18.9151Y26.1962
G01 X18.8664Y26.0933
G01 X18.8028Y25.9868
G01 X18.7290Y25.8876
G01 X18.6497Y25.8003
G01 X18.5624Y25.7210
G01 X18.4632Y25.6472
G01 X18.3654Y25.5884
G01 X18.3541Y25.5824
G01 X18.2565Y25.5362
G01 X18.2447Y25.5313
G01 X18.1367Y25.4928
G01 X18.0228Y25.4642
G01 X17.9008Y25.4459
G01 X17.7864Y25.4402
G01 X17.7736Y25.4402
G01 X17.6658Y25.4455
G01 X17.6531Y25.4467
G01 X17.5372Y25.4642
G01 X17.4291Y25.4913
G01 X17.4169Y25.4950
G01 X17.3153Y25.5313
G01 X17.3035Y25.5362
G01 X17.2033Y25.5836
G01 X17.0968Y25.6472
G01 X16.9976Y25.7210
G01 X16.9213Y25.7900
G01 X16.5100Y25.7900
G01 X16.4236Y25.7943
G01 X16.3355Y25.8075
G01 X16.2607Y25.8262
G01 X16.2485Y25.8299
G01 X16.1792Y25.8547
G01 X16.1548Y25.8655
G01 X16.9680Y25.0523
G01 X17.0047Y25.0847
G01 X17.0968Y25.1528
G01 X17.1946Y25.2116
G01 X17.2059Y25.2176
G01 X17.3063Y25.2651
G01 X17.4233Y25.3072
G01 X17.5372Y25.3358
G01 X17.6592Y25.3541
G01 X17.7800Y25.3600
G01 X17.9008Y25.3541
G01 X18.0228Y25.3358
G01 X18.1367Y25.3072
G01 X18.2538Y25.2651
G01 X18.3567Y25.2164
G01 X18.4632Y25.1528
G01 X18.5624Y25.0790
G01 X18.6497Y24.9997
G01 X18.7266Y24.9151
G01 X18.7347Y24.9053
G01 X18.8028Y24.8132
G01 X18.8616Y24.7154
G01 X18.8676Y24.7041
G01 X18.9138Y24.6065
G01 X18.9187Y24.5947
G01 X18.9572Y24.4867
G01 X18.9850Y24.3762
G01 X18.9875Y24.3637
G01 X19.0041Y24.2508
G01 X19.0100Y24.1300
G01 X19.0041Y24.0092
G01 X18.9858Y23.8872
G01 X18.9572Y23.7733
G01 X18.9187Y23.6653
G01 X18.9138Y23.6535
G01 X18.8676Y23.5559
G01 X18.8616Y23.5446
G01 X18.8028Y23.4468
G01 X18.7347Y23.3547
G01 X18.7266Y23.3449
G01 X18.6497Y23.2603
G01 X18.5624Y23.1810
G01 X18.4632Y23.1072
G01 X18.3567Y23.0436
G01 X18.2538Y22.9949
G01 X18.1431Y22.9550
G01 X18.1309Y22.9513
G01 X18.0262Y22.9250
G01 X18.0137Y22.9225
G01 X17.9008Y22.9059
G01 X17.7800Y22.9000
G01 X17.6592Y22.9059
G01 X17.5463Y22.9225
G01 X17.5338Y22.9250
G01 X17.4291Y22.9513
G01 X17.4169Y22.9550
G01 X17.3063Y22.9949
G01 X17.2033Y23.0436
G01 X17.1020Y23.1039
G01 X17.0914Y23.1110
G01 X16.9976Y23.1810
G01 X16.9213Y23.2500
G01 X16.6394Y23.2502
G01 X16.5594Y23.2543
G01 X16.4713Y23.2675
G01 X16.3908Y23.2878
G01 X16.3150Y23.3147
G01 X16.3032Y23.3196
G01 X16.2367Y23.3510
G01 X16.2254Y23.3571
G01 X16.1570Y23.3982
G01 X16.0926Y23.4458
G01 X16.0827Y23.4539
G01 X16.0236Y23.5077
G01 X10.3777Y29.1536
G01 X10.3215Y29.2154
G01 X10.2720Y29.2817
G01 X10.2649Y29.2923
G01 X10.2223Y29.3641
G01 X10.1896Y29.4332
G01 X10.1847Y29.4450
G01 X10.1578Y29.5208
G01 X10.1383Y29.5979
G01 X10.1358Y29.6104
G01 X10.1242Y29.6894
G01 X10.1200Y29.7758
G01 X10.1200Y41.3353
G01 X6.8554Y44.5999
G01 X6.8147Y44.5813
G01 X6.7131Y44.5450
G01 X6.7009Y44.5413
G01 X6.5928Y44.5142
G01 X6.4769Y44.4967
G01 X6.4642Y44.4955
G01 X6.3500Y44.4900
G01 X6.2292Y44.4959
G01 X6.1072Y44.5142
G01 X5.9933Y44.5428
G01 X5.8763Y44.5849
G01 X5.7759Y44.6324
G01 X5.7646Y44.6384
G01 X5.6720Y44.6939
G01 X5.6614Y44.7010
G01 X5.5676Y44.7710
G01 X5.4803Y44.8503
G01 X5.4010Y44.9376
G01 X5.3272Y45.0368
G01 X5.2684Y45.1346
G01 X5.2624Y45.1459
G01 X5.2149Y45.2462
G01 X5.1750Y45.3569
G01 X5.1713Y45.3691
G01 X5.1442Y45.4772
G01 X5.1267Y45.5931
G01 X5.1255Y45.6058
G01 X5.1200Y45.7200
G01 X5.1255Y45.8342
G01 X5.1267Y45.8469
G01 X5.1442Y45.9628
G01 X5.1713Y46.0709
G01 X5.1750Y46.0831
G01 X5.2149Y46.1938
G01 X5.2636Y46.2967
G01 X5.3239Y46.3980
G01 X5.3310Y46.4086
G01 X5.4010Y46.5024
G01 X5.4803Y46.5897
G01 X5.5676Y46.6690
G01 X5.6614Y46.7390
G01 X5.6720Y46.7461
G01 X5.7646Y46.8016
G01 X5.7759Y46.8076
G01 X5.8763Y46.8551
G01 X5.9933Y46.8972
G01 X6.1072Y46.9258
G01 X6.2231Y46.9433
G01 X6.2358Y46.9445
G01 X6.3436Y46.9498
G01 X6.3564Y46.9498
G01 X6.4708Y46.9441
G01 X6.5912Y46.9261
G01 X6.5785Y46.9299
G01 X6.5092Y46.9547
G01 X6.4974Y46.9596
G01 X6.4283Y46.9923
G01 X6.3638Y47.0305
G00 Z3.0000
G00 X5.8340Y46.9236
G01 Z-0.2000
G01 X5.8583Y46.9340
G01 X5.9599Y46.9704
G01 X5.9797Y46.9763
G01 X6.0342Y46.9900
G01 X5.9797Y47.0037
G01 X5.9599Y47.0096
G01 X5.8583Y47.0460
G01 X5.8340Y47.0564
G01 X5.8391Y47.0231
G01 X5.8408Y46.9900
G01 X5.8391Y46.9569
G01 X5.8340Y46.9236
G00 Z3.0000
G00 X5.8340Y49.5964
G01 Z-0.2000
G01 X5.8391Y49.5631
G01 X5.8408Y49.5300
G01 X5.8391Y49.4969
G01 X5.8340Y49.4636
G01 X5.8583Y49.4740
G01 X5.9599Y49.5104
G01 X5.9797Y49.5163
G01 X6.0342Y49.5300
G01 X5.9797Y49.5437
G01 X5.9599Y49.5496
G01 X5.8583Y49.5860
G01 X5.8340Y49.5964
G00 Z3.0000
G00 X6.6658Y49.5300
G01 Z-0.2000
G01 X6.7203Y49.5163
G01 X6.7401Y49.5104
G01 X6.8417Y49.4740
G01 X6.8660Y49.4636
G01 X6.8609Y49.4969
G01 X6.8592Y49.5300
G01 X6.8609Y49.5631
G01 X6.8660Y49.5964
G01 X6.8417Y49.5860
G01 X6.7401Y49.5496
G01 X6.7203Y49.5437
G01 X6.6658Y49.5300
G00 Z3.0000
G00 X5.2001Y50.8025
G01 Z-0.2000
G01 X5.2055Y50.6872
G01 X5.2223Y50.5746
G01 X5.2495Y50.4663
G01 X5.2880Y50.3587
G01 X5.3352Y50.2591
G01 X5.3938Y50.1611
G01 X5.4617Y50.0696
G01 X5.5368Y49.9868
G01 X5.6196Y49.9117
G01 X5.7111Y49.8438
G01 X5.8091Y49.7852
G01 X5.9087Y49.7380
G01 X6.0163Y49.6995
G01 X6.1246Y49.6723
G01 X6.2372Y49.6555
G01 X6.3500Y49.6500
G01 X6.4628Y49.6555
G01 X6.5754Y49.6723
G01 X6.6837Y49.6995
G01 X6.7913Y49.7380
G01 X6.8909Y49.7852
G01 X6.9889Y49.8438
G01 X7.0804Y49.9117
G01 X7.1632Y49.9868
G01 X7.2383Y50.0696
G01 X7.3062Y50.1611
G01 X7.3648Y50.2591
G01 X7.4120Y50.3587
G01 X7.4505Y50.4663
G01 X7.4777Y50.5746
G01 X7.4945Y50.6872
G01 X7.5000Y50.8000
G01 X7.4945Y50.9128
G01 X7.4777Y51.0254
G01 X7.4505Y51.1337
G01 X7.4120Y51.2413
G01 X7.3648Y51.3409
G01 X7.3062Y51.4389
G01 X7.2383Y51.5304
G01 X7.1632Y51.6132
G01 X7.0804Y51.6883
G01 X6.9889Y51.7562
G01 X6.8909Y51.8148
G01 X6.7913Y51.8620
G01 X6.6837Y51.9005
G01 X6.5754Y51.9277
G01 X6.4628Y51.9445
G01 X6.3500Y51.9500
G01 X6.2372Y51.9445
G01 X6.1246Y51.9277
G01 X6.0163Y51.9005
G01 X5.9087Y51.8620
G01 X5.8091Y51.8148
G01 X5.7111Y51.7562
G01 X5.6196Y51.6883
G01 X5.5368Y51.6132
G01 X5.4617Y51.5304
G01 X5.3938Y51.4389
G01 X5.3352Y51.3409
G01 X5.2880Y51.2413
G01 X5.2495Y51.1337
G01 X5.2223Y51.0254
G01 X5.2055Y50.9128
G01 X5.2001Y50.8025
G00 Z3.0000
G00 X5.1202Y50.8064
G01 Z-0.2000
G01 X5.1259Y50.9208
G01 X5.1442Y51.0428
G01 X5.1728Y51.1567
G01 X5.2149Y51.2738
G01 X5.2636Y51.3767
G01 X5.3272Y51.4832
G01 X5.4010Y51.5824
G01 X5.4803Y51.6697
G01 X5.5676Y51.7490
G01 X5.6668Y51.8228
G01 X5.7733Y51.8864
G01 X5.8763Y51.9351
G01 X5.9933Y51.9772
G01 X6.1072Y52.0058
G01 X6.2292Y52.0241
G01 X6.3500Y52.0300
G01 X6.4708Y52.0241
G01 X6.5928Y52.0058
G01 X6.7067Y51.9772
G01 X6.8238Y51.9351
G01 X6.9267Y51.8864
G01 X7.0332Y51.8228
G01 X7.1324Y51.7490
G01 X7.2197Y51.6697
G01 X7.2990Y51.5824
G01 X7.3728Y51.4832
G01 X7.4364Y51.3767
G01 X7.4851Y51.2738
G01 X7.5272Y51.1567
G01 X7.5558Y51.0428
G01 X7.5741Y50.9208
G01 X7.5800Y50.8000
G01 X7.5741Y50.6792
G01 X7.5558Y50.5572
G01 X7.5272Y50.4433
G01 X7.4851Y50.3262
G01 X7.4364Y50.2233
G01 X7.3728Y50.1168
G01 X7.2990Y50.0176
G01 X7.2197Y49.9303
G01 X7.1324Y49.8510
G01 X7.0332Y49.7772
G01 X6.9267Y49.7136
G01 X6.8238Y49.6649
G01 X6.7067Y49.6228
G01 X6.5928Y49.5942
G01 X6.4708Y49.5759
G01 X6.3500Y49.5700
G01 X6.2292Y49.5759
G01 X6.1072Y49.5942
G01 X5.9933Y49.6228
G01 X5.8763Y49.6649
G01 X5.7733Y49.7136
G01 X5.6668Y49.7772
G01 X5.5676Y49.8510
G01 X5.4803Y49.9303
G01 X5.4010Y50.0176
G01 X5.3272Y50.1168
G01 X5.2636Y50.2233
G01 X5.2149Y50.3262
G01 X5.1728Y50.4433
G01 X5.1442Y50.5572
G01 X5.1259Y50.6792
G01 X5.1202Y50.7936
G01 X5.1202Y50.8064
G00 Z3.0000
G00 X5.6885Y55.5495
G01 Z-0.2000
G01 X5.6196Y55.4983
G01 X5.5368Y55.4232
G01 X5.4617Y55.3404
G01 X5.3952Y55.2509
G01 X5.3347Y55.1499
G01 X5.2880Y55.0513
G01 X5.2503Y54.9462
G01 X5.2217Y54.8319
G01 X5.2055Y54.7228
G01 X5.2000Y54.6100
G01 X5.2058Y54.4948
G01 X5.2223Y54.3846
G01 X5.2489Y54.2785
G01 X5.2885Y54.1677
G01 X5.3352Y54.0691
G01 X5.3938Y53.9711
G01 X5.4626Y53.8786
G01 X5.5368Y53.7968
G01 X5.6196Y53.7217
G01 X5.7132Y53.6525
G01 X5.8091Y53.5952
G01 X5.9087Y53.5480
G01 X6.0185Y53.5089
G01 X6.1246Y53.4823
G01 X6.2372Y53.4655
G01 X6.3500Y53.4600
G01 X6.4603Y53.4654
G01 X6.5767Y53.4826
G01 X6.6837Y53.5095
G01 X6.7913Y53.5480
G01 X6.8909Y53.5952
G01 X6.9889Y53.6538
G01 X7.0804Y53.7217
G01 X7.1632Y53.7968
G01 X7.2383Y53.8796
G01 X7.3048Y53.9691
G01 X7.3648Y54.0691
G01 X7.4120Y54.1687
G01 X7.4497Y54.2738
G01 X7.4565Y54.3000
G01 X20.4095Y54.3000
G01 X21.4452Y53.2643
G01 X21.5015Y53.2132
G01 X21.5664Y53.1648
G01 X21.6350Y53.1238
G01 X21.7035Y53.0914
G01 X21.7763Y53.0652
G01 X21.8572Y53.0449
G01 X21.9324Y53.0338
G01 X22.0109Y53.0300
G01 X25.5635Y53.0300
G01 X25.5703Y53.0038
G01 X25.6080Y52.8987
G01 X25.6552Y52.7991
G01 X25.7138Y52.7011
G01 X25.7817Y52.6096
G01 X25.8551Y52.5286
G01 X25.9424Y52.4495
G01 X26.0311Y52.3838
G01 X26.1291Y52.3252
G01 X26.2287Y52.2780
G01 X26.3338Y52.2403
G01 X26.4481Y52.2117
G01 X26.5572Y52.1955
G01 X26.6700Y52.1900
G01 X26.7828Y52.1955
G01 X26.8954Y52.2123
G01 X27.0037Y52.2395
G01 X27.1078Y52.2767
G01 X27.2142Y52.3270
G01 X27.3089Y52.3838
G01 X27.4014Y52.4526
G01 X27.4832Y52.5268
G01 X27.5583Y52.6096
G01 X27.6262Y52.7011
G01 X27.6848Y52.7991
G01 X27.7320Y52.8987
G01 X27.7705Y53.0063
G01 X27.7977Y53.1146
G01 X27.8145Y53.2272
G01 X27.8200Y53.3400
G01 X27.8146Y53.4503
G01 X27.7974Y53.5667
G01 X27.7705Y53.6737
G01 X27.7320Y53.7813
G01 X27.6848Y53.8809
G01 X27.6275Y53.9768
G01 X27.5574Y54.0714
G01 X27.4832Y54.1532
G01 X27.4004Y54.2283
G01 X27.3089Y54.2962
G01 X27.2142Y54.3530
G01 X27.1078Y54.4033
G01 X27.0037Y54.4405
G01 X26.8919Y54.4683
G01 X26.7828Y54.4845
G01 X26.6725Y54.4899
G01 X26.6338Y54.4883
G01 X26.6224Y54.4965
G01 X26.5549Y54.5366
G01 X26.4873Y54.5686
G01 X26.4121Y54.5956
G01 X26.3337Y54.6150
G01 X26.2585Y54.6261
G01 X26.1825Y54.6299
G01 X22.3422Y54.6300
G01 X21.3065Y55.6657
G01 X21.2492Y55.7177
G01 X21.1832Y55.7665
G01 X21.1168Y55.8062
G01 X21.0482Y55.8386
G01 X20.9707Y55.8662
G01 X20.8980Y55.8844
G01 X20.8193Y55.8961
G01 X20.7409Y55.9000
G01 X6.3500Y55.9000
G01 X6.2715Y55.8961
G01 X6.1915Y55.8841
G01 X6.1179Y55.8656
G01 X6.0461Y55.8400
G01 X5.9741Y55.8062
G01 X5.9056Y55.7652
G01 X5.8406Y55.7168
G01 X5.7826Y55.6639
G01 X5.7323Y55.6083
G01 X5.6885Y55.5495
G00 Z3.0000
G00 X5.6313Y55.6067
G01 Z-0.2000
G01 X5.6715Y55.6604
G01 X5.7277Y55.7223
G01 X5.7896Y55.7785
G01 X5.8559Y55.8280
G01 X5.8665Y55.8351
G01 X5.9383Y55.8777
G01 X6.0074Y55.9104
G01 X6.0192Y55.9153
G01 X6.0885Y55.9401
G01 X6.1047Y55.9448
G01 X5.9933Y55.9728
G01 X5.8763Y56.0149
G01 X5.7733Y56.0636
G01 X5.6668Y56.1272
G01 X5.5676Y56.2010
G01 X5.4803Y56.2803
G01 X5.4010Y56.3676
G01 X5.3272Y56.4668
G01 X5.2636Y56.5733
G01 X5.2149Y56.6762
G01 X5.1728Y56.7933
G01 X5.1442Y56.9072
G01 X5.1259Y57.0292
G01 X5.1200Y57.1500
G01 X5.1259Y57.2708
G01 X5.1442Y57.3928
G01 X5.1713Y57.5009
G01 X5.1750Y57.5131
G01 X5.2149Y57.6238
G01 X5.2636Y57.7267
G01 X5.3272Y57.8332
G01 X5.3953Y57.9253
G01 X5.4034Y57.9351
G01 X5.4759Y58.0151
G01 X5.4849Y58.0241
G01 X5.5676Y58.0990
G01 X5.6668Y58.1728
G01 X5.7733Y58.2364
G01 X5.8735Y58.2838
G01 X5.8853Y58.2887
G01 X5.9869Y58.3250
G01 X5.9991Y58.3287
G01 X6.1072Y58.3558
G01 X6.2231Y58.3733
G01 X6.2358Y58.3745
G01 X6.3500Y58.3800
G01 X6.4642Y58.3745
G01 X6.4769Y58.3733
G01 X6.5928Y58.3558
G01 X6.7009Y58.3287
G01 X6.7131Y58.3250
G01 X6.8147Y58.2887
G01 X6.8265Y58.2838
G01 X6.9267Y58.2364
G01 X7.0332Y58.1728
G01 X7.1324Y58.0990
G01 X7.2197Y58.0197
G01 X7.2470Y57.9899
G01 X7.3248Y57.9617
G01 X7.3941Y57.9290
G01 X7.4054Y57.9229
G01 X7.4738Y57.8818
G01 X7.5382Y57.8342
G01 X7.5481Y57.8261
G01 X7.6073Y57.7723
G01 X7.6995Y57.6800
G01 X20.3815Y57.6800
G01 X21.2537Y58.5523
G01 X21.3156Y58.6085
G01 X21.3819Y58.6580
G01 X21.3925Y58.6651
G01 X21.4556Y58.7029
G01 X21.4669Y58.7090
G01 X21.5362Y58.7417
G01 X21.6145Y58.7701
G01 X21.6267Y58.7738
G01 X21.7015Y58.7925
G01 X21.7896Y58.8057
G01 X21.8760Y58.8100
G01 X21.9800Y58.8100
G01 X21.9800Y62.6413
G01 X21.9110Y62.7176
G01 X21.8372Y62.8168
G01 X21.7736Y62.9233
G01 X21.7249Y63.0262
G01 X21.6828Y63.1433
G01 X21.6542Y63.2572
G01 X21.6359Y63.3792
G01 X21.6300Y63.5000
G01 X21.6359Y63.6208
G01 X21.6542Y63.7428
G01 X21.6828Y63.8567
G01 X21.7213Y63.9647
G01 X21.7262Y63.9765
G01 X21.7724Y64.0741
G01 X21.7784Y64.0854
G01 X21.8372Y64.1832
G01 X21.9053Y64.2753
G01 X21.9134Y64.2851
G01 X21.9903Y64.3697
G01 X22.0776Y64.4490
G01 X22.1768Y64.5228
G01 X22.2746Y64.5816
G01 X22.2859Y64.5876
G01 X22.3835Y64.6338
G01 X22.3953Y64.6387
G01 X22.5033Y64.6772
G01 X22.6172Y64.7058
G01 X22.7392Y64.7241
G01 X22.8600Y64.7300
G01 X22.9808Y64.7241
G01 X23.1028Y64.7058
G01 X23.2167Y64.6772
G01 X23.3338Y64.6351
G01 X23.4367Y64.5864
G01 X23.5432Y64.5228
G01 X23.6424Y64.4490
G01 X23.7187Y64.3800
G01 X25.8113Y64.3800
G01 X25.8876Y64.4490
G01 X25.9814Y64.5190
G01 X25.9920Y64.5261
G01 X26.0846Y64.5816
G01 X26.0959Y64.5876
G01 X26.1963Y64.6351
G01 X26.3069Y64.6750
G01 X26.3191Y64.6787
G01 X26.4272Y64.7058
G01 X26.5492Y64.7241
G01 X26.6700Y64.7300
G01 X26.7908Y64.7241
G01 X26.9128Y64.7058
G01 X27.0209Y64.6787
G01 X27.0331Y64.6750
G01 X27.1438Y64.6351
G01 X27.2441Y64.5876
G01 X27.2554Y64.5816
G01 X27.3532Y64.5228
G01 X27.4453Y64.4547
G01 X27.4551Y64.4466
G01 X27.5397Y64.3697
G01 X27.6166Y64.2851
G01 X27.6247Y64.2753
G01 X27.6928Y64.1832
G01 X27.7516Y64.0854
G01 X27.7576Y64.0741
G01 X27.8038Y63.9765
G01 X27.8087Y63.9647
G01 X27.8472Y63.8567
G01 X27.8758Y63.7428
G01 X27.8941Y63.6208
G01 X27.9000Y63.5000
G01 X27.8941Y63.3792
G01 X27.8758Y63.2572
G01 X27.8472Y63.1433
G01 X27.8087Y63.0353
G01 X27.8038Y63.0235
G01 X27.7576Y62.9259
G01 X27.7516Y62.9146
G01 X27.6928Y62.8168
G01 X27.6247Y62.7247
G01 X27.6166Y62.7149
G01 X27.5397Y62.6303
G01 X27.4551Y62.5534
G01 X27.4453Y62.5453
G01 X27.3532Y62.4772
G01 X27.2467Y62.4136
G01 X27.1438Y62.3649
G01 X27.0331Y62.3250
G01 X27.0209Y62.3213
G01 X26.9162Y62.2950
G01 X26.9037Y62.2925
G01 X26.7908Y62.2759
G01 X26.6764Y62.2702
G01 X26.6636Y62.2702
G01 X26.5492Y62.2759
G01 X26.4363Y62.2925
G01 X26.4238Y62.2950
G01 X26.3133Y62.3228
G01 X26.2053Y62.3613
G01 X26.1935Y62.3662
G01 X26.0933Y62.4136
G01 X25.9920Y62.4739
G01 X25.9814Y62.4810
G01 X25.8876Y62.5510
G01 X25.8113Y62.6200
G01 X23.7400Y62.6200
G01 X23.7400Y57.9300
G01 X23.7357Y57.8436
G01 X23.7225Y57.7555
G01 X23.7038Y57.6807
G01 X23.7001Y57.6685
G01 X23.6717Y57.5902
G01 X23.6390Y57.5209
G01 X23.6329Y57.5096
G01 X23.5918Y57.4412
G01 X23.5442Y57.3768
G01 X23.5361Y57.3669
G01 X23.4867Y57.3124
G01 X23.4776Y57.3033
G01 X23.4204Y57.2515
G01 X23.3541Y57.2020
G01 X23.3435Y57.1949
G01 X23.2717Y57.1523
G01 X23.1998Y57.1183
G01 X23.1777Y57.1100
G01 X26.6700Y57.1100
G01 X26.7908Y57.1041
G01 X26.9128Y57.0858
G01 X27.0267Y57.0572
G01 X27.1438Y57.0151
G01 X27.2467Y56.9664
G01 X27.3532Y56.9028
G01 X27.4524Y56.8290
G01 X27.5397Y56.7497
G01 X27.6190Y56.6624
G01 X27.6890Y56.5686
G01 X27.6961Y56.5580
G01 X27.7564Y56.4567
G01 X27.8051Y56.3538
G01 X27.8450Y56.2431
G01 X27.8487Y56.2309
G01 X27.8758Y56.1228
G01 X27.8941Y56.0008
G01 X27.9000Y55.8800
G01 X27.8945Y55.7658
G01 X27.8933Y55.7531
G01 X27.8758Y55.6372
G01 X27.8472Y55.5233
G01 X27.8087Y55.4153
G01 X27.8038Y55.4035
G01 X27.7576Y55.3059
G01 X27.7516Y55.2946
G01 X27.6928Y55.1968
G01 X27.6247Y55.1047
G01 X27.6166Y55.0949
G01 X27.5397Y55.0103
G01 X27.4524Y54.9310
G01 X27.3586Y54.8610
G01 X27.3480Y54.8539
G01 X27.2467Y54.7936
G01 X27.1438Y54.7449
G01 X27.0331Y54.7050
G01 X27.0209Y54.7013
G01 X26.9128Y54.6742
G01 X26.7969Y54.6567
G01 X26.7842Y54.6555
G01 X26.6700Y54.6500
G01 X26.4977Y54.6500
G01 X26.5198Y54.6417
G01 X26.5917Y54.6077
G01 X26.6562Y54.5695
G01 X26.6764Y54.5698
G01 X26.7842Y54.5645
G01 X26.7969Y54.5633
G01 X26.9128Y54.5458
G01 X27.0209Y54.5187
G01 X27.0331Y54.5150
G01 X27.1438Y54.4751
G01 X27.2441Y54.4276
G01 X27.2554Y54.4216
G01 X27.3480Y54.3661
G01 X27.3586Y54.3590
G01 X27.4524Y54.2890
G01 X27.5397Y54.2097
G01 X27.6190Y54.1224
G01 X27.6890Y54.0286
G01 X27.6961Y54.0180
G01 X27.7564Y53.9167
G01 X27.8038Y53.8165
G01 X27.8087Y53.8047
G01 X27.8450Y53.7031
G01 X27.8487Y53.6909
G01 X27.8758Y53.5828
G01 X27.8941Y53.4608
G01 X27.9000Y53.3400
G01 X27.8941Y53.2192
G01 X27.8758Y53.0972
G01 X27.8472Y52.9833
G01 X27.8051Y52.8662
G01 X27.7576Y52.7659
G01 X27.7516Y52.7546
G01 X27.6928Y52.6568
G01 X27.6190Y52.5576
G01 X27.5397Y52.4703
G01 X27.4551Y52.3934
G01 X27.4453Y52.3853
G01 X27.3532Y52.3172
G01 X27.2554Y52.2584
G01 X27.2441Y52.2524
G01 X27.1465Y52.2062
G01 X27.1347Y52.2013
G01 X27.0267Y52.1628
G01 X26.9128Y52.1342
G01 X26.7908Y52.1159
G01 X26.6700Y52.1100
G01 X26.5492Y52.1159
G01 X26.4272Y52.1342
G01 X26.3133Y52.1628
G01 X26.2053Y52.2013
G01 X26.1935Y52.2062
G01 X26.0933Y52.2536
G01 X25.9868Y52.3172
G01 X25.8876Y52.3910
G01 X25.8049Y52.4659
G01 X25.7959Y52.4749
G01 X25.7210Y52.5576
G01 X25.6510Y52.6514
G01 X25.6439Y52.6620
G01 X25.5884Y52.7546
G01 X25.5824Y52.7659
G01 X25.5349Y52.8662
G01 X25.5046Y52.9500
G01 X22.0109Y52.9500
G01 X21.9310Y52.9538
G01 X21.9183Y52.9550
G01 X21.8363Y52.9675
G01 X21.7558Y52.9878
G01 X21.6710Y53.0183
G01 X21.5992Y53.0523
G01 X21.5221Y53.0982
G01 X21.4576Y53.1458
G01 X21.4478Y53.1539
G01 X21.3886Y53.2077
G01 X20.3763Y54.2200
G01 X7.5154Y54.2200
G01 X7.4851Y54.1362
G01 X7.4376Y54.0359
G01 X7.4316Y54.0246
G01 X7.3728Y53.9268
G01 X7.2990Y53.8276
G01 X7.2197Y53.7403
G01 X7.1324Y53.6610
G01 X7.0332Y53.5872
G01 X6.9354Y53.5284
G01 X6.9241Y53.5224
G01 X6.8265Y53.4762
G01 X6.8147Y53.4713
G01 X6.7067Y53.4328
G01 X6.5962Y53.4050
G01 X6.5837Y53.4025
G01 X6.4708Y53.3859
G01 X6.3500Y53.3800
G01 X6.2292Y53.3859
G01 X6.1163Y53.4025
G01 X6.1038Y53.4050
G01 X5.9991Y53.4313
G01 X5.9869Y53.4350
G01 X5.8763Y53.4749
G01 X5.7733Y53.5236
G01 X5.6720Y53.5839
G01 X5.6614Y53.5910
G01 X5.5676Y53.6610
G01 X5.4803Y53.7403
G01 X5.4010Y53.8276
G01 X5.3310Y53.9214
G01 X5.3239Y53.9320
G01 X5.2636Y54.0333
G01 X5.2149Y54.1362
G01 X5.1750Y54.2469
G01 X5.1713Y54.2591
G01 X5.1442Y54.3672
G01 X5.1267Y54.4831
G01 X5.1255Y54.4958
G01 X5.1200Y54.6100
G01 X5.1259Y54.7308
G01 X5.1425Y54.8437
G01 X5.1450Y54.8562
G01 X5.1728Y54.9667
G01 X5.2113Y55.0747
G01 X5.2162Y55.0865
G01 X5.2624Y55.1841
G01 X5.2684Y55.1954
G01 X5.3272Y55.2932
G01 X5.3953Y55.3853
G01 X5.4034Y55.3951
G01 X5.4759Y55.4751
G01 X5.4849Y55.4841
G01 X5.5676Y55.5590
G01 X5.6313Y55.6067
G00 Z3.0000
G00 X5.8176Y55.8988
G01 Z-0.2000
G01 X5.8254Y55.9037
G01 X5.8714Y55.9313
G01 X5.8438Y55.9418
G01 X5.8119Y55.9568
G01 X5.8161Y55.9285
G01 X5.8176Y55.8988
G00 Z3.0000
G00 X5.5820Y56.0395
G01 Z-0.2000
G01 X5.5946Y56.0300
G01 X5.6065Y56.0191
G01 X5.6173Y56.0072
G01 X5.6283Y55.9926
G01 X5.6377Y55.9767
G01 X5.6439Y55.9635
G01 X5.6502Y55.9460
G01 X5.6538Y55.9319
G01 X5.6571Y55.9101
G01 X5.6577Y55.8954
G01 X5.6566Y55.8758
G01 X5.6541Y55.8602
G01 X5.6502Y55.8447
G01 X5.6439Y55.8272
G01 X5.6377Y55.8141
G01 X5.6283Y55.7982
G01 X5.6180Y55.7844
G01 X5.5621Y55.7162
G01 X5.5505Y55.7035
G01 X5.5386Y55.6927
G01 X5.5260Y55.6831
G01 X5.4894Y55.6586
G01 X5.3014Y55.4706
G01 X5.1536Y55.2495
G01 X5.0519Y55.0038
G01 X5.0000Y54.7430
G01 X5.0000Y54.4770
G01 X5.0519Y54.2162
G01 X5.1536Y53.9705
G01 X5.3014Y53.7494
G01 X5.4894Y53.5614
G01 X5.7105Y53.4136
G01 X5.9562Y53.3119
G01 X6.2170Y53.2600
G01 X6.4830Y53.2600
G01 X6.7438Y53.3119
G01 X6.9895Y53.4136
G01 X7.2106Y53.5614
G01 X7.3986Y53.7494
G01 X7.5464Y53.9705
G01 X7.5562Y53.9942
G01 X7.5638Y54.0096
G01 X7.5728Y54.0242
G01 X7.5823Y54.0368
G01 X7.5915Y54.0470
G01 X7.6051Y54.0596
G01 X7.6197Y54.0705
G01 X7.6356Y54.0800
G01 X7.6477Y54.0857
G01 X7.6685Y54.0931
G01 X7.6852Y54.0971
G01 X7.7022Y54.0993
G01 X7.7169Y54.1000
G01 X20.2542Y54.1000
G01 X20.2689Y54.0993
G01 X20.2907Y54.0961
G01 X20.3048Y54.0925
G01 X20.3223Y54.0862
G01 X20.3354Y54.0800
G01 X20.3513Y54.0705
G01 X20.3660Y54.0596
G01 X20.3761Y54.0504
G01 X21.2629Y53.1637
G01 X21.2745Y53.1510
G01 X21.3003Y53.1195
G01 X21.4526Y52.9945
G01 X21.6263Y52.9016
G01 X21.8148Y52.8445
G01 X22.0109Y52.8252
G01 X22.0514Y52.8291
G01 X22.0686Y52.8300
G01 X25.3031Y52.8300
G01 X25.3203Y52.8291
G01 X25.3348Y52.8270
G01 X25.3562Y52.8217
G01 X25.3712Y52.8162
G01 X25.3877Y52.8081
G01 X25.4003Y52.8005
G01 X25.4149Y52.7896
G01 X25.4268Y52.7787
G01 X25.4368Y52.7679
G01 X25.4486Y52.7522
G01 X25.4581Y52.7363
G01 X25.4736Y52.7005
G01 X25.6214Y52.4794
G01 X25.8094Y52.2914
G01 X26.0305Y52.1436
G01 X26.2762Y52.0419
G01 X26.5370Y51.9900
G01 X26.8030Y51.9900
G01 X27.0638Y52.0419
G01 X27.3095Y52.1436
G01 X27.5306Y52.2914
G01 X27.7186Y52.4794
G01 X27.8664Y52.7005
G01 X27.9681Y52.9462
G01 X28.0200Y53.2070
G01 X28.0200Y53.4730
G01 X27.9681Y53.7338
G01 X27.8664Y53.9795
G01 X27.7186Y54.2006
G01 X27.5306Y54.3886
G01 X27.4236Y54.4601
G01 X27.4090Y54.4710
G01 X27.3954Y54.4836
G01 X27.3862Y54.4938
G01 X27.3753Y54.5084
G01 X27.3659Y54.5243
G01 X27.3596Y54.5375
G01 X27.3533Y54.5550
G01 X27.3494Y54.5704
G01 X27.3467Y54.5884
G01 X27.3458Y54.6056
G01 X27.3467Y54.6229
G01 X27.3494Y54.6409
G01 X27.3533Y54.6563
G01 X27.3583Y54.6703
G01 X27.3677Y54.6903
G01 X27.3753Y54.7028
G01 X27.3872Y54.7185
G01 X27.3971Y54.7294
G01 X27.4090Y54.7402
G01 X27.4685Y54.7889
G01 X27.4823Y54.7991
G01 X27.5306Y54.8314
G01 X27.5734Y54.8741
G01 X27.5843Y54.8840
G01 X27.6292Y54.9208
G01 X27.6660Y54.9657
G01 X27.6759Y54.9766
G01 X27.7186Y55.0194
G01 X27.7523Y55.0697
G01 X27.7611Y55.0815
G01 X27.7979Y55.1264
G01 X27.8253Y55.1775
G01 X27.8328Y55.1902
G01 X27.8664Y55.2405
G01 X27.8896Y55.2964
G01 X27.8959Y55.3097
G01 X27.9233Y55.3609
G01 X27.9401Y55.4164
G01 X27.9450Y55.4303
G01 X27.9681Y55.4862
G01 X27.9800Y55.5455
G01 X27.9836Y55.5598
G01 X28.0005Y55.6154
G01 X28.0062Y55.6731
G01 X28.0083Y55.6877
G01 X28.0200Y55.7470
G01 X28.0201Y55.8075
G01 X28.0208Y55.8222
G01 X28.0265Y55.8800
G01 X28.0208Y55.9378
G01 X28.0201Y55.9525
G01 X28.0200Y56.0130
G01 X28.0083Y56.0723
G01 X28.0062Y56.0869
G01 X28.0005Y56.1446
G01 X27.9836Y56.2002
G01 X27.9800Y56.2145
G01 X27.9681Y56.2738
G01 X27.9450Y56.3297
G01 X27.9401Y56.3436
G01 X27.9233Y56.3991
G01 X27.8959Y56.4503
G01 X27.8896Y56.4636
G01 X27.8664Y56.5195
G01 X27.8328Y56.5698
G01 X27.8253Y56.5825
G01 X27.7979Y56.6336
G01 X27.7611Y56.6785
G01 X27.7523Y56.6903
G01 X27.7186Y56.7406
G01 X27.6759Y56.7834
G01 X27.6660Y56.7943
G01 X27.6292Y56.8392
G01 X27.5843Y56.8760
G01 X27.5734Y56.8859
G01 X27.5306Y56.9286
G01 X27.4803Y56.9623
G01 X27.4685Y56.9711
G01 X27.4237Y57.0079
G01 X27.3725Y57.0353
G01 X27.3598Y57.0428
G01 X27.3095Y57.0764
G01 X27.2536Y57.0996
G01 X27.2403Y57.1059
G01 X27.1891Y57.1333
G01 X27.1336Y57.1501
G01 X27.1197Y57.1550
G01 X27.0638Y57.1781
G01 X27.0045Y57.1900
G01 X26.9902Y57.1936
G01 X26.9346Y57.2105
G01 X26.8769Y57.2162
G01 X26.8623Y57.2183
G01 X26.8030Y57.2300
G01 X23.9092Y57.2301
G01 X23.8921Y57.2311
G01 X23.8765Y57.2336
G01 X23.8633Y57.2369
G01 X23.8436Y57.2438
G01 X23.8304Y57.2500
G01 X23.8145Y57.2595
G01 X23.7988Y57.2713
G01 X23.7880Y57.2813
G01 X23.7780Y57.2921
G01 X23.7662Y57.3078
G01 X23.7567Y57.3237
G01 X23.7505Y57.3369
G01 X23.7442Y57.3543
G01 X23.7403Y57.3698
G01 X23.7376Y57.3878
G01 X23.7367Y57.4050
G01 X23.7376Y57.4222
G01 X23.7396Y57.4367
G01 X23.7442Y57.4557
G01 X23.7505Y57.4731
G01 X23.7574Y57.4875
G01 X23.7884Y57.5455
G01 X23.8455Y57.7340
G01 X23.8648Y57.9300
G01 X23.8608Y57.9706
G01 X23.8600Y57.9877
G01 X23.8600Y62.3250
G01 X23.8609Y62.3422
G01 X23.8636Y62.3602
G01 X23.8675Y62.3757
G01 X23.8738Y62.3931
G01 X23.8796Y62.4053
G01 X23.8909Y62.4242
G01 X23.9004Y62.4368
G01 X23.9113Y62.4487
G01 X23.9232Y62.4596
G01 X23.9358Y62.4691
G01 X23.9547Y62.4804
G01 X23.9669Y62.4862
G01 X23.9843Y62.4925
G01 X23.9998Y62.4964
G01 X24.0178Y62.4991
G01 X24.0350Y62.5000
G01 X25.6908Y62.4999
G01 X25.7056Y62.4991
G01 X25.7200Y62.4971
G01 X25.7368Y62.4931
G01 X25.7565Y62.4862
G01 X25.7730Y62.4781
G01 X25.7876Y62.4691
G01 X25.8002Y62.4596
G01 X25.8087Y62.4519
G01 X26.0305Y62.3036
G01 X26.2762Y62.2019
G01 X26.5370Y62.1500
G01 X26.8030Y62.1500
G01 X27.0638Y62.2019
G01 X27.3095Y62.3036
G01 X27.5306Y62.4514
G01 X27.7186Y62.6394
G01 X27.8664Y62.8605
G01 X27.9681Y63.1062
G01 X28.0200Y63.3670
G01 X28.0200Y63.6330
G01 X27.9681Y63.8938
G01 X27.8664Y64.1395
G01 X27.7186Y64.3606
G01 X27.5306Y64.5486
G01 X27.3095Y64.6964
G01 X27.0638Y64.7981
G01 X26.8030Y64.8500
G01 X26.5370Y64.8500
G01 X26.2762Y64.7981
G01 X26.0305Y64.6964
G01 X25.8087Y64.5481
G01 X25.8002Y64.5404
G01 X25.7876Y64.5309
G01 X25.7730Y64.5219
G01 X25.7565Y64.5138
G01 X25.7390Y64.5075
G01 X25.7236Y64.5036
G01 X25.7030Y64.5007
G01 X25.6883Y64.5000
G01 X23.8417Y64.5000
G01 X23.8221Y64.5011
G01 X23.8064Y64.5036
G01 X23.7885Y64.5083
G01 X23.7725Y64.5143
G01 X23.7604Y64.5200
G01 X23.7465Y64.5282
G01 X23.7326Y64.5382
G01 X23.7213Y64.5481
G01 X23.4995Y64.6964
G01 X23.2538Y64.7981
G01 X22.9930Y64.8500
G01 X22.7270Y64.8500
G01 X22.4662Y64.7981
G01 X22.2205Y64.6964
G01 X21.9994Y64.5486
G01 X21.8114Y64.3606
G01 X21.6636Y64.1395
G01 X21.5619Y63.8938
G01 X21.5100Y63.6330
G01 X21.5100Y63.3670
G01 X21.5619Y63.1062
G01 X21.6636Y62.8605
G01 X21.8119Y62.6387
G01 X21.8218Y62.6274
G01 X21.8318Y62.6135
G01 X21.8400Y62.5996
G01 X21.8457Y62.5875
G01 X21.8517Y62.5715
G01 X21.8564Y62.5536
G01 X21.8592Y62.5356
G01 X21.8600Y62.5183
G01 X21.8600Y59.0919
G01 X21.8592Y59.0746
G01 X21.8561Y59.0553
G01 X21.8517Y59.0387
G01 X21.8462Y59.0237
G01 X21.8404Y59.0116
G01 X21.8305Y58.9947
G01 X21.8218Y58.9828
G01 X21.8087Y58.9681
G01 X21.7968Y58.9573
G01 X21.7822Y58.9463
G01 X21.7663Y58.9369
G01 X21.7531Y58.9307
G01 X21.7357Y58.9244
G01 X21.7167Y58.9198
G01 X21.6800Y58.9155
G01 X21.4915Y58.8584
G01 X21.3177Y58.7655
G01 X21.1655Y58.6405
G01 X21.1396Y58.6090
G01 X21.1281Y58.5963
G01 X20.3831Y57.8513
G01 X20.3711Y57.8404
G01 X20.3545Y57.8282
G01 X20.3396Y57.8196
G01 X20.3274Y57.8138
G01 X20.3124Y57.8083
G01 X20.2910Y57.8030
G01 X20.2765Y57.8009
G01 X20.2593Y57.8000
G01 X7.8255Y57.8001
G01 X7.8084Y57.8012
G01 X7.7927Y57.8036
G01 X7.7795Y57.8069
G01 X7.7598Y57.8138
G01 X7.7433Y57.8219
G01 X7.7308Y57.8295
G01 X7.7161Y57.8404
G01 X7.7042Y57.8513
G01 X7.6964Y57.8598
G01 X7.5433Y57.9855
G01 X7.3695Y58.0783
G01 X7.3386Y58.0888
G01 X7.3255Y58.0950
G01 X7.3096Y58.1044
G01 X7.2949Y58.1153
G01 X7.2848Y58.1245
G01 X7.2106Y58.1986
G01 X6.9895Y58.3464
G01 X6.7438Y58.4481
G01 X6.4830Y58.5000
G01 X6.2170Y58.5000
G01 X5.9562Y58.4481
G01 X5.7105Y58.3464
G01 X5.4894Y58.1986
G01 X5.3014Y58.0106
G01 X5.1536Y57.7895
G01 X5.0519Y57.5438
G01 X5.0000Y57.2830
G01 X5.0000Y57.0170
G01 X5.0519Y56.7562
G01 X5.1536Y56.5105
G01 X5.3014Y56.2894
G01 X5.4894Y56.1014
G01 X5.5820Y56.0395
G00 Z3.0000
G00 X5.6296Y56.1037
G01 Z-0.2000
G01 X5.6466Y56.0907
G01 X5.6630Y56.0757
G01 X5.6781Y56.0593
G01 X5.6911Y56.0423
G01 X5.6982Y56.0317
G01 X5.7092Y56.0125
G01 X5.7170Y55.9960
G01 X5.7269Y55.9690
G01 X5.7322Y55.9480
G01 X5.7365Y55.9206
G01 X5.7377Y55.8954
G01 X5.7370Y55.8768
G01 X5.7339Y55.8519
G01 X5.7314Y55.8394
G01 X5.7269Y55.8217
G01 X5.7170Y55.7948
G01 X5.7045Y55.7696
G01 X5.6911Y55.7485
G01 X5.6798Y55.7336
G01 X5.6239Y55.6655
G01 X5.6115Y55.6515
G01 X5.5934Y55.6343
G01 X5.5835Y55.6262
G01 X5.5404Y55.5965
G01 X5.3635Y55.4196
G01 X5.2245Y55.2116
G01 X5.1288Y54.9804
G01 X5.0800Y54.7351
G01 X5.0800Y54.4849
G01 X5.1288Y54.2396
G01 X5.2245Y54.0084
G01 X5.3635Y53.8004
G01 X5.5404Y53.6235
G01 X5.7484Y53.4845
G01 X5.9796Y53.3888
G01 X6.2249Y53.3400
G01 X6.4751Y53.3400
G01 X6.7204Y53.3888
G01 X6.9516Y53.4845
G01 X7.1596Y53.6235
G01 X7.3365Y53.8004
G01 X7.4755Y54.0084
G01 X7.4904Y54.0421
G01 X7.5048Y54.0666
G01 X7.5216Y54.0889
G01 X7.5412Y54.1097
G01 X7.5530Y54.1203
G01 X7.5754Y54.1371
G01 X7.5999Y54.1515
G01 X7.6163Y54.1593
G01 X7.6433Y54.1691
G01 X7.6609Y54.1737
G01 X7.6856Y54.1780
G01 X7.6983Y54.1792
G01 X7.7169Y54.1800
G01 X20.2542Y54.1800
G01 X20.2728Y54.1792
G01 X20.2855Y54.1780
G01 X20.3101Y54.1737
G01 X20.3278Y54.1691
G01 X20.3548Y54.1593
G01 X20.3712Y54.1515
G01 X20.3904Y54.1404
G01 X20.4010Y54.1333
G01 X20.4181Y54.1203
G01 X20.4345Y54.1053
G01 X21.3195Y53.2203
G01 X21.3363Y53.2017
G01 X21.3572Y53.1763
G01 X21.4973Y53.0613
G01 X21.6571Y52.9759
G01 X21.8305Y52.9233
G01 X22.0109Y52.9055
G01 X22.0436Y52.9088
G01 X22.0686Y52.9100
G01 X25.3031Y52.9100
G01 X25.3283Y52.9087
G01 X25.3466Y52.9062
G01 X25.3591Y52.9037
G01 X25.3832Y52.8970
G01 X25.4037Y52.8893
G01 X25.4202Y52.8815
G01 X25.4447Y52.8671
G01 X25.4598Y52.8560
G01 X25.4697Y52.8479
G01 X25.4878Y52.8307
G01 X25.4984Y52.8189
G01 X25.5152Y52.7965
G01 X25.5296Y52.7721
G01 X25.5445Y52.7384
G01 X25.6835Y52.5304
G01 X25.8604Y52.3535
G01 X26.0684Y52.2145
G01 X26.2996Y52.1188
G01 X26.5449Y52.0700
G01 X26.7951Y52.0700
G01 X27.0404Y52.1188
G01 X27.2716Y52.2145
G01 X27.4796Y52.3535
G01 X27.6565Y52.5304
G01 X27.7955Y52.7384
G01 X27.8912Y52.9696
G01 X27.9400Y53.2149
G01 X27.9400Y53.4651
G01 X27.8912Y53.7104
G01 X27.7955Y53.9416
G01 X27.6565Y54.1496
G01 X27.4796Y54.3265
G01 X27.3792Y54.3936
G01 X27.3641Y54.4046
G01 X27.3405Y54.4253
G01 X27.3255Y54.4417
G01 X27.3087Y54.4641
G01 X27.2991Y54.4799
G01 X27.2931Y54.4911
G01 X27.2829Y54.5140
G01 X27.2767Y54.5320
G01 X27.2713Y54.5530
G01 X27.2671Y54.5804
G01 X27.2658Y54.6056
G01 X27.2678Y54.6370
G01 X27.2713Y54.6582
G01 X27.2767Y54.6793
G01 X27.2866Y54.7063
G01 X27.2943Y54.7227
G01 X27.3054Y54.7420
G01 X27.3125Y54.7526
G01 X27.3255Y54.7695
G01 X27.3362Y54.7814
G01 X27.3570Y54.8010
G01 X27.4228Y54.8547
G01 X27.4379Y54.8657
G01 X27.4796Y54.8935
G01 X27.5197Y54.9334
G01 X27.5336Y54.9458
G01 X27.5724Y54.9776
G01 X27.6042Y55.0164
G01 X27.6166Y55.0303
G01 X27.6565Y55.0704
G01 X27.6880Y55.1174
G01 X27.6993Y55.1322
G01 X27.7311Y55.1710
G01 X27.7547Y55.2152
G01 X27.7642Y55.2314
G01 X27.7955Y55.2784
G01 X27.8172Y55.3306
G01 X27.8254Y55.3474
G01 X27.8490Y55.3916
G01 X27.8636Y55.4396
G01 X27.8697Y55.4572
G01 X27.8912Y55.5096
G01 X27.9024Y55.5650
G01 X27.9071Y55.5830
G01 X27.9216Y55.6310
G01 X27.9265Y55.6810
G01 X27.9291Y55.6994
G01 X27.9400Y55.7549
G01 X27.9402Y55.8115
G01 X27.9412Y55.8301
G01 X27.9461Y55.8800
G01 X27.9412Y55.9299
G01 X27.9402Y55.9485
G01 X27.9400Y56.0051
G01 X27.9291Y56.0606
G01 X27.9265Y56.0790
G01 X27.9216Y56.1290
G01 X27.9071Y56.1770
G01 X27.9024Y56.1951
G01 X27.8912Y56.2504
G01 X27.8697Y56.3028
G01 X27.8636Y56.3204
G01 X27.8490Y56.3684
G01 X27.8254Y56.4126
G01 X27.8172Y56.4294
G01 X27.7955Y56.4816
G01 X27.7642Y56.5287
G01 X27.7547Y56.5448
G01 X27.7311Y56.5890
G01 X27.6993Y56.6278
G01 X27.6880Y56.6426
G01 X27.6565Y56.6896
G01 X27.6166Y56.7297
G01 X27.6042Y56.7436
G01 X27.5724Y56.7824
G01 X27.5336Y56.8142
G01 X27.5197Y56.8266
G01 X27.4796Y56.8665
G01 X27.4326Y56.8980
G01 X27.4178Y56.9093
G01 X27.3790Y56.9411
G01 X27.3348Y56.9647
G01 X27.3186Y56.9742
G01 X27.2716Y57.0055
G01 X27.2194Y57.0272
G01 X27.2026Y57.0354
G01 X27.1584Y57.0590
G01 X27.1104Y57.0736
G01 X27.0928Y57.0797
G01 X27.0404Y57.1012
G01 X26.9850Y57.1124
G01 X26.9670Y57.1171
G01 X26.9190Y57.1316
G01 X26.8690Y57.1365
G01 X26.8506Y57.1391
G01 X26.7951Y57.1500
G01 X23.9053Y57.1502
G01 X23.8865Y57.1512
G01 X23.8682Y57.1538
G01 X23.8381Y57.1609
G01 X23.8111Y57.1707
G01 X23.7859Y57.1833
G01 X23.7701Y57.1929
G01 X23.7550Y57.2040
G01 X23.7360Y57.2203
G01 X23.7164Y57.2411
G01 X23.6996Y57.2634
G01 X23.6852Y57.2879
G01 X23.6774Y57.3044
G01 X23.6676Y57.3314
G01 X23.6630Y57.3490
G01 X23.6579Y57.3798
G01 X23.6569Y57.3986
G01 X23.6575Y57.4236
G01 X23.6587Y57.4363
G01 X23.6622Y57.4576
G01 X23.6660Y57.4729
G01 X23.6738Y57.4966
G01 X23.6852Y57.5221
G01 X23.7141Y57.5762
G01 X23.7667Y57.7496
G01 X23.7845Y57.9300
G01 X23.7812Y57.9627
G01 X23.7800Y57.9877
G01 X23.7800Y62.3250
G01 X23.7808Y62.3436
G01 X23.7820Y62.3563
G01 X23.7863Y62.3810
G01 X23.7909Y62.3986
G01 X23.8007Y62.4256
G01 X23.8085Y62.4421
G01 X23.8229Y62.4666
G01 X23.8397Y62.4889
G01 X23.8547Y62.5053
G01 X23.8711Y62.5203
G01 X23.8881Y62.5334
G01 X23.9092Y62.5467
G01 X23.9205Y62.5528
G01 X23.9344Y62.5593
G01 X23.9614Y62.5691
G01 X23.9824Y62.5745
G01 X24.0098Y62.5788
G01 X24.0350Y62.5800
G01 X25.6883Y62.5800
G01 X25.7135Y62.5788
G01 X25.7443Y62.5737
G01 X25.7620Y62.5691
G01 X25.7800Y62.5629
G01 X25.8054Y62.5515
G01 X25.8299Y62.5371
G01 X25.8451Y62.5260
G01 X25.8581Y62.5151
G01 X26.0684Y62.3745
G01 X26.2996Y62.2788
G01 X26.5449Y62.2300
G01 X26.7951Y62.2300
G01 X27.0404Y62.2788
G01 X27.2716Y62.3745
G01 X27.4796Y62.5135
G01 X27.6565Y62.6904
G01 X27.7955Y62.8984
G01 X27.8912Y63.1296
G01 X27.9400Y63.3749
G01 X27.9400Y63.6251
G01 X27.8912Y63.8704
G01 X27.7955Y64.1016
G01 X27.6565Y64.3096
G01 X27.4796Y64.4865
G01 X27.2716Y64.6255
G01 X27.0404Y64.7212
G01 X26.7951Y64.7700
G01 X26.5449Y64.7700
G01 X26.2996Y64.7212
G01 X26.0685Y64.6255
G01 X25.8570Y64.4839
G01 X25.8451Y64.4740
G01 X25.8299Y64.4629
G01 X25.8054Y64.4485
G01 X25.7890Y64.4407
G01 X25.7620Y64.4309
G01 X25.7318Y64.4238
G01 X25.7070Y64.4208
G01 X25.6883Y64.4200
G01 X23.8417Y64.4200
G01 X23.8103Y64.4220
G01 X23.7891Y64.4255
G01 X23.7616Y64.4330
G01 X23.7410Y64.4407
G01 X23.7159Y64.4533
G01 X23.6948Y64.4666
G01 X23.6719Y64.4849
G01 X23.4616Y64.6255
G01 X23.2304Y64.7212
G01 X22.9851Y64.7700
G01 X22.7349Y64.7700
G01 X22.4896Y64.7212
G01 X22.2584Y64.6255
G01 X22.0504Y64.4865
G01 X21.8735Y64.3096
G01 X21.7345Y64.1016
G01 X21.6388Y63.8704
G01 X21.5900Y63.6251
G01 X21.5900Y63.3749
G01 X21.6388Y63.1296
G01 X21.7345Y62.8985
G01 X21.8761Y62.6870
G01 X21.8860Y62.6751
G01 X21.8971Y62.6599
G01 X21.9115Y62.6354
G01 X21.9193Y62.6190
G01 X21.9291Y62.5920
G01 X21.9362Y62.5618
G01 X21.9392Y62.5370
G01 X21.9400Y62.5183
G01 X21.9400Y59.0919
G01 X21.9380Y59.0605
G01 X21.9345Y59.0393
G01 X21.9307Y59.0240
G01 X21.9229Y59.0002
G01 X21.9115Y58.9748
G01 X21.8971Y58.9503
G01 X21.8860Y58.9351
G01 X21.8653Y58.9116
G01 X21.8489Y58.8965
G01 X21.8266Y58.8798
G01 X21.8108Y58.8701
G01 X21.7856Y58.8576
G01 X21.7586Y58.8477
G01 X21.7285Y58.8407
G01 X21.6956Y58.8367
G01 X21.5222Y58.7841
G01 X21.3624Y58.6987
G01 X21.2223Y58.5837
G01 X21.2015Y58.5583
G01 X21.1846Y58.5397
G01 X20.4350Y57.7903
G01 X20.4160Y57.7740
G01 X20.4009Y57.7629
G01 X20.3851Y57.7533
G01 X20.3599Y57.7407
G01 X20.3394Y57.7330
G01 X20.3272Y57.7293
G01 X20.3028Y57.7238
G01 X20.2845Y57.7213
G01 X20.2593Y57.7200
G01 X7.8216Y57.7202
G01 X7.8028Y57.7213
G01 X7.7845Y57.7238
G01 X7.7543Y57.7309
G01 X7.7245Y57.7420
G01 X7.7109Y57.7485
G01 X7.6864Y57.7629
G01 X7.6641Y57.7797
G01 X7.6477Y57.7947
G01 X7.6411Y57.8017
G01 X7.4986Y57.9187
G01 X7.3388Y58.0041
G01 X7.3151Y58.0121
G01 X7.3033Y58.0169
G01 X7.2897Y58.0234
G01 X7.2652Y58.0378
G01 X7.2428Y58.0546
G01 X7.2310Y58.0652
G01 X7.1596Y58.1365
G01 X6.9516Y58.2755
G01 X6.7204Y58.3712
G01 X6.4751Y58.4200
G01 X6.2249Y58.4200
G01 X5.9796Y58.3712
G01 X5.7484Y58.2755
G01 X5.5404Y58.1365
G01 X5.3635Y57.9596
G01 X5.2245Y57.7516
G01 X5.1288Y57.5204
G01 X5.0800Y57.2751
G01 X5.0800Y57.0249
G01 X5.1288Y56.7796
G01 X5.2245Y56.5484
G01 X5.3635Y56.3404
G01 X5.5404Y56.1635
G01 X5.6296Y56.1037
G00 Z3.0000
G00 X6.8904Y56.1349
G01 Z-0.2000
G01 X6.9601Y56.0934
G01 X7.0277Y56.0614
G01 X7.1029Y56.0344
G01 X7.1778Y56.0156
G01 X7.2541Y56.0042
G01 X7.3350Y56.0000
G01 X20.7460Y56.0000
G01 X20.8245Y56.0039
G01 X20.9032Y56.0156
G01 X20.9781Y56.0344
G01 X21.0499Y56.0600
G01 X21.1219Y56.0938
G01 X21.1904Y56.1348
G01 X21.2543Y56.1823
G01 X21.3099Y56.2326
G01 X22.2074Y57.1300
G01 X22.8625Y57.1301
G01 X22.9385Y57.1339
G01 X23.0137Y57.1450
G01 X23.0946Y57.1652
G01 X23.1673Y57.1914
G01 X23.2393Y57.2257
G01 X23.3065Y57.2662
G01 X23.3683Y57.3123
G01 X23.4239Y57.3626
G01 X23.4777Y57.4217
G01 X23.5252Y57.4856
G01 X23.5662Y57.5541
G01 X23.6000Y57.6261
G01 X23.6256Y57.6979
G01 X23.6444Y57.7728
G01 X23.6561Y57.8515
G01 X23.6600Y57.9300
G01 X23.6600Y62.6748
G01 X23.6732Y62.6868
G01 X23.6852Y62.7000
G01 X25.8448Y62.7000
G01 X25.8586Y62.6851
G01 X25.9396Y62.6117
G01 X26.0332Y62.5425
G01 X26.1291Y62.4852
G01 X26.2277Y62.4385
G01 X26.3385Y62.3989
G01 X26.4446Y62.3723
G01 X26.5548Y62.3558
G01 X26.6700Y62.3500
G01 X26.7852Y62.3558
G01 X26.8954Y62.3723
G01 X27.0037Y62.3995
G01 X27.1113Y62.4380
G01 X27.2109Y62.4852
G01 X27.3089Y62.5438
G01 X27.4004Y62.6117
G01 X27.4832Y62.6868
G01 X27.5583Y62.7696
G01 X27.6262Y62.8611
G01 X27.6853Y62.9601
G01 X27.7320Y63.0587
G01 X27.7711Y63.1685
G01 X27.7977Y63.2746
G01 X27.8142Y63.3848
G01 X27.8199Y63.4975
G01 X27.8145Y63.6128
G01 X27.7977Y63.7254
G01 X27.7705Y63.8337
G01 X27.7333Y63.9378
G01 X27.6830Y64.0442
G01 X27.6262Y64.1389
G01 X27.5605Y64.2276
G01 X27.4832Y64.3132
G01 X27.3976Y64.3905
G01 X27.3089Y64.4562
G01 X27.2142Y64.5130
G01 X27.1113Y64.5620
G01 X27.0015Y64.6011
G01 X26.8954Y64.6277
G01 X26.7828Y64.6445
G01 X26.6700Y64.6500
G01 X26.5548Y64.6442
G01 X26.4446Y64.6277
G01 X26.3385Y64.6011
G01 X26.2322Y64.5633
G01 X26.1291Y64.5148
G01 X26.0311Y64.4562
G01 X25.9396Y64.3883
G01 X25.8586Y64.3149
G01 X25.8448Y64.3000
G01 X23.6852Y64.3000
G01 X23.6714Y64.3149
G01 X23.5904Y64.3883
G01 X23.4989Y64.4562
G01 X23.4009Y64.5148
G01 X23.3013Y64.5620
G01 X23.1937Y64.6005
G01 X23.0854Y64.6277
G01 X22.9728Y64.6445
G01 X22.8600Y64.6500
G01 X22.7472Y64.6445
G01 X22.6346Y64.6277
G01 X22.5263Y64.6005
G01 X22.4222Y64.5633
G01 X22.3158Y64.5130
G01 X22.2211Y64.4562
G01 X22.1296Y64.3883
G01 X22.0468Y64.3132
G01 X21.9695Y64.2276
G01 X21.9038Y64.1389
G01 X21.8470Y64.0442
G01 X21.7985Y63.9423
G01 X21.7595Y63.8337
G01 X21.7323Y63.7254
G01 X21.7155Y63.6128
G01 X21.7100Y63.5000
G01 X21.7155Y63.3872
G01 X21.7323Y63.2746
G01 X21.7595Y63.1663
G01 X21.7980Y63.0587
G01 X21.8452Y62.9591
G01 X21.9038Y62.8611
G01 X21.9717Y62.7696
G01 X22.0451Y62.6886
G01 X22.0600Y62.6748
G01 X22.0600Y58.7300
G01 X21.8735Y58.7299
G01 X21.7975Y58.7261
G01 X21.7188Y58.7144
G01 X21.6439Y58.6956
G01 X21.5687Y58.6686
G01 X21.5001Y58.6362
G01 X21.4316Y58.5952
G01 X21.3677Y58.5477
G01 X21.3103Y58.4957
G01 X20.4146Y57.6000
G01 X7.6664Y57.6000
G01 X7.5489Y57.7174
G01 X7.4933Y57.7677
G01 X7.4294Y57.8152
G01 X7.3609Y57.8562
G01 X7.2934Y57.8881
G01 X7.2196Y57.9148
G01 X7.2032Y57.9191
G01 X7.1632Y57.9632
G01 X7.0776Y58.0405
G01 X6.9889Y58.1062
G01 X6.8942Y58.1630
G01 X6.7913Y58.2120
G01 X6.6837Y58.2505
G01 X6.5754Y58.2777
G01 X6.4628Y58.2945
G01 X6.3500Y58.3000
G01 X6.2372Y58.2945
G01 X6.1246Y58.2777
G01 X6.0163Y58.2505
G01 X5.9087Y58.2120
G01 X5.8091Y58.1648
G01 X5.7111Y58.1062
G01 X5.6196Y58.0383
G01 X5.5368Y57.9632
G01 X5.4617Y57.8804
G01 X5.3938Y57.7889
G01 X5.3352Y57.6909
G01 X5.2880Y57.5913
G01 X5.2495Y57.4837
G01 X5.2223Y57.3754
G01 X5.2055Y57.2628
G01 X5.2000Y57.1500
G01 X5.2055Y57.0372
G01 X5.2223Y56.9246
G01 X5.2495Y56.8163
G01 X5.2880Y56.7087
G01 X5.3352Y56.6091
G01 X5.3938Y56.5111
G01 X5.4617Y56.4196
G01 X5.5368Y56.3368
G01 X5.6196Y56.2617
G01 X5.7111Y56.1938
G01 X5.8091Y56.1352
G01 X5.9087Y56.0880
G01 X6.0163Y56.0495
G01 X6.1246Y56.0223
G01 X6.2372Y56.0055
G01 X6.3500Y56.0000
G01 X6.4628Y56.0055
G01 X6.5754Y56.0223
G01 X6.6837Y56.0495
G01 X6.7913Y56.0880
G01 X6.8904Y56.1349
G00 Z3.0000
G00 X7.0173Y55.9800
G01 Z-0.2000
G01 X6.9952Y55.9883
G01 X6.9233Y56.0223
G01 X6.8859Y56.0443
G01 X6.8238Y56.0149
G01 X6.7272Y55.9800
G01 X7.0173Y55.9800
G00 Z3.0000
G00 X5.0600Y64.8931
G01 Z-0.2000
G01 X5.0120Y65.1346
G01 X4.9177Y65.3621
G01 X4.7809Y65.5668
G01 X4.6068Y65.7409
G01 X4.4021Y65.8777
G01 X4.1746Y65.9720
G01 X3.9331Y66.0200
G01 X3.6869Y66.0200
G01 X3.4454Y65.9720
G01 X3.2179Y65.8777
G01 X3.0132Y65.7409
G01 X2.8391Y65.5668
G01 X2.7023Y65.3621
G01 X2.6080Y65.1346
G01 X2.5600Y64.8931
G01 X2.5600Y64.6469
G01 X2.6080Y64.4054
G01 X2.7023Y64.1779
G01 X2.8391Y63.9732
G01 X3.0132Y63.7991
G01 X3.2179Y63.6623
G01 X3.4454Y63.5680
G01 X3.6869Y63.5200
G01 X3.9331Y63.5200
G01 X4.1746Y63.5680
G01 X4.4021Y63.6623
G01 X4.6068Y63.7991
G01 X4.7809Y63.9732
G01 X4.9177Y64.1779
G01 X5.0120Y64.4054
G01 X5.0600Y64.6469
G01 X5.0600Y64.8931
G00 Z3.0000
G00 X4.9800Y64.8852
G01 Z-0.2000
G01 X4.9350Y65.1113
G01 X4.8468Y65.3242
G01 X4.7188Y65.5158
G01 X4.5558Y65.6788
G01 X4.3642Y65.8068
G01 X4.1513Y65.8950
G01 X3.9252Y65.9400
G01 X3.6948Y65.9400
G01 X3.4687Y65.8950
G01 X3.2558Y65.8068
G01 X3.0642Y65.6788
G01 X2.9012Y65.5158
G01 X2.7732Y65.3242
G01 X2.6850Y65.1113
G01 X2.6400Y64.8852
G01 X2.6400Y64.6548
G01 X2.6850Y64.4287
G01 X2.7732Y64.2158
G01 X2.9012Y64.0242
G01 X3.0642Y63.8612
G01 X3.2558Y63.7332
G01 X3.4687Y63.6450
G01 X3.6948Y63.6000
G01 X3.9252Y63.6000
G01 X4.1513Y63.6450
G01 X4.3642Y63.7332
G01 X4.5558Y63.8612
G01 X4.7188Y64.0242
G01 X4.8468Y64.2158
G01 X4.9350Y64.4287
G01 X4.9800Y64.6548
G01 X4.9800Y64.8852
G00 Z3.0000
G00 X4.9000Y64.8774
G01 Z-0.2000
G01 X4.8581Y65.0879
G01 X4.7759Y65.2863
G01 X4.6567Y65.4648
G01 X4.5048Y65.6167
G01 X4.3263Y65.7359
G01 X4.1279Y65.8181
G01 X3.9174Y65.8600
G01 X3.7026Y65.8600
G01 X3.4921Y65.8181
G01 X3.2937Y65.7359
G01 X3.1152Y65.6167
G01 X2.9633Y65.4648
G01 X2.8441Y65.2863
G01 X2.7619Y65.0879
G01 X2.7200Y64.8774
G01 X2.7200Y64.6626
G01 X2.7619Y64.4521
G01 X2.8441Y64.2537
G01 X2.9633Y64.0752
G01 X3.1152Y63.9233
G01 X3.2937Y63.8041
G01 X3.4921Y63.7219
G01 X3.7026Y63.6800
G01 X3.9174Y63.6800
G01 X4.1279Y63.7219
G01 X4.3263Y63.8041
G01 X4.5048Y63.9233
G01 X4.6567Y64.0752
G01 X4.7759Y64.2537
G01 X4.8581Y64.4521
G01 X4.9000Y64.6626
G01 X4.9000Y64.8774
G00 Z3.0000
G00 X4.8200Y64.8695
G01 Z-0.2000
G01 X4.7812Y65.0646
G01 X4.7051Y65.2484
G01 X4.5945Y65.4138
G01 X4.4538Y65.5545
G01 X4.2884Y65.6651
G01 X4.1046Y65.7412
G01 X3.9095Y65.7800
G01 X3.7105Y65.7800
G01 X3.5154Y65.7412
G01 X3.3316Y65.6651
G01 X3.1662Y65.5545
G01 X3.0255Y65.4138
G01 X2.9150Y65.2484
G01 X2.8388Y65.0646
G01 X2.8000Y64.8695
G01 X2.8000Y64.6705
G01 X2.8388Y64.4754
G01 X2.9150Y64.2916
G01 X3.0255Y64.1262
G01 X3.1662Y63.9855
G01 X3.3316Y63.8749
G01 X3.5154Y63.7988
G01 X3.7105Y63.7600
G01 X3.9095Y63.7600
G01 X4.1046Y63.7988
G01 X4.2884Y63.8749
G01 X4.4538Y63.9855
G01 X4.5945Y64.1262
G01 X4.7051Y64.2916
G01 X4.7812Y64.4754
G01 X4.8200Y64.6705
G01 X4.8200Y64.8695
G00 Z3.0000
G00 X21.1893Y55.9487
G01 Z-0.2000
G01 X21.2024Y55.9416
G01 X21.2740Y55.8983
G01 X21.3533Y55.8392
G01 X21.4197Y55.7788
G01 X21.5756Y55.6229
G01 X21.5576Y55.7414
G01 X21.5556Y55.7619
G01 X21.5500Y55.8800
G01 X21.5563Y56.0087
G01 X21.5734Y56.1254
G01 X21.5761Y56.1402
G01 X21.6062Y56.2597
G01 X21.6297Y56.3260
G01 X21.4248Y56.1212
G01 X21.3585Y56.0608
G01 X21.2792Y56.0017
G01 X21.2075Y55.9584
G01 X21.1893Y55.9487
G00 Z3.0000
G00 X21.3417Y55.9481
G01 Z-0.2000
G01 X21.3894Y55.9127
G01 X21.4054Y55.8999
G01 X21.4716Y55.8398
G01 X21.4700Y55.8800
G01 X21.4704Y55.8942
G01 X21.4756Y56.0020
G01 X21.4784Y56.0304
G01 X21.4839Y56.0671
G01 X21.4105Y56.0001
G01 X21.3946Y55.9873
G01 X21.3417Y55.9481
G00 Z3.0000
G00 X21.7660Y55.3194
G01 Z-0.2000
G01 X21.7249Y55.4062
G01 X21.6850Y55.5169
G01 X21.6813Y55.5291
G01 X21.6550Y55.6338
G01 X21.6525Y55.6463
G01 X21.6359Y55.7592
G01 X21.6302Y55.8736
G01 X21.6302Y55.8864
G01 X21.6359Y56.0008
G01 X21.6542Y56.1228
G01 X21.6828Y56.2367
G01 X21.7249Y56.3538
G01 X21.7736Y56.4567
G01 X21.8372Y56.5632
G01 X21.9110Y56.6624
G01 X21.9859Y56.7451
G01 X21.9949Y56.7541
G01 X22.0776Y56.8290
G01 X22.1714Y56.8990
G01 X22.1820Y56.9061
G01 X22.2746Y56.9616
G01 X22.2859Y56.9676
G01 X22.3863Y57.0151
G01 X22.4828Y57.0500
G01 X22.2405Y57.0500
G01 X21.3683Y56.1778
G01 X21.3064Y56.1215
G01 X21.2348Y56.0682
G01 X21.1577Y56.0223
G01 X21.0886Y55.9896
G01 X21.0768Y55.9847
G01 X21.0011Y55.9578
G01 X20.9680Y55.9494
G01 X20.9959Y55.9422
G01 X21.0717Y55.9153
G01 X21.0834Y55.9104
G01 X21.1525Y55.8777
G01 X21.2296Y55.8318
G01 X21.2941Y55.7842
G01 X21.3039Y55.7761
G01 X21.3631Y55.7223
G01 X21.7660Y55.3194
G00 Z3.0000
G00 X22.4828Y54.7100
G01 Z-0.2000
G01 X22.3863Y54.7449
G01 X22.2994Y54.7860
G01 X22.3754Y54.7100
G01 X22.4828Y54.7100
G00 Z3.0000
G00 X23.6549Y57.1900
G01 Z-0.2000
G01 X23.6330Y57.2191
G01 X23.6136Y57.2522
G01 X23.6043Y57.2719
G01 X23.5910Y57.3083
G01 X23.5388Y57.2512
G01 X23.4715Y57.1900
G01 X23.6549Y57.1900
G00 Z3.0000
G00 X26.9858Y54.6100
G01 Z-0.2000
G01 X27.0403Y54.5963
G01 X27.0601Y54.5904
G01 X27.1617Y54.5540
G01 X27.1923Y54.5406
G01 X27.1875Y54.5725
G01 X27.1858Y54.6056
G01 X27.1875Y54.6388
G01 X27.1905Y54.6609
G01 X27.1944Y54.6803
G01 X27.1762Y54.6718
G01 X27.1617Y54.6660
G01 X27.0601Y54.6296
G01 X27.0403Y54.6237
G01 X26.9858Y54.6100
G00 Z3.0000
G00 X27.8199Y55.8775
G01 Z-0.2000
G01 X27.8145Y55.9928
G01 X27.7977Y56.1054
G01 X27.7705Y56.2137
G01 X27.7320Y56.3213
G01 X27.6848Y56.4209
G01 X27.6262Y56.5189
G01 X27.5583Y56.6104
G01 X27.4832Y56.6932
G01 X27.4004Y56.7683
G01 X27.3089Y56.8362
G01 X27.2109Y56.8948
G01 X27.1113Y56.9420
G01 X27.0037Y56.9805
G01 X26.8954Y57.0077
G01 X26.7828Y57.0245
G01 X26.6700Y57.0300
G01 X22.8600Y57.0300
G01 X22.7472Y57.0245
G01 X22.6346Y57.0077
G01 X22.5263Y56.9805
G01 X22.4187Y56.9420
G01 X22.3191Y56.8948
G01 X22.2232Y56.8375
G01 X22.1286Y56.7674
G01 X22.0468Y56.6932
G01 X21.9717Y56.6104
G01 X21.9038Y56.5189
G01 X21.8470Y56.4242
G01 X21.7967Y56.3178
G01 X21.7595Y56.2137
G01 X21.7323Y56.1054
G01 X21.7155Y55.9928
G01 X21.7100Y55.8800
G01 X21.7155Y55.7672
G01 X21.7323Y55.6546
G01 X21.7595Y55.5463
G01 X21.7980Y55.4387
G01 X21.8452Y55.3391
G01 X21.9038Y55.2411
G01 X21.9717Y55.1496
G01 X22.0468Y55.0668
G01 X22.1296Y54.9917
G01 X22.2211Y54.9238
G01 X22.3191Y54.8652
G01 X22.4187Y54.8180
G01 X22.5263Y54.7795
G01 X22.6346Y54.7523
G01 X22.7472Y54.7355
G01 X22.8600Y54.7300
G01 X26.6700Y54.7300
G01 X26.7828Y54.7355
G01 X26.8954Y54.7523
G01 X27.0037Y54.7795
G01 X27.1113Y54.8180
G01 X27.2109Y54.8652
G01 X27.3068Y54.9225
G01 X27.4014Y54.9926
G01 X27.4832Y55.0668
G01 X27.5583Y55.1496
G01 X27.6262Y55.2411
G01 X27.6830Y55.3358
G01 X27.7333Y55.4422
G01 X27.7705Y55.5463
G01 X27.7977Y55.6546
G01 X27.8145Y55.7672
G01 X27.8199Y55.8775
G00 Z3.0000
G00 X32.9393Y60.8998
G01 Z-0.2000
G01 X32.9400Y60.8851
G01 X32.9400Y60.8270
G01 X32.9517Y60.7677
G01 X32.9538Y60.7531
G01 X32.9595Y60.6954
G01 X32.9764Y60.6398
G01 X32.9800Y60.6255
G01 X32.9919Y60.5662
G01 X33.0150Y60.5103
G01 X33.0199Y60.4964
G01 X33.0367Y60.4409
G01 X33.0641Y60.3897
G01 X33.0704Y60.3764
G01 X33.0936Y60.3205
G01 X33.1272Y60.2702
G01 X33.1347Y60.2575
G01 X33.1621Y60.2064
G01 X33.1989Y60.1615
G01 X33.2077Y60.1497
G01 X33.2414Y60.0994
G01 X33.2841Y60.0566
G01 X33.2940Y60.0457
G01 X33.3308Y60.0008
G01 X33.3757Y59.9640
G01 X33.3866Y59.9541
G01 X33.4294Y59.9114
G01 X33.4797Y59.8777
G01 X33.4915Y59.8689
G01 X33.5364Y59.8321
G01 X33.5875Y59.8047
G01 X33.6002Y59.7972
G01 X33.6505Y59.7636
G01 X33.7064Y59.7404
G01 X33.7197Y59.7341
G01 X33.7709Y59.7067
G01 X33.8264Y59.6899
G01 X33.8403Y59.6850
G01 X33.8962Y59.6619
G01 X33.9556Y59.6500
G01 X33.9698Y59.6464
G01 X34.0254Y59.6295
G01 X34.0831Y59.6238
G01 X34.0977Y59.6217
G01 X34.1570Y59.6100
G01 X38.8013Y59.6100
G01 X38.9996Y59.6295
G01 X39.2541Y59.7067
G01 X39.4886Y59.8321
G01 X39.6942Y60.0008
G01 X39.8629Y60.2064
G01 X39.9883Y60.4409
G01 X40.0655Y60.6954
G01 X40.0915Y60.9600
G01 X40.0655Y61.2246
G01 X39.9883Y61.4791
G01 X39.8629Y61.7136
G01 X39.8442Y61.7378
G01 X39.8347Y61.7537
G01 X39.8285Y61.7669
G01 X39.8216Y61.7866
G01 X39.8183Y61.7998
G01 X39.8158Y61.8154
G01 X39.8148Y61.8326
G01 X39.8158Y61.8546
G01 X39.8183Y61.8702
G01 X39.8222Y61.8857
G01 X39.8285Y61.9032
G01 X39.8343Y61.9153
G01 X39.8456Y61.9342
G01 X39.8551Y61.9468
G01 X39.8643Y61.9570
G01 X39.8806Y61.9718
G01 X39.8925Y61.9805
G01 X39.9084Y61.9900
G01 X39.9216Y61.9962
G01 X39.9366Y62.0017
G01 X39.9580Y62.0071
G01 X39.9725Y62.0092
G01 X39.9897Y62.0100
G01 X45.7233Y62.0100
G01 X45.7405Y62.0092
G01 X45.7585Y62.0064
G01 X45.7717Y62.0031
G01 X45.7925Y61.9957
G01 X45.8046Y61.9900
G01 X45.8205Y61.9805
G01 X45.8351Y61.9696
G01 X45.8453Y61.9604
G01 X46.8587Y60.9470
G01 X46.8718Y60.9324
G01 X46.8805Y60.9205
G01 X46.8904Y60.9036
G01 X46.8976Y60.8880
G01 X46.9025Y60.8740
G01 X46.9061Y60.8598
G01 X46.9092Y60.8405
G01 X46.9098Y60.8279
G01 X46.9619Y60.5662
G01 X47.0636Y60.3205
G01 X47.2114Y60.0994
G01 X47.3994Y59.9114
G01 X47.6205Y59.7636
G01 X47.8662Y59.6619
G01 X48.1270Y59.6100
G01 X48.3930Y59.6100
G01 X48.6538Y59.6619
G01 X48.8995Y59.7636
G01 X49.1206Y59.9114
G01 X49.3086Y60.0994
G01 X49.4564Y60.3205
G01 X49.5581Y60.5662
G01 X49.6100Y60.8270
G01 X49.6100Y61.0930
G01 X49.5581Y61.3538
G01 X49.4564Y61.5995
G01 X49.3086Y61.8206
G01 X49.1206Y62.0086
G01 X48.8995Y62.1564
G01 X48.6538Y62.2581
G01 X48.3921Y62.3102
G01 X48.3795Y62.3109
G01 X48.3615Y62.3136
G01 X48.3460Y62.3175
G01 X48.3286Y62.3238
G01 X48.3121Y62.3319
G01 X48.2975Y62.3409
G01 X48.2849Y62.3504
G01 X48.2730Y62.3613
G01 X46.9579Y63.6763
G01 X46.9464Y63.6890
G01 X46.9205Y63.7205
G01 X46.7682Y63.8455
G01 X46.5945Y63.9384
G01 X46.4060Y63.9955
G01 X46.2100Y64.0148
G01 X46.1694Y64.0109
G01 X46.1523Y64.0100
G01 X35.9017Y64.0100
G01 X35.8870Y64.0107
G01 X35.8652Y64.0139
G01 X35.8510Y64.0175
G01 X35.8335Y64.0238
G01 X35.8204Y64.0300
G01 X35.8065Y64.0382
G01 X35.7899Y64.0504
G01 X35.7779Y64.0613
G01 X35.6729Y64.1663
G01 X35.6614Y64.1790
G01 X35.6355Y64.2105
G01 X35.4833Y64.3355
G01 X35.3095Y64.4283
G01 X35.2786Y64.4388
G01 X35.2655Y64.4450
G01 X35.2496Y64.4544
G01 X35.2349Y64.4653
G01 X35.2248Y64.4745
G01 X35.1506Y64.5486
G01 X34.9295Y64.6964
G01 X34.6838Y64.7981
G01 X34.4230Y64.8500
G01 X34.1570Y64.8500
G01 X33.8962Y64.7981
G01 X33.6505Y64.6964
G01 X33.4294Y64.5486
G01 X33.2414Y64.3606
G01 X33.0936Y64.1395
G01 X32.9919Y63.8938
G01 X32.9400Y63.6330
G01 X32.9400Y63.3670
G01 X32.9919Y63.1062
G01 X33.0936Y62.8605
G01 X33.2414Y62.6394
G01 X33.4294Y62.4514
G01 X33.5364Y62.3799
G01 X33.5510Y62.3690
G01 X33.5646Y62.3564
G01 X33.5738Y62.3462
G01 X33.5847Y62.3316
G01 X33.5941Y62.3157
G01 X33.6004Y62.3025
G01 X33.6067Y62.2850
G01 X33.6106Y62.2696
G01 X33.6133Y62.2516
G01 X33.6142Y62.2344
G01 X33.6133Y62.2171
G01 X33.6106Y62.1991
G01 X33.6067Y62.1837
G01 X33.6017Y62.1697
G01 X33.5923Y62.1497
G01 X33.5847Y62.1372
G01 X33.5737Y62.1225
G01 X33.5629Y62.1106
G01 X33.5510Y62.0998
G01 X33.4915Y62.0511
G01 X33.4777Y62.0409
G01 X33.4294Y62.0086
G01 X33.3866Y61.9659
G01 X33.3757Y61.9560
G01 X33.3308Y61.9192
G01 X33.2940Y61.8743
G01 X33.2841Y61.8634
G01 X33.2414Y61.8206
G01 X33.2077Y61.7703
G01 X33.1989Y61.7585
G01 X33.1621Y61.7136
G01 X33.1347Y61.6625
G01 X33.1272Y61.6498
G01 X33.0936Y61.5995
G01 X33.0704Y61.5436
G01 X33.0641Y61.5303
G01 X33.0367Y61.4791
G01 X33.0199Y61.4236
G01 X33.0150Y61.4097
G01 X32.9919Y61.3538
G01 X32.9800Y61.2945
G01 X32.9764Y61.2802
G01 X32.9595Y61.2246
G01 X32.9538Y61.1669
G01 X32.9517Y61.1523
G01 X32.9400Y61.0930
G01 X32.9399Y61.0325
G01 X32.9392Y61.0178
G01 X32.9335Y60.9600
G01 X32.9393Y60.8998
G00 Z3.0000
G00 X33.0192Y60.9037
G01 Z-0.2000
G01 X33.0200Y60.8851
G01 X33.0200Y60.8349
G01 X33.0309Y60.7794
G01 X33.0335Y60.7610
G01 X33.0384Y60.7110
G01 X33.0529Y60.6630
G01 X33.0576Y60.6449
G01 X33.0688Y60.5896
G01 X33.0903Y60.5372
G01 X33.0964Y60.5196
G01 X33.1110Y60.4716
G01 X33.1346Y60.4274
G01 X33.1428Y60.4106
G01 X33.1645Y60.3584
G01 X33.1958Y60.3113
G01 X33.2053Y60.2952
G01 X33.2289Y60.2510
G01 X33.2607Y60.2122
G01 X33.2720Y60.1974
G01 X33.3035Y60.1504
G01 X33.3434Y60.1103
G01 X33.3558Y60.0964
G01 X33.3876Y60.0576
G01 X33.4264Y60.0258
G01 X33.4403Y60.0134
G01 X33.4804Y59.9735
G01 X33.5274Y59.9420
G01 X33.5422Y59.9307
G01 X33.5810Y59.8989
G01 X33.6252Y59.8753
G01 X33.6414Y59.8658
G01 X33.6884Y59.8345
G01 X33.7406Y59.8128
G01 X33.7574Y59.8046
G01 X33.8016Y59.7810
G01 X33.8496Y59.7664
G01 X33.8673Y59.7603
G01 X33.9196Y59.7388
G01 X33.9750Y59.7276
G01 X33.9930Y59.7229
G01 X34.0410Y59.7084
G01 X34.0910Y59.7035
G01 X34.1094Y59.7009
G01 X34.1649Y59.6900
G01 X38.7974Y59.6900
G01 X38.9840Y59.7084
G01 X39.2234Y59.7810
G01 X39.4440Y59.8989
G01 X39.6374Y60.0576
G01 X39.7961Y60.2510
G01 X39.9140Y60.4716
G01 X39.9866Y60.7110
G01 X40.0111Y60.9600
G01 X39.9866Y61.2090
G01 X39.9140Y61.4484
G01 X39.7961Y61.6690
G01 X39.7814Y61.6881
G01 X39.7743Y61.6987
G01 X39.7632Y61.7179
G01 X39.7567Y61.7316
G01 X39.7456Y61.7614
G01 X39.7402Y61.7824
G01 X39.7360Y61.8098
G01 X39.7347Y61.8350
G01 X39.7367Y61.8663
G01 X39.7402Y61.8876
G01 X39.7456Y61.9087
G01 X39.7554Y61.9356
G01 X39.7632Y61.9521
G01 X39.7743Y61.9713
G01 X39.7814Y61.9819
G01 X39.7944Y61.9989
G01 X39.8094Y62.0153
G01 X39.8330Y62.0361
G01 X39.8481Y62.0471
G01 X39.8726Y62.0615
G01 X39.8891Y62.0693
G01 X39.9096Y62.0770
G01 X39.9218Y62.0807
G01 X39.9462Y62.0862
G01 X39.9645Y62.0888
G01 X39.9897Y62.0900
G01 X45.7233Y62.0900
G01 X45.7485Y62.0888
G01 X45.7759Y62.0845
G01 X45.7912Y62.0807
G01 X45.8149Y62.0729
G01 X45.8267Y62.0680
G01 X45.8404Y62.0615
G01 X45.8648Y62.0471
G01 X45.8872Y62.0303
G01 X45.8990Y62.0197
G01 X46.9153Y61.0036
G01 X46.9303Y60.9872
G01 X46.9471Y60.9649
G01 X46.9615Y60.9404
G01 X46.9729Y60.9149
G01 X46.9807Y60.8912
G01 X46.9862Y60.8668
G01 X46.9888Y60.8485
G01 X46.9895Y60.8377
G01 X47.0388Y60.5896
G01 X47.1345Y60.3584
G01 X47.2735Y60.1504
G01 X47.4504Y59.9735
G01 X47.6584Y59.8345
G01 X47.8896Y59.7388
G01 X48.1349Y59.6900
G01 X48.3851Y59.6900
G01 X48.6304Y59.7388
G01 X48.8616Y59.8345
G01 X49.0696Y59.9735
G01 X49.2465Y60.1504
G01 X49.3855Y60.3584
G01 X49.4812Y60.5896
G01 X49.5300Y60.8349
G01 X49.5300Y61.0851
G01 X49.4812Y61.3304
G01 X49.3855Y61.5616
G01 X49.2465Y61.7696
G01 X49.0696Y61.9465
G01 X48.8616Y62.0855
G01 X48.6305Y62.1812
G01 X48.3808Y62.2306
G01 X48.3532Y62.2338
G01 X48.3288Y62.2393
G01 X48.3051Y62.2471
G01 X48.2933Y62.2520
G01 X48.2709Y62.2633
G01 X48.2498Y62.2766
G01 X48.2328Y62.2897
G01 X48.2164Y62.3047
G01 X46.9013Y63.6197
G01 X46.8845Y63.6383
G01 X46.8637Y63.6637
G01 X46.7236Y63.7787
G01 X46.5638Y63.8641
G01 X46.3903Y63.9167
G01 X46.2100Y63.9345
G01 X46.1773Y63.9312
G01 X46.1523Y63.9300
G01 X35.9017Y63.9300
G01 X35.8831Y63.9308
G01 X35.8704Y63.9320
G01 X35.8491Y63.9355
G01 X35.8216Y63.9430
G01 X35.8011Y63.9507
G01 X35.7846Y63.9585
G01 X35.7601Y63.9729
G01 X35.7378Y63.9897
G01 X35.7214Y64.0047
G01 X35.6164Y64.1097
G01 X35.5996Y64.1283
G01 X35.5787Y64.1537
G01 X35.4386Y64.2687
G01 X35.2788Y64.3541
G01 X35.2551Y64.3621
G01 X35.2433Y64.3669
G01 X35.2297Y64.3734
G01 X35.2052Y64.3878
G01 X35.1828Y64.4046
G01 X35.1710Y64.4152
G01 X35.0996Y64.4865
G01 X34.8916Y64.6255
G01 X34.6604Y64.7212
G01 X34.4151Y64.7700
G01 X34.1649Y64.7700
G01 X33.9196Y64.7212
G01 X33.6884Y64.6255
G01 X33.4804Y64.4865
G01 X33.3035Y64.3096
G01 X33.1645Y64.1016
G01 X33.0688Y63.8704
G01 X33.0200Y63.6251
G01 X33.0200Y63.3749
G01 X33.0688Y63.1296
G01 X33.1645Y62.8984
G01 X33.3035Y62.6904
G01 X33.4804Y62.5135
G01 X33.5808Y62.4464
G01 X33.5959Y62.4354
G01 X33.6195Y62.4147
G01 X33.6345Y62.3983
G01 X33.6513Y62.3759
G01 X33.6609Y62.3601
G01 X33.6669Y62.3489
G01 X33.6771Y62.3260
G01 X33.6833Y62.3080
G01 X33.6887Y62.2870
G01 X33.6929Y62.2596
G01 X33.6942Y62.2344
G01 X33.6929Y62.2092
G01 X33.6904Y62.1909
G01 X33.6849Y62.1665
G01 X33.6812Y62.1542
G01 X33.6734Y62.1337
G01 X33.6657Y62.1173
G01 X33.6512Y62.0928
G01 X33.6402Y62.0776
G01 X33.6194Y62.0541
G01 X33.6030Y62.0390
G01 X33.5372Y61.9853
G01 X33.5221Y61.9743
G01 X33.4804Y61.9465
G01 X33.4403Y61.9066
G01 X33.4264Y61.8942
G01 X33.3876Y61.8624
G01 X33.3558Y61.8236
G01 X33.3434Y61.8097
G01 X33.3035Y61.7696
G01 X33.2720Y61.7226
G01 X33.2607Y61.7078
G01 X33.2289Y61.6690
G01 X33.2053Y61.6248
G01 X33.1958Y61.6086
G01 X33.1645Y61.5616
G01 X33.1428Y61.5094
G01 X33.1346Y61.4926
G01 X33.1110Y61.4484
G01 X33.0964Y61.4004
G01 X33.0903Y61.3828
G01 X33.0688Y61.3304
G01 X33.0576Y61.2750
G01 X33.0529Y61.2570
G01 X33.0384Y61.2090
G01 X33.0335Y61.1590
G01 X33.0309Y61.1406
G01 X33.0200Y61.0851
G01 X33.0198Y61.0285
G01 X33.0188Y61.0099
G01 X33.0139Y60.9600
G01 X33.0192Y60.9037
G00 Z3.0000
G00 X33.7656Y62.1597
G01 Z-0.2000
G01 X33.7838Y62.1682
G01 X33.7983Y62.1740
G01 X33.8999Y62.2104
G01 X33.9197Y62.2163
G01 X33.9742Y62.2300
G01 X33.9197Y62.2437
G01 X33.8999Y62.2496
G01 X33.7983Y62.2860
G01 X33.7677Y62.2994
G01 X33.7725Y62.2675
G01 X33.7742Y62.2344
G01 X33.7725Y62.2012
G01 X33.7695Y62.1791
G01 X33.7656Y62.1597
G00 Z3.0000
G00 X34.8035Y62.2700
G01 Z-0.2000
G01 X34.7844Y62.2871
G01 X34.7370Y62.2700
G01 X34.8035Y62.2700
G00 Z3.0000
G00 X34.7992Y62.3817
G01 Z-0.2000
G01 X34.7547Y62.3613
G01 X34.6467Y62.3228
G01 X34.5328Y62.2942
G01 X34.4108Y62.2759
G01 X34.2900Y62.2700
G01 X34.1692Y62.2759
G01 X34.0472Y62.2942
G01 X33.9333Y62.3228
G01 X33.8253Y62.3613
G01 X33.8135Y62.3662
G01 X33.7133Y62.4136
G01 X33.6068Y62.4772
G01 X33.5076Y62.5510
G01 X33.4203Y62.6303
G01 X33.3410Y62.7176
G01 X33.2672Y62.8168
G01 X33.2036Y62.9233
G01 X33.1549Y63.0262
G01 X33.1128Y63.1433
G01 X33.0842Y63.2572
G01 X33.0659Y63.3792
G01 X33.0600Y63.5000
G01 X33.0659Y63.6208
G01 X33.0842Y63.7428
G01 X33.1128Y63.8567
G01 X33.1549Y63.9738
G01 X33.2036Y64.0767
G01 X33.2672Y64.1832
G01 X33.3410Y64.2824
G01 X33.4203Y64.3697
G01 X33.5076Y64.4490
G01 X33.6068Y64.5228
G01 X33.7133Y64.5864
G01 X33.8163Y64.6351
G01 X33.9333Y64.6772
G01 X34.0472Y64.7058
G01 X34.1692Y64.7241
G01 X34.2900Y64.7300
G01 X34.4108Y64.7241
G01 X34.5328Y64.7058
G01 X34.6467Y64.6772
G01 X34.7547Y64.6387
G01 X34.7665Y64.6338
G01 X34.8667Y64.5864
G01 X34.9732Y64.5228
G01 X35.0724Y64.4490
G01 X35.1597Y64.3697
G01 X35.1870Y64.3399
G01 X35.2648Y64.3117
G01 X35.3341Y64.2790
G01 X35.3454Y64.2729
G01 X35.4085Y64.2351
G01 X35.4191Y64.2280
G01 X35.4854Y64.1785
G01 X35.5426Y64.1267
G01 X35.7795Y63.8900
G01 X46.2100Y63.8900
G01 X46.2964Y63.8858
G01 X46.3845Y63.8725
G01 X46.4593Y63.8538
G01 X46.4715Y63.8501
G01 X46.5498Y63.8217
G01 X46.6217Y63.7877
G01 X46.6935Y63.7451
G01 X46.7041Y63.7380
G01 X46.7704Y63.6885
G01 X46.8322Y63.6323
G01 X48.2751Y62.1894
G01 X48.3808Y62.1841
G01 X48.5028Y62.1658
G01 X48.6167Y62.1372
G01 X48.7338Y62.0951
G01 X48.8367Y62.0464
G01 X48.9432Y61.9828
G01 X49.0424Y61.9090
G01 X49.1297Y61.8297
G01 X49.2090Y61.7424
G01 X49.2790Y61.6486
G01 X49.2861Y61.6380
G01 X49.3464Y61.5367
G01 X49.3938Y61.4365
G01 X49.3987Y61.4247
G01 X49.4350Y61.3231
G01 X49.4387Y61.3109
G01 X49.4658Y61.2028
G01 X49.4841Y61.0808
G01 X49.4900Y60.9600
G01 X49.4841Y60.8392
G01 X49.4658Y60.7172
G01 X49.4372Y60.6033
G01 X49.3951Y60.4863
G01 X49.3464Y60.3833
G01 X49.2828Y60.2768
G01 X49.2090Y60.1776
G01 X49.1297Y60.0903
G01 X49.0424Y60.0110
G01 X48.9432Y59.9372
G01 X48.8367Y59.8736
G01 X48.7338Y59.8249
G01 X48.6167Y59.7828
G01 X48.5028Y59.7542
G01 X48.3808Y59.7359
G01 X48.2600Y59.7300
G01 X48.1458Y59.7355
G01 X48.1331Y59.7367
G01 X48.0172Y59.7542
G01 X47.9033Y59.7828
G01 X47.7863Y59.8249
G01 X47.6859Y59.8724
G01 X47.6746Y59.8784
G01 X47.5820Y59.9339
G01 X47.5714Y59.9410
G01 X47.4776Y60.0110
G01 X47.3903Y60.0903
G01 X47.3110Y60.1776
G01 X47.2372Y60.2768
G01 X47.1736Y60.3833
G01 X47.1249Y60.4862
G01 X47.0828Y60.6033
G01 X47.0542Y60.7172
G01 X47.0359Y60.8392
G01 X47.0306Y60.9449
G01 X45.8455Y62.1300
G01 X39.1122Y62.1300
G01 X39.2087Y62.0951
G01 X39.3117Y62.0464
G01 X39.4182Y61.9828
G01 X39.5103Y61.9147
G01 X39.5201Y61.9066
G01 X39.6001Y61.8341
G01 X39.6091Y61.8251
G01 X39.6840Y61.7424
G01 X39.7540Y61.6486
G01 X39.7611Y61.6380
G01 X39.8166Y61.5454
G01 X39.8226Y61.5341
G01 X39.8701Y61.4337
G01 X39.9122Y61.3167
G01 X39.9400Y61.2062
G01 X39.9425Y61.1937
G01 X39.9591Y61.0808
G01 X39.9648Y60.9664
G01 X39.9648Y60.9536
G01 X39.9595Y60.8458
G01 X39.9583Y60.8331
G01 X39.9408Y60.7172
G01 X39.9122Y60.6033
G01 X39.8737Y60.4953
G01 X39.8688Y60.4835
G01 X39.8214Y60.3833
G01 X39.7578Y60.2768
G01 X39.6897Y60.1847
G01 X39.6816Y60.1749
G01 X39.6047Y60.0903
G01 X39.5174Y60.0110
G01 X39.4236Y59.9410
G01 X39.4130Y59.9339
G01 X39.3117Y59.8736
G01 X39.2087Y59.8249
G01 X39.0917Y59.7828
G01 X38.9778Y59.7542
G01 X38.8558Y59.7359
G01 X38.7350Y59.7300
G01 X34.2900Y59.7300
G01 X34.1692Y59.7359
G01 X34.0472Y59.7542
G01 X33.9333Y59.7828
G01 X33.8253Y59.8213
G01 X33.8135Y59.8262
G01 X33.7133Y59.8736
G01 X33.6068Y59.9372
G01 X33.5076Y60.0110
G01 X33.4203Y60.0903
G01 X33.3410Y60.1776
G01 X33.2672Y60.2768
G01 X33.2036Y60.3833
G01 X33.1549Y60.4862
G01 X33.1128Y60.6033
G01 X33.0842Y60.7172
G01 X33.0659Y60.8392
G01 X33.0600Y60.9600
G01 X33.0659Y61.0808
G01 X33.0842Y61.2028
G01 X33.1128Y61.3167
G01 X33.1513Y61.4247
G01 X33.1562Y61.4365
G01 X33.2036Y61.5367
G01 X33.2672Y61.6432
G01 X33.3410Y61.7424
G01 X33.4203Y61.8297
G01 X33.5076Y61.9090
G01 X33.6068Y61.9828
G01 X33.7133Y62.0464
G01 X33.8135Y62.0938
G01 X33.8253Y62.0987
G01 X33.9333Y62.1372
G01 X34.0438Y62.1650
G01 X34.0563Y62.1675
G01 X34.1631Y62.1833
G01 X34.1758Y62.1845
G01 X34.2900Y62.1900
G01 X35.0973Y62.1900
G01 X35.0752Y62.1983
G01 X35.0033Y62.2323
G01 X34.9262Y62.2782
G01 X34.8546Y62.3315
G01 X34.7992Y62.3817
G00 Z3.0000
G00 X34.8157Y62.4780
G01 Z-0.2000
G01 X34.8511Y62.4426
G01 X34.9067Y62.3923
G01 X34.9685Y62.3462
G01 X35.0391Y62.3038
G01 X35.1077Y62.2714
G01 X35.1829Y62.2444
G01 X35.2578Y62.2256
G01 X35.3365Y62.2139
G01 X35.4150Y62.2100
G01 X45.8786Y62.2100
G01 X47.1108Y60.9778
G01 X47.1101Y60.9575
G01 X47.1155Y60.8472
G01 X47.1323Y60.7346
G01 X47.1595Y60.6263
G01 X47.1980Y60.5187
G01 X47.2452Y60.4191
G01 X47.3038Y60.3211
G01 X47.3717Y60.2296
G01 X47.4451Y60.1486
G01 X47.5324Y60.0695
G01 X47.6211Y60.0038
G01 X47.7201Y59.9447
G01 X47.8187Y59.8980
G01 X47.9263Y59.8595
G01 X48.0346Y59.8323
G01 X48.1472Y59.8155
G01 X48.2600Y59.8100
G01 X48.3728Y59.8155
G01 X48.4854Y59.8323
G01 X48.5937Y59.8595
G01 X48.7013Y59.8980
G01 X48.8009Y59.9452
G01 X48.8989Y60.0038
G01 X48.9904Y60.0717
G01 X49.0732Y60.1468
G01 X49.1483Y60.2296
G01 X49.2162Y60.3211
G01 X49.2748Y60.4191
G01 X49.3220Y60.5187
G01 X49.3605Y60.6263
G01 X49.3877Y60.7346
G01 X49.4045Y60.8472
G01 X49.4100Y60.9600
G01 X49.4042Y61.0752
G01 X49.3877Y61.1854
G01 X49.3611Y61.2915
G01 X49.3233Y61.3978
G01 X49.2748Y61.5009
G01 X49.2162Y61.5989
G01 X49.1483Y61.6904
G01 X49.0714Y61.7749
G01 X48.9904Y61.8483
G01 X48.8989Y61.9162
G01 X48.8009Y61.9748
G01 X48.7013Y62.0220
G01 X48.5937Y62.0605
G01 X48.4854Y62.0877
G01 X48.3728Y62.1045
G01 X48.2625Y62.1099
G01 X48.2422Y62.1092
G01 X46.7757Y63.5757
G01 X46.7183Y63.6277
G01 X46.6524Y63.6765
G01 X46.5859Y63.7162
G01 X46.5173Y63.7486
G01 X46.4399Y63.7762
G01 X46.3672Y63.7944
G01 X46.2885Y63.8062
G01 X46.2100Y63.8100
G01 X35.7464Y63.8100
G01 X35.4889Y64.0674
G01 X35.4333Y64.1177
G01 X35.3715Y64.1638
G01 X35.3009Y64.2062
G01 X35.2334Y64.2381
G01 X35.1596Y64.2648
G01 X35.1432Y64.2691
G01 X35.1032Y64.3132
G01 X35.0176Y64.3905
G01 X34.9289Y64.4562
G01 X34.8342Y64.5130
G01 X34.7313Y64.5620
G01 X34.6262Y64.5997
G01 X34.5154Y64.6277
G01 X34.4028Y64.6445
G01 X34.2900Y64.6500
G01 X34.1772Y64.6445
G01 X34.0646Y64.6277
G01 X33.9563Y64.6005
G01 X33.8487Y64.5620
G01 X33.7491Y64.5148
G01 X33.6511Y64.4562
G01 X33.5596Y64.3883
G01 X33.4768Y64.3132
G01 X33.4017Y64.2304
G01 X33.3338Y64.1389
G01 X33.2752Y64.0409
G01 X33.2280Y63.9413
G01 X33.1895Y63.8337
G01 X33.1623Y63.7254
G01 X33.1455Y63.6128
G01 X33.1400Y63.5000
G01 X33.1455Y63.3872
G01 X33.1623Y63.2746
G01 X33.1895Y63.1663
G01 X33.2280Y63.0587
G01 X33.2752Y62.9591
G01 X33.3338Y62.8611
G01 X33.4017Y62.7696
G01 X33.4768Y62.6868
G01 X33.5596Y62.6117
G01 X33.6511Y62.5438
G01 X33.7491Y62.4852
G01 X33.8487Y62.4380
G01 X33.9563Y62.3995
G01 X34.0646Y62.3723
G01 X34.1772Y62.3555
G01 X34.2900Y62.3500
G01 X34.4028Y62.3555
G01 X34.5154Y62.3723
G01 X34.6237Y62.3995
G01 X34.7313Y62.4380
G01 X34.8157Y62.4780
G00 Z3.0000
G00 X38.7350Y59.8100
G01 Z-0.2000
G01 X38.8478Y59.8155
G01 X38.9604Y59.8323
G01 X39.0687Y59.8595
G01 X39.1728Y59.8967
G01 X39.2792Y59.9470
G01 X39.3739Y60.0038
G01 X39.4664Y60.0726
G01 X39.5482Y60.1468
G01 X39.6233Y60.2296
G01 X39.6912Y60.3211
G01 X39.7498Y60.4191
G01 X39.7970Y60.5187
G01 X39.8355Y60.6263
G01 X39.8627Y60.7346
G01 X39.8792Y60.8448
G01 X39.8849Y60.9625
G01 X39.8795Y61.0728
G01 X39.8624Y61.1867
G01 X39.8355Y61.2937
G01 X39.7970Y61.4013
G01 X39.7498Y61.5009
G01 X39.6912Y61.5989
G01 X39.6233Y61.6904
G01 X39.5482Y61.7732
G01 X39.4654Y61.8483
G01 X39.3759Y61.9148
G01 X39.2759Y61.9748
G01 X39.1773Y62.0215
G01 X39.0665Y62.0611
G01 X38.9604Y62.0877
G01 X38.8502Y62.1042
G01 X38.7350Y62.1100
G01 X34.2900Y62.1100
G01 X34.1748Y62.1042
G01 X34.0646Y62.0877
G01 X33.9585Y62.0611
G01 X33.8487Y62.0220
G01 X33.7491Y61.9748
G01 X33.6532Y61.9175
G01 X33.5596Y61.8483
G01 X33.4768Y61.7732
G01 X33.4026Y61.6914
G01 X33.3338Y61.5989
G01 X33.2752Y61.5009
G01 X33.2285Y61.4023
G01 X33.1889Y61.2915
G01 X33.1623Y61.1854
G01 X33.1455Y61.0728
G01 X33.1400Y60.9600
G01 X33.1455Y60.8472
G01 X33.1623Y60.7346
G01 X33.1895Y60.6263
G01 X33.2280Y60.5187
G01 X33.2752Y60.4191
G01 X33.3338Y60.3211
G01 X33.4017Y60.2296
G01 X33.4768Y60.1468
G01 X33.5596Y60.0717
G01 X33.6511Y60.0038
G01 X33.7491Y59.9452
G01 X33.8487Y59.8980
G01 X33.9585Y59.8589
G01 X34.0646Y59.8323
G01 X34.1748Y59.8158
G01 X34.2900Y59.8100
G01 X38.7350Y59.8100
G00 Z3.0000
G00 X39.6591Y61.8884
G01 Z-0.2000
G01 X39.6621Y61.9050
G01 X39.6689Y61.9316
G01 X39.6823Y61.9681
G01 X39.6916Y61.9878
G01 X39.7056Y62.0124
G01 X39.7171Y62.0296
G01 X39.7329Y62.0500
G01 X39.4616Y62.0500
G01 X39.5579Y61.9790
G01 X39.5695Y61.9698
G01 X39.6591Y61.8884
G00 Z3.0000
G00 X38.2621Y52.4600
G01 Z-0.2000
G01 X37.7100Y52.4600
G01 X37.7100Y51.9079
G01 X37.7356Y51.9620
G01 X37.7416Y51.9732
G01 X37.7954Y52.0627
G01 X37.8633Y52.1540
G01 X37.9360Y52.2340
G01 X38.0160Y52.3067
G01 X38.1073Y52.3746
G01 X38.1968Y52.4284
G01 X38.2080Y52.4344
G01 X38.2621Y52.4600
G00 Z3.0000
G00 X37.9800Y52.3800
G01 Z-0.2000
G01 X37.7900Y52.3800
G01 X37.7900Y52.1900
G01 X37.8064Y52.2104
G01 X37.8794Y52.2906
G01 X37.9596Y52.3636
G01 X37.9800Y52.3800
G00 Z3.0000
G00 X37.7300Y51.1309
G01 Z-0.2000
G01 X37.7300Y38.0864
G01 X36.2643Y36.6207
G01 X36.2116Y36.5625
G01 X36.1662Y36.5014
G01 X36.1618Y36.4946
G01 X36.0996Y36.4483
G01 X36.0186Y36.3749
G01 X35.9417Y36.2904
G01 X35.8725Y36.1968
G01 X35.8152Y36.1009
G01 X35.7680Y36.0013
G01 X35.7295Y35.8937
G01 X35.7026Y35.7867
G01 X35.6854Y35.6703
G01 X35.6800Y35.5600
G01 X35.6801Y34.2875
G01 X35.6855Y34.1772
G01 X35.7023Y34.0646
G01 X35.7295Y33.9563
G01 X35.7680Y33.8487
G01 X35.8152Y33.7491
G01 X35.8725Y33.6532
G01 X35.9417Y33.5596
G01 X36.0186Y33.4751
G01 X36.0996Y33.4017
G01 X36.1891Y33.3352
G01 X36.2891Y33.2752
G01 X36.3922Y33.2267
G01 X36.4963Y33.1895
G01 X36.6033Y33.1626
G01 X36.7197Y33.1454
G01 X36.8300Y33.1400
G01 X36.9403Y33.1454
G01 X37.0554Y33.1623
G01 X37.1662Y33.1903
G01 X37.2713Y33.2280
G01 X37.3709Y33.2752
G01 X37.4709Y33.3352
G01 X37.5604Y33.4017
G01 X37.6432Y33.4768
G01 X37.7205Y33.5624
G01 X37.7862Y33.6511
G01 X37.8430Y33.7458
G01 X37.8920Y33.8487
G01 X37.9311Y33.9585
G01 X37.9577Y34.0646
G01 X37.9742Y34.1748
G01 X37.9800Y34.2900
G01 X37.9800Y35.5600
G01 X37.9746Y35.6703
G01 X37.9574Y35.7867
G01 X37.9305Y35.8937
G01 X37.8962Y35.9898
G01 X39.0957Y37.1893
G01 X39.1477Y37.2467
G01 X39.1965Y37.3126
G01 X39.2355Y37.3779
G01 X39.2691Y37.4488
G01 X39.2956Y37.5228
G01 X39.3141Y37.5965
G01 X39.3263Y37.6790
G01 X39.3300Y37.7550
G01 X39.3300Y50.5705
G01 X39.4019Y50.6240
G01 X39.4775Y50.6925
G01 X39.5460Y50.7681
G01 X39.6066Y50.8496
G01 X39.6621Y50.9422
G01 X39.7046Y51.0320
G01 X39.7390Y51.1279
G01 X39.7652Y51.2326
G01 X39.7799Y51.3320
G01 X39.7850Y51.4350
G01 X39.7796Y51.5404
G01 X39.7646Y51.6409
G01 X39.7398Y51.7397
G01 X39.7046Y51.8380
G01 X39.6616Y51.9288
G01 X39.6081Y52.0183
G01 X39.5460Y52.1019
G01 X39.4775Y52.1775
G01 X39.4019Y52.2460
G01 X39.3183Y52.3081
G01 X39.2288Y52.3616
G01 X39.1380Y52.4046
G01 X39.0397Y52.4398
G01 X38.9409Y52.4646
G01 X38.8380Y52.4799
G01 X38.7350Y52.4850
G01 X38.6320Y52.4799
G01 X38.5291Y52.4646
G01 X38.4303Y52.4398
G01 X38.3320Y52.4046
G01 X38.2412Y52.3616
G01 X38.1517Y52.3081
G01 X38.0681Y52.2460
G01 X37.9925Y52.1775
G01 X37.9240Y52.1019
G01 X37.8619Y52.0183
G01 X37.8084Y51.9288
G01 X37.7654Y51.8380
G01 X37.7302Y51.7397
G01 X37.7054Y51.6409
G01 X37.6901Y51.5380
G01 X37.6850Y51.4350
G01 X37.6901Y51.3320
G01 X37.7054Y51.2291
G01 X37.7300Y51.1309
G00 Z3.0000
G00 X39.6351Y52.2419
G01 Z-0.2000
G01 X39.6403Y52.2616
G01 X39.6479Y52.2836
G01 X39.6537Y52.2981
G01 X39.6630Y52.3178
G01 X39.6824Y52.3509
G01 X39.7042Y52.3800
G01 X39.4900Y52.3800
G01 X39.5104Y52.3636
G01 X39.5831Y52.2977
G01 X39.5977Y52.2831
G01 X39.6351Y52.2419
G00 Z3.0000
G00 X23.0761Y44.5273
G01 Z-0.2000
G01 X21.0243Y42.4757
G01 X20.9723Y42.4183
G01 X20.9248Y42.3544
G01 X20.8838Y42.2859
G01 X20.8500Y42.2139
G01 X20.8244Y42.1421
G01 X20.8059Y42.0685
G01 X20.7942Y41.9908
G01 X20.7900Y41.9100
G01 X20.7900Y41.3191
G01 X20.7768Y41.3042
G01 X20.7156Y41.2213
G01 X20.6634Y41.1338
G01 X20.6204Y41.0430
G01 X20.5852Y40.9447
G01 X20.5607Y40.8472
G01 X20.5454Y40.7454
G01 X20.5441Y40.7255
G01 X17.7978Y37.9792
G01 X17.7775Y37.9799
G01 X17.6672Y37.9745
G01 X17.5533Y37.9574
G01 X17.4463Y37.9305
G01 X17.3422Y37.8933
G01 X17.2391Y37.8448
G01 X17.1411Y37.7862
G01 X17.0486Y37.7174
G01 X16.9668Y37.6432
G01 X16.8926Y37.5614
G01 X16.8238Y37.4689
G01 X16.7652Y37.3709
G01 X16.7180Y37.2713
G01 X16.6795Y37.1637
G01 X16.6523Y37.0554
G01 X16.6355Y36.9428
G01 X16.6300Y36.8300
G01 X16.6355Y36.7172
G01 X16.6523Y36.6046
G01 X16.6795Y36.4963
G01 X16.7180Y36.3887
G01 X16.7652Y36.2891
G01 X16.8238Y36.1911
G01 X16.8917Y36.0996
G01 X16.9668Y36.0168
G01 X17.0496Y35.9417
G01 X17.1411Y35.8738
G01 X17.2391Y35.8152
G01 X17.3377Y35.7685
G01 X17.4463Y35.7295
G01 X17.5546Y35.7023
G01 X17.6648Y35.6858
G01 X17.7825Y35.6801
G01 X17.8928Y35.6855
G01 X18.0054Y35.7023
G01 X18.1137Y35.7295
G01 X18.2178Y35.7667
G01 X18.3242Y35.8170
G01 X18.4189Y35.8738
G01 X18.5076Y35.9395
G01 X18.5932Y36.0168
G01 X18.6705Y36.1024
G01 X18.7362Y36.1911
G01 X18.7930Y36.2858
G01 X18.8415Y36.3877
G01 X18.8805Y36.4963
G01 X18.9077Y36.6046
G01 X18.9245Y36.7172
G01 X18.9299Y36.8275
G01 X18.9292Y36.8478
G01 X21.6755Y39.5941
G01 X21.6954Y39.5954
G01 X21.7972Y39.6107
G01 X21.8947Y39.6352
G01 X21.9941Y39.6709
G01 X22.0838Y39.7134
G01 X22.1733Y39.7669
G01 X22.2569Y39.8290
G01 X22.3342Y39.8993
G01 X22.4010Y39.9731
G01 X22.4631Y40.0567
G01 X22.5166Y40.1462
G01 X22.5596Y40.2370
G01 X22.5948Y40.3353
G01 X22.6196Y40.4341
G01 X22.6349Y40.5370
G01 X22.6399Y40.6375
G01 X22.6349Y40.7430
G01 X22.6196Y40.8459
G01 X22.5948Y40.9447
G01 X22.5610Y41.0395
G01 X22.5166Y41.1338
G01 X22.4644Y41.2213
G01 X22.4032Y41.3042
G01 X22.3900Y41.3191
G01 X22.3900Y41.5786
G01 X23.9714Y43.1600
G01 X32.4026Y43.1600
G01 X33.2235Y42.3391
G01 X33.1895Y42.2437
G01 X33.1623Y42.1354
G01 X33.1455Y42.0228
G01 X33.1400Y41.9100
G01 X33.1455Y41.7972
G01 X33.1623Y41.6846
G01 X33.1895Y41.5763
G01 X33.2267Y41.4722
G01 X33.2770Y41.3658
G01 X33.3338Y41.2711
G01 X33.4026Y41.1786
G01 X33.4768Y41.0968
G01 X33.5596Y41.0217
G01 X33.6511Y40.9538
G01 X33.7491Y40.8952
G01 X33.8522Y40.8467
G01 X33.9563Y40.8095
G01 X34.0633Y40.7826
G01 X34.1772Y40.7655
G01 X34.2900Y40.7600
G01 X34.4028Y40.7655
G01 X34.5167Y40.7826
G01 X34.6237Y40.8095
G01 X34.7278Y40.8467
G01 X34.8299Y40.8947
G01 X34.9289Y40.9538
G01 X35.0204Y41.0217
G01 X35.1032Y41.0968
G01 X35.1805Y41.1824
G01 X35.2462Y41.2711
G01 X35.3030Y41.3658
G01 X35.3515Y41.4677
G01 X35.3905Y41.5763
G01 X35.4177Y41.6846
G01 X35.4345Y41.7972
G01 X35.4400Y41.9100
G01 X35.4345Y42.0228
G01 X35.4174Y42.1367
G01 X35.3905Y42.2437
G01 X35.3533Y42.3478
G01 X35.3053Y42.4499
G01 X35.2462Y42.5489
G01 X35.1783Y42.6404
G01 X35.1014Y42.7249
G01 X35.0204Y42.7983
G01 X34.9571Y42.8453
G01 X34.9077Y42.9123
G01 X34.8557Y42.9697
G01 X33.2979Y44.5274
G01 X33.2423Y44.5777
G01 X33.1805Y44.6238
G01 X33.1099Y44.6662
G01 X33.0413Y44.6986
G01 X32.9686Y44.7248
G01 X32.8912Y44.7444
G01 X32.8125Y44.7561
G01 X32.7340Y44.7600
G01 X23.6400Y44.7600
G01 X23.5615Y44.7561
G01 X23.4828Y44.7444
G01 X23.4079Y44.7256
G01 X23.3327Y44.6986
G01 X23.2641Y44.6662
G01 X23.1956Y44.6252
G01 X23.1317Y44.5777
G01 X23.0761Y44.5273
G00 Z3.0000
G00 X48.3000Y19.9330
G01 Z-0.2000
G01 X48.3000Y19.4970
G01 X48.3218Y19.5562
G01 X48.3700Y19.6583
G01 X48.3798Y19.6765
G01 X48.4407Y19.7776
G01 X48.4980Y19.8554
G01 X48.4719Y19.8577
G01 X48.4451Y19.8622
G01 X48.4184Y19.8691
G01 X48.3964Y19.8766
G01 X48.3663Y19.8897
G01 X48.3481Y19.8995
G01 X48.3291Y19.9112
G01 X48.3000Y19.9330
G00 Z3.0000
G00 X50.7273Y19.5794
G01 Z-0.2000
G01 X50.7382Y19.5562
G01 X50.7440Y19.5417
G01 X50.7804Y19.4401
G01 X50.7863Y19.4203
G01 X50.8000Y19.3658
G01 X50.8137Y19.4203
G01 X50.8196Y19.4401
G01 X50.8560Y19.5417
G01 X50.8618Y19.5562
G01 X50.8727Y19.5794
G01 X50.8552Y19.5760
G01 X50.8331Y19.5730
G01 X50.8000Y19.5714
G01 X50.7669Y19.5730
G01 X50.7448Y19.5760
G01 X50.7273Y19.5794
G00 Z3.0000
G00 X50.8000Y17.4642
G01 Z-0.2000
G01 X50.7863Y17.4097
G01 X50.7804Y17.3899
G01 X50.7440Y17.2883
G01 X50.7382Y17.2738
G01 X50.7273Y17.2506
G01 X50.7448Y17.2540
G01 X50.7669Y17.2570
G01 X50.8000Y17.2586
G01 X50.8331Y17.2570
G01 X50.8552Y17.2540
G01 X50.8727Y17.2506
G01 X50.8618Y17.2738
G01 X50.8560Y17.2883
G01 X50.8196Y17.3899
G01 X50.8137Y17.4097
G01 X50.8000Y17.4642
G00 Z3.0000
G00 X52.0675Y16.6301
G01 Z-0.2000
G01 X52.1828Y16.6355
G01 X52.2954Y16.6523
G01 X52.4037Y16.6795
G01 X52.5113Y16.7180
G01 X52.6109Y16.7652
G01 X52.7089Y16.8238
G01 X52.8004Y16.8917
G01 X52.8832Y16.9668
G01 X52.9583Y17.0496
G01 X53.0262Y17.1411
G01 X53.0848Y17.2391
G01 X53.1320Y17.3387
G01 X53.1705Y17.4463
G01 X53.1977Y17.5546
G01 X53.2145Y17.6672
G01 X53.2200Y17.7800
G01 X53.2200Y19.0500
G01 X53.2146Y19.1603
G01 X53.1977Y19.2754
G01 X53.1705Y19.3837
G01 X53.1320Y19.4913
G01 X53.0853Y19.5899
G01 X53.0262Y19.6889
G01 X52.9574Y19.7814
G01 X52.8832Y19.8632
G01 X52.8014Y19.9374
G01 X52.7068Y20.0075
G01 X52.6109Y20.0648
G01 X52.5123Y20.1115
G01 X52.4037Y20.1505
G01 X52.2954Y20.1777
G01 X52.1852Y20.1942
G01 X52.0700Y20.2000
G01 X51.9572Y20.1945
G01 X51.8446Y20.1777
G01 X51.7363Y20.1505
G01 X51.6287Y20.1120
G01 X51.5291Y20.0648
G01 X51.4311Y20.0062
G01 X51.3396Y19.9383
G01 X51.2568Y19.8632
G01 X51.1817Y19.7804
G01 X51.1138Y19.6889
G01 X51.0552Y19.5909
G01 X51.0080Y19.4913
G01 X50.9695Y19.3837
G01 X50.9423Y19.2754
G01 X50.9255Y19.1628
G01 X50.9200Y19.0500
G01 X50.9200Y17.7800
G01 X50.9254Y17.6697
G01 X50.9423Y17.5546
G01 X50.9695Y17.4463
G01 X51.0080Y17.3387
G01 X51.0547Y17.2401
G01 X51.1138Y17.1411
G01 X51.1826Y17.0486
G01 X51.2568Y16.9668
G01 X51.3386Y16.8926
G01 X51.4332Y16.8225
G01 X51.5291Y16.7652
G01 X51.6277Y16.7185
G01 X51.7363Y16.6795
G01 X51.8481Y16.6517
G01 X51.9572Y16.6355
G01 X52.0675Y16.6301
G00 Z3.0000
G00 X52.0636Y16.5502
G01 Z-0.2000
G01 X51.9492Y16.5559
G01 X51.8363Y16.5725
G01 X51.8238Y16.5750
G01 X51.7133Y16.6028
G01 X51.6053Y16.6413
G01 X51.5935Y16.6462
G01 X51.4933Y16.6936
G01 X51.3920Y16.7539
G01 X51.3814Y16.7610
G01 X51.2876Y16.8310
G01 X51.2049Y16.9059
G01 X51.1959Y16.9149
G01 X51.1210Y16.9976
G01 X51.0510Y17.0914
G01 X51.0439Y17.1020
G01 X50.9836Y17.2033
G01 X50.9349Y17.3063
G01 X50.8928Y17.4233
G01 X50.8642Y17.5372
G01 X50.8459Y17.6592
G01 X50.8400Y17.7800
G01 X50.8400Y19.0500
G01 X50.8459Y19.1708
G01 X50.8642Y19.2928
G01 X50.8928Y19.4067
G01 X50.9349Y19.5237
G01 X50.9836Y19.6267
G01 X51.0472Y19.7332
G01 X51.1210Y19.8324
G01 X51.2003Y19.9197
G01 X51.2876Y19.9990
G01 X51.3868Y20.0728
G01 X51.4933Y20.1364
G01 X51.5963Y20.1851
G01 X51.7133Y20.2272
G01 X51.8272Y20.2558
G01 X51.9492Y20.2741
G01 X52.0700Y20.2800
G01 X52.1842Y20.2745
G01 X52.1969Y20.2733
G01 X52.3128Y20.2558
G01 X52.4267Y20.2272
G01 X52.5347Y20.1887
G01 X52.5465Y20.1838
G01 X52.6467Y20.1364
G01 X52.7480Y20.0761
G01 X52.7586Y20.0690
G01 X52.8524Y19.9990
G01 X52.9351Y19.9241
G01 X52.9441Y19.9151
G01 X53.0190Y19.8324
G01 X53.0890Y19.7386
G01 X53.0961Y19.7280
G01 X53.1564Y19.6267
G01 X53.2051Y19.5237
G01 X53.2472Y19.4067
G01 X53.2758Y19.2928
G01 X53.2941Y19.1708
G01 X53.3000Y19.0500
G01 X53.3000Y17.7800
G01 X53.2941Y17.6592
G01 X53.2758Y17.5372
G01 X53.2472Y17.4233
G01 X53.2051Y17.3063
G01 X53.1564Y17.2033
G01 X53.0928Y17.0968
G01 X53.0190Y16.9976
G01 X52.9397Y16.9103
G01 X52.8524Y16.8310
G01 X52.7532Y16.7572
G01 X52.6467Y16.6936
G01 X52.5438Y16.6449
G01 X52.4267Y16.6028
G01 X52.3128Y16.5742
G01 X52.1908Y16.5559
G01 X52.0764Y16.5502
G01 X52.0636Y16.5502
G00 Z3.0000
G00 X53.2673Y17.2506
G01 Z-0.2000
G01 X53.2848Y17.2540
G01 X53.3069Y17.2570
G01 X53.3400Y17.2586
G01 X53.3731Y17.2570
G01 X53.3952Y17.2540
G01 X53.4127Y17.2506
G01 X53.4018Y17.2738
G01 X53.3960Y17.2883
G01 X53.3596Y17.3899
G01 X53.3537Y17.4097
G01 X53.3400Y17.4642
G01 X53.3263Y17.4097
G01 X53.3204Y17.3899
G01 X53.2840Y17.2883
G01 X53.2782Y17.2738
G01 X53.2673Y17.2506
G00 Z3.0000
G00 X54.6075Y16.6301
G01 Z-0.2000
G01 X54.7228Y16.6355
G01 X54.8354Y16.6523
G01 X54.9437Y16.6795
G01 X55.0513Y16.7180
G01 X55.1509Y16.7652
G01 X55.2489Y16.8238
G01 X55.3404Y16.8917
G01 X55.4232Y16.9668
G01 X55.4983Y17.0496
G01 X55.5662Y17.1411
G01 X55.6248Y17.2391
G01 X55.6720Y17.3387
G01 X55.7105Y17.4463
G01 X55.7377Y17.5546
G01 X55.7545Y17.6672
G01 X55.7600Y17.7800
G01 X55.7600Y19.0500
G01 X55.7546Y19.1603
G01 X55.7377Y19.2754
G01 X55.7105Y19.3837
G01 X55.6720Y19.4913
G01 X55.6253Y19.5899
G01 X55.5662Y19.6889
G01 X55.4974Y19.7814
G01 X55.4232Y19.8632
G01 X55.3414Y19.9374
G01 X55.2468Y20.0075
G01 X55.1509Y20.0648
G01 X55.0523Y20.1115
G01 X54.9437Y20.1505
G01 X54.8354Y20.1777
G01 X54.7252Y20.1942
G01 X54.6100Y20.2000
G01 X54.4972Y20.1945
G01 X54.3846Y20.1777
G01 X54.2763Y20.1505
G01 X54.1687Y20.1120
G01 X54.0691Y20.0648
G01 X53.9711Y20.0062
G01 X53.8796Y19.9383
G01 X53.7968Y19.8632
G01 X53.7217Y19.7804
G01 X53.6538Y19.6889
G01 X53.5952Y19.5909
G01 X53.5480Y19.4913
G01 X53.5095Y19.3837
G01 X53.4823Y19.2754
G01 X53.4655Y19.1628
G01 X53.4600Y19.0500
G01 X53.4600Y17.7800
G01 X53.4654Y17.6697
G01 X53.4823Y17.5546
G01 X53.5095Y17.4463
G01 X53.5480Y17.3387
G01 X53.5947Y17.2401
G01 X53.6538Y17.1411
G01 X53.7226Y17.0486
G01 X53.7968Y16.9668
G01 X53.8786Y16.8926
G01 X53.9732Y16.8225
G01 X54.0691Y16.7652
G01 X54.1677Y16.7185
G01 X54.2763Y16.6795
G01 X54.3881Y16.6517
G01 X54.4972Y16.6355
G01 X54.6075Y16.6301
G00 Z3.0000
G00 X54.6036Y16.5502
G01 Z-0.2000
G01 X54.4892Y16.5559
G01 X54.3763Y16.5725
G01 X54.3638Y16.5750
G01 X54.2533Y16.6028
G01 X54.1453Y16.6413
G01 X54.1335Y16.6462
G01 X54.0333Y16.6936
G01 X53.9320Y16.7539
G01 X53.9214Y16.7610
G01 X53.8276Y16.8310
G01 X53.7449Y16.9059
G01 X53.7359Y16.9149
G01 X53.6610Y16.9976
G01 X53.5910Y17.0914
G01 X53.5839Y17.1020
G01 X53.5236Y17.2033
G01 X53.4749Y17.3063
G01 X53.4328Y17.4233
G01 X53.4042Y17.5372
G01 X53.3859Y17.6592
G01 X53.3800Y17.7800
G01 X53.3800Y19.0500
G01 X53.3859Y19.1708
G01 X53.4042Y19.2928
G01 X53.4328Y19.4067
G01 X53.4749Y19.5237
G01 X53.5236Y19.6267
G01 X53.5872Y19.7332
G01 X53.6610Y19.8324
G01 X53.7403Y19.9197
G01 X53.8276Y19.9990
G01 X53.9268Y20.0728
G01 X54.0333Y20.1364
G01 X54.1363Y20.1851
G01 X54.2533Y20.2272
G01 X54.3672Y20.2558
G01 X54.4892Y20.2741
G01 X54.6100Y20.2800
G01 X54.7242Y20.2745
G01 X54.7369Y20.2733
G01 X54.8528Y20.2558
G01 X54.9667Y20.2272
G01 X55.0747Y20.1887
G01 X55.0865Y20.1838
G01 X55.1867Y20.1364
G01 X55.2880Y20.0761
G01 X55.2986Y20.0690
G01 X55.3924Y19.9990
G01 X55.4751Y19.9241
G01 X55.4841Y19.9151
G01 X55.5590Y19.8324
G01 X55.6290Y19.7386
G01 X55.6361Y19.7280
G01 X55.6964Y19.6267
G01 X55.7451Y19.5237
G01 X55.7872Y19.4067
G01 X55.8158Y19.2928
G01 X55.8341Y19.1708
G01 X55.8400Y19.0500
G01 X55.8400Y17.7800
G01 X55.8341Y17.6592
G01 X55.8158Y17.5372
G01 X55.7872Y17.4233
G01 X55.7451Y17.3063
G01 X55.6964Y17.2033
G01 X55.6328Y17.0968
G01 X55.5590Y16.9976
G01 X55.4797Y16.9103
G01 X55.3924Y16.8310
G01 X55.2932Y16.7572
G01 X55.1867Y16.6936
G01 X55.0838Y16.6449
G01 X54.9667Y16.6028
G01 X54.8528Y16.5742
G01 X54.7308Y16.5559
G01 X54.6164Y16.5502
G01 X54.6036Y16.5502
G00 Z3.0000
G00 X55.8073Y17.2506
G01 Z-0.2000
G01 X55.8248Y17.2540
G01 X55.8469Y17.2570
G01 X55.8800Y17.2586
G01 X55.9131Y17.2570
G01 X55.9352Y17.2540
G01 X55.9527Y17.2506
G01 X55.9418Y17.2738
G01 X55.9360Y17.2883
G01 X55.8996Y17.3899
G01 X55.8937Y17.4097
G01 X55.8800Y17.4642
G01 X55.8663Y17.4097
G01 X55.8604Y17.3899
G01 X55.8240Y17.2883
G01 X55.8182Y17.2738
G01 X55.8073Y17.2506
G00 Z3.0000
G00 X57.1475Y16.6301
G01 Z-0.2000
G01 X57.2628Y16.6355
G01 X57.3754Y16.6523
G01 X57.4837Y16.6795
G01 X57.5913Y16.7180
G01 X57.6909Y16.7652
G01 X57.7889Y16.8238
G01 X57.8804Y16.8917
G01 X57.9632Y16.9668
G01 X58.0383Y17.0496
G01 X58.1062Y17.1411
G01 X58.1648Y17.2391
G01 X58.2120Y17.3387
G01 X58.2505Y17.4463
G01 X58.2777Y17.5546
G01 X58.2945Y17.6672
G01 X58.3000Y17.7800
G01 X58.3000Y19.0500
G01 X58.2946Y19.1603
G01 X58.2777Y19.2754
G01 X58.2505Y19.3837
G01 X58.2120Y19.4913
G01 X58.1653Y19.5899
G01 X58.1062Y19.6889
G01 X58.0374Y19.7814
G01 X57.9632Y19.8632
G01 X57.8814Y19.9374
G01 X57.7868Y20.0075
G01 X57.6909Y20.0648
G01 X57.5923Y20.1115
G01 X57.4837Y20.1505
G01 X57.3754Y20.1777
G01 X57.2652Y20.1942
G01 X57.1500Y20.2000
G01 X57.0372Y20.1945
G01 X56.9246Y20.1777
G01 X56.8163Y20.1505
G01 X56.7087Y20.1120
G01 X56.6091Y20.0648
G01 X56.5111Y20.0062
G01 X56.4196Y19.9383
G01 X56.3368Y19.8632
G01 X56.2617Y19.7804
G01 X56.1938Y19.6889
G01 X56.1352Y19.5909
G01 X56.0880Y19.4913
G01 X56.0495Y19.3837
G01 X56.0223Y19.2754
G01 X56.0055Y19.1628
G01 X56.0000Y19.0500
G01 X56.0000Y17.7800
G01 X56.0054Y17.6697
G01 X56.0223Y17.5546
G01 X56.0495Y17.4463
G01 X56.0880Y17.3387
G01 X56.1347Y17.2401
G01 X56.1938Y17.1411
G01 X56.2626Y17.0486
G01 X56.3368Y16.9668
G01 X56.4186Y16.8926
G01 X56.5132Y16.8225
G01 X56.6091Y16.7652
G01 X56.7077Y16.7185
G01 X56.8163Y16.6795
G01 X56.9281Y16.6517
G01 X57.0372Y16.6355
G01 X57.1475Y16.6301
G00 Z3.0000
G00 X57.1436Y16.5502
G01 Z-0.2000
G01 X57.0292Y16.5559
G01 X56.9163Y16.5725
G01 X56.9038Y16.5750
G01 X56.7933Y16.6028
G01 X56.6853Y16.6413
G01 X56.6735Y16.6462
G01 X56.5733Y16.6936
G01 X56.4720Y16.7539
G01 X56.4614Y16.7610
G01 X56.3676Y16.8310
G01 X56.2849Y16.9059
G01 X56.2759Y16.9149
G01 X56.2010Y16.9976
G01 X56.1310Y17.0914
G01 X56.1239Y17.1020
G01 X56.0636Y17.2033
G01 X56.0149Y17.3063
G01 X55.9728Y17.4233
G01 X55.9442Y17.5372
G01 X55.9259Y17.6592
G01 X55.9200Y17.7800
G01 X55.9200Y19.0500
G01 X55.9259Y19.1708
G01 X55.9442Y19.2928
G01 X55.9728Y19.4067
G01 X56.0149Y19.5237
G01 X56.0636Y19.6267
G01 X56.1272Y19.7332
G01 X56.2010Y19.8324
G01 X56.2803Y19.9197
G01 X56.3676Y19.9990
G01 X56.4668Y20.0728
G01 X56.5733Y20.1364
G01 X56.6763Y20.1851
G01 X56.7933Y20.2272
G01 X56.9072Y20.2558
G01 X57.0292Y20.2741
G01 X57.1500Y20.2800
G01 X57.2642Y20.2745
G01 X57.2769Y20.2733
G01 X57.3928Y20.2558
G01 X57.5067Y20.2272
G01 X57.6147Y20.1887
G01 X57.6265Y20.1838
G01 X57.7267Y20.1364
G01 X57.8280Y20.0761
G01 X57.8386Y20.0690
G01 X57.9324Y19.9990
G01 X58.0151Y19.9241
G01 X58.0241Y19.9151
G01 X58.0990Y19.8324
G01 X58.1690Y19.7386
G01 X58.1761Y19.7280
G01 X58.2364Y19.6267
G01 X58.2851Y19.5237
G01 X58.3272Y19.4067
G01 X58.3558Y19.2928
G01 X58.3741Y19.1708
G01 X58.3800Y19.0500
G01 X58.3800Y17.7800
G01 X58.3741Y17.6592
G01 X58.3558Y17.5372
G01 X58.3272Y17.4233
G01 X58.2851Y17.3063
G01 X58.2364Y17.2033
G01 X58.1728Y17.0968
G01 X58.0990Y16.9976
G01 X58.0197Y16.9103
G01 X57.9324Y16.8310
G01 X57.8332Y16.7572
G01 X57.7267Y16.6936
G01 X57.6238Y16.6449
G01 X57.5067Y16.6028
G01 X57.3928Y16.5742
G01 X57.2708Y16.5559
G01 X57.1564Y16.5502
G01 X57.1436Y16.5502
G00 Z3.0000
G00 X58.3473Y17.2506
G01 Z-0.2000
G01 X58.3648Y17.2540
G01 X58.3869Y17.2570
G01 X58.4200Y17.2586
G01 X58.4531Y17.2570
G01 X58.4752Y17.2540
G01 X58.4927Y17.2506
G01 X58.4818Y17.2738
G01 X58.4760Y17.2883
G01 X58.4396Y17.3899
G01 X58.4337Y17.4097
G01 X58.4200Y17.4642
G01 X58.4063Y17.4097
G01 X58.4004Y17.3899
G01 X58.3640Y17.2883
G01 X58.3582Y17.2738
G01 X58.3473Y17.2506
G00 Z3.0000
G00 X59.6875Y16.6301
G01 Z-0.2000
G01 X59.8028Y16.6355
G01 X59.9154Y16.6523
G01 X60.0237Y16.6795
G01 X60.1313Y16.7180
G01 X60.2309Y16.7652
G01 X60.3289Y16.8238
G01 X60.4204Y16.8917
G01 X60.5032Y16.9668
G01 X60.5783Y17.0496
G01 X60.6462Y17.1411
G01 X60.7048Y17.2391
G01 X60.7520Y17.3387
G01 X60.7905Y17.4463
G01 X60.8177Y17.5546
G01 X60.8345Y17.6672
G01 X60.8400Y17.7800
G01 X60.8400Y19.0500
G01 X60.8346Y19.1603
G01 X60.8177Y19.2754
G01 X60.7905Y19.3837
G01 X60.7520Y19.4913
G01 X60.7053Y19.5899
G01 X60.6462Y19.6889
G01 X60.5774Y19.7814
G01 X60.5032Y19.8632
G01 X60.4214Y19.9374
G01 X60.3268Y20.0075
G01 X60.2309Y20.0648
G01 X60.1323Y20.1115
G01 X60.0237Y20.1505
G01 X59.9154Y20.1777
G01 X59.8052Y20.1942
G01 X59.6900Y20.2000
G01 X59.5772Y20.1945
G01 X59.4646Y20.1777
G01 X59.3563Y20.1505
G01 X59.2487Y20.1120
G01 X59.1491Y20.0648
G01 X59.0511Y20.0062
G01 X58.9596Y19.9383
G01 X58.8768Y19.8632
G01 X58.8017Y19.7804
G01 X58.7338Y19.6889
G01 X58.6752Y19.5909
G01 X58.6280Y19.4913
G01 X58.5895Y19.3837
G01 X58.5623Y19.2754
G01 X58.5455Y19.1628
G01 X58.5400Y19.0500
G01 X58.5400Y17.7800
G01 X58.5454Y17.6697
G01 X58.5623Y17.5546
G01 X58.5895Y17.4463
G01 X58.6280Y17.3387
G01 X58.6747Y17.2401
G01 X58.7338Y17.1411
G01 X58.8026Y17.0486
G01 X58.8768Y16.9668
G01 X58.9586Y16.8926
G01 X59.0532Y16.8225
G01 X59.1491Y16.7652
G01 X59.2477Y16.7185
G01 X59.3563Y16.6795
G01 X59.4681Y16.6517
G01 X59.5772Y16.6355
G01 X59.6875Y16.6301
G00 Z3.0000
G00 X59.6836Y16.5502
G01 Z-0.2000
G01 X59.5692Y16.5559
G01 X59.4563Y16.5725
G01 X59.4438Y16.5750
G01 X59.3333Y16.6028
G01 X59.2253Y16.6413
G01 X59.2135Y16.6462
G01 X59.1133Y16.6936
G01 X59.0120Y16.7539
G01 X59.0014Y16.7610
G01 X58.9076Y16.8310
G01 X58.8249Y16.9059
G01 X58.8159Y16.9149
G01 X58.7410Y16.9976
G01 X58.6710Y17.0914
G01 X58.6639Y17.1020
G01 X58.6036Y17.2033
G01 X58.5549Y17.3063
G01 X58.5128Y17.4233
G01 X58.4842Y17.5372
G01 X58.4659Y17.6592
G01 X58.4600Y17.7800
G01 X58.4600Y19.0500
G01 X58.4659Y19.1708
G01 X58.4842Y19.2928
G01 X58.5128Y19.4067
G01 X58.5549Y19.5237
G01 X58.6036Y19.6267
G01 X58.6672Y19.7332
G01 X58.7410Y19.8324
G01 X58.8203Y19.9197
G01 X58.9076Y19.9990
G01 X59.0068Y20.0728
G01 X59.1133Y20.1364
G01 X59.2163Y20.1851
G01 X59.3333Y20.2272
G01 X59.4472Y20.2558
G01 X59.5692Y20.2741
G01 X59.6900Y20.2800
G01 X59.8042Y20.2745
G01 X59.8169Y20.2733
G01 X59.9328Y20.2558
G01 X60.0467Y20.2272
G01 X60.1547Y20.1887
G01 X60.1665Y20.1838
G01 X60.2667Y20.1364
G01 X60.3680Y20.0761
G01 X60.3786Y20.0690
G01 X60.4724Y19.9990
G01 X60.5551Y19.9241
G01 X60.5641Y19.9151
G01 X60.6390Y19.8324
G01 X60.7090Y19.7386
G01 X60.7161Y19.7280
G01 X60.7764Y19.6267
G01 X60.8251Y19.5237
G01 X60.8672Y19.4067
G01 X60.8958Y19.2928
G01 X60.9141Y19.1708
G01 X60.9200Y19.0500
G01 X60.9200Y17.7800
G01 X60.9141Y17.6592
G01 X60.8958Y17.5372
G01 X60.8672Y17.4233
G01 X60.8251Y17.3063
G01 X60.7764Y17.2033
G01 X60.7128Y17.0968
G01 X60.6390Y16.9976
G01 X60.5597Y16.9103
G01 X60.4724Y16.8310
G01 X60.3732Y16.7572
G01 X60.2667Y16.6936
G01 X60.1638Y16.6449
G01 X60.0467Y16.6028
G01 X59.9328Y16.5742
G01 X59.8108Y16.5559
G01 X59.6964Y16.5502
G01 X59.6836Y16.5502
G00 Z3.0000
G00 X58.4927Y19.5794
G01 Z-0.2000
G01 X58.4752Y19.5760
G01 X58.4531Y19.5730
G01 X58.4200Y19.5714
G01 X58.3869Y19.5730
G01 X58.3648Y19.5760
G01 X58.3473Y19.5794
G01 X58.3582Y19.5562
G01 X58.3640Y19.5417
G01 X58.4004Y19.4401
G01 X58.4063Y19.4203
G01 X58.4200Y19.3658
G01 X58.4337Y19.4203
G01 X58.4396Y19.4401
G01 X58.4760Y19.5417
G01 X58.4818Y19.5562
G01 X58.4927Y19.5794
G00 Z3.0000
G00 X55.9527Y19.5794
G01 Z-0.2000
G01 X55.9352Y19.5760
G01 X55.9131Y19.5730
G01 X55.8800Y19.5714
G01 X55.8469Y19.5730
G01 X55.8248Y19.5760
G01 X55.8073Y19.5794
G01 X55.8182Y19.5562
G01 X55.8240Y19.5417
G01 X55.8604Y19.4401
G01 X55.8663Y19.4203
G01 X55.8800Y19.3658
G01 X55.8937Y19.4203
G01 X55.8996Y19.4401
G01 X55.9360Y19.5417
G01 X55.9418Y19.5562
G01 X55.9527Y19.5794
G00 Z3.0000
G00 X53.4127Y19.5794
G01 Z-0.2000
G01 X53.3952Y19.5760
G01 X53.3731Y19.5730
G01 X53.3400Y19.5714
G01 X53.3069Y19.5730
G01 X53.2848Y19.5760
G01 X53.2673Y19.5794
G01 X53.2782Y19.5562
G01 X53.2840Y19.5417
G01 X53.3204Y19.4401
G01 X53.3263Y19.4203
G01 X53.3400Y19.3658
G01 X53.3537Y19.4203
G01 X53.3596Y19.4401
G01 X53.3960Y19.5417
G01 X53.4018Y19.5562
G01 X53.4127Y19.5794
G00 Z3.0000
G00 X48.4284Y17.4506
G01 Z-0.2000
G01 X44.6643Y13.6865
G01 X44.6123Y13.6292
G01 X44.5662Y13.5673
G01 X44.5238Y13.4968
G01 X44.4900Y13.4247
G01 X44.4644Y13.3529
G01 X44.4459Y13.2793
G01 X44.4339Y13.1993
G01 X44.4300Y13.1209
G01 X44.4300Y9.2254
G01 X41.8326Y6.6279
G01 X41.7823Y6.5723
G01 X41.7362Y6.5105
G01 X41.6938Y6.4399
G01 X41.6614Y6.3713
G01 X41.6352Y6.2986
G01 X41.6156Y6.2212
G01 X41.6107Y6.1892
G01 X41.5738Y6.1797
G01 X41.4722Y6.1433
G01 X41.3691Y6.0948
G01 X41.2711Y6.0362
G01 X41.1824Y5.9705
G01 X41.0968Y5.8932
G01 X41.0217Y5.8104
G01 X40.9538Y5.7189
G01 X40.8970Y5.6242
G01 X40.8480Y5.5213
G01 X40.8095Y5.4137
G01 X40.7823Y5.3054
G01 X40.7655Y5.1928
G01 X40.7600Y5.0800
G01 X40.7655Y4.9672
G01 X40.7823Y4.8546
G01 X40.8095Y4.7463
G01 X40.8480Y4.6387
G01 X40.8952Y4.5391
G01 X40.9538Y4.4411
G01 X41.0217Y4.3496
G01 X41.0968Y4.2668
G01 X41.1796Y4.1917
G01 X41.2711Y4.1238
G01 X41.3691Y4.0652
G01 X41.4687Y4.0180
G01 X41.5738Y3.9803
G01 X41.6881Y3.9517
G01 X41.7972Y3.9355
G01 X41.9100Y3.9300
G01 X42.0228Y3.9355
G01 X42.1319Y3.9517
G01 X42.2462Y3.9803
G01 X42.3513Y4.0180
G01 X42.4509Y4.0652
G01 X42.5509Y4.1252
G01 X42.6404Y4.1917
G01 X42.7232Y4.2668
G01 X42.8005Y4.3524
G01 X42.8662Y4.4411
G01 X42.9230Y4.5358
G01 X42.9720Y4.6387
G01 X43.0105Y4.7463
G01 X43.0377Y4.8546
G01 X43.0545Y4.9672
G01 X43.0600Y5.0800
G01 X43.0560Y5.1630
G01 X43.0665Y5.1776
G01 X43.1043Y5.2407
G01 X43.1386Y5.3127
G01 X43.1656Y5.3879
G01 X43.1844Y5.4628
G01 X43.1963Y5.5440
G01 X43.2000Y5.6200
G01 X43.2000Y5.7326
G01 X45.7957Y8.3283
G01 X45.8499Y8.3884
G01 X45.8952Y8.4496
G01 X45.9343Y8.5148
G01 X45.9686Y8.5867
G01 X45.9962Y8.6641
G01 X46.0144Y8.7368
G01 X46.0258Y8.8132
G01 X46.0300Y8.8940
G01 X46.0300Y12.7895
G01 X49.9513Y16.7107
G01 X49.9713Y16.7180
G01 X50.0709Y16.7652
G01 X50.1689Y16.8238
G01 X50.2604Y16.8917
G01 X50.3432Y16.9668
G01 X50.4205Y17.0524
G01 X50.4862Y17.1411
G01 X50.5430Y17.2358
G01 X50.5920Y17.3387
G01 X50.6305Y17.4463
G01 X50.6577Y17.5546
G01 X50.6746Y17.6697
G01 X50.6800Y17.7800
G01 X50.6800Y19.0500
G01 X50.6742Y19.1652
G01 X50.6577Y19.2754
G01 X50.6311Y19.3815
G01 X50.5933Y19.4878
G01 X50.5448Y19.5909
G01 X50.4875Y19.6868
G01 X50.4183Y19.7804
G01 X50.3432Y19.8632
G01 X50.2604Y19.9383
G01 X50.1689Y20.0062
G01 X50.0709Y20.0648
G01 X49.9713Y20.1120
G01 X49.8637Y20.1505
G01 X49.7554Y20.1777
G01 X49.6428Y20.1945
G01 X49.5300Y20.2000
G01 X49.4172Y20.1945
G01 X49.3046Y20.1777
G01 X49.1963Y20.1505
G01 X49.0887Y20.1120
G01 X48.9891Y20.0648
G01 X48.8911Y20.0062
G01 X48.7996Y19.9383
G01 X48.7168Y19.8632
G01 X48.6417Y19.7804
G01 X48.5738Y19.6889
G01 X48.5147Y19.5899
G01 X48.4680Y19.4913
G01 X48.4303Y19.3862
G01 X48.4023Y19.2754
G01 X48.3854Y19.1603
G01 X48.3800Y19.0500
G01 X48.3801Y17.7775
G01 X48.3858Y17.6648
G01 X48.4023Y17.5546
G01 X48.4284Y17.4506
G00 Z3.0000
G00 X47.3122Y13.8454
G01 Z-0.2000
G01 X47.1224Y13.6556
G01 X47.2133Y13.6600
G01 X47.3890Y13.6600
G01 X47.3732Y13.6805
G01 X47.3618Y13.6976
G01 X47.3478Y13.7222
G01 X47.3385Y13.7419
G01 X47.3285Y13.7680
G01 X47.3225Y13.7877
G01 X47.3155Y13.8198
G01 X47.3122Y13.8454
G00 Z3.0000
G00 X46.1255Y12.7719
G01 Z-0.2000
G01 X46.1100Y12.7563
G01 X46.1100Y12.7344
G01 X46.1183Y12.7565
G01 X46.1255Y12.7719
G00 Z3.0000
G00 X63.2400Y3.9095
G01 Z-0.2000
G01 X63.2012Y4.1046
G01 X63.1251Y4.2884
G01 X63.0145Y4.4538
G01 X62.8738Y4.5945
G01 X62.7084Y4.7051
G01 X62.5246Y4.7812
G01 X62.3295Y4.8200
G01 X62.1305Y4.8200
G01 X61.9354Y4.7812
G01 X61.7516Y4.7051
G01 X61.5862Y4.5945
G01 X61.4455Y4.4538
G01 X61.3350Y4.2884
G01 X61.2588Y4.1046
G01 X61.2200Y3.9095
G01 X61.2200Y3.7105
G01 X61.2588Y3.5154
G01 X61.3350Y3.3316
G01 X61.4455Y3.1662
G01 X61.5862Y3.0255
G01 X61.7516Y2.9149
G01 X61.9354Y2.8388
G01 X62.1305Y2.8000
G01 X62.3295Y2.8000
G01 X62.5246Y2.8388
G01 X62.7084Y2.9149
G01 X62.8738Y3.0255
G01 X63.0145Y3.1662
G01 X63.1251Y3.3316
G01 X63.2012Y3.5154
G01 X63.2400Y3.7105
G01 X63.2400Y3.9095
G00 Z3.0000
G00 X63.3200Y3.9174
G01 Z-0.2000
G01 X63.2781Y4.1279
G01 X63.1959Y4.3263
G01 X63.0767Y4.5048
G01 X62.9248Y4.6567
G01 X62.7463Y4.7759
G01 X62.5479Y4.8581
G01 X62.3374Y4.9000
G01 X62.1226Y4.9000
G01 X61.9121Y4.8581
G01 X61.7137Y4.7759
G01 X61.5352Y4.6567
G01 X61.3833Y4.5048
G01 X61.2641Y4.3263
G01 X61.1819Y4.1279
G01 X61.1400Y3.9174
G01 X61.1400Y3.7026
G01 X61.1819Y3.4921
G01 X61.2641Y3.2937
G01 X61.3833Y3.1152
G01 X61.5352Y2.9633
G01 X61.7137Y2.8441
G01 X61.9121Y2.7619
G01 X62.1226Y2.7200
G01 X62.3374Y2.7200
G01 X62.5479Y2.7619
G01 X62.7463Y2.8441
G01 X62.9248Y2.9633
G01 X63.0767Y3.1152
G01 X63.1959Y3.2937
G01 X63.2781Y3.4921
G01 X63.3200Y3.7026
G01 X63.3200Y3.9174
G00 Z3.0000
G00 X63.4000Y3.9252
G01 Z-0.2000
G01 X63.3550Y4.1513
G01 X63.2668Y4.3642
G01 X63.1388Y4.5558
G01 X62.9758Y4.7188
G01 X62.7842Y4.8468
G01 X62.5713Y4.9350
G01 X62.3452Y4.9800
G01 X62.1148Y4.9800
G01 X61.8887Y4.9350
G01 X61.6758Y4.8468
G01 X61.4842Y4.7188
G01 X61.3212Y4.5558
G01 X61.1932Y4.3642
G01 X61.1050Y4.1513
G01 X61.0600Y3.9252
G01 X61.0600Y3.6948
G01 X61.1050Y3.4687
G01 X61.1932Y3.2558
G01 X61.3212Y3.0642
G01 X61.4842Y2.9012
G01 X61.6758Y2.7732
G01 X61.8887Y2.6850
G01 X62.1148Y2.6400
G01 X62.3452Y2.6400
G01 X62.5713Y2.6850
G01 X62.7842Y2.7732
G01 X62.9758Y2.9012
G01 X63.1388Y3.0642
G01 X63.2668Y3.2558
G01 X63.3550Y3.4687
G01 X63.4000Y3.6948
G01 X63.4000Y3.9252
G00 Z3.0000
G00 X63.4800Y3.9331
G01 Z-0.2000
G01 X63.4320Y4.1746
G01 X63.3377Y4.4021
G01 X63.2009Y4.6068
G01 X63.0268Y4.7809
G01 X62.8221Y4.9177
G01 X62.5946Y5.0120
G01 X62.3531Y5.0600
G01 X62.1069Y5.0600
G01 X61.8654Y5.0120
G01 X61.6379Y4.9177
G01 X61.4332Y4.7809
G01 X61.2591Y4.6068
G01 X61.1223Y4.4021
G01 X61.0280Y4.1746
G01 X60.9800Y3.9331
G01 X60.9800Y3.6869
G01 X61.0280Y3.4454
G01 X61.1223Y3.2179
G01 X61.2591Y3.0132
G01 X61.4332Y2.8391
G01 X61.6379Y2.7023
G01 X61.8654Y2.6080
G01 X62.1069Y2.5600
G01 X62.3531Y2.5600
G01 X62.5946Y2.6080
G01 X62.8221Y2.7023
G01 X63.0268Y2.8391
G01 X63.2009Y3.0132
G01 X63.3377Y3.2179
G01 X63.4320Y3.4454
G01 X63.4800Y3.6869
G01 X63.4800Y3.9331
G00 Z3.0000
G00 X62.2300Y33.0600
G01 Z-0.2000
G01 X59.6900Y33.0600
G01 X59.5758Y33.0655
G01 X59.5631Y33.0667
G01 X59.4472Y33.0842
G01 X59.3391Y33.1113
G01 X59.3269Y33.1150
G01 X59.2253Y33.1513
G01 X59.2135Y33.1562
G01 X59.1133Y33.2036
G01 X59.0068Y33.2672
G01 X58.9147Y33.3353
G01 X58.9049Y33.3434
G01 X58.8203Y33.4203
G01 X58.7434Y33.5049
G01 X58.7353Y33.5147
G01 X58.6710Y33.6014
G01 X58.6639Y33.6120
G01 X58.6036Y33.7133
G01 X58.5562Y33.8135
G01 X58.5513Y33.8253
G01 X58.5128Y33.9333
G01 X58.4850Y34.0438
G01 X58.4825Y34.0563
G01 X58.4659Y34.1692
G01 X58.4600Y34.2900
G01 X58.4602Y35.5664
G01 X58.4659Y35.6808
G01 X58.4842Y35.8028
G01 X58.5128Y35.9167
G01 X58.5513Y36.0247
G01 X58.5600Y36.0445
G01 X58.5600Y46.5055
G01 X58.5513Y46.5253
G01 X58.5128Y46.6333
G01 X58.4850Y46.7438
G01 X58.4825Y46.7563
G01 X58.4659Y46.8692
G01 X58.4602Y46.9836
G01 X58.4602Y46.9964
G01 X58.4655Y47.1042
G01 X58.4667Y47.1169
G01 X58.4825Y47.2237
G01 X58.4850Y47.2362
G01 X58.5128Y47.3467
G01 X58.5549Y47.4637
G01 X58.6036Y47.5667
G01 X58.6639Y47.6680
G01 X58.6710Y47.6786
G01 X58.7353Y47.7653
G01 X58.7434Y47.7751
G01 X58.8203Y47.8597
G01 X58.9076Y47.9390
G01 X59.0068Y48.0128
G01 X59.1046Y48.0716
G01 X59.1159Y48.0776
G01 X59.2135Y48.1238
G01 X59.2253Y48.1287
G01 X59.3333Y48.1672
G01 X59.4438Y48.1950
G01 X59.4563Y48.1975
G01 X59.5692Y48.2141
G01 X59.6900Y48.2200
G01 X60.9664Y48.2198
G01 X61.0808Y48.2141
G01 X61.2028Y48.1958
G01 X61.3167Y48.1672
G01 X61.4247Y48.1287
G01 X61.4365Y48.1238
G01 X61.5367Y48.0764
G01 X61.6380Y48.0161
G01 X61.6486Y48.0090
G01 X61.7424Y47.9390
G01 X61.8251Y47.8641
G01 X61.8341Y47.8551
G01 X61.9090Y47.7724
G01 X61.9790Y47.6786
G01 X61.9861Y47.6680
G01 X62.0464Y47.5667
G01 X62.0938Y47.4665
G01 X62.0987Y47.4547
G01 X62.1372Y47.3467
G01 X62.1650Y47.2362
G01 X62.1675Y47.2237
G01 X62.1841Y47.1108
G01 X62.1898Y46.9964
G01 X62.1898Y46.9836
G01 X62.1845Y46.8758
G01 X62.1833Y46.8631
G01 X62.1658Y46.7472
G01 X62.1372Y46.6333
G01 X62.0951Y46.5163
G01 X62.0476Y46.4159
G01 X62.0416Y46.4046
G01 X61.9828Y46.3068
G01 X61.9147Y46.2147
G01 X61.9066Y46.2049
G01 X61.8341Y46.1249
G01 X61.8251Y46.1159
G01 X61.7424Y46.0410
G01 X61.6432Y45.9672
G01 X61.5367Y45.9036
G01 X61.4365Y45.8562
G01 X61.4247Y45.8513
G01 X61.3167Y45.8128
G01 X61.2062Y45.7850
G01 X61.1937Y45.7825
G01 X61.0869Y45.7667
G01 X61.0742Y45.7655
G01 X60.9600Y45.7600
G01 X60.8200Y45.7600
G01 X60.8200Y36.0445
G01 X60.8287Y36.0247
G01 X60.8672Y35.9167
G01 X60.8958Y35.8028
G01 X60.9141Y35.6808
G01 X60.9198Y35.5664
G01 X60.9200Y35.5200
G01 X62.2364Y35.5198
G01 X62.3508Y35.5141
G01 X62.4637Y35.4975
G01 X62.4762Y35.4950
G01 X62.5867Y35.4672
G01 X62.7037Y35.4251
G01 X62.8067Y35.3764
G01 X62.9132Y35.3128
G01 X63.0053Y35.2447
G01 X63.0151Y35.2366
G01 X63.0997Y35.1597
G01 X63.1766Y35.0751
G01 X63.1847Y35.0653
G01 X63.2528Y34.9732
G01 X63.3116Y34.8754
G01 X63.3176Y34.8641
G01 X63.3638Y34.7665
G01 X63.3687Y34.7547
G01 X63.4072Y34.6467
G01 X63.4350Y34.5362
G01 X63.4375Y34.5237
G01 X63.4541Y34.4108
G01 X63.4598Y34.2964
G01 X63.4598Y34.2836
G01 X63.4541Y34.1692
G01 X63.4375Y34.0563
G01 X63.4350Y34.0438
G01 X63.4072Y33.9333
G01 X63.3687Y33.8253
G01 X63.3638Y33.8135
G01 X63.3164Y33.7133
G01 X63.2528Y33.6068
G01 X63.1847Y33.5147
G01 X63.1766Y33.5049
G01 X63.0997Y33.4203
G01 X63.0151Y33.3434
G01 X63.0053Y33.3353
G01 X62.9132Y33.2672
G01 X62.8067Y33.2036
G01 X62.7065Y33.1562
G01 X62.6947Y33.1513
G01 X62.5867Y33.1128
G01 X62.4762Y33.0850
G01 X62.4637Y33.0825
G01 X62.3508Y33.0659
G01 X62.2300Y33.0600
G00 Z3.0000
G00 X62.2300Y33.1400
G01 Z-0.2000
G01 X62.3428Y33.1455
G01 X62.4567Y33.1626
G01 X62.5637Y33.1895
G01 X62.6678Y33.2267
G01 X62.7709Y33.2752
G01 X62.8709Y33.3352
G01 X62.9604Y33.4017
G01 X63.0414Y33.4751
G01 X63.1183Y33.5596
G01 X63.1875Y33.6532
G01 X63.2448Y33.7491
G01 X63.2915Y33.8477
G01 X63.3305Y33.9563
G01 X63.3583Y34.0681
G01 X63.3745Y34.1772
G01 X63.3799Y34.2875
G01 X63.3745Y34.4028
G01 X63.3574Y34.5167
G01 X63.3305Y34.6237
G01 X63.2933Y34.7278
G01 X63.2448Y34.8309
G01 X63.1862Y34.9289
G01 X63.1183Y35.0204
G01 X63.0432Y35.1032
G01 X62.9604Y35.1783
G01 X62.8689Y35.2462
G01 X62.7709Y35.3048
G01 X62.6713Y35.3520
G01 X62.5615Y35.3911
G01 X62.4554Y35.4177
G01 X62.3452Y35.4342
G01 X62.2325Y35.4399
G01 X60.8400Y35.4400
G01 X60.8400Y35.5600
G01 X60.8346Y35.6703
G01 X60.8183Y35.7819
G01 X60.7905Y35.8937
G01 X60.7533Y35.9978
G01 X60.7400Y36.0266
G01 X60.7400Y45.8400
G01 X60.9600Y45.8400
G01 X61.0728Y45.8455
G01 X61.1854Y45.8623
G01 X61.2937Y45.8895
G01 X61.4013Y45.9280
G01 X61.5042Y45.9770
G01 X61.5989Y46.0338
G01 X61.6876Y46.0995
G01 X61.7732Y46.1768
G01 X61.8505Y46.2624
G01 X61.9162Y46.3511
G01 X61.9730Y46.4458
G01 X62.0220Y46.5487
G01 X62.0605Y46.6563
G01 X62.0877Y46.7646
G01 X62.1046Y46.8797
G01 X62.1099Y46.9925
G01 X62.1045Y47.1028
G01 X62.0883Y47.2119
G01 X62.0605Y47.3237
G01 X62.0215Y47.4323
G01 X61.9748Y47.5309
G01 X61.9175Y47.6268
G01 X61.8474Y47.7214
G01 X61.7732Y47.8032
G01 X61.6914Y47.8774
G01 X61.5989Y47.9462
G01 X61.4999Y48.0053
G01 X61.4013Y48.0520
G01 X61.2962Y48.0897
G01 X61.1819Y48.1183
G01 X61.0728Y48.1345
G01 X60.9600Y48.1400
G01 X59.6900Y48.1400
G01 X59.5772Y48.1345
G01 X59.4681Y48.1183
G01 X59.3563Y48.0905
G01 X59.2522Y48.0533
G01 X59.1458Y48.0030
G01 X59.0511Y47.9462
G01 X58.9596Y47.8783
G01 X58.8768Y47.8032
G01 X58.8026Y47.7214
G01 X58.7325Y47.6268
G01 X58.6752Y47.5309
G01 X58.6280Y47.4313
G01 X58.5895Y47.3237
G01 X58.5626Y47.2167
G01 X58.5454Y47.1003
G01 X58.5401Y46.9875
G01 X58.5455Y46.8772
G01 X58.5617Y46.7681
G01 X58.5895Y46.6563
G01 X58.6267Y46.5522
G01 X58.6400Y46.5234
G01 X58.6400Y36.0266
G01 X58.6267Y35.9978
G01 X58.5895Y35.8937
G01 X58.5623Y35.7854
G01 X58.5455Y35.6728
G01 X58.5401Y35.5625
G01 X58.5400Y34.2900
G01 X58.5455Y34.1772
G01 X58.5617Y34.0681
G01 X58.5895Y33.9563
G01 X58.6285Y33.8477
G01 X58.6752Y33.7491
G01 X58.7325Y33.6532
G01 X58.8026Y33.5586
G01 X58.8768Y33.4768
G01 X58.9586Y33.4026
G01 X59.0511Y33.3338
G01 X59.1491Y33.2752
G01 X59.2477Y33.2285
G01 X59.3585Y33.1889
G01 X59.4646Y33.1623
G01 X59.5748Y33.1458
G01 X59.6900Y33.1400
G01 X62.2300Y33.1400
G00 Z3.0000
G00 X58.5106Y46.5020
G01 Z-0.2000
G01 X58.5145Y46.4867
G01 X58.5180Y46.4655
G01 X58.5200Y46.4341
G01 X58.5200Y36.1159
G01 X58.5180Y36.0845
G01 X58.5145Y36.0633
G01 X58.5107Y36.0480
G01 X58.4384Y35.8090
G01 X58.4200Y35.6224
G01 X58.4200Y34.3649
G01 X58.4188Y34.3399
G01 X58.4139Y34.2900
G01 X58.4384Y34.0410
G01 X58.5110Y33.8016
G01 X58.6289Y33.5810
G01 X58.7876Y33.3876
G01 X58.9810Y33.2289
G01 X59.2016Y33.1110
G01 X59.4410Y33.0384
G01 X59.6900Y33.0139
G01 X59.7399Y33.0188
G01 X59.7649Y33.0200
G01 X62.2924Y33.0200
G01 X62.4790Y33.0384
G01 X62.7184Y33.1110
G01 X62.9390Y33.2289
G01 X63.1324Y33.3876
G01 X63.2911Y33.5810
G01 X63.4090Y33.8016
G01 X63.4816Y34.0410
G01 X63.5061Y34.2900
G01 X63.4816Y34.5390
G01 X63.4090Y34.7784
G01 X63.2911Y34.9990
G01 X63.1324Y35.1924
G01 X62.9390Y35.3511
G01 X62.7184Y35.4690
G01 X62.4790Y35.5416
G01 X62.2924Y35.5600
G01 X61.1909Y35.5602
G01 X61.1721Y35.5612
G01 X61.1447Y35.5655
G01 X61.1236Y35.5709
G01 X61.0966Y35.5807
G01 X61.0802Y35.5885
G01 X61.0557Y35.6029
G01 X61.0334Y35.6197
G01 X61.0170Y35.6347
G01 X61.0019Y35.6511
G01 X60.9852Y35.6734
G01 X60.9707Y35.6979
G01 X60.9630Y35.7144
G01 X60.9531Y35.7414
G01 X60.9478Y35.7624
G01 X60.9443Y35.7837
G01 X60.9416Y35.8090
G01 X60.8693Y36.0480
G01 X60.8655Y36.0633
G01 X60.8620Y36.0845
G01 X60.8602Y36.1095
G01 X60.8600Y45.4729
G01 X60.8612Y45.4981
G01 X60.8663Y45.5289
G01 X60.8709Y45.5465
G01 X60.8771Y45.5645
G01 X60.8885Y45.5900
G01 X60.9029Y45.6144
G01 X60.9221Y45.6395
G01 X60.9347Y45.6532
G01 X60.9484Y45.6658
G01 X60.9734Y45.6850
G01 X60.9979Y45.6994
G01 X61.0144Y45.7072
G01 X61.0349Y45.7149
G01 X61.0590Y45.7216
G01 X61.0715Y45.7241
G01 X61.0900Y45.7267
G01 X61.2090Y45.7384
G01 X61.4484Y45.8110
G01 X61.6690Y45.9289
G01 X61.8624Y46.0876
G01 X62.0211Y46.2810
G01 X62.1390Y46.5016
G01 X62.2116Y46.7410
G01 X62.2361Y46.9900
G01 X62.2116Y47.2390
G01 X62.1390Y47.4784
G01 X62.0211Y47.6990
G01 X61.8624Y47.8924
G01 X61.6690Y48.0511
G01 X61.4484Y48.1690
G01 X61.2090Y48.2416
G01 X61.0224Y48.2600
G01 X59.6276Y48.2600
G01 X59.4410Y48.2416
G01 X59.2016Y48.1690
G01 X58.9810Y48.0511
G01 X58.7876Y47.8924
G01 X58.6289Y47.6990
G01 X58.5110Y47.4784
G01 X58.4384Y47.2390
G01 X58.4139Y46.9900
G01 X58.4384Y46.7410
G01 X58.5106Y46.5020
G00 Z3.0000
G00 X58.4331Y46.4826
G01 Z-0.2000
G01 X58.4364Y46.4694
G01 X58.4389Y46.4537
G01 X58.4400Y46.4341
G01 X58.4400Y36.1159
G01 X58.4389Y36.0963
G01 X58.4364Y36.0806
G01 X58.4331Y36.0674
G01 X58.3595Y35.8246
G01 X58.3400Y35.6263
G01 X58.3400Y34.3649
G01 X58.3392Y34.3478
G01 X58.3335Y34.2900
G01 X58.3595Y34.0254
G01 X58.4367Y33.7709
G01 X58.5621Y33.5364
G01 X58.7308Y33.3308
G01 X58.9364Y33.1621
G01 X59.1709Y33.0367
G01 X59.4254Y32.9595
G01 X59.6900Y32.9335
G01 X59.7478Y32.9392
G01 X59.7649Y32.9400
G01 X62.2963Y32.9400
G01 X62.4946Y32.9595
G01 X62.7491Y33.0367
G01 X62.9836Y33.1621
G01 X63.1892Y33.3308
G01 X63.3579Y33.5364
G01 X63.4833Y33.7709
G01 X63.5605Y34.0254
G01 X63.5865Y34.2900
G01 X63.5605Y34.5546
G01 X63.4833Y34.8091
G01 X63.3579Y35.0436
G01 X63.1892Y35.2492
G01 X62.9836Y35.4179
G01 X62.7491Y35.5433
G01 X62.4946Y35.6205
G01 X62.2963Y35.6400
G01 X61.1973Y35.6400
G01 X61.1800Y35.6408
G01 X61.1620Y35.6436
G01 X61.1466Y35.6475
G01 X61.1291Y35.6538
G01 X61.1160Y35.6600
G01 X61.1001Y35.6695
G01 X61.0854Y35.6804
G01 X61.0735Y35.6913
G01 X61.0627Y35.7032
G01 X61.0517Y35.7178
G01 X61.0423Y35.7337
G01 X61.0361Y35.7469
G01 X61.0298Y35.7643
G01 X61.0259Y35.7798
G01 X61.0231Y35.7978
G01 X61.0205Y35.8246
G01 X60.9469Y36.0674
G01 X60.9436Y36.0806
G01 X60.9411Y36.0963
G01 X60.9401Y36.1134
G01 X60.9400Y45.4729
G01 X60.9409Y45.4901
G01 X60.9439Y45.5094
G01 X60.9475Y45.5235
G01 X60.9524Y45.5376
G01 X60.9600Y45.5542
G01 X60.9695Y45.5701
G01 X60.9813Y45.5858
G01 X60.9913Y45.5966
G01 X61.0021Y45.6066
G01 X61.0178Y45.6184
G01 X61.0347Y45.6283
G01 X61.0469Y45.6341
G01 X61.0619Y45.6396
G01 X61.0833Y45.6449
G01 X61.0978Y45.6470
G01 X61.2246Y45.6595
G01 X61.4791Y45.7367
G01 X61.7136Y45.8621
G01 X61.9192Y46.0308
G01 X62.0879Y46.2364
G01 X62.2133Y46.4709
G01 X62.2905Y46.7254
G01 X62.3165Y46.9900
G01 X62.2905Y47.2546
G01 X62.2133Y47.5091
G01 X62.0879Y47.7436
G01 X61.9192Y47.9492
G01 X61.7136Y48.1179
G01 X61.4791Y48.2433
G01 X61.2246Y48.3205
G01 X61.0263Y48.3400
G01 X59.6237Y48.3400
G01 X59.4254Y48.3205
G01 X59.1709Y48.2433
G01 X58.9364Y48.1179
G01 X58.7308Y47.9492
G01 X58.5621Y47.7436
G01 X58.4367Y47.5091
G01 X58.3595Y47.2546
G01 X58.3335Y46.9900
G01 X58.3595Y46.7254
G01 X58.4331Y46.4826
G00 Z3.0000
G00 X63.2400Y64.8695
G01 Z-0.2000
G01 X63.2012Y65.0646
G01 X63.1251Y65.2484
G01 X63.0145Y65.4138
G01 X62.8738Y65.5545
G01 X62.7084Y65.6651
G01 X62.5246Y65.7412
G01 X62.3295Y65.7800
G01 X62.1305Y65.7800
G01 X61.9354Y65.7412
G01 X61.7516Y65.6651
G01 X61.5862Y65.5545
G01 X61.4455Y65.4138
G01 X61.3350Y65.2484
G01 X61.2588Y65.0646
G01 X61.2200Y64.8695
G01 X61.2200Y64.6705
G01 X61.2588Y64.4754
G01 X61.3350Y64.2916
G01 X61.4455Y64.1262
G01 X61.5862Y63.9855
G01 X61.7516Y63.8749
G01 X61.9354Y63.7988
G01 X62.1305Y63.7600
G01 X62.3295Y63.7600
G01 X62.5246Y63.7988
G01 X62.7084Y63.8749
G01 X62.8738Y63.9855
G01 X63.0145Y64.1262
G01 X63.1251Y64.2916
G01 X63.2012Y64.4754
G01 X63.2400Y64.6705
G01 X63.2400Y64.8695
G00 Z3.0000
G00 X63.3200Y64.8774
G01 Z-0.2000
G01 X63.2781Y65.0879
G01 X63.1959Y65.2863
G01 X63.0767Y65.4648
G01 X62.9248Y65.6167
G01 X62.7463Y65.7359
G01 X62.5479Y65.8181
G01 X62.3374Y65.8600
G01 X62.1226Y65.8600
G01 X61.9121Y65.8181
G01 X61.7137Y65.7359
G01 X61.5352Y65.6167
G01 X61.3833Y65.4648
G01 X61.2641Y65.2863
G01 X61.1819Y65.0879
G01 X61.1400Y64.8774
G01 X61.1400Y64.6626
G01 X61.1819Y64.4521
G01 X61.2641Y64.2537
G01 X61.3833Y64.0752
G01 X61.5352Y63.9233
G01 X61.7137Y63.8041
G01 X61.9121Y63.7219
G01 X62.1226Y63.6800
G01 X62.3374Y63.6800
G01 X62.5479Y63.7219
G01 X62.7463Y63.8041
G01 X62.9248Y63.9233
G01 X63.0767Y64.0752
G01 X63.1959Y64.2537
G01 X63.2781Y64.4521
G01 X63.3200Y64.6626
G01 X63.3200Y64.8774
G00 Z3.0000
G00 X63.4000Y64.8852
G01 Z-0.2000
G01 X63.3550Y65.1113
G01 X63.2668Y65.3242
G01 X63.1388Y65.5158
G01 X62.9758Y65.6788
G01 X62.7842Y65.8068
G01 X62.5713Y65.8950
G01 X62.3452Y65.9400
G01 X62.1148Y65.9400
G01 X61.8887Y65.8950
G01 X61.6758Y65.8068
G01 X61.4842Y65.6788
G01 X61.3212Y65.5158
G01 X61.1932Y65.3242
G01 X61.1050Y65.1113
G01 X61.0600Y64.8852
G01 X61.0600Y64.6548
G01 X61.1050Y64.4287
G01 X61.1932Y64.2158
G01 X61.3212Y64.0242
G01 X61.4842Y63.8612
G01 X61.6758Y63.7332
G01 X61.8887Y63.6450
G01 X62.1148Y63.6000
G01 X62.3452Y63.6000
G01 X62.5713Y63.6450
G01 X62.7842Y63.7332
G01 X62.9758Y63.8612
G01 X63.1388Y64.0242
G01 X63.2668Y64.2158
G01 X63.3550Y64.4287
G01 X63.4000Y64.6548
G01 X63.4000Y64.8852
G00 Z3.0000
G00 X63.4800Y64.8931
G01 Z-0.2000
G01 X63.4320Y65.1346
G01 X63.3377Y65.3621
G01 X63.2009Y65.5668
G01 X63.0268Y65.7409
G01 X62.8221Y65.8777
G01 X62.5946Y65.9720
G01 X62.3531Y66.0200
G01 X62.1069Y66.0200
G01 X61.8654Y65.9720
G01 X61.6379Y65.8777
G01 X61.4332Y65.7409
G01 X61.2591Y65.5668
G01 X61.1223Y65.3621
G01 X61.0280Y65.1346
G01 X60.9800Y64.8931
G01 X60.9800Y64.6469
G01 X61.0280Y64.4054
G01 X61.1223Y64.1779
G01 X61.2591Y63.9732
G01 X61.4332Y63.7991
G01 X61.6379Y63.6623
G01 X61.8654Y63.5680
G01 X62.1069Y63.5200
G01 X62.3531Y63.5200
G01 X62.5946Y63.5680
G01 X62.8221Y63.6623
G01 X63.0268Y63.7991
G01 X63.2009Y63.9732
G01 X63.3377Y64.1779
G01 X63.4320Y64.4054
G01 X63.4800Y64.6469
G01 X63.4800Y64.8931
G00 Z3.0000
G00 Z3.0000
G00 X0Y0
M05
G0 Z20
G0 X0 Y100