G0 Z20
G21
G90
G94
F20.00
G00 Z3.0000
M03 S45
G4 P1
G00 X4.0600Y3.8346
G01 Z-0.1000
G01 X4.0504Y3.8829
G01 X4.0315Y3.9284
G01 X4.0042Y3.9694
G01 X3.9694Y4.0042
G01 X3.9284Y4.0315
G01 X3.8829Y4.0504
G01 X3.8346Y4.0600
G01 X3.7854Y4.0600
G01 X3.7371Y4.0504
G01 X3.6916Y4.0315
G01 X3.6506Y4.0042
G01 X3.6158Y3.9694
G01 X3.5885Y3.9284
G01 X3.5696Y3.8829
G01 X3.5600Y3.8346
G01 X3.5600Y3.7854
G01 X3.5696Y3.7371
G01 X3.5885Y3.6916
G01 X3.6158Y3.6506
G01 X3.6506Y3.6158
G01 X3.6916Y3.5885
G01 X3.7371Y3.5696
G01 X3.7854Y3.5600
G01 X3.8346Y3.5600
G01 X3.8829Y3.5696
G01 X3.9284Y3.5885
G01 X3.9694Y3.6158
G01 X4.0042Y3.6506
G01 X4.0315Y3.6916
G01 X4.0504Y3.7371
G01 X4.0600Y3.7854
G01 X4.0600Y3.8346
G00 X4.0600Y3.8346
G01 Z-0.2000
G01 X4.0504Y3.8829
G01 X4.0315Y3.9284
G01 X4.0042Y3.9694
G01 X3.9694Y4.0042
G01 X3.9284Y4.0315
G01 X3.8829Y4.0504
G01 X3.8346Y4.0600
G01 X3.7854Y4.0600
G01 X3.7371Y4.0504
G01 X3.6916Y4.0315
G01 X3.6506Y4.0042
G01 X3.6158Y3.9694
G01 X3.5885Y3.9284
G01 X3.5696Y3.8829
G01 X3.5600Y3.8346
G01 X3.5600Y3.7854
G01 X3.5696Y3.7371
G01 X3.5885Y3.6916
G01 X3.6158Y3.6506
G01 X3.6506Y3.6158
G01 X3.6916Y3.5885
G01 X3.7371Y3.5696
G01 X3.7854Y3.5600
G01 X3.8346Y3.5600
G01 X3.8829Y3.5696
G01 X3.9284Y3.5885
G01 X3.9694Y3.6158
G01 X4.0042Y3.6506
G01 X4.0315Y3.6916
G01 X4.0504Y3.7371
G01 X4.0600Y3.7854
G01 X4.0600Y3.8346
G00 Z3.0000
G00 X4.4600Y3.8740
G01 Z-0.1000
G01 X4.4350Y3.9996
G01 X4.3860Y4.1179
G01 X4.3149Y4.2244
G01 X4.2244Y4.3149
G01 X4.1179Y4.3860
G01 X3.9996Y4.4350
G01 X3.8740Y4.4600
G01 X3.7460Y4.4600
G01 X3.6204Y4.4350
G01 X3.5021Y4.3860
G01 X3.3956Y4.3149
G01 X3.3051Y4.2244
G01 X3.2340Y4.1179
G01 X3.1850Y3.9996
G01 X3.1600Y3.8740
G01 X3.1600Y3.7460
G01 X3.1850Y3.6204
G01 X3.2340Y3.5021
G01 X3.3051Y3.3956
G01 X3.3956Y3.3051
G01 X3.5021Y3.2340
G01 X3.6204Y3.1850
G01 X3.7460Y3.1600
G01 X3.8740Y3.1600
G01 X3.9996Y3.1850
G01 X4.1179Y3.2340
G01 X4.2244Y3.3051
G01 X4.3149Y3.3956
G01 X4.3860Y3.5021
G01 X4.4350Y3.6204
G01 X4.4600Y3.7460
G01 X4.4600Y3.8740
G00 X4.4600Y3.8740
G01 Z-0.2000
G01 X4.4350Y3.9996
G01 X4.3860Y4.1179
G01 X4.3149Y4.2244
G01 X4.2244Y4.3149
G01 X4.1179Y4.3860
G01 X3.9996Y4.4350
G01 X3.8740Y4.4600
G01 X3.7460Y4.4600
G01 X3.6204Y4.4350
G01 X3.5021Y4.3860
G01 X3.3956Y4.3149
G01 X3.3051Y4.2244
G01 X3.2340Y4.1179
G01 X3.1850Y3.9996
G01 X3.1600Y3.8740
G01 X3.1600Y3.7460
G01 X3.1850Y3.6204
G01 X3.2340Y3.5021
G01 X3.3051Y3.3956
G01 X3.3956Y3.3051
G01 X3.5021Y3.2340
G01 X3.6204Y3.1850
G01 X3.7460Y3.1600
G01 X3.8740Y3.1600
G01 X3.9996Y3.1850
G01 X4.1179Y3.2340
G01 X4.2244Y3.3051
G01 X4.3149Y3.3956
G01 X4.3860Y3.5021
G01 X4.4350Y3.6204
G01 X4.4600Y3.7460
G01 X4.4600Y3.8740
G00 Z3.0000
G00 X4.8600Y3.9134
G01 Z-0.1000
G01 X4.8196Y4.1163
G01 X4.7405Y4.3074
G01 X4.6256Y4.4793
G01 X4.4793Y4.6256
G01 X4.3074Y4.7405
G01 X4.1163Y4.8196
G01 X3.9134Y4.8600
G01 X3.7066Y4.8600
G01 X3.5037Y4.8196
G01 X3.3126Y4.7405
G01 X3.1407Y4.6256
G01 X2.9944Y4.4793
G01 X2.8795Y4.3074
G01 X2.8004Y4.1163
G01 X2.7600Y3.9134
G01 X2.7600Y3.7066
G01 X2.8004Y3.5037
G01 X2.8795Y3.3126
G01 X2.9944Y3.1407
G01 X3.1407Y2.9944
G01 X3.3126Y2.8795
G01 X3.5037Y2.8004
G01 X3.7066Y2.7600
G01 X3.9134Y2.7600
G01 X4.1163Y2.8004
G01 X4.3074Y2.8795
G01 X4.4793Y2.9944
G01 X4.6256Y3.1407
G01 X4.7405Y3.3126
G01 X4.8196Y3.5037
G01 X4.8600Y3.7066
G01 X4.8600Y3.9134
G00 X4.8600Y3.9134
G01 Z-0.2000
G01 X4.8196Y4.1163
G01 X4.7405Y4.3074
G01 X4.6256Y4.4793
G01 X4.4793Y4.6256
G01 X4.3074Y4.7405
G01 X4.1163Y4.8196
G01 X3.9134Y4.8600
G01 X3.7066Y4.8600
G01 X3.5037Y4.8196
G01 X3.3126Y4.7405
G01 X3.1407Y4.6256
G01 X2.9944Y4.4793
G01 X2.8795Y4.3074
G01 X2.8004Y4.1163
G01 X2.7600Y3.9134
G01 X2.7600Y3.7066
G01 X2.8004Y3.5037
G01 X2.8795Y3.3126
G01 X2.9944Y3.1407
G01 X3.1407Y2.9944
G01 X3.3126Y2.8795
G01 X3.5037Y2.8004
G01 X3.7066Y2.7600
G01 X3.9134Y2.7600
G01 X4.1163Y2.8004
G01 X4.3074Y2.8795
G01 X4.4793Y2.9944
G01 X4.6256Y3.1407
G01 X4.7405Y3.3126
G01 X4.8196Y3.5037
G01 X4.8600Y3.7066
G01 X4.8600Y3.9134
G00 Z3.0000
G00 X5.8806Y11.4355
G01 Z-0.1000
G01 X5.8806Y11.4245
G01 X5.8961Y11.4300
G01 X5.8806Y11.4355
G00 X5.8806Y11.4355
G01 Z-0.2000
G01 X5.8806Y11.4245
G01 X5.8961Y11.4300
G01 X5.8806Y11.4355
G00 Z3.0000
G00 X13.0810Y11.3500
G01 Z-0.1000
G01 X13.1669Y11.3193
G01 X13.1842Y11.3123
G01 X13.2783Y11.2679
G01 X13.2999Y11.2564
G01 X13.3942Y11.1995
G01 X13.4833Y11.1338
G01 X13.5023Y11.1182
G01 X13.5839Y11.0439
G01 X13.6582Y10.9623
G01 X13.6738Y10.9433
G01 X13.7395Y10.8542
G01 X13.7964Y10.7599
G01 X13.8079Y10.7383
G01 X13.8523Y10.6442
G01 X13.8593Y10.6269
G01 X13.8923Y10.5345
G01 X13.8994Y10.5110
G01 X13.9248Y10.4093
G01 X13.9281Y10.3918
G01 X13.9439Y10.2829
G01 X13.9500Y10.1600
G01 X13.9439Y10.0371
G01 X13.9281Y9.9282
G01 X13.9248Y9.9107
G01 X13.8964Y9.7979
G01 X13.8593Y9.6931
G01 X13.8523Y9.6758
G01 X13.8079Y9.5817
G01 X13.7964Y9.5601
G01 X13.7395Y9.4658
G01 X13.7000Y9.4120
G01 X13.7000Y7.2549
G01 X13.7401Y7.2105
G01 X13.7511Y7.1968
G01 X13.8154Y7.1101
G01 X13.8290Y7.0897
G01 X13.8845Y6.9971
G01 X13.8961Y6.9754
G01 X13.9447Y6.8725
G01 X13.9517Y6.8552
G01 X13.9700Y6.8039
G01 X13.9883Y6.8552
G01 X13.9953Y6.8725
G01 X14.0439Y6.9754
G01 X14.0555Y6.9971
G01 X14.1110Y7.0897
G01 X14.1246Y7.1101
G01 X14.1889Y7.1968
G01 X14.1999Y7.2105
G01 X14.2400Y7.2549
G01 X14.2400Y8.8900
G01 X14.2439Y8.9758
G01 X14.2463Y9.0002
G01 X14.2571Y9.0730
G01 X14.2604Y9.0906
G01 X14.2828Y9.1795
G01 X14.3117Y9.2612
G01 X14.3186Y9.2785
G01 X14.3550Y9.3554
G01 X14.3641Y9.3721
G01 X14.4020Y9.4352
G01 X14.4156Y9.4556
G01 X14.4594Y9.5147
G01 X14.4704Y9.5285
G01 X14.5329Y9.5971
G01 X16.2959Y11.3601
G01 X16.2584Y11.3549
G01 X16.1600Y11.3500
G01 X13.0810Y11.3500
G00 X13.0810Y11.3500
G01 Z-0.2000
G01 X13.1669Y11.3193
G01 X13.1842Y11.3123
G01 X13.2783Y11.2679
G01 X13.2999Y11.2564
G01 X13.3942Y11.1995
G01 X13.4833Y11.1338
G01 X13.5023Y11.1182
G01 X13.5839Y11.0439
G01 X13.6582Y10.9623
G01 X13.6738Y10.9433
G01 X13.7395Y10.8542
G01 X13.7964Y10.7599
G01 X13.8079Y10.7383
G01 X13.8523Y10.6442
G01 X13.8593Y10.6269
G01 X13.8923Y10.5345
G01 X13.8994Y10.5110
G01 X13.9248Y10.4093
G01 X13.9281Y10.3918
G01 X13.9439Y10.2829
G01 X13.9500Y10.1600
G01 X13.9439Y10.0371
G01 X13.9281Y9.9282
G01 X13.9248Y9.9107
G01 X13.8964Y9.7979
G01 X13.8593Y9.6931
G01 X13.8523Y9.6758
G01 X13.8079Y9.5817
G01 X13.7964Y9.5601
G01 X13.7395Y9.4658
G01 X13.7000Y9.4120
G01 X13.7000Y7.2549
G01 X13.7401Y7.2105
G01 X13.7511Y7.1968
G01 X13.8154Y7.1101
G01 X13.8290Y7.0897
G01 X13.8845Y6.9971
G01 X13.8961Y6.9754
G01 X13.9447Y6.8725
G01 X13.9517Y6.8552
G01 X13.9700Y6.8039
G01 X13.9883Y6.8552
G01 X13.9953Y6.8725
G01 X14.0439Y6.9754
G01 X14.0555Y6.9971
G01 X14.1110Y7.0897
G01 X14.1246Y7.1101
G01 X14.1889Y7.1968
G01 X14.1999Y7.2105
G01 X14.2400Y7.2549
G01 X14.2400Y8.8900
G01 X14.2439Y8.9758
G01 X14.2463Y9.0002
G01 X14.2571Y9.0730
G01 X14.2604Y9.0906
G01 X14.2828Y9.1795
G01 X14.3117Y9.2612
G01 X14.3186Y9.2785
G01 X14.3550Y9.3554
G01 X14.3641Y9.3721
G01 X14.4020Y9.4352
G01 X14.4156Y9.4556
G01 X14.4594Y9.5147
G01 X14.4704Y9.5285
G01 X14.5329Y9.5971
G01 X16.2959Y11.3601
G01 X16.2584Y11.3549
G01 X16.1600Y11.3500
G01 X13.0810Y11.3500
G00 Z3.0000
G00 X14.1480Y10.9500
G01 Z-0.1000
G01 X14.1633Y10.9221
G01 X14.2115Y10.8206
G01 X14.2179Y10.8067
G01 X14.2359Y10.7617
G01 X14.2689Y10.6693
G01 X14.2795Y10.6371
G01 X14.2875Y10.6082
G01 X14.3153Y10.4961
G01 X14.3238Y10.4505
G01 X14.3382Y10.3534
G01 X14.3420Y10.3227
G01 X14.3444Y10.2899
G01 X14.3492Y10.1919
G01 X14.3500Y10.1600
G01 X14.3492Y10.1281
G01 X14.3444Y10.0301
G01 X14.3420Y9.9973
G01 X14.3384Y9.9683
G01 X15.3201Y10.9500
G01 X14.1480Y10.9500
G00 X14.1480Y10.9500
G01 Z-0.2000
G01 X14.1633Y10.9221
G01 X14.2115Y10.8206
G01 X14.2179Y10.8067
G01 X14.2359Y10.7617
G01 X14.2689Y10.6693
G01 X14.2795Y10.6371
G01 X14.2875Y10.6082
G01 X14.3153Y10.4961
G01 X14.3238Y10.4505
G01 X14.3382Y10.3534
G01 X14.3420Y10.3227
G01 X14.3444Y10.2899
G01 X14.3492Y10.1919
G01 X14.3500Y10.1600
G01 X14.3492Y10.1281
G01 X14.3444Y10.0301
G01 X14.3420Y9.9973
G01 X14.3384Y9.9683
G01 X15.3201Y10.9500
G01 X14.1480Y10.9500
G00 Z3.0000
G00 X16.2945Y14.3978
G01 Z-0.1000
G01 X16.3189Y14.3895
G01 X16.3363Y14.3825
G01 X16.3576Y14.3724
G01 X16.3743Y14.3633
G01 X16.3950Y14.3505
G01 X16.4151Y14.3360
G01 X16.4289Y14.3250
G01 X16.4521Y14.3038
G01 X16.4733Y14.2806
G01 X16.4843Y14.2668
G01 X16.5053Y14.2366
G01 X16.5207Y14.2093
G01 X16.5308Y14.1880
G01 X16.5378Y14.1706
G01 X16.5451Y14.1493
G01 X16.7566Y14.3608
G01 X16.7399Y14.3795
G01 X16.7289Y14.3932
G01 X16.6574Y14.4902
G01 X16.5955Y14.5929
G01 X16.5839Y14.6146
G01 X16.5353Y14.7175
G01 X16.5283Y14.7348
G01 X16.5100Y14.7861
G01 X16.4917Y14.7348
G01 X16.4847Y14.7175
G01 X16.4361Y14.6146
G01 X16.4245Y14.5929
G01 X16.3626Y14.4902
G01 X16.2945Y14.3978
G00 X16.2945Y14.3978
G01 Z-0.2000
G01 X16.3189Y14.3895
G01 X16.3363Y14.3825
G01 X16.3576Y14.3724
G01 X16.3743Y14.3633
G01 X16.3950Y14.3505
G01 X16.4151Y14.3360
G01 X16.4289Y14.3250
G01 X16.4521Y14.3038
G01 X16.4733Y14.2806
G01 X16.4843Y14.2668
G01 X16.5053Y14.2366
G01 X16.5207Y14.2093
G01 X16.5308Y14.1880
G01 X16.5378Y14.1706
G01 X16.5451Y14.1493
G01 X16.7566Y14.3608
G01 X16.7399Y14.3795
G01 X16.7289Y14.3932
G01 X16.6574Y14.4902
G01 X16.5955Y14.5929
G01 X16.5839Y14.6146
G01 X16.5353Y14.7175
G01 X16.5283Y14.7348
G01 X16.5100Y14.7861
G01 X16.4917Y14.7348
G01 X16.4847Y14.7175
G01 X16.4361Y14.6146
G01 X16.4245Y14.5929
G01 X16.3626Y14.4902
G01 X16.2945Y14.3978
G00 Z3.0000
G00 X18.8300Y14.3918
G01 Z-0.1000
G01 X18.8201Y14.3795
G01 X18.7800Y14.3351
G01 X18.7800Y13.9700
G01 X18.7751Y13.8716
G01 X18.7699Y13.8341
G01 X18.8300Y13.8942
G01 X18.8300Y14.3918
G00 X18.8300Y14.3918
G01 Z-0.2000
G01 X18.8201Y14.3795
G01 X18.7800Y14.3351
G01 X18.7800Y13.9700
G01 X18.7751Y13.8716
G01 X18.7699Y13.8341
G01 X18.8300Y13.8942
G01 X18.8300Y14.3918
G00 Z3.0000
G00 X18.8300Y16.5761
G01 Z-0.1000
G01 X18.7644Y16.5170
G01 X18.6853Y16.4584
G01 X18.6013Y16.4080
G01 X18.5196Y16.3691
G01 X18.5401Y16.3554
G01 X18.6268Y16.2911
G01 X18.6457Y16.2755
G01 X18.7346Y16.1946
G01 X18.8156Y16.1057
G01 X18.8300Y16.0882
G01 X18.8300Y16.5761
G00 X18.8300Y16.5761
G01 Z-0.2000
G01 X18.7644Y16.5170
G01 X18.6853Y16.4584
G01 X18.6013Y16.4080
G01 X18.5196Y16.3691
G01 X18.5401Y16.3554
G01 X18.6268Y16.2911
G01 X18.6457Y16.2755
G01 X18.7346Y16.1946
G01 X18.8156Y16.1057
G01 X18.8300Y16.0882
G01 X18.8300Y16.5761
G00 Z3.0000
G00 X25.8617Y14.0500
G01 Z-0.1000
G01 X26.0329Y14.0500
G01 X25.9303Y14.1110
G01 X25.9202Y14.1174
G01 X25.8944Y14.1361
G01 X25.8893Y14.1169
G01 X25.8811Y14.0929
G01 X25.8741Y14.0756
G01 X25.8617Y14.0500
G00 X25.8617Y14.0500
G01 Z-0.2000
G01 X26.0329Y14.0500
G01 X25.9303Y14.1110
G01 X25.9202Y14.1174
G01 X25.8944Y14.1361
G01 X25.8893Y14.1169
G01 X25.8811Y14.0929
G01 X25.8741Y14.0756
G01 X25.8617Y14.0500
G00 Z3.0000
G00 X27.1239Y13.9700
G01 Z-0.1000
G01 X27.1752Y13.9517
G01 X27.1925Y13.9447
G01 X27.2954Y13.8961
G01 X27.3171Y13.8845
G01 X27.4198Y13.8226
G01 X27.5168Y13.7511
G01 X27.5305Y13.7401
G01 X27.6246Y13.6546
G01 X27.7101Y13.5605
G01 X27.7211Y13.5468
G01 X27.7926Y13.4498
G01 X27.8600Y13.3371
G01 X27.8600Y14.6029
G01 X27.7926Y14.4902
G01 X27.7211Y14.3932
G01 X27.7101Y14.3795
G01 X27.6246Y14.2854
G01 X27.5305Y14.1999
G01 X27.5168Y14.1889
G01 X27.4198Y14.1174
G01 X27.3171Y14.0555
G01 X27.2954Y14.0439
G01 X27.1925Y13.9953
G01 X27.1752Y13.9883
G01 X27.1239Y13.9700
G00 X27.1239Y13.9700
G01 Z-0.2000
G01 X27.1752Y13.9517
G01 X27.1925Y13.9447
G01 X27.2954Y13.8961
G01 X27.3171Y13.8845
G01 X27.4198Y13.8226
G01 X27.5168Y13.7511
G01 X27.5305Y13.7401
G01 X27.6246Y13.6546
G01 X27.7101Y13.5605
G01 X27.7211Y13.5468
G01 X27.7926Y13.4498
G01 X27.8600Y13.3371
G01 X27.8600Y14.6029
G01 X27.7926Y14.4902
G01 X27.7211Y14.3932
G01 X27.7101Y14.3795
G01 X27.6246Y14.2854
G01 X27.5305Y14.1999
G01 X27.5168Y14.1889
G01 X27.4198Y14.1174
G01 X27.3171Y14.0555
G01 X27.2954Y14.0439
G01 X27.1925Y13.9953
G01 X27.1752Y13.9883
G01 X27.1239Y13.9700
G00 Z3.0000
G00 X27.8600Y11.8917
G01 Z-0.1000
G01 X27.8600Y12.0629
G01 X27.7990Y11.9603
G01 X27.7926Y11.9502
G01 X27.7739Y11.9244
G01 X27.7931Y11.9193
G01 X27.8171Y11.9111
G01 X27.8344Y11.9041
G01 X27.8600Y11.8917
G00 X27.8600Y11.8917
G01 Z-0.2000
G01 X27.8600Y12.0629
G01 X27.7990Y11.9603
G01 X27.7926Y11.9502
G01 X27.7739Y11.9244
G01 X27.7931Y11.9193
G01 X27.8171Y11.9111
G01 X27.8344Y11.9041
G01 X27.8600Y11.8917
G00 Z3.0000
G00 X27.9400Y19.5039
G01 Z-0.1000
G01 X27.9499Y19.5316
G01 X27.9301Y19.5316
G01 X27.9400Y19.5039
G00 X27.9400Y19.5039
G01 Z-0.2000
G01 X27.9499Y19.5316
G01 X27.9301Y19.5316
G01 X27.9400Y19.5039
G00 Z3.0000
G00 X30.4701Y19.5316
G01 Z-0.1000
G01 X30.4800Y19.5039
G01 X30.4899Y19.5316
G01 X30.4701Y19.5316
G00 X30.4701Y19.5316
G01 Z-0.2000
G01 X30.4800Y19.5039
G01 X30.4899Y19.5316
G01 X30.4701Y19.5316
G00 Z3.0000
G00 X33.0101Y19.5316
G01 Z-0.1000
G01 X33.0200Y19.5039
G01 X33.0299Y19.5316
G01 X33.0101Y19.5316
G00 X33.0101Y19.5316
G01 Z-0.2000
G01 X33.0200Y19.5039
G01 X33.0299Y19.5316
G01 X33.0101Y19.5316
G00 Z3.0000
G00 X35.5501Y19.5316
G01 Z-0.1000
G01 X35.5600Y19.5039
G01 X35.5699Y19.5316
G01 X35.5501Y19.5316
G00 X35.5501Y19.5316
G01 Z-0.2000
G01 X35.5600Y19.5039
G01 X35.5699Y19.5316
G01 X35.5501Y19.5316
G00 Z3.0000
G00 X35.6400Y17.1429
G01 Z-0.1000
G01 X35.6400Y15.8771
G01 X35.7074Y15.9898
G01 X35.7789Y16.0868
G01 X35.7899Y16.1005
G01 X35.8754Y16.1946
G01 X35.9695Y16.2801
G01 X35.9832Y16.2911
G01 X36.0802Y16.3626
G01 X36.1829Y16.4245
G01 X36.2046Y16.4361
G01 X36.3075Y16.4847
G01 X36.3248Y16.4917
G01 X36.3761Y16.5100
G01 X36.3248Y16.5283
G01 X36.3075Y16.5353
G01 X36.2046Y16.5839
G01 X36.1829Y16.5955
G01 X36.0802Y16.6574
G01 X35.9832Y16.7289
G01 X35.9695Y16.7399
G01 X35.8754Y16.8254
G01 X35.7899Y16.9195
G01 X35.7789Y16.9332
G01 X35.7074Y17.0302
G01 X35.6400Y17.1429
G00 X35.6400Y17.1429
G01 Z-0.2000
G01 X35.6400Y15.8771
G01 X35.7074Y15.9898
G01 X35.7789Y16.0868
G01 X35.7899Y16.1005
G01 X35.8754Y16.1946
G01 X35.9695Y16.2801
G01 X35.9832Y16.2911
G01 X36.0802Y16.3626
G01 X36.1829Y16.4245
G01 X36.2046Y16.4361
G01 X36.3075Y16.4847
G01 X36.3248Y16.4917
G01 X36.3761Y16.5100
G01 X36.3248Y16.5283
G01 X36.3075Y16.5353
G01 X36.2046Y16.5839
G01 X36.1829Y16.5955
G01 X36.0802Y16.6574
G01 X35.9832Y16.7289
G01 X35.9695Y16.7399
G01 X35.8754Y16.8254
G01 X35.7899Y16.9195
G01 X35.7789Y16.9332
G01 X35.7074Y17.0302
G01 X35.6400Y17.1429
G00 Z3.0000
G00 X37.2839Y16.5100
G01 Z-0.1000
G01 X37.3352Y16.4917
G01 X37.3525Y16.4847
G01 X37.4603Y16.4337
G01 X37.4771Y16.4245
G01 X37.5697Y16.3690
G01 X37.5901Y16.3554
G01 X37.6768Y16.2911
G01 X37.6905Y16.2801
G01 X37.7846Y16.1946
G01 X37.8656Y16.1057
G01 X37.8811Y16.0868
G01 X37.9526Y15.9898
G01 X38.0145Y15.8871
G01 X38.0261Y15.8654
G01 X38.0747Y15.7625
G01 X38.0817Y15.7452
G01 X38.1221Y15.6312
G01 X38.1514Y15.5153
G01 X38.1562Y15.4913
G01 X38.1735Y15.3727
G01 X38.1797Y15.2523
G01 X38.1800Y13.3371
G01 X38.2410Y13.4397
G01 X38.2546Y13.4601
G01 X38.3189Y13.5468
G01 X38.3299Y13.5605
G01 X38.4154Y13.6546
G01 X38.5095Y13.7401
G01 X38.5232Y13.7511
G01 X38.6099Y13.8154
G01 X38.6303Y13.8290
G01 X38.7229Y13.8845
G01 X38.7397Y13.8937
G01 X38.8475Y13.9447
G01 X38.8648Y13.9517
G01 X38.9665Y13.9880
G01 X38.9899Y13.9951
G01 X39.1012Y14.0229
G01 X39.1187Y14.0262
G01 X39.2255Y14.0420
G01 X39.2499Y14.0444
G01 X39.3700Y14.0500
G01 X39.5027Y14.0435
G01 X39.6213Y14.0262
G01 X39.6388Y14.0229
G01 X39.7501Y13.9951
G01 X39.7735Y13.9880
G01 X39.8752Y13.9517
G01 X39.8925Y13.9447
G01 X40.0003Y13.8937
G01 X40.0171Y13.8845
G01 X40.1097Y13.8290
G01 X40.1301Y13.8154
G01 X40.2168Y13.7511
G01 X40.2305Y13.7401
G01 X40.3246Y13.6546
G01 X40.4056Y13.5657
G01 X40.4211Y13.5468
G01 X40.4926Y13.4498
G01 X40.5545Y13.3471
G01 X40.5637Y13.3303
G01 X40.6123Y13.2278
G01 X40.6217Y13.2052
G01 X40.6621Y13.0911
G01 X40.6929Y12.9688
G01 X40.6962Y12.9513
G01 X40.7120Y12.8445
G01 X40.7144Y12.8201
G01 X40.7200Y12.7000
G01 X40.7200Y5.7171
G01 X40.7874Y5.8298
G01 X40.8589Y5.9268
G01 X40.8699Y5.9405
G01 X40.9554Y6.0346
G01 X41.0495Y6.1201
G01 X41.0632Y6.1311
G01 X41.1602Y6.2026
G01 X41.2629Y6.2645
G01 X41.2846Y6.2761
G01 X41.3875Y6.3247
G01 X41.4403Y6.3443
G01 X41.4469Y6.3659
G01 X41.4717Y6.4352
G01 X41.4786Y6.4525
G01 X41.5126Y6.5244
G01 X41.5241Y6.5461
G01 X41.5620Y6.6092
G01 X41.5756Y6.6296
G01 X41.6194Y6.6887
G01 X41.6304Y6.7025
G01 X41.6844Y6.7622
G01 X44.2300Y9.3082
G01 X44.2300Y9.4827
G01 X44.2123Y9.4555
G01 X44.1538Y9.3767
G01 X44.1428Y9.3629
G01 X44.0723Y9.2850
G01 X44.0550Y9.2677
G01 X43.9771Y9.1972
G01 X43.9633Y9.1862
G01 X43.8845Y9.1277
G01 X43.8641Y9.1141
G01 X43.7799Y9.0636
G01 X43.7583Y9.0521
G01 X43.6642Y9.0077
G01 X43.6469Y9.0007
G01 X43.5545Y8.9677
G01 X43.5310Y8.9606
G01 X43.4293Y8.9352
G01 X43.4118Y8.9319
G01 X43.3147Y8.9175
G01 X43.2903Y8.9151
G01 X43.1800Y8.9100
G01 X43.0571Y8.9161
G01 X42.9482Y8.9319
G01 X42.9242Y8.9367
G01 X42.8179Y8.9636
G01 X42.7131Y9.0007
G01 X42.6904Y9.0101
G01 X42.5968Y9.0545
G01 X42.5801Y9.0636
G01 X42.4858Y9.1205
G01 X42.3967Y9.1862
G01 X42.3829Y9.1972
G01 X42.3050Y9.2677
G01 X42.2877Y9.2850
G01 X42.2218Y9.3577
G01 X42.2062Y9.3767
G01 X42.1405Y9.4658
G01 X42.0836Y9.5601
G01 X42.0721Y9.5817
G01 X42.0277Y9.6758
G01 X42.0207Y9.6931
G01 X41.9836Y9.7979
G01 X41.9552Y9.9107
G01 X41.9519Y9.9282
G01 X41.9361Y10.0371
G01 X41.9300Y10.1600
G01 X41.9300Y12.1907
G01 X41.8879Y12.3089
G01 X41.8571Y12.4312
G01 X41.8538Y12.4487
G01 X41.8365Y12.5673
G01 X41.8300Y12.7000
G01 X41.8356Y12.8201
G01 X41.8380Y12.8445
G01 X41.8538Y12.9513
G01 X41.8571Y12.9688
G01 X41.8849Y13.0801
G01 X41.8920Y13.1035
G01 X41.9283Y13.2052
G01 X41.9353Y13.2225
G01 X41.9839Y13.3254
G01 X41.9955Y13.3471
G01 X42.0574Y13.4498
G01 X42.1289Y13.5468
G01 X42.1445Y13.5657
G01 X42.2169Y13.6457
G01 X42.2343Y13.6631
G01 X42.3195Y13.7401
G01 X42.3332Y13.7511
G01 X42.4302Y13.8226
G01 X42.5329Y13.8845
G01 X42.5546Y13.8961
G01 X42.6575Y13.9447
G01 X42.6748Y13.9517
G01 X42.7765Y13.9880
G01 X42.7999Y13.9951
G01 X42.9112Y14.0229
G01 X42.9287Y14.0262
G01 X43.0355Y14.0420
G01 X43.0599Y14.0444
G01 X43.1677Y14.0497
G01 X43.1923Y14.0497
G01 X43.3127Y14.0435
G01 X43.4313Y14.0262
G01 X43.4553Y14.0214
G01 X43.5712Y13.9921
G01 X43.6852Y13.9517
G01 X43.7078Y13.9423
G01 X43.8103Y13.8937
G01 X43.8271Y13.8845
G01 X43.9197Y13.8290
G01 X43.9401Y13.8154
G01 X44.0268Y13.7511
G01 X44.0405Y13.7401
G01 X44.1257Y13.6631
G01 X44.1431Y13.6457
G01 X44.2201Y13.5605
G01 X44.2311Y13.5468
G01 X44.2919Y13.4648
G01 X44.3086Y13.5094
G01 X44.3450Y13.5862
G01 X44.3541Y13.6029
G01 X44.3984Y13.6762
G01 X44.4494Y13.7456
G01 X44.4604Y13.7593
G01 X44.5229Y13.8280
G01 X47.1327Y16.4378
G01 X47.1101Y16.4356
G01 X46.9900Y16.4300
G01 X46.8699Y16.4356
G01 X46.8455Y16.4380
G01 X46.7387Y16.4538
G01 X46.7147Y16.4586
G01 X46.5989Y16.4879
G01 X46.4848Y16.5283
G01 X46.4675Y16.5353
G01 X46.3597Y16.5863
G01 X46.3429Y16.5955
G01 X46.2503Y16.6510
G01 X46.2299Y16.6646
G01 X46.1432Y16.7289
G01 X46.1243Y16.7445
G01 X46.0354Y16.8254
G01 X45.9545Y16.9143
G01 X45.9389Y16.9332
G01 X45.8674Y17.0302
G01 X45.8055Y17.1329
G01 X45.7939Y17.1546
G01 X45.7453Y17.2575
G01 X45.7383Y17.2748
G01 X45.7200Y17.3261
G01 X45.7017Y17.2748
G01 X45.6947Y17.2575
G01 X45.6437Y17.1497
G01 X45.6345Y17.1329
G01 X45.5790Y17.0403
G01 X45.5654Y17.0199
G01 X45.5011Y16.9332
G01 X45.4901Y16.9195
G01 X45.4131Y16.8343
G01 X45.3957Y16.8169
G01 X45.3157Y16.7445
G01 X45.2968Y16.7289
G01 X45.1998Y16.6574
G01 X45.0971Y16.5955
G01 X45.0754Y16.5839
G01 X44.9725Y16.5353
G01 X44.9552Y16.5283
G01 X44.8535Y16.4920
G01 X44.8301Y16.4849
G01 X44.7188Y16.4571
G01 X44.7013Y16.4538
G01 X44.5827Y16.4365
G01 X44.4500Y16.4300
G01 X44.3299Y16.4356
G01 X44.3055Y16.4380
G01 X44.1987Y16.4538
G01 X44.1747Y16.4586
G01 X44.0589Y16.4879
G01 X43.9448Y16.5283
G01 X43.9275Y16.5353
G01 X43.8197Y16.5863
G01 X43.8029Y16.5955
G01 X43.7002Y16.6574
G01 X43.6032Y16.7289
G01 X43.5895Y16.7399
G01 X43.5043Y16.8169
G01 X43.4869Y16.8343
G01 X43.4145Y16.9143
G01 X43.3989Y16.9332
G01 X43.3274Y17.0302
G01 X43.2655Y17.1329
G01 X43.2539Y17.1546
G01 X43.2053Y17.2575
G01 X43.1983Y17.2748
G01 X43.1800Y17.3261
G01 X43.1617Y17.2748
G01 X43.1547Y17.2575
G01 X43.1037Y17.1497
G01 X43.0945Y17.1329
G01 X43.0390Y17.0403
G01 X43.0254Y17.0199
G01 X42.9611Y16.9332
G01 X42.9501Y16.9195
G01 X42.8731Y16.8343
G01 X42.8557Y16.8169
G01 X42.7757Y16.7445
G01 X42.7568Y16.7289
G01 X42.6598Y16.6574
G01 X42.5571Y16.5955
G01 X42.5354Y16.5839
G01 X42.4325Y16.5353
G01 X42.4152Y16.5283
G01 X42.3135Y16.4920
G01 X42.2901Y16.4849
G01 X42.1788Y16.4571
G01 X42.1613Y16.4538
G01 X42.0545Y16.4380
G01 X42.0301Y16.4356
G01 X41.9223Y16.4303
G01 X41.8977Y16.4303
G01 X41.7773Y16.4365
G01 X41.6587Y16.4538
G01 X41.6347Y16.4586
G01 X41.5189Y16.4879
G01 X41.4048Y16.5283
G01 X41.3875Y16.5353
G01 X41.2797Y16.5863
G01 X41.2629Y16.5955
G01 X41.1703Y16.6510
G01 X41.1499Y16.6646
G01 X41.0632Y16.7289
G01 X41.0443Y16.7445
G01 X40.9554Y16.8254
G01 X40.8745Y16.9143
G01 X40.8589Y16.9332
G01 X40.7874Y17.0302
G01 X40.7255Y17.1329
G01 X40.7139Y17.1546
G01 X40.6653Y17.2575
G01 X40.6583Y17.2748
G01 X40.6400Y17.3261
G01 X40.6217Y17.2748
G01 X40.6147Y17.2575
G01 X40.5637Y17.1497
G01 X40.5545Y17.1329
G01 X40.4926Y17.0302
G01 X40.4211Y16.9332
G01 X40.4056Y16.9143
G01 X40.3246Y16.8254
G01 X40.2305Y16.7399
G01 X40.2168Y16.7289
G01 X40.1198Y16.6574
G01 X40.0171Y16.5955
G01 X39.9954Y16.5839
G01 X39.8978Y16.5377
G01 X39.8752Y16.5283
G01 X39.7612Y16.4879
G01 X39.6453Y16.4586
G01 X39.6213Y16.4538
G01 X39.5027Y16.4365
G01 X39.3700Y16.4300
G01 X39.2373Y16.4365
G01 X39.1187Y16.4538
G01 X39.0947Y16.4586
G01 X38.9789Y16.4879
G01 X38.8648Y16.5283
G01 X38.8422Y16.5377
G01 X38.7446Y16.5839
G01 X38.7229Y16.5955
G01 X38.6202Y16.6574
G01 X38.5232Y16.7289
G01 X38.5095Y16.7399
G01 X38.4154Y16.8254
G01 X38.3299Y16.9195
G01 X38.3189Y16.9332
G01 X38.2474Y17.0302
G01 X38.1855Y17.1329
G01 X38.1739Y17.1546
G01 X38.1253Y17.2575
G01 X38.1183Y17.2748
G01 X38.1000Y17.3261
G01 X38.0817Y17.2748
G01 X38.0747Y17.2575
G01 X38.0237Y17.1497
G01 X38.0145Y17.1329
G01 X37.9590Y17.0403
G01 X37.9454Y17.0199
G01 X37.8811Y16.9332
G01 X37.8701Y16.9195
G01 X37.7846Y16.8254
G01 X37.6905Y16.7399
G01 X37.6768Y16.7289
G01 X37.5901Y16.6646
G01 X37.5697Y16.6510
G01 X37.4771Y16.5955
G01 X37.4603Y16.5863
G01 X37.3525Y16.5353
G01 X37.3352Y16.5283
G01 X37.2839Y16.5100
G00 X37.2839Y16.5100
G01 Z-0.2000
G01 X37.3352Y16.4917
G01 X37.3525Y16.4847
G01 X37.4603Y16.4337
G01 X37.4771Y16.4245
G01 X37.5697Y16.3690
G01 X37.5901Y16.3554
G01 X37.6768Y16.2911
G01 X37.6905Y16.2801
G01 X37.7846Y16.1946
G01 X37.8656Y16.1057
G01 X37.8811Y16.0868
G01 X37.9526Y15.9898
G01 X38.0145Y15.8871
G01 X38.0261Y15.8654
G01 X38.0747Y15.7625
G01 X38.0817Y15.7452
G01 X38.1221Y15.6312
G01 X38.1514Y15.5153
G01 X38.1562Y15.4913
G01 X38.1735Y15.3727
G01 X38.1797Y15.2523
G01 X38.1800Y13.3371
G01 X38.2410Y13.4397
G01 X38.2546Y13.4601
G01 X38.3189Y13.5468
G01 X38.3299Y13.5605
G01 X38.4154Y13.6546
G01 X38.5095Y13.7401
G01 X38.5232Y13.7511
G01 X38.6099Y13.8154
G01 X38.6303Y13.8290
G01 X38.7229Y13.8845
G01 X38.7397Y13.8937
G01 X38.8475Y13.9447
G01 X38.8648Y13.9517
G01 X38.9665Y13.9880
G01 X38.9899Y13.9951
G01 X39.1012Y14.0229
G01 X39.1187Y14.0262
G01 X39.2255Y14.0420
G01 X39.2499Y14.0444
G01 X39.3700Y14.0500
G01 X39.5027Y14.0435
G01 X39.6213Y14.0262
G01 X39.6388Y14.0229
G01 X39.7501Y13.9951
G01 X39.7735Y13.9880
G01 X39.8752Y13.9517
G01 X39.8925Y13.9447
G01 X40.0003Y13.8937
G01 X40.0171Y13.8845
G01 X40.1097Y13.8290
G01 X40.1301Y13.8154
G01 X40.2168Y13.7511
G01 X40.2305Y13.7401
G01 X40.3246Y13.6546
G01 X40.4056Y13.5657
G01 X40.4211Y13.5468
G01 X40.4926Y13.4498
G01 X40.5545Y13.3471
G01 X40.5637Y13.3303
G01 X40.6123Y13.2278
G01 X40.6217Y13.2052
G01 X40.6621Y13.0911
G01 X40.6929Y12.9688
G01 X40.6962Y12.9513
G01 X40.7120Y12.8445
G01 X40.7144Y12.8201
G01 X40.7200Y12.7000
G01 X40.7200Y5.7171
G01 X40.7874Y5.8298
G01 X40.8589Y5.9268
G01 X40.8699Y5.9405
G01 X40.9554Y6.0346
G01 X41.0495Y6.1201
G01 X41.0632Y6.1311
G01 X41.1602Y6.2026
G01 X41.2629Y6.2645
G01 X41.2846Y6.2761
G01 X41.3875Y6.3247
G01 X41.4403Y6.3443
G01 X41.4469Y6.3659
G01 X41.4717Y6.4352
G01 X41.4786Y6.4525
G01 X41.5126Y6.5244
G01 X41.5241Y6.5461
G01 X41.5620Y6.6092
G01 X41.5756Y6.6296
G01 X41.6194Y6.6887
G01 X41.6304Y6.7025
G01 X41.6844Y6.7622
G01 X44.2300Y9.3082
G01 X44.2300Y9.4827
G01 X44.2123Y9.4555
G01 X44.1538Y9.3767
G01 X44.1428Y9.3629
G01 X44.0723Y9.2850
G01 X44.0550Y9.2677
G01 X43.9771Y9.1972
G01 X43.9633Y9.1862
G01 X43.8845Y9.1277
G01 X43.8641Y9.1141
G01 X43.7799Y9.0636
G01 X43.7583Y9.0521
G01 X43.6642Y9.0077
G01 X43.6469Y9.0007
G01 X43.5545Y8.9677
G01 X43.5310Y8.9606
G01 X43.4293Y8.9352
G01 X43.4118Y8.9319
G01 X43.3147Y8.9175
G01 X43.2903Y8.9151
G01 X43.1800Y8.9100
G01 X43.0571Y8.9161
G01 X42.9482Y8.9319
G01 X42.9242Y8.9367
G01 X42.8179Y8.9636
G01 X42.7131Y9.0007
G01 X42.6904Y9.0101
G01 X42.5968Y9.0545
G01 X42.5801Y9.0636
G01 X42.4858Y9.1205
G01 X42.3967Y9.1862
G01 X42.3829Y9.1972
G01 X42.3050Y9.2677
G01 X42.2877Y9.2850
G01 X42.2218Y9.3577
G01 X42.2062Y9.3767
G01 X42.1405Y9.4658
G01 X42.0836Y9.5601
G01 X42.0721Y9.5817
G01 X42.0277Y9.6758
G01 X42.0207Y9.6931
G01 X41.9836Y9.7979
G01 X41.9552Y9.9107
G01 X41.9519Y9.9282
G01 X41.9361Y10.0371
G01 X41.9300Y10.1600
G01 X41.9300Y12.1907
G01 X41.8879Y12.3089
G01 X41.8571Y12.4312
G01 X41.8538Y12.4487
G01 X41.8365Y12.5673
G01 X41.8300Y12.7000
G01 X41.8356Y12.8201
G01 X41.8380Y12.8445
G01 X41.8538Y12.9513
G01 X41.8571Y12.9688
G01 X41.8849Y13.0801
G01 X41.8920Y13.1035
G01 X41.9283Y13.2052
G01 X41.9353Y13.2225
G01 X41.9839Y13.3254
G01 X41.9955Y13.3471
G01 X42.0574Y13.4498
G01 X42.1289Y13.5468
G01 X42.1445Y13.5657
G01 X42.2169Y13.6457
G01 X42.2343Y13.6631
G01 X42.3195Y13.7401
G01 X42.3332Y13.7511
G01 X42.4302Y13.8226
G01 X42.5329Y13.8845
G01 X42.5546Y13.8961
G01 X42.6575Y13.9447
G01 X42.6748Y13.9517
G01 X42.7765Y13.9880
G01 X42.7999Y13.9951
G01 X42.9112Y14.0229
G01 X42.9287Y14.0262
G01 X43.0355Y14.0420
G01 X43.0599Y14.0444
G01 X43.1677Y14.0497
G01 X43.1923Y14.0497
G01 X43.3127Y14.0435
G01 X43.4313Y14.0262
G01 X43.4553Y14.0214
G01 X43.5712Y13.9921
G01 X43.6852Y13.9517
G01 X43.7078Y13.9423
G01 X43.8103Y13.8937
G01 X43.8271Y13.8845
G01 X43.9197Y13.8290
G01 X43.9401Y13.8154
G01 X44.0268Y13.7511
G01 X44.0405Y13.7401
G01 X44.1257Y13.6631
G01 X44.1431Y13.6457
G01 X44.2201Y13.5605
G01 X44.2311Y13.5468
G01 X44.2919Y13.4648
G01 X44.3086Y13.5094
G01 X44.3450Y13.5862
G01 X44.3541Y13.6029
G01 X44.3984Y13.6762
G01 X44.4494Y13.7456
G01 X44.4604Y13.7593
G01 X44.5229Y13.8280
G01 X47.1327Y16.4378
G01 X47.1101Y16.4356
G01 X46.9900Y16.4300
G01 X46.8699Y16.4356
G01 X46.8455Y16.4380
G01 X46.7387Y16.4538
G01 X46.7147Y16.4586
G01 X46.5989Y16.4879
G01 X46.4848Y16.5283
G01 X46.4675Y16.5353
G01 X46.3597Y16.5863
G01 X46.3429Y16.5955
G01 X46.2503Y16.6510
G01 X46.2299Y16.6646
G01 X46.1432Y16.7289
G01 X46.1243Y16.7445
G01 X46.0354Y16.8254
G01 X45.9545Y16.9143
G01 X45.9389Y16.9332
G01 X45.8674Y17.0302
G01 X45.8055Y17.1329
G01 X45.7939Y17.1546
G01 X45.7453Y17.2575
G01 X45.7383Y17.2748
G01 X45.7200Y17.3261
G01 X45.7017Y17.2748
G01 X45.6947Y17.2575
G01 X45.6437Y17.1497
G01 X45.6345Y17.1329
G01 X45.5790Y17.0403
G01 X45.5654Y17.0199
G01 X45.5011Y16.9332
G01 X45.4901Y16.9195
G01 X45.4131Y16.8343
G01 X45.3957Y16.8169
G01 X45.3157Y16.7445
G01 X45.2968Y16.7289
G01 X45.1998Y16.6574
G01 X45.0971Y16.5955
G01 X45.0754Y16.5839
G01 X44.9725Y16.5353
G01 X44.9552Y16.5283
G01 X44.8535Y16.4920
G01 X44.8301Y16.4849
G01 X44.7188Y16.4571
G01 X44.7013Y16.4538
G01 X44.5827Y16.4365
G01 X44.4500Y16.4300
G01 X44.3299Y16.4356
G01 X44.3055Y16.4380
G01 X44.1987Y16.4538
G01 X44.1747Y16.4586
G01 X44.0589Y16.4879
G01 X43.9448Y16.5283
G01 X43.9275Y16.5353
G01 X43.8197Y16.5863
G01 X43.8029Y16.5955
G01 X43.7002Y16.6574
G01 X43.6032Y16.7289
G01 X43.5895Y16.7399
G01 X43.5043Y16.8169
G01 X43.4869Y16.8343
G01 X43.4145Y16.9143
G01 X43.3989Y16.9332
G01 X43.3274Y17.0302
G01 X43.2655Y17.1329
G01 X43.2539Y17.1546
G01 X43.2053Y17.2575
G01 X43.1983Y17.2748
G01 X43.1800Y17.3261
G01 X43.1617Y17.2748
G01 X43.1547Y17.2575
G01 X43.1037Y17.1497
G01 X43.0945Y17.1329
G01 X43.0390Y17.0403
G01 X43.0254Y17.0199
G01 X42.9611Y16.9332
G01 X42.9501Y16.9195
G01 X42.8731Y16.8343
G01 X42.8557Y16.8169
G01 X42.7757Y16.7445
G01 X42.7568Y16.7289
G01 X42.6598Y16.6574
G01 X42.5571Y16.5955
G01 X42.5354Y16.5839
G01 X42.4325Y16.5353
G01 X42.4152Y16.5283
G01 X42.3135Y16.4920
G01 X42.2901Y16.4849
G01 X42.1788Y16.4571
G01 X42.1613Y16.4538
G01 X42.0545Y16.4380
G01 X42.0301Y16.4356
G01 X41.9223Y16.4303
G01 X41.8977Y16.4303
G01 X41.7773Y16.4365
G01 X41.6587Y16.4538
G01 X41.6347Y16.4586
G01 X41.5189Y16.4879
G01 X41.4048Y16.5283
G01 X41.3875Y16.5353
G01 X41.2797Y16.5863
G01 X41.2629Y16.5955
G01 X41.1703Y16.6510
G01 X41.1499Y16.6646
G01 X41.0632Y16.7289
G01 X41.0443Y16.7445
G01 X40.9554Y16.8254
G01 X40.8745Y16.9143
G01 X40.8589Y16.9332
G01 X40.7874Y17.0302
G01 X40.7255Y17.1329
G01 X40.7139Y17.1546
G01 X40.6653Y17.2575
G01 X40.6583Y17.2748
G01 X40.6400Y17.3261
G01 X40.6217Y17.2748
G01 X40.6147Y17.2575
G01 X40.5637Y17.1497
G01 X40.5545Y17.1329
G01 X40.4926Y17.0302
G01 X40.4211Y16.9332
G01 X40.4056Y16.9143
G01 X40.3246Y16.8254
G01 X40.2305Y16.7399
G01 X40.2168Y16.7289
G01 X40.1198Y16.6574
G01 X40.0171Y16.5955
G01 X39.9954Y16.5839
G01 X39.8978Y16.5377
G01 X39.8752Y16.5283
G01 X39.7612Y16.4879
G01 X39.6453Y16.4586
G01 X39.6213Y16.4538
G01 X39.5027Y16.4365
G01 X39.3700Y16.4300
G01 X39.2373Y16.4365
G01 X39.1187Y16.4538
G01 X39.0947Y16.4586
G01 X38.9789Y16.4879
G01 X38.8648Y16.5283
G01 X38.8422Y16.5377
G01 X38.7446Y16.5839
G01 X38.7229Y16.5955
G01 X38.6202Y16.6574
G01 X38.5232Y16.7289
G01 X38.5095Y16.7399
G01 X38.4154Y16.8254
G01 X38.3299Y16.9195
G01 X38.3189Y16.9332
G01 X38.2474Y17.0302
G01 X38.1855Y17.1329
G01 X38.1739Y17.1546
G01 X38.1253Y17.2575
G01 X38.1183Y17.2748
G01 X38.1000Y17.3261
G01 X38.0817Y17.2748
G01 X38.0747Y17.2575
G01 X38.0237Y17.1497
G01 X38.0145Y17.1329
G01 X37.9590Y17.0403
G01 X37.9454Y17.0199
G01 X37.8811Y16.9332
G01 X37.8701Y16.9195
G01 X37.7846Y16.8254
G01 X37.6905Y16.7399
G01 X37.6768Y16.7289
G01 X37.5901Y16.6646
G01 X37.5697Y16.6510
G01 X37.4771Y16.5955
G01 X37.4603Y16.5863
G01 X37.3525Y16.5353
G01 X37.3352Y16.5283
G01 X37.2839Y16.5100
G00 Z3.0000
G00 X38.9353Y15.6747
G01 Z-0.1000
G01 X38.9475Y15.6087
G01 X38.9633Y15.5019
G01 X38.9695Y15.4523
G01 X38.9734Y15.3993
G01 X38.9787Y15.2915
G01 X38.9800Y15.2400
G01 X38.9800Y14.8136
G01 X39.0013Y14.8175
G01 X39.1081Y14.8333
G01 X39.1577Y14.8395
G01 X39.2107Y14.8434
G01 X39.3185Y14.8487
G01 X39.3700Y14.8500
G01 X39.4215Y14.8487
G01 X39.5293Y14.8434
G01 X39.5823Y14.8395
G01 X39.6319Y14.8333
G01 X39.7387Y14.8175
G01 X39.8124Y14.8039
G01 X39.9444Y14.7712
G01 X39.9910Y14.7584
G01 X40.0430Y14.7413
G01 X40.1447Y14.7049
G01 X40.2174Y14.6758
G01 X40.3581Y14.6093
G01 X40.4283Y14.5707
G01 X40.5209Y14.5152
G01 X40.5636Y14.4883
G01 X40.6066Y14.4580
G01 X40.6933Y14.3937
G01 X40.7512Y14.3475
G01 X40.8530Y14.2558
G01 X40.8903Y14.2203
G01 X40.9258Y14.1830
G01 X41.0175Y14.0812
G01 X41.0637Y14.0233
G01 X41.1280Y13.9366
G01 X41.1583Y13.8936
G01 X41.1852Y13.8509
G01 X41.2407Y13.7583
G01 X41.2750Y13.6959
G01 X41.3093Y13.7583
G01 X41.3648Y13.8509
G01 X41.3917Y13.8936
G01 X41.4220Y13.9366
G01 X41.4863Y14.0233
G01 X41.5325Y14.0812
G01 X41.6242Y14.1830
G01 X41.6597Y14.2203
G01 X41.6970Y14.2558
G01 X41.7988Y14.3475
G01 X41.8567Y14.3937
G01 X41.9434Y14.4580
G01 X41.9864Y14.4883
G01 X42.0291Y14.5152
G01 X42.1217Y14.5707
G01 X42.1919Y14.6093
G01 X42.3326Y14.6758
G01 X42.4053Y14.7049
G01 X42.5070Y14.7413
G01 X42.5590Y14.7584
G01 X42.6056Y14.7712
G01 X42.7376Y14.8039
G01 X42.8113Y14.8175
G01 X42.9181Y14.8333
G01 X42.9677Y14.8395
G01 X43.0207Y14.8434
G01 X43.1285Y14.8487
G01 X43.1800Y14.8500
G01 X43.2315Y14.8487
G01 X43.3393Y14.8434
G01 X43.3923Y14.8395
G01 X43.4419Y14.8333
G01 X43.5487Y14.8175
G01 X43.6224Y14.8039
G01 X43.7544Y14.7712
G01 X43.8010Y14.7584
G01 X43.8530Y14.7413
G01 X43.9547Y14.7049
G01 X44.0274Y14.6758
G01 X44.1712Y14.6076
G01 X45.4307Y15.8671
G01 X45.2974Y15.8042
G01 X45.2247Y15.7751
G01 X45.1230Y15.7387
G01 X45.0710Y15.7216
G01 X45.0244Y15.7088
G01 X44.8924Y15.6761
G01 X44.8187Y15.6625
G01 X44.7119Y15.6467
G01 X44.6623Y15.6405
G01 X44.6093Y15.6366
G01 X44.5015Y15.6313
G01 X44.4500Y15.6300
G01 X44.3985Y15.6313
G01 X44.2907Y15.6366
G01 X44.2377Y15.6405
G01 X44.1881Y15.6467
G01 X44.0813Y15.6625
G01 X44.0076Y15.6761
G01 X43.9803Y15.6826
G01 X43.8756Y15.7088
G01 X43.8290Y15.7216
G01 X43.7770Y15.7387
G01 X43.6753Y15.7751
G01 X43.6026Y15.8042
G01 X43.4619Y15.8707
G01 X43.3917Y15.9093
G01 X43.2991Y15.9648
G01 X43.2564Y15.9917
G01 X43.2134Y16.0220
G01 X43.1800Y16.0468
G01 X43.1466Y16.0220
G01 X43.1036Y15.9917
G01 X43.0609Y15.9648
G01 X42.9683Y15.9093
G01 X42.8981Y15.8707
G01 X42.7574Y15.8042
G01 X42.6847Y15.7751
G01 X42.5830Y15.7387
G01 X42.5310Y15.7216
G01 X42.4844Y15.7088
G01 X42.3524Y15.6761
G01 X42.2787Y15.6625
G01 X42.1719Y15.6467
G01 X42.1223Y15.6405
G01 X42.0693Y15.6366
G01 X41.9615Y15.6313
G01 X41.9100Y15.6300
G01 X41.8585Y15.6313
G01 X41.7507Y15.6366
G01 X41.6977Y15.6405
G01 X41.6481Y15.6467
G01 X41.5413Y15.6625
G01 X41.4676Y15.6761
G01 X41.3356Y15.7088
G01 X41.2890Y15.7216
G01 X41.2370Y15.7387
G01 X41.1353Y15.7751
G01 X41.0626Y15.8042
G01 X40.9219Y15.8707
G01 X40.8517Y15.9093
G01 X40.7591Y15.9648
G01 X40.7164Y15.9917
G01 X40.6734Y16.0220
G01 X40.6400Y16.0468
G01 X40.6066Y16.0220
G01 X40.5636Y15.9917
G01 X40.5209Y15.9648
G01 X40.4283Y15.9093
G01 X40.3581Y15.8707
G01 X40.2174Y15.8042
G01 X40.1447Y15.7751
G01 X40.0430Y15.7387
G01 X39.9910Y15.7216
G01 X39.9444Y15.7088
G01 X39.8124Y15.6761
G01 X39.7387Y15.6625
G01 X39.6319Y15.6467
G01 X39.5823Y15.6405
G01 X39.5293Y15.6366
G01 X39.4215Y15.6313
G01 X39.3700Y15.6300
G01 X39.3185Y15.6313
G01 X39.2107Y15.6366
G01 X39.1577Y15.6405
G01 X39.1081Y15.6467
G01 X39.0013Y15.6625
G01 X38.9353Y15.6747
G00 X38.9353Y15.6747
G01 Z-0.2000
G01 X38.9475Y15.6087
G01 X38.9633Y15.5019
G01 X38.9695Y15.4523
G01 X38.9734Y15.3993
G01 X38.9787Y15.2915
G01 X38.9800Y15.2400
G01 X38.9800Y14.8136
G01 X39.0013Y14.8175
G01 X39.1081Y14.8333
G01 X39.1577Y14.8395
G01 X39.2107Y14.8434
G01 X39.3185Y14.8487
G01 X39.3700Y14.8500
G01 X39.4215Y14.8487
G01 X39.5293Y14.8434
G01 X39.5823Y14.8395
G01 X39.6319Y14.8333
G01 X39.7387Y14.8175
G01 X39.8124Y14.8039
G01 X39.9444Y14.7712
G01 X39.9910Y14.7584
G01 X40.0430Y14.7413
G01 X40.1447Y14.7049
G01 X40.2174Y14.6758
G01 X40.3581Y14.6093
G01 X40.4283Y14.5707
G01 X40.5209Y14.5152
G01 X40.5636Y14.4883
G01 X40.6066Y14.4580
G01 X40.6933Y14.3937
G01 X40.7512Y14.3475
G01 X40.8530Y14.2558
G01 X40.8903Y14.2203
G01 X40.9258Y14.1830
G01 X41.0175Y14.0812
G01 X41.0637Y14.0233
G01 X41.1280Y13.9366
G01 X41.1583Y13.8936
G01 X41.1852Y13.8509
G01 X41.2407Y13.7583
G01 X41.2750Y13.6959
G01 X41.3093Y13.7583
G01 X41.3648Y13.8509
G01 X41.3917Y13.8936
G01 X41.4220Y13.9366
G01 X41.4863Y14.0233
G01 X41.5325Y14.0812
G01 X41.6242Y14.1830
G01 X41.6597Y14.2203
G01 X41.6970Y14.2558
G01 X41.7988Y14.3475
G01 X41.8567Y14.3937
G01 X41.9434Y14.4580
G01 X41.9864Y14.4883
G01 X42.0291Y14.5152
G01 X42.1217Y14.5707
G01 X42.1919Y14.6093
G01 X42.3326Y14.6758
G01 X42.4053Y14.7049
G01 X42.5070Y14.7413
G01 X42.5590Y14.7584
G01 X42.6056Y14.7712
G01 X42.7376Y14.8039
G01 X42.8113Y14.8175
G01 X42.9181Y14.8333
G01 X42.9677Y14.8395
G01 X43.0207Y14.8434
G01 X43.1285Y14.8487
G01 X43.1800Y14.8500
G01 X43.2315Y14.8487
G01 X43.3393Y14.8434
G01 X43.3923Y14.8395
G01 X43.4419Y14.8333
G01 X43.5487Y14.8175
G01 X43.6224Y14.8039
G01 X43.7544Y14.7712
G01 X43.8010Y14.7584
G01 X43.8530Y14.7413
G01 X43.9547Y14.7049
G01 X44.0274Y14.6758
G01 X44.1712Y14.6076
G01 X45.4307Y15.8671
G01 X45.2974Y15.8042
G01 X45.2247Y15.7751
G01 X45.1230Y15.7387
G01 X45.0710Y15.7216
G01 X45.0244Y15.7088
G01 X44.8924Y15.6761
G01 X44.8187Y15.6625
G01 X44.7119Y15.6467
G01 X44.6623Y15.6405
G01 X44.6093Y15.6366
G01 X44.5015Y15.6313
G01 X44.4500Y15.6300
G01 X44.3985Y15.6313
G01 X44.2907Y15.6366
G01 X44.2377Y15.6405
G01 X44.1881Y15.6467
G01 X44.0813Y15.6625
G01 X44.0076Y15.6761
G01 X43.9803Y15.6826
G01 X43.8756Y15.7088
G01 X43.8290Y15.7216
G01 X43.7770Y15.7387
G01 X43.6753Y15.7751
G01 X43.6026Y15.8042
G01 X43.4619Y15.8707
G01 X43.3917Y15.9093
G01 X43.2991Y15.9648
G01 X43.2564Y15.9917
G01 X43.2134Y16.0220
G01 X43.1800Y16.0468
G01 X43.1466Y16.0220
G01 X43.1036Y15.9917
G01 X43.0609Y15.9648
G01 X42.9683Y15.9093
G01 X42.8981Y15.8707
G01 X42.7574Y15.8042
G01 X42.6847Y15.7751
G01 X42.5830Y15.7387
G01 X42.5310Y15.7216
G01 X42.4844Y15.7088
G01 X42.3524Y15.6761
G01 X42.2787Y15.6625
G01 X42.1719Y15.6467
G01 X42.1223Y15.6405
G01 X42.0693Y15.6366
G01 X41.9615Y15.6313
G01 X41.9100Y15.6300
G01 X41.8585Y15.6313
G01 X41.7507Y15.6366
G01 X41.6977Y15.6405
G01 X41.6481Y15.6467
G01 X41.5413Y15.6625
G01 X41.4676Y15.6761
G01 X41.3356Y15.7088
G01 X41.2890Y15.7216
G01 X41.2370Y15.7387
G01 X41.1353Y15.7751
G01 X41.0626Y15.8042
G01 X40.9219Y15.8707
G01 X40.8517Y15.9093
G01 X40.7591Y15.9648
G01 X40.7164Y15.9917
G01 X40.6734Y16.0220
G01 X40.6400Y16.0468
G01 X40.6066Y16.0220
G01 X40.5636Y15.9917
G01 X40.5209Y15.9648
G01 X40.4283Y15.9093
G01 X40.3581Y15.8707
G01 X40.2174Y15.8042
G01 X40.1447Y15.7751
G01 X40.0430Y15.7387
G01 X39.9910Y15.7216
G01 X39.9444Y15.7088
G01 X39.8124Y15.6761
G01 X39.7387Y15.6625
G01 X39.6319Y15.6467
G01 X39.5823Y15.6405
G01 X39.5293Y15.6366
G01 X39.4215Y15.6313
G01 X39.3700Y15.6300
G01 X39.3185Y15.6313
G01 X39.2107Y15.6366
G01 X39.1577Y15.6405
G01 X39.1081Y15.6467
G01 X39.0013Y15.6625
G01 X38.9353Y15.6747
G00 Z3.0000
G00 X38.1000Y19.5039
G01 Z-0.1000
G01 X38.1099Y19.5316
G01 X38.0901Y19.5316
G01 X38.1000Y19.5039
G00 X38.1000Y19.5039
G01 Z-0.2000
G01 X38.1099Y19.5316
G01 X38.0901Y19.5316
G01 X38.1000Y19.5039
G00 Z3.0000
G00 X40.6301Y19.5316
G01 Z-0.1000
G01 X40.6400Y19.5039
G01 X40.6499Y19.5316
G01 X40.6301Y19.5316
G00 X40.6301Y19.5316
G01 Z-0.2000
G01 X40.6400Y19.5039
G01 X40.6499Y19.5316
G01 X40.6301Y19.5316
G00 Z3.0000
G00 X43.0139Y19.8256
G01 Z-0.1000
G01 X43.0326Y19.7998
G01 X43.0390Y19.7897
G01 X43.1000Y19.6871
G01 X43.1000Y19.8583
G01 X43.0744Y19.8459
G01 X43.0571Y19.8389
G01 X43.0331Y19.8307
G01 X43.0139Y19.8256
G00 X43.0139Y19.8256
G01 Z-0.2000
G01 X43.0326Y19.7998
G01 X43.0390Y19.7897
G01 X43.1000Y19.6871
G01 X43.1000Y19.8583
G01 X43.0744Y19.8459
G01 X43.0571Y19.8389
G01 X43.0331Y19.8307
G01 X43.0139Y19.8256
G00 Z3.0000
G00 X43.1800Y15.5698
G01 Z-0.1000
G01 X43.0770Y15.5130
G01 X42.9199Y15.4387
G01 X42.8194Y15.3985
G01 X42.7178Y15.3621
G01 X42.6460Y15.3385
G01 X42.5816Y15.3208
G01 X42.4391Y15.2857
G01 X42.3374Y15.2668
G01 X42.2306Y15.2510
G01 X42.1621Y15.2425
G01 X42.0890Y15.2370
G01 X41.9811Y15.2317
G01 X41.9100Y15.2300
G01 X41.8389Y15.2317
G01 X41.7310Y15.2370
G01 X41.6579Y15.2425
G01 X41.5894Y15.2510
G01 X41.4826Y15.2668
G01 X41.3809Y15.2857
G01 X41.2384Y15.3208
G01 X41.1740Y15.3385
G01 X41.1022Y15.3621
G01 X41.0006Y15.3985
G01 X40.9001Y15.4387
G01 X40.7715Y15.4991
G01 X40.7430Y15.5130
G01 X40.6400Y15.5698
G01 X40.5370Y15.5130
G01 X40.3798Y15.4387
G01 X40.2794Y15.3985
G01 X40.1778Y15.3621
G01 X40.1060Y15.3385
G01 X40.0416Y15.3208
G01 X39.8991Y15.2857
G01 X39.7974Y15.2668
G01 X39.6906Y15.2510
G01 X39.6221Y15.2425
G01 X39.5886Y15.2400
G01 X39.6221Y15.2375
G01 X39.6906Y15.2290
G01 X39.7974Y15.2132
G01 X39.8992Y15.1943
G01 X40.0416Y15.1592
G01 X40.1060Y15.1415
G01 X40.1778Y15.1179
G01 X40.2794Y15.0815
G01 X40.3799Y15.0413
G01 X40.5370Y14.9670
G01 X40.6340Y14.9138
G01 X40.7266Y14.8583
G01 X40.7854Y14.8211
G01 X40.8449Y14.7793
G01 X40.9316Y14.7150
G01 X41.0115Y14.6512
G01 X41.1216Y14.5522
G01 X41.1731Y14.5031
G01 X41.2222Y14.4516
G01 X41.2750Y14.3933
G01 X41.3278Y14.4516
G01 X41.3769Y14.5031
G01 X41.4284Y14.5522
G01 X41.5385Y14.6512
G01 X41.6184Y14.7150
G01 X41.7051Y14.7793
G01 X41.7646Y14.8211
G01 X41.8234Y14.8583
G01 X41.9160Y14.9138
G01 X42.0130Y14.9670
G01 X42.1391Y15.0271
G01 X42.1702Y15.0413
G01 X42.2706Y15.0815
G01 X42.3722Y15.1179
G01 X42.4440Y15.1415
G01 X42.5084Y15.1592
G01 X42.6509Y15.1943
G01 X42.7526Y15.2132
G01 X42.8594Y15.2290
G01 X42.9279Y15.2375
G01 X43.0010Y15.2430
G01 X43.1089Y15.2483
G01 X43.1800Y15.2500
G01 X43.2511Y15.2483
G01 X43.3590Y15.2430
G01 X43.4321Y15.2375
G01 X43.5006Y15.2290
G01 X43.6074Y15.2132
G01 X43.7091Y15.1943
G01 X43.8516Y15.1592
G01 X43.9160Y15.1415
G01 X43.9878Y15.1179
G01 X44.0820Y15.0842
G01 X44.2374Y15.2395
G01 X44.1979Y15.2425
G01 X44.1294Y15.2510
G01 X44.0226Y15.2668
G01 X43.9208Y15.2857
G01 X43.7784Y15.3208
G01 X43.7140Y15.3385
G01 X43.6422Y15.3621
G01 X43.5406Y15.3985
G01 X43.4401Y15.4387
G01 X43.2830Y15.5130
G01 X43.1800Y15.5698
G00 X43.1800Y15.5698
G01 Z-0.2000
G01 X43.0770Y15.5130
G01 X42.9199Y15.4387
G01 X42.8194Y15.3985
G01 X42.7178Y15.3621
G01 X42.6460Y15.3385
G01 X42.5816Y15.3208
G01 X42.4391Y15.2857
G01 X42.3374Y15.2668
G01 X42.2306Y15.2510
G01 X42.1621Y15.2425
G01 X42.0890Y15.2370
G01 X41.9811Y15.2317
G01 X41.9100Y15.2300
G01 X41.8389Y15.2317
G01 X41.7310Y15.2370
G01 X41.6579Y15.2425
G01 X41.5894Y15.2510
G01 X41.4826Y15.2668
G01 X41.3809Y15.2857
G01 X41.2384Y15.3208
G01 X41.1740Y15.3385
G01 X41.1022Y15.3621
G01 X41.0006Y15.3985
G01 X40.9001Y15.4387
G01 X40.7715Y15.4991
G01 X40.7430Y15.5130
G01 X40.6400Y15.5698
G01 X40.5370Y15.5130
G01 X40.3798Y15.4387
G01 X40.2794Y15.3985
G01 X40.1778Y15.3621
G01 X40.1060Y15.3385
G01 X40.0416Y15.3208
G01 X39.8991Y15.2857
G01 X39.7974Y15.2668
G01 X39.6906Y15.2510
G01 X39.6221Y15.2425
G01 X39.5886Y15.2400
G01 X39.6221Y15.2375
G01 X39.6906Y15.2290
G01 X39.7974Y15.2132
G01 X39.8992Y15.1943
G01 X40.0416Y15.1592
G01 X40.1060Y15.1415
G01 X40.1778Y15.1179
G01 X40.2794Y15.0815
G01 X40.3799Y15.0413
G01 X40.5370Y14.9670
G01 X40.6340Y14.9138
G01 X40.7266Y14.8583
G01 X40.7854Y14.8211
G01 X40.8449Y14.7793
G01 X40.9316Y14.7150
G01 X41.0115Y14.6512
G01 X41.1216Y14.5522
G01 X41.1731Y14.5031
G01 X41.2222Y14.4516
G01 X41.2750Y14.3933
G01 X41.3278Y14.4516
G01 X41.3769Y14.5031
G01 X41.4284Y14.5522
G01 X41.5385Y14.6512
G01 X41.6184Y14.7150
G01 X41.7051Y14.7793
G01 X41.7646Y14.8211
G01 X41.8234Y14.8583
G01 X41.9160Y14.9138
G01 X42.0130Y14.9670
G01 X42.1391Y15.0271
G01 X42.1702Y15.0413
G01 X42.2706Y15.0815
G01 X42.3722Y15.1179
G01 X42.4440Y15.1415
G01 X42.5084Y15.1592
G01 X42.6509Y15.1943
G01 X42.7526Y15.2132
G01 X42.8594Y15.2290
G01 X42.9279Y15.2375
G01 X43.0010Y15.2430
G01 X43.1089Y15.2483
G01 X43.1800Y15.2500
G01 X43.2511Y15.2483
G01 X43.3590Y15.2430
G01 X43.4321Y15.2375
G01 X43.5006Y15.2290
G01 X43.6074Y15.2132
G01 X43.7091Y15.1943
G01 X43.8516Y15.1592
G01 X43.9160Y15.1415
G01 X43.9878Y15.1179
G01 X44.0820Y15.0842
G01 X44.2374Y15.2395
G01 X44.1979Y15.2425
G01 X44.1294Y15.2510
G01 X44.0226Y15.2668
G01 X43.9208Y15.2857
G01 X43.7784Y15.3208
G01 X43.7140Y15.3385
G01 X43.6422Y15.3621
G01 X43.5406Y15.3985
G01 X43.4401Y15.4387
G01 X43.2830Y15.5130
G01 X43.1800Y15.5698
G00 Z3.0000
G00 X46.3009Y16.1717
G01 Z-0.1000
G01 X46.1808Y16.2285
G01 X46.1373Y16.2524
G01 X46.0447Y16.3079
G01 X46.0183Y16.3245
G01 X45.9917Y16.3433
G01 X45.9050Y16.4076
G01 X45.8692Y16.4362
G01 X45.7757Y16.5206
G01 X45.7526Y16.5426
G01 X45.7200Y16.5773
G01 X45.6874Y16.5426
G01 X45.6643Y16.5206
G01 X45.5708Y16.4362
G01 X45.5350Y16.4076
G01 X45.4483Y16.3433
G01 X45.4217Y16.3245
G01 X45.3953Y16.3079
G01 X45.3027Y16.2524
G01 X45.2592Y16.2285
G01 X45.1349Y16.1698
G01 X45.0899Y16.1517
G01 X44.9883Y16.1154
G01 X44.9561Y16.1048
G01 X44.9273Y16.0968
G01 X44.8056Y16.0666
G01 X44.7600Y16.0582
G01 X44.6532Y16.0423
G01 X44.6225Y16.0385
G01 X44.5897Y16.0361
G01 X44.4819Y16.0308
G01 X44.4500Y16.0300
G01 X44.4181Y16.0308
G01 X44.3103Y16.0361
G01 X44.2775Y16.0385
G01 X44.2468Y16.0423
G01 X44.1400Y16.0582
G01 X44.0944Y16.0666
G01 X43.9728Y16.0968
G01 X43.9439Y16.1048
G01 X43.9117Y16.1154
G01 X43.8101Y16.1517
G01 X43.7651Y16.1698
G01 X43.6408Y16.2285
G01 X43.5973Y16.2524
G01 X43.5047Y16.3079
G01 X43.4783Y16.3246
G01 X43.4517Y16.3433
G01 X43.3650Y16.4076
G01 X43.3292Y16.4362
G01 X43.2357Y16.5206
G01 X43.2126Y16.5426
G01 X43.1800Y16.5773
G01 X43.1474Y16.5426
G01 X43.1243Y16.5206
G01 X43.0308Y16.4362
G01 X42.9950Y16.4076
G01 X42.9083Y16.3433
G01 X42.8817Y16.3246
G01 X42.8553Y16.3079
G01 X42.7627Y16.2524
G01 X42.7192Y16.2285
G01 X42.5949Y16.1698
G01 X42.5499Y16.1517
G01 X42.4483Y16.1154
G01 X42.4161Y16.1048
G01 X42.3873Y16.0968
G01 X42.2656Y16.0666
G01 X42.2200Y16.0582
G01 X42.1132Y16.0423
G01 X42.0825Y16.0385
G01 X42.0497Y16.0361
G01 X41.9419Y16.0308
G01 X41.9100Y16.0300
G01 X41.8781Y16.0308
G01 X41.7703Y16.0361
G01 X41.7375Y16.0385
G01 X41.7068Y16.0423
G01 X41.6000Y16.0582
G01 X41.5544Y16.0666
G01 X41.4328Y16.0968
G01 X41.4039Y16.1048
G01 X41.3717Y16.1154
G01 X41.2701Y16.1517
G01 X41.2251Y16.1698
G01 X41.1136Y16.2223
G01 X41.1008Y16.2285
G01 X41.0573Y16.2524
G01 X40.9647Y16.3079
G01 X40.9383Y16.3246
G01 X40.9117Y16.3433
G01 X40.8250Y16.4076
G01 X40.7892Y16.4362
G01 X40.6957Y16.5206
G01 X40.6726Y16.5426
G01 X40.6400Y16.5773
G01 X40.6074Y16.5426
G01 X40.5843Y16.5206
G01 X40.4908Y16.4362
G01 X40.4550Y16.4076
G01 X40.3683Y16.3433
G01 X40.3417Y16.3246
G01 X40.3153Y16.3079
G01 X40.2227Y16.2524
G01 X40.1792Y16.2285
G01 X40.0549Y16.1698
G01 X40.0099Y16.1517
G01 X39.9083Y16.1154
G01 X39.8761Y16.1048
G01 X39.8473Y16.0968
G01 X39.7256Y16.0666
G01 X39.6800Y16.0582
G01 X39.5732Y16.0423
G01 X39.5425Y16.0385
G01 X39.5097Y16.0361
G01 X39.4019Y16.0308
G01 X39.3700Y16.0300
G01 X39.3381Y16.0308
G01 X39.2303Y16.0361
G01 X39.1975Y16.0385
G01 X39.1668Y16.0423
G01 X39.0600Y16.0582
G01 X39.0144Y16.0666
G01 X38.8928Y16.0968
G01 X38.8639Y16.1048
G01 X38.8317Y16.1154
G01 X38.7301Y16.1517
G01 X38.6851Y16.1698
G01 X38.5608Y16.2285
G01 X38.5173Y16.2524
G01 X38.4247Y16.3079
G01 X38.3983Y16.3245
G01 X38.3717Y16.3433
G01 X38.2850Y16.4076
G01 X38.2492Y16.4362
G01 X38.1557Y16.5206
G01 X38.1326Y16.5426
G01 X38.1000Y16.5773
G01 X38.0674Y16.5426
G01 X38.0327Y16.5100
G01 X38.0674Y16.4774
G01 X38.0894Y16.4543
G01 X38.1738Y16.3608
G01 X38.2024Y16.3250
G01 X38.2667Y16.2383
G01 X38.2854Y16.2117
G01 X38.3021Y16.1853
G01 X38.3576Y16.0927
G01 X38.3815Y16.0492
G01 X38.4339Y15.9389
G01 X38.4402Y15.9249
G01 X38.4583Y15.8799
G01 X38.4946Y15.7783
G01 X38.5052Y15.7461
G01 X38.5132Y15.7173
G01 X38.5394Y15.6125
G01 X38.5434Y15.5956
G01 X38.5518Y15.5500
G01 X38.5677Y15.4432
G01 X38.5715Y15.4125
G01 X38.5739Y15.3797
G01 X38.5792Y15.2719
G01 X38.5800Y15.2400
G01 X38.5800Y14.2608
G01 X38.6851Y14.3102
G01 X38.7301Y14.3283
G01 X38.8317Y14.3646
G01 X38.8639Y14.3752
G01 X38.8928Y14.3832
G01 X38.9975Y14.4094
G01 X39.0144Y14.4134
G01 X39.0600Y14.4218
G01 X39.1668Y14.4377
G01 X39.1975Y14.4415
G01 X39.2303Y14.4439
G01 X39.3381Y14.4492
G01 X39.3700Y14.4500
G01 X39.4019Y14.4492
G01 X39.5097Y14.4439
G01 X39.5425Y14.4415
G01 X39.5732Y14.4377
G01 X39.6800Y14.4218
G01 X39.7256Y14.4134
G01 X39.8473Y14.3832
G01 X39.8761Y14.3752
G01 X39.9083Y14.3646
G01 X40.0099Y14.3283
G01 X40.0549Y14.3102
G01 X40.1792Y14.2515
G01 X40.2227Y14.2276
G01 X40.3153Y14.1721
G01 X40.3417Y14.1554
G01 X40.3683Y14.1367
G01 X40.4550Y14.0724
G01 X40.4908Y14.0438
G01 X40.5043Y14.0319
G01 X40.5843Y13.9594
G01 X40.6074Y13.9374
G01 X40.6294Y13.9143
G01 X40.7019Y13.8343
G01 X40.7138Y13.8208
G01 X40.7424Y13.7850
G01 X40.8067Y13.6983
G01 X40.8254Y13.6717
G01 X40.8421Y13.6453
G01 X40.8976Y13.5527
G01 X40.9215Y13.5092
G01 X40.9802Y13.3849
G01 X40.9983Y13.3399
G01 X41.0346Y13.2383
G01 X41.0452Y13.2061
G01 X41.0532Y13.1773
G01 X41.0834Y13.0556
G01 X41.0918Y13.0100
G01 X41.1077Y12.9032
G01 X41.1115Y12.8725
G01 X41.1139Y12.8397
G01 X41.1192Y12.7319
G01 X41.1200Y12.7000
G01 X41.1200Y6.6408
G01 X41.1266Y6.6439
G01 X41.1572Y6.7082
G01 X41.1810Y6.7517
G01 X41.2189Y6.8148
G01 X41.2356Y6.8412
G01 X41.2543Y6.8679
G01 X41.2982Y6.9270
G01 X41.3267Y6.9628
G01 X41.3881Y7.0308
G01 X41.4101Y7.0540
G01 X42.8920Y8.5359
G01 X42.8439Y8.5447
G01 X42.7318Y8.5725
G01 X42.7029Y8.5805
G01 X42.6707Y8.5911
G01 X42.5783Y8.6241
G01 X42.5333Y8.6421
G01 X42.5194Y8.6485
G01 X42.4179Y8.6967
G01 X42.3744Y8.7206
G01 X42.2903Y8.7710
G01 X42.2639Y8.7877
G01 X42.2372Y8.8064
G01 X42.1584Y8.8649
G01 X42.1226Y8.8935
G01 X42.1091Y8.9054
G01 X42.0364Y8.9713
G01 X42.0133Y8.9933
G01 X41.9913Y9.0164
G01 X41.9254Y9.0891
G01 X41.9135Y9.1026
G01 X41.8849Y9.1384
G01 X41.8264Y9.2172
G01 X41.8077Y9.2439
G01 X41.7910Y9.2703
G01 X41.7406Y9.3544
G01 X41.7167Y9.3979
G01 X41.6685Y9.4994
G01 X41.6621Y9.5133
G01 X41.6441Y9.5583
G01 X41.6111Y9.6507
G01 X41.6005Y9.6829
G01 X41.5925Y9.7118
G01 X41.5647Y9.8239
G01 X41.5563Y9.8695
G01 X41.5419Y9.9666
G01 X41.5380Y9.9973
G01 X41.5356Y10.0301
G01 X41.5308Y10.1281
G01 X41.5300Y10.1600
G01 X41.5300Y12.1208
G01 X41.5048Y12.1939
G01 X41.4968Y12.2227
G01 X41.4666Y12.3444
G01 X41.4582Y12.3900
G01 X41.4423Y12.4968
G01 X41.4385Y12.5275
G01 X41.4361Y12.5603
G01 X41.4308Y12.6681
G01 X41.4300Y12.7000
G01 X41.4308Y12.7319
G01 X41.4361Y12.8397
G01 X41.4385Y12.8725
G01 X41.4423Y12.9032
G01 X41.4582Y13.0100
G01 X41.4666Y13.0556
G01 X41.4706Y13.0725
G01 X41.4968Y13.1773
G01 X41.5048Y13.2061
G01 X41.5154Y13.2383
G01 X41.5517Y13.3399
G01 X41.5698Y13.3849
G01 X41.6285Y13.5092
G01 X41.6524Y13.5527
G01 X41.7079Y13.6453
G01 X41.7246Y13.6717
G01 X41.7433Y13.6983
G01 X41.8076Y13.7850
G01 X41.8362Y13.8208
G01 X41.9206Y13.9143
G01 X41.9426Y13.9374
G01 X41.9657Y13.9594
G01 X42.0457Y14.0319
G01 X42.0592Y14.0438
G01 X42.0950Y14.0724
G01 X42.1817Y14.1367
G01 X42.2083Y14.1554
G01 X42.2347Y14.1721
G01 X42.3273Y14.2276
G01 X42.3708Y14.2515
G01 X42.4811Y14.3039
G01 X42.4951Y14.3102
G01 X42.5401Y14.3283
G01 X42.6417Y14.3646
G01 X42.6739Y14.3752
G01 X42.7028Y14.3832
G01 X42.8244Y14.4134
G01 X42.8700Y14.4218
G01 X42.9768Y14.4377
G01 X43.0075Y14.4415
G01 X43.0403Y14.4439
G01 X43.1481Y14.4492
G01 X43.1800Y14.4500
G01 X43.2119Y14.4492
G01 X43.3197Y14.4439
G01 X43.3525Y14.4415
G01 X43.3832Y14.4377
G01 X43.4900Y14.4218
G01 X43.5356Y14.4134
G01 X43.6573Y14.3832
G01 X43.6861Y14.3752
G01 X43.7183Y14.3646
G01 X43.8199Y14.3283
G01 X43.8649Y14.3102
G01 X43.9892Y14.2515
G01 X44.0327Y14.2276
G01 X44.1253Y14.1721
G01 X44.1517Y14.1554
G01 X44.1783Y14.1367
G01 X44.2290Y14.0992
G01 X46.3009Y16.1717
G00 X46.3009Y16.1717
G01 Z-0.2000
G01 X46.1808Y16.2285
G01 X46.1373Y16.2524
G01 X46.0447Y16.3079
G01 X46.0183Y16.3245
G01 X45.9917Y16.3433
G01 X45.9050Y16.4076
G01 X45.8692Y16.4362
G01 X45.7757Y16.5206
G01 X45.7526Y16.5426
G01 X45.7200Y16.5773
G01 X45.6874Y16.5426
G01 X45.6643Y16.5206
G01 X45.5708Y16.4362
G01 X45.5350Y16.4076
G01 X45.4483Y16.3433
G01 X45.4217Y16.3245
G01 X45.3953Y16.3079
G01 X45.3027Y16.2524
G01 X45.2592Y16.2285
G01 X45.1349Y16.1698
G01 X45.0899Y16.1517
G01 X44.9883Y16.1154
G01 X44.9561Y16.1048
G01 X44.9273Y16.0968
G01 X44.8056Y16.0666
G01 X44.7600Y16.0582
G01 X44.6532Y16.0423
G01 X44.6225Y16.0385
G01 X44.5897Y16.0361
G01 X44.4819Y16.0308
G01 X44.4500Y16.0300
G01 X44.4181Y16.0308
G01 X44.3103Y16.0361
G01 X44.2775Y16.0385
G01 X44.2468Y16.0423
G01 X44.1400Y16.0582
G01 X44.0944Y16.0666
G01 X43.9728Y16.0968
G01 X43.9439Y16.1048
G01 X43.9117Y16.1154
G01 X43.8101Y16.1517
G01 X43.7651Y16.1698
G01 X43.6408Y16.2285
G01 X43.5973Y16.2524
G01 X43.5047Y16.3079
G01 X43.4783Y16.3246
G01 X43.4517Y16.3433
G01 X43.3650Y16.4076
G01 X43.3292Y16.4362
G01 X43.2357Y16.5206
G01 X43.2126Y16.5426
G01 X43.1800Y16.5773
G01 X43.1474Y16.5426
G01 X43.1243Y16.5206
G01 X43.0308Y16.4362
G01 X42.9950Y16.4076
G01 X42.9083Y16.3433
G01 X42.8817Y16.3246
G01 X42.8553Y16.3079
G01 X42.7627Y16.2524
G01 X42.7192Y16.2285
G01 X42.5949Y16.1698
G01 X42.5499Y16.1517
G01 X42.4483Y16.1154
G01 X42.4161Y16.1048
G01 X42.3873Y16.0968
G01 X42.2656Y16.0666
G01 X42.2200Y16.0582
G01 X42.1132Y16.0423
G01 X42.0825Y16.0385
G01 X42.0497Y16.0361
G01 X41.9419Y16.0308
G01 X41.9100Y16.0300
G01 X41.8781Y16.0308
G01 X41.7703Y16.0361
G01 X41.7375Y16.0385
G01 X41.7068Y16.0423
G01 X41.6000Y16.0582
G01 X41.5544Y16.0666
G01 X41.4328Y16.0968
G01 X41.4039Y16.1048
G01 X41.3717Y16.1154
G01 X41.2701Y16.1517
G01 X41.2251Y16.1698
G01 X41.1136Y16.2223
G01 X41.1008Y16.2285
G01 X41.0573Y16.2524
G01 X40.9647Y16.3079
G01 X40.9383Y16.3246
G01 X40.9117Y16.3433
G01 X40.8250Y16.4076
G01 X40.7892Y16.4362
G01 X40.6957Y16.5206
G01 X40.6726Y16.5426
G01 X40.6400Y16.5773
G01 X40.6074Y16.5426
G01 X40.5843Y16.5206
G01 X40.4908Y16.4362
G01 X40.4550Y16.4076
G01 X40.3683Y16.3433
G01 X40.3417Y16.3246
G01 X40.3153Y16.3079
G01 X40.2227Y16.2524
G01 X40.1792Y16.2285
G01 X40.0549Y16.1698
G01 X40.0099Y16.1517
G01 X39.9083Y16.1154
G01 X39.8761Y16.1048
G01 X39.8473Y16.0968
G01 X39.7256Y16.0666
G01 X39.6800Y16.0582
G01 X39.5732Y16.0423
G01 X39.5425Y16.0385
G01 X39.5097Y16.0361
G01 X39.4019Y16.0308
G01 X39.3700Y16.0300
G01 X39.3381Y16.0308
G01 X39.2303Y16.0361
G01 X39.1975Y16.0385
G01 X39.1668Y16.0423
G01 X39.0600Y16.0582
G01 X39.0144Y16.0666
G01 X38.8928Y16.0968
G01 X38.8639Y16.1048
G01 X38.8317Y16.1154
G01 X38.7301Y16.1517
G01 X38.6851Y16.1698
G01 X38.5608Y16.2285
G01 X38.5173Y16.2524
G01 X38.4247Y16.3079
G01 X38.3983Y16.3245
G01 X38.3717Y16.3433
G01 X38.2850Y16.4076
G01 X38.2492Y16.4362
G01 X38.1557Y16.5206
G01 X38.1326Y16.5426
G01 X38.1000Y16.5773
G01 X38.0674Y16.5426
G01 X38.0327Y16.5100
G01 X38.0674Y16.4774
G01 X38.0894Y16.4543
G01 X38.1738Y16.3608
G01 X38.2024Y16.3250
G01 X38.2667Y16.2383
G01 X38.2854Y16.2117
G01 X38.3021Y16.1853
G01 X38.3576Y16.0927
G01 X38.3815Y16.0492
G01 X38.4339Y15.9389
G01 X38.4402Y15.9249
G01 X38.4583Y15.8799
G01 X38.4946Y15.7783
G01 X38.5052Y15.7461
G01 X38.5132Y15.7173
G01 X38.5394Y15.6125
G01 X38.5434Y15.5956
G01 X38.5518Y15.5500
G01 X38.5677Y15.4432
G01 X38.5715Y15.4125
G01 X38.5739Y15.3797
G01 X38.5792Y15.2719
G01 X38.5800Y15.2400
G01 X38.5800Y14.2608
G01 X38.6851Y14.3102
G01 X38.7301Y14.3283
G01 X38.8317Y14.3646
G01 X38.8639Y14.3752
G01 X38.8928Y14.3832
G01 X38.9975Y14.4094
G01 X39.0144Y14.4134
G01 X39.0600Y14.4218
G01 X39.1668Y14.4377
G01 X39.1975Y14.4415
G01 X39.2303Y14.4439
G01 X39.3381Y14.4492
G01 X39.3700Y14.4500
G01 X39.4019Y14.4492
G01 X39.5097Y14.4439
G01 X39.5425Y14.4415
G01 X39.5732Y14.4377
G01 X39.6800Y14.4218
G01 X39.7256Y14.4134
G01 X39.8473Y14.3832
G01 X39.8761Y14.3752
G01 X39.9083Y14.3646
G01 X40.0099Y14.3283
G01 X40.0549Y14.3102
G01 X40.1792Y14.2515
G01 X40.2227Y14.2276
G01 X40.3153Y14.1721
G01 X40.3417Y14.1554
G01 X40.3683Y14.1367
G01 X40.4550Y14.0724
G01 X40.4908Y14.0438
G01 X40.5043Y14.0319
G01 X40.5843Y13.9594
G01 X40.6074Y13.9374
G01 X40.6294Y13.9143
G01 X40.7019Y13.8343
G01 X40.7138Y13.8208
G01 X40.7424Y13.7850
G01 X40.8067Y13.6983
G01 X40.8254Y13.6717
G01 X40.8421Y13.6453
G01 X40.8976Y13.5527
G01 X40.9215Y13.5092
G01 X40.9802Y13.3849
G01 X40.9983Y13.3399
G01 X41.0346Y13.2383
G01 X41.0452Y13.2061
G01 X41.0532Y13.1773
G01 X41.0834Y13.0556
G01 X41.0918Y13.0100
G01 X41.1077Y12.9032
G01 X41.1115Y12.8725
G01 X41.1139Y12.8397
G01 X41.1192Y12.7319
G01 X41.1200Y12.7000
G01 X41.1200Y6.6408
G01 X41.1266Y6.6439
G01 X41.1572Y6.7082
G01 X41.1810Y6.7517
G01 X41.2189Y6.8148
G01 X41.2356Y6.8412
G01 X41.2543Y6.8679
G01 X41.2982Y6.9270
G01 X41.3267Y6.9628
G01 X41.3881Y7.0308
G01 X41.4101Y7.0540
G01 X42.8920Y8.5359
G01 X42.8439Y8.5447
G01 X42.7318Y8.5725
G01 X42.7029Y8.5805
G01 X42.6707Y8.5911
G01 X42.5783Y8.6241
G01 X42.5333Y8.6421
G01 X42.5194Y8.6485
G01 X42.4179Y8.6967
G01 X42.3744Y8.7206
G01 X42.2903Y8.7710
G01 X42.2639Y8.7877
G01 X42.2372Y8.8064
G01 X42.1584Y8.8649
G01 X42.1226Y8.8935
G01 X42.1091Y8.9054
G01 X42.0364Y8.9713
G01 X42.0133Y8.9933
G01 X41.9913Y9.0164
G01 X41.9254Y9.0891
G01 X41.9135Y9.1026
G01 X41.8849Y9.1384
G01 X41.8264Y9.2172
G01 X41.8077Y9.2439
G01 X41.7910Y9.2703
G01 X41.7406Y9.3544
G01 X41.7167Y9.3979
G01 X41.6685Y9.4994
G01 X41.6621Y9.5133
G01 X41.6441Y9.5583
G01 X41.6111Y9.6507
G01 X41.6005Y9.6829
G01 X41.5925Y9.7118
G01 X41.5647Y9.8239
G01 X41.5563Y9.8695
G01 X41.5419Y9.9666
G01 X41.5380Y9.9973
G01 X41.5356Y10.0301
G01 X41.5308Y10.1281
G01 X41.5300Y10.1600
G01 X41.5300Y12.1208
G01 X41.5048Y12.1939
G01 X41.4968Y12.2227
G01 X41.4666Y12.3444
G01 X41.4582Y12.3900
G01 X41.4423Y12.4968
G01 X41.4385Y12.5275
G01 X41.4361Y12.5603
G01 X41.4308Y12.6681
G01 X41.4300Y12.7000
G01 X41.4308Y12.7319
G01 X41.4361Y12.8397
G01 X41.4385Y12.8725
G01 X41.4423Y12.9032
G01 X41.4582Y13.0100
G01 X41.4666Y13.0556
G01 X41.4706Y13.0725
G01 X41.4968Y13.1773
G01 X41.5048Y13.2061
G01 X41.5154Y13.2383
G01 X41.5517Y13.3399
G01 X41.5698Y13.3849
G01 X41.6285Y13.5092
G01 X41.6524Y13.5527
G01 X41.7079Y13.6453
G01 X41.7246Y13.6717
G01 X41.7433Y13.6983
G01 X41.8076Y13.7850
G01 X41.8362Y13.8208
G01 X41.9206Y13.9143
G01 X41.9426Y13.9374
G01 X41.9657Y13.9594
G01 X42.0457Y14.0319
G01 X42.0592Y14.0438
G01 X42.0950Y14.0724
G01 X42.1817Y14.1367
G01 X42.2083Y14.1554
G01 X42.2347Y14.1721
G01 X42.3273Y14.2276
G01 X42.3708Y14.2515
G01 X42.4811Y14.3039
G01 X42.4951Y14.3102
G01 X42.5401Y14.3283
G01 X42.6417Y14.3646
G01 X42.6739Y14.3752
G01 X42.7028Y14.3832
G01 X42.8244Y14.4134
G01 X42.8700Y14.4218
G01 X42.9768Y14.4377
G01 X43.0075Y14.4415
G01 X43.0403Y14.4439
G01 X43.1481Y14.4492
G01 X43.1800Y14.4500
G01 X43.2119Y14.4492
G01 X43.3197Y14.4439
G01 X43.3525Y14.4415
G01 X43.3832Y14.4377
G01 X43.4900Y14.4218
G01 X43.5356Y14.4134
G01 X43.6573Y14.3832
G01 X43.6861Y14.3752
G01 X43.7183Y14.3646
G01 X43.8199Y14.3283
G01 X43.8649Y14.3102
G01 X43.9892Y14.2515
G01 X44.0327Y14.2276
G01 X44.1253Y14.1721
G01 X44.1517Y14.1554
G01 X44.1783Y14.1367
G01 X44.2290Y14.0992
G01 X46.3009Y16.1717
G00 Z3.0000
G00 X47.2876Y13.7643
G01 Z-0.1000
G01 X47.2234Y13.7000
G01 X47.3143Y13.7000
G01 X47.3019Y13.7256
G01 X47.2950Y13.7429
G01 X47.2876Y13.7643
G00 X47.2876Y13.7643
G01 Z-0.2000
G01 X47.2234Y13.7000
G01 X47.3143Y13.7000
G01 X47.3019Y13.7256
G01 X47.2950Y13.7429
G01 X47.2876Y13.7643
G00 Z3.0000
G00 X50.8000Y17.3261
G01 Z-0.1000
G01 X50.7901Y17.2984
G01 X50.8099Y17.2984
G01 X50.8000Y17.3261
G00 X50.8000Y17.3261
G01 Z-0.2000
G01 X50.7901Y17.2984
G01 X50.8099Y17.2984
G01 X50.8000Y17.3261
G00 Z3.0000
G00 X50.7901Y19.5316
G01 Z-0.1000
G01 X50.8000Y19.5039
G01 X50.8099Y19.5316
G01 X50.7901Y19.5316
G00 X50.7901Y19.5316
G01 Z-0.2000
G01 X50.8000Y19.5039
G01 X50.8099Y19.5316
G01 X50.7901Y19.5316
G00 Z3.0000
G00 X48.3400Y19.8583
G01 Z-0.1000
G01 X48.3400Y19.6871
G01 X48.4010Y19.7897
G01 X48.4074Y19.7998
G01 X48.4261Y19.8256
G01 X48.4069Y19.8307
G01 X48.3829Y19.8389
G01 X48.3656Y19.8459
G01 X48.3400Y19.8583
G00 X48.3400Y19.8583
G01 Z-0.2000
G01 X48.3400Y19.6871
G01 X48.4010Y19.7897
G01 X48.4074Y19.7998
G01 X48.4261Y19.8256
G01 X48.4069Y19.8307
G01 X48.3829Y19.8389
G01 X48.3656Y19.8459
G01 X48.3400Y19.8583
G00 Z3.0000
G00 X53.3499Y19.5316
G01 Z-0.1000
G01 X53.3301Y19.5316
G01 X53.3400Y19.5039
G01 X53.3499Y19.5316
G00 X53.3499Y19.5316
G01 Z-0.2000
G01 X53.3301Y19.5316
G01 X53.3400Y19.5039
G01 X53.3499Y19.5316
G00 Z3.0000
G00 X53.3301Y17.2984
G01 Z-0.1000
G01 X53.3499Y17.2984
G01 X53.3400Y17.3261
G01 X53.3301Y17.2984
G00 X53.3301Y17.2984
G01 Z-0.2000
G01 X53.3499Y17.2984
G01 X53.3400Y17.3261
G01 X53.3301Y17.2984
G00 Z3.0000
G00 X55.8701Y17.2984
G01 Z-0.1000
G01 X55.8899Y17.2984
G01 X55.8800Y17.3261
G01 X55.8701Y17.2984
G00 X55.8701Y17.2984
G01 Z-0.2000
G01 X55.8899Y17.2984
G01 X55.8800Y17.3261
G01 X55.8701Y17.2984
G00 Z3.0000
G00 X55.8899Y19.5316
G01 Z-0.1000
G01 X55.8701Y19.5316
G01 X55.8800Y19.5039
G01 X55.8899Y19.5316
G00 X55.8899Y19.5316
G01 Z-0.2000
G01 X55.8701Y19.5316
G01 X55.8800Y19.5039
G01 X55.8899Y19.5316
G00 Z3.0000
G00 X58.4299Y19.5316
G01 Z-0.1000
G01 X58.4101Y19.5316
G01 X58.4200Y19.5039
G01 X58.4299Y19.5316
G00 X58.4299Y19.5316
G01 Z-0.2000
G01 X58.4101Y19.5316
G01 X58.4200Y19.5039
G01 X58.4299Y19.5316
G00 Z3.0000
G00 X58.4101Y17.2984
G01 Z-0.1000
G01 X58.4299Y17.2984
G01 X58.4200Y17.3261
G01 X58.4101Y17.2984
G00 X58.4101Y17.2984
G01 Z-0.2000
G01 X58.4299Y17.2984
G01 X58.4200Y17.3261
G01 X58.4101Y17.2984
G00 Z3.0000
G00 X62.4800Y3.8346
G01 Z-0.1000
G01 X62.4704Y3.8829
G01 X62.4515Y3.9284
G01 X62.4242Y3.9694
G01 X62.3894Y4.0042
G01 X62.3484Y4.0315
G01 X62.3029Y4.0504
G01 X62.2546Y4.0600
G01 X62.2054Y4.0600
G01 X62.1571Y4.0504
G01 X62.1116Y4.0315
G01 X62.0706Y4.0042
G01 X62.0358Y3.9694
G01 X62.0085Y3.9284
G01 X61.9896Y3.8829
G01 X61.9800Y3.8346
G01 X61.9800Y3.7854
G01 X61.9896Y3.7371
G01 X62.0085Y3.6916
G01 X62.0358Y3.6506
G01 X62.0706Y3.6158
G01 X62.1116Y3.5885
G01 X62.1571Y3.5696
G01 X62.2054Y3.5600
G01 X62.2546Y3.5600
G01 X62.3029Y3.5696
G01 X62.3484Y3.5885
G01 X62.3894Y3.6158
G01 X62.4242Y3.6506
G01 X62.4515Y3.6916
G01 X62.4704Y3.7371
G01 X62.4800Y3.7854
G01 X62.4800Y3.8346
G00 X62.4800Y3.8346
G01 Z-0.2000
G01 X62.4704Y3.8829
G01 X62.4515Y3.9284
G01 X62.4242Y3.9694
G01 X62.3894Y4.0042
G01 X62.3484Y4.0315
G01 X62.3029Y4.0504
G01 X62.2546Y4.0600
G01 X62.2054Y4.0600
G01 X62.1571Y4.0504
G01 X62.1116Y4.0315
G01 X62.0706Y4.0042
G01 X62.0358Y3.9694
G01 X62.0085Y3.9284
G01 X61.9896Y3.8829
G01 X61.9800Y3.8346
G01 X61.9800Y3.7854
G01 X61.9896Y3.7371
G01 X62.0085Y3.6916
G01 X62.0358Y3.6506
G01 X62.0706Y3.6158
G01 X62.1116Y3.5885
G01 X62.1571Y3.5696
G01 X62.2054Y3.5600
G01 X62.2546Y3.5600
G01 X62.3029Y3.5696
G01 X62.3484Y3.5885
G01 X62.3894Y3.6158
G01 X62.4242Y3.6506
G01 X62.4515Y3.6916
G01 X62.4704Y3.7371
G01 X62.4800Y3.7854
G01 X62.4800Y3.8346
G00 Z3.0000
G00 X62.8800Y3.8740
G01 Z-0.1000
G01 X62.8550Y3.9996
G01 X62.8060Y4.1179
G01 X62.7349Y4.2244
G01 X62.6444Y4.3149
G01 X62.5379Y4.3860
G01 X62.4196Y4.4350
G01 X62.2940Y4.4600
G01 X62.1660Y4.4600
G01 X62.0404Y4.4350
G01 X61.9221Y4.3860
G01 X61.8156Y4.3149
G01 X61.7251Y4.2244
G01 X61.6540Y4.1179
G01 X61.6050Y3.9996
G01 X61.5800Y3.8740
G01 X61.5800Y3.7460
G01 X61.6050Y3.6204
G01 X61.6540Y3.5021
G01 X61.7251Y3.3956
G01 X61.8156Y3.3051
G01 X61.9221Y3.2340
G01 X62.0404Y3.1850
G01 X62.1660Y3.1600
G01 X62.2940Y3.1600
G01 X62.4196Y3.1850
G01 X62.5379Y3.2340
G01 X62.6444Y3.3051
G01 X62.7349Y3.3956
G01 X62.8060Y3.5021
G01 X62.8550Y3.6204
G01 X62.8800Y3.7460
G01 X62.8800Y3.8740
G00 X62.8800Y3.8740
G01 Z-0.2000
G01 X62.8550Y3.9996
G01 X62.8060Y4.1179
G01 X62.7349Y4.2244
G01 X62.6444Y4.3149
G01 X62.5379Y4.3860
G01 X62.4196Y4.4350
G01 X62.2940Y4.4600
G01 X62.1660Y4.4600
G01 X62.0404Y4.4350
G01 X61.9221Y4.3860
G01 X61.8156Y4.3149
G01 X61.7251Y4.2244
G01 X61.6540Y4.1179
G01 X61.6050Y3.9996
G01 X61.5800Y3.8740
G01 X61.5800Y3.7460
G01 X61.6050Y3.6204
G01 X61.6540Y3.5021
G01 X61.7251Y3.3956
G01 X61.8156Y3.3051
G01 X61.9221Y3.2340
G01 X62.0404Y3.1850
G01 X62.1660Y3.1600
G01 X62.2940Y3.1600
G01 X62.4196Y3.1850
G01 X62.5379Y3.2340
G01 X62.6444Y3.3051
G01 X62.7349Y3.3956
G01 X62.8060Y3.5021
G01 X62.8550Y3.6204
G01 X62.8800Y3.7460
G01 X62.8800Y3.8740
G00 Z3.0000
G00 X63.2800Y3.9134
G01 Z-0.1000
G01 X63.2396Y4.1163
G01 X63.1605Y4.3074
G01 X63.0456Y4.4793
G01 X62.8993Y4.6256
G01 X62.7274Y4.7405
G01 X62.5363Y4.8196
G01 X62.3334Y4.8600
G01 X62.1266Y4.8600
G01 X61.9237Y4.8196
G01 X61.7326Y4.7405
G01 X61.5607Y4.6256
G01 X61.4144Y4.4793
G01 X61.2995Y4.3074
G01 X61.2204Y4.1163
G01 X61.1800Y3.9134
G01 X61.1800Y3.7066
G01 X61.2204Y3.5037
G01 X61.2995Y3.3126
G01 X61.4144Y3.1407
G01 X61.5607Y2.9944
G01 X61.7326Y2.8795
G01 X61.9237Y2.8004
G01 X62.1266Y2.7600
G01 X62.3334Y2.7600
G01 X62.5363Y2.8004
G01 X62.7274Y2.8795
G01 X62.8993Y2.9944
G01 X63.0456Y3.1407
G01 X63.1605Y3.3126
G01 X63.2396Y3.5037
G01 X63.2800Y3.7066
G01 X63.2800Y3.9134
G00 X63.2800Y3.9134
G01 Z-0.2000
G01 X63.2396Y4.1163
G01 X63.1605Y4.3074
G01 X63.0456Y4.4793
G01 X62.8993Y4.6256
G01 X62.7274Y4.7405
G01 X62.5363Y4.8196
G01 X62.3334Y4.8600
G01 X62.1266Y4.8600
G01 X61.9237Y4.8196
G01 X61.7326Y4.7405
G01 X61.5607Y4.6256
G01 X61.4144Y4.4793
G01 X61.2995Y4.3074
G01 X61.2204Y4.1163
G01 X61.1800Y3.9134
G01 X61.1800Y3.7066
G01 X61.2204Y3.5037
G01 X61.2995Y3.3126
G01 X61.4144Y3.1407
G01 X61.5607Y2.9944
G01 X61.7326Y2.8795
G01 X61.9237Y2.8004
G01 X62.1266Y2.7600
G01 X62.3334Y2.7600
G01 X62.5363Y2.8004
G01 X62.7274Y2.8795
G01 X62.8993Y2.9944
G01 X63.0456Y3.1407
G01 X63.1605Y3.3126
G01 X63.2396Y3.5037
G01 X63.2800Y3.7066
G01 X63.2800Y3.9134
G00 Z3.0000
G00 X43.1855Y4.6106
G01 Z-0.1000
G01 X43.1800Y4.6261
G01 X43.1745Y4.6106
G01 X43.1855Y4.6106
G00 X43.1855Y4.6106
G01 Z-0.2000
G01 X43.1800Y4.6261
G01 X43.1745Y4.6106
G01 X43.1855Y4.6106
G00 Z3.0000
G00 X40.6479Y4.6041
G01 Z-0.1000
G01 X40.6400Y4.6261
G01 X40.6320Y4.6039
G01 X40.6479Y4.6041
G00 X40.6479Y4.6041
G01 Z-0.2000
G01 X40.6400Y4.6261
G01 X40.6320Y4.6039
G01 X40.6479Y4.6041
G00 Z3.0000
G00 X38.1099Y4.5984
G01 Z-0.1000
G01 X38.1000Y4.6261
G01 X38.0901Y4.5984
G01 X38.1099Y4.5984
G00 X38.1099Y4.5984
G01 Z-0.2000
G01 X38.1000Y4.6261
G01 X38.0901Y4.5984
G01 X38.1099Y4.5984
G00 Z3.0000
G00 X35.5699Y4.5984
G01 Z-0.1000
G01 X35.5600Y4.6261
G01 X35.5501Y4.5984
G01 X35.5699Y4.5984
G00 X35.5699Y4.5984
G01 Z-0.2000
G01 X35.5600Y4.6261
G01 X35.5501Y4.5984
G01 X35.5699Y4.5984
G00 Z3.0000
G00 X33.0299Y4.5984
G01 Z-0.1000
G01 X33.0200Y4.6261
G01 X33.0101Y4.5984
G01 X33.0299Y4.5984
G00 X33.0299Y4.5984
G01 Z-0.2000
G01 X33.0200Y4.6261
G01 X33.0101Y4.5984
G01 X33.0299Y4.5984
G00 Z3.0000
G00 X30.4899Y4.5984
G01 Z-0.1000
G01 X30.4800Y4.6261
G01 X30.4701Y4.5984
G01 X30.4899Y4.5984
G00 X30.4899Y4.5984
G01 Z-0.2000
G01 X30.4800Y4.6261
G01 X30.4701Y4.5984
G01 X30.4899Y4.5984
G00 Z3.0000
G00 X41.5200Y7.7296
G01 Z-0.1000
G01 X42.1682Y8.3778
G01 X42.0846Y8.4279
G01 X42.0420Y8.4549
G01 X41.9989Y8.4852
G01 X41.9201Y8.5436
G01 X41.8623Y8.5898
G01 X41.8405Y8.6090
G01 X41.7678Y8.6749
G01 X41.7304Y8.7104
G01 X41.6949Y8.7478
G01 X41.6098Y8.8423
G01 X41.5636Y8.9001
G01 X41.5200Y8.9589
G01 X41.5200Y7.7296
G00 X41.5200Y7.7296
G01 Z-0.2000
G01 X42.1682Y8.3778
G01 X42.0846Y8.4279
G01 X42.0420Y8.4549
G01 X41.9989Y8.4852
G01 X41.9201Y8.5436
G01 X41.8623Y8.5898
G01 X41.8405Y8.6090
G01 X41.7678Y8.6749
G01 X41.7304Y8.7104
G01 X41.6949Y8.7478
G01 X41.6098Y8.8423
G01 X41.5636Y8.9001
G01 X41.5200Y8.9589
G01 X41.5200Y7.7296
G00 Z3.0000
G00 X43.9684Y24.1201
G01 Z-0.1000
G01 X43.9961Y24.1300
G01 X43.9684Y24.1399
G01 X43.9684Y24.1201
G00 X43.9684Y24.1201
G01 Z-0.2000
G01 X43.9961Y24.1300
G01 X43.9684Y24.1399
G01 X43.9684Y24.1201
G00 Z3.0000
G00 X45.8118Y26.9400
G01 Z-0.1000
G01 X44.0919Y26.9400
G01 X44.1043Y26.9144
G01 X44.1154Y26.8855
G01 X44.1195Y26.8731
G01 X44.1255Y26.8501
G01 X44.1303Y26.8261
G01 X44.1335Y26.8021
G01 X44.1354Y26.7650
G01 X44.1335Y26.7279
G01 X44.1313Y26.7105
G01 X44.1812Y26.7229
G01 X44.1987Y26.7262
G01 X44.3173Y26.7435
G01 X44.4500Y26.7500
G01 X45.4743Y26.7497
G01 X45.5821Y26.7444
G01 X45.6065Y26.7420
G01 X45.7133Y26.7262
G01 X45.7308Y26.7229
G01 X45.7721Y26.7127
G01 X45.7692Y26.7405
G01 X45.7683Y26.7650
G01 X45.7702Y26.8021
G01 X45.7734Y26.8261
G01 X45.7782Y26.8501
G01 X45.7843Y26.8731
G01 X45.7883Y26.8855
G01 X45.7994Y26.9144
G01 X45.8118Y26.9400
G00 X45.8118Y26.9400
G01 Z-0.2000
G01 X44.0919Y26.9400
G01 X44.1043Y26.9144
G01 X44.1154Y26.8855
G01 X44.1195Y26.8731
G01 X44.1255Y26.8501
G01 X44.1303Y26.8261
G01 X44.1335Y26.8021
G01 X44.1354Y26.7650
G01 X44.1335Y26.7279
G01 X44.1313Y26.7105
G01 X44.1812Y26.7229
G01 X44.1987Y26.7262
G01 X44.3173Y26.7435
G01 X44.4500Y26.7500
G01 X45.4743Y26.7497
G01 X45.5821Y26.7444
G01 X45.6065Y26.7420
G01 X45.7133Y26.7262
G01 X45.7308Y26.7229
G01 X45.7721Y26.7127
G01 X45.7692Y26.7405
G01 X45.7683Y26.7650
G01 X45.7702Y26.8021
G01 X45.7734Y26.8261
G01 X45.7782Y26.8501
G01 X45.7843Y26.8731
G01 X45.7883Y26.8855
G01 X45.7994Y26.9144
G01 X45.8118Y26.9400
G00 Z3.0000
G00 X50.3781Y30.7000
G01 Z-0.1000
G01 X51.2219Y30.7000
G01 X51.2043Y30.7145
G01 X51.1243Y30.7869
G01 X51.1069Y30.8043
G01 X51.0299Y30.8895
G01 X51.0189Y30.9032
G01 X50.9546Y30.9899
G01 X50.9410Y31.0103
G01 X50.8855Y31.1029
G01 X50.8763Y31.1197
G01 X50.8253Y31.2275
G01 X50.8183Y31.2448
G01 X50.8000Y31.2961
G01 X50.7817Y31.2448
G01 X50.7747Y31.2275
G01 X50.7237Y31.1197
G01 X50.7145Y31.1029
G01 X50.6590Y31.0103
G01 X50.6454Y30.9899
G01 X50.5811Y30.9032
G01 X50.5701Y30.8895
G01 X50.4931Y30.8043
G01 X50.4757Y30.7869
G01 X50.3957Y30.7145
G01 X50.3781Y30.7000
G00 X50.3781Y30.7000
G01 Z-0.2000
G01 X51.2219Y30.7000
G01 X51.2043Y30.7145
G01 X51.1243Y30.7869
G01 X51.1069Y30.8043
G01 X51.0299Y30.8895
G01 X51.0189Y30.9032
G01 X50.9546Y30.9899
G01 X50.9410Y31.0103
G01 X50.8855Y31.1029
G01 X50.8763Y31.1197
G01 X50.8253Y31.2275
G01 X50.8183Y31.2448
G01 X50.8000Y31.2961
G01 X50.7817Y31.2448
G01 X50.7747Y31.2275
G01 X50.7237Y31.1197
G01 X50.7145Y31.1029
G01 X50.6590Y31.0103
G01 X50.6454Y30.9899
G01 X50.5811Y30.9032
G01 X50.5701Y30.8895
G01 X50.4931Y30.8043
G01 X50.4757Y30.7869
G01 X50.3957Y30.7145
G01 X50.3781Y30.7000
G00 Z3.0000
G00 X48.1800Y33.6529
G01 Z-0.1000
G01 X48.1126Y33.5402
G01 X48.0411Y33.4432
G01 X48.0301Y33.4295
G01 X47.9446Y33.3354
G01 X47.8505Y33.2499
G01 X47.8368Y33.2389
G01 X47.7398Y33.1674
G01 X47.6371Y33.1055
G01 X47.6154Y33.0939
G01 X47.5125Y33.0453
G01 X47.4952Y33.0383
G01 X47.4439Y33.0200
G01 X47.4952Y33.0017
G01 X47.5125Y32.9947
G01 X47.6154Y32.9461
G01 X47.6371Y32.9345
G01 X47.7398Y32.8726
G01 X47.8368Y32.8011
G01 X47.8505Y32.7901
G01 X47.9446Y32.7046
G01 X48.0301Y32.6105
G01 X48.0411Y32.5968
G01 X48.1126Y32.4998
G01 X48.1800Y32.3871
G01 X48.1800Y33.6529
G00 X48.1800Y33.6529
G01 Z-0.2000
G01 X48.1126Y33.5402
G01 X48.0411Y33.4432
G01 X48.0301Y33.4295
G01 X47.9446Y33.3354
G01 X47.8505Y33.2499
G01 X47.8368Y33.2389
G01 X47.7398Y33.1674
G01 X47.6371Y33.1055
G01 X47.6154Y33.0939
G01 X47.5125Y33.0453
G01 X47.4952Y33.0383
G01 X47.4439Y33.0200
G01 X47.4952Y33.0017
G01 X47.5125Y32.9947
G01 X47.6154Y32.9461
G01 X47.6371Y32.9345
G01 X47.7398Y32.8726
G01 X47.8368Y32.8011
G01 X47.8505Y32.7901
G01 X47.9446Y32.7046
G01 X48.0301Y32.6105
G01 X48.0411Y32.5968
G01 X48.1126Y32.4998
G01 X48.1800Y32.3871
G01 X48.1800Y33.6529
G00 Z3.0000
G00 X48.2699Y36.0416
G01 Z-0.1000
G01 X48.2501Y36.0416
G01 X48.2600Y36.0139
G01 X48.2699Y36.0416
G00 X48.2699Y36.0416
G01 Z-0.2000
G01 X48.2501Y36.0416
G01 X48.2600Y36.0139
G01 X48.2699Y36.0416
G00 Z3.0000
G00 X50.8099Y36.0416
G01 Z-0.1000
G01 X50.7901Y36.0416
G01 X50.8000Y36.0139
G01 X50.8099Y36.0416
G00 X50.8099Y36.0416
G01 Z-0.2000
G01 X50.7901Y36.0416
G01 X50.8000Y36.0139
G01 X50.8099Y36.0416
G00 Z3.0000
G00 X53.3400Y36.0139
G01 Z-0.1000
G01 X53.3499Y36.0416
G01 X53.3301Y36.0416
G01 X53.3400Y36.0139
G00 X53.3400Y36.0139
G01 Z-0.2000
G01 X53.3499Y36.0416
G01 X53.3301Y36.0416
G01 X53.3400Y36.0139
G00 Z3.0000
G00 X45.7200Y36.0139
G01 Z-0.1000
G01 X45.7299Y36.0416
G01 X45.7101Y36.0416
G01 X45.7200Y36.0139
G00 X45.7200Y36.0139
G01 Z-0.2000
G01 X45.7299Y36.0416
G01 X45.7101Y36.0416
G01 X45.7200Y36.0139
G00 Z3.0000
G00 X43.1899Y36.0416
G01 Z-0.1000
G01 X43.1701Y36.0416
G01 X43.1800Y36.0139
G01 X43.1899Y36.0416
G00 X43.1899Y36.0416
G01 Z-0.2000
G01 X43.1701Y36.0416
G01 X43.1800Y36.0139
G01 X43.1899Y36.0416
G00 Z3.0000
G00 X40.6499Y36.0416
G01 Z-0.1000
G01 X40.6301Y36.0416
G01 X40.6400Y36.0139
G01 X40.6499Y36.0416
G00 X40.6499Y36.0416
G01 Z-0.2000
G01 X40.6301Y36.0416
G01 X40.6400Y36.0139
G01 X40.6499Y36.0416
G00 Z3.0000
G00 X39.1707Y36.8939
G01 Z-0.1000
G01 X39.1546Y36.9252
G01 X39.1431Y36.9538
G01 X39.0626Y36.8733
G01 X39.1012Y36.8829
G01 X39.1707Y36.8939
G00 X39.1707Y36.8939
G01 Z-0.2000
G01 X39.1546Y36.9252
G01 X39.1431Y36.9538
G01 X39.0626Y36.8733
G01 X39.1012Y36.8829
G01 X39.1707Y36.8939
G00 Z3.0000
G00 X40.0071Y33.1000
G01 Z-0.1000
G01 X41.2729Y33.1000
G01 X41.1602Y33.1674
G01 X41.0632Y33.2389
G01 X41.0495Y33.2499
G01 X40.9554Y33.3354
G01 X40.8699Y33.4295
G01 X40.8589Y33.4432
G01 X40.7874Y33.5402
G01 X40.7255Y33.6429
G01 X40.7139Y33.6646
G01 X40.6653Y33.7675
G01 X40.6583Y33.7848
G01 X40.6400Y33.8361
G01 X40.6217Y33.7848
G01 X40.6147Y33.7675
G01 X40.5661Y33.6646
G01 X40.5545Y33.6429
G01 X40.4926Y33.5402
G01 X40.4211Y33.4432
G01 X40.4101Y33.4295
G01 X40.3246Y33.3354
G01 X40.2305Y33.2499
G01 X40.2168Y33.2389
G01 X40.1198Y33.1674
G01 X40.0071Y33.1000
G00 X40.0071Y33.1000
G01 Z-0.2000
G01 X41.2729Y33.1000
G01 X41.1602Y33.1674
G01 X41.0632Y33.2389
G01 X41.0495Y33.2499
G01 X40.9554Y33.3354
G01 X40.8699Y33.4295
G01 X40.8589Y33.4432
G01 X40.7874Y33.5402
G01 X40.7255Y33.6429
G01 X40.7139Y33.6646
G01 X40.6653Y33.7675
G01 X40.6583Y33.7848
G01 X40.6400Y33.8361
G01 X40.6217Y33.7848
G01 X40.6147Y33.7675
G01 X40.5661Y33.6646
G01 X40.5545Y33.6429
G01 X40.4926Y33.5402
G01 X40.4211Y33.4432
G01 X40.4101Y33.4295
G01 X40.3246Y33.3354
G01 X40.2305Y33.2499
G01 X40.2168Y33.2389
G01 X40.1198Y33.1674
G01 X40.0071Y33.1000
G00 Z3.0000
G00 X37.4671Y33.1000
G01 Z-0.1000
G01 X38.7329Y33.1000
G01 X38.6202Y33.1674
G01 X38.5232Y33.2389
G01 X38.5095Y33.2499
G01 X38.4154Y33.3354
G01 X38.3299Y33.4295
G01 X38.3189Y33.4432
G01 X38.2474Y33.5402
G01 X38.1855Y33.6429
G01 X38.1739Y33.6646
G01 X38.1253Y33.7675
G01 X38.1183Y33.7848
G01 X38.1000Y33.8361
G01 X38.0817Y33.7848
G01 X38.0747Y33.7675
G01 X38.0261Y33.6646
G01 X38.0145Y33.6429
G01 X37.9526Y33.5402
G01 X37.8811Y33.4432
G01 X37.8701Y33.4295
G01 X37.7846Y33.3354
G01 X37.6905Y33.2499
G01 X37.6768Y33.2389
G01 X37.5798Y33.1674
G01 X37.4671Y33.1000
G00 X37.4671Y33.1000
G01 Z-0.2000
G01 X38.7329Y33.1000
G01 X38.6202Y33.1674
G01 X38.5232Y33.2389
G01 X38.5095Y33.2499
G01 X38.4154Y33.3354
G01 X38.3299Y33.4295
G01 X38.3189Y33.4432
G01 X38.2474Y33.5402
G01 X38.1855Y33.6429
G01 X38.1739Y33.6646
G01 X38.1253Y33.7675
G01 X38.1183Y33.7848
G01 X38.1000Y33.8361
G01 X38.0817Y33.7848
G01 X38.0747Y33.7675
G01 X38.0261Y33.6646
G01 X38.0145Y33.6429
G01 X37.9526Y33.5402
G01 X37.8811Y33.4432
G01 X37.8701Y33.4295
G01 X37.7846Y33.3354
G01 X37.6905Y33.2499
G01 X37.6768Y33.2389
G01 X37.5798Y33.1674
G01 X37.4671Y33.1000
G00 Z3.0000
G00 X34.9271Y33.1000
G01 Z-0.1000
G01 X36.1929Y33.1000
G01 X36.0802Y33.1674
G01 X35.9832Y33.2389
G01 X35.9695Y33.2499
G01 X35.8754Y33.3354
G01 X35.7899Y33.4295
G01 X35.7789Y33.4432
G01 X35.7074Y33.5402
G01 X35.6455Y33.6429
G01 X35.6339Y33.6646
G01 X35.5853Y33.7675
G01 X35.5783Y33.7848
G01 X35.5600Y33.8361
G01 X35.5417Y33.7848
G01 X35.5347Y33.7675
G01 X35.4861Y33.6646
G01 X35.4745Y33.6429
G01 X35.4126Y33.5402
G01 X35.3411Y33.4432
G01 X35.3301Y33.4295
G01 X35.2446Y33.3354
G01 X35.1505Y33.2499
G01 X35.1368Y33.2389
G01 X35.0398Y33.1674
G01 X34.9271Y33.1000
G00 X34.9271Y33.1000
G01 Z-0.2000
G01 X36.1929Y33.1000
G01 X36.0802Y33.1674
G01 X35.9832Y33.2389
G01 X35.9695Y33.2499
G01 X35.8754Y33.3354
G01 X35.7899Y33.4295
G01 X35.7789Y33.4432
G01 X35.7074Y33.5402
G01 X35.6455Y33.6429
G01 X35.6339Y33.6646
G01 X35.5853Y33.7675
G01 X35.5783Y33.7848
G01 X35.5600Y33.8361
G01 X35.5417Y33.7848
G01 X35.5347Y33.7675
G01 X35.4861Y33.6646
G01 X35.4745Y33.6429
G01 X35.4126Y33.5402
G01 X35.3411Y33.4432
G01 X35.3301Y33.4295
G01 X35.2446Y33.3354
G01 X35.1505Y33.2499
G01 X35.1368Y33.2389
G01 X35.0398Y33.1674
G01 X34.9271Y33.1000
G00 Z3.0000
G00 X32.3871Y33.1000
G01 Z-0.1000
G01 X33.6529Y33.1000
G01 X33.5402Y33.1674
G01 X33.4432Y33.2389
G01 X33.4295Y33.2499
G01 X33.3354Y33.3354
G01 X33.2499Y33.4295
G01 X33.2389Y33.4432
G01 X33.1674Y33.5402
G01 X33.1055Y33.6429
G01 X33.0939Y33.6646
G01 X33.0453Y33.7675
G01 X33.0383Y33.7848
G01 X33.0200Y33.8361
G01 X33.0017Y33.7848
G01 X32.9947Y33.7675
G01 X32.9461Y33.6646
G01 X32.9345Y33.6429
G01 X32.8726Y33.5402
G01 X32.8011Y33.4432
G01 X32.7901Y33.4295
G01 X32.7046Y33.3354
G01 X32.6105Y33.2499
G01 X32.5968Y33.2389
G01 X32.4998Y33.1674
G01 X32.3871Y33.1000
G00 X32.3871Y33.1000
G01 Z-0.2000
G01 X33.6529Y33.1000
G01 X33.5402Y33.1674
G01 X33.4432Y33.2389
G01 X33.4295Y33.2499
G01 X33.3354Y33.3354
G01 X33.2499Y33.4295
G01 X33.2389Y33.4432
G01 X33.1674Y33.5402
G01 X33.1055Y33.6429
G01 X33.0939Y33.6646
G01 X33.0453Y33.7675
G01 X33.0383Y33.7848
G01 X33.0200Y33.8361
G01 X33.0017Y33.7848
G01 X32.9947Y33.7675
G01 X32.9461Y33.6646
G01 X32.9345Y33.6429
G01 X32.8726Y33.5402
G01 X32.8011Y33.4432
G01 X32.7901Y33.4295
G01 X32.7046Y33.3354
G01 X32.6105Y33.2499
G01 X32.5968Y33.2389
G01 X32.4998Y33.1674
G01 X32.3871Y33.1000
G00 Z3.0000
G00 X29.8471Y33.1000
G01 Z-0.1000
G01 X31.1129Y33.1000
G01 X31.0002Y33.1674
G01 X30.9032Y33.2389
G01 X30.8895Y33.2499
G01 X30.7954Y33.3354
G01 X30.7099Y33.4295
G01 X30.6989Y33.4432
G01 X30.6274Y33.5402
G01 X30.5655Y33.6429
G01 X30.5539Y33.6646
G01 X30.5053Y33.7675
G01 X30.4983Y33.7848
G01 X30.4800Y33.8361
G01 X30.4617Y33.7848
G01 X30.4547Y33.7675
G01 X30.4061Y33.6646
G01 X30.3945Y33.6429
G01 X30.3326Y33.5402
G01 X30.2611Y33.4432
G01 X30.2501Y33.4295
G01 X30.1646Y33.3354
G01 X30.0705Y33.2499
G01 X30.0568Y33.2389
G01 X29.9598Y33.1674
G01 X29.8471Y33.1000
G00 X29.8471Y33.1000
G01 Z-0.2000
G01 X31.1129Y33.1000
G01 X31.0002Y33.1674
G01 X30.9032Y33.2389
G01 X30.8895Y33.2499
G01 X30.7954Y33.3354
G01 X30.7099Y33.4295
G01 X30.6989Y33.4432
G01 X30.6274Y33.5402
G01 X30.5655Y33.6429
G01 X30.5539Y33.6646
G01 X30.5053Y33.7675
G01 X30.4983Y33.7848
G01 X30.4800Y33.8361
G01 X30.4617Y33.7848
G01 X30.4547Y33.7675
G01 X30.4061Y33.6646
G01 X30.3945Y33.6429
G01 X30.3326Y33.5402
G01 X30.2611Y33.4432
G01 X30.2501Y33.4295
G01 X30.1646Y33.3354
G01 X30.0705Y33.2499
G01 X30.0568Y33.2389
G01 X29.9598Y33.1674
G01 X29.8471Y33.1000
G00 Z3.0000
G00 X27.3071Y33.1000
G01 Z-0.1000
G01 X28.5729Y33.1000
G01 X28.4602Y33.1674
G01 X28.3632Y33.2389
G01 X28.3495Y33.2499
G01 X28.2554Y33.3354
G01 X28.1699Y33.4295
G01 X28.1589Y33.4432
G01 X28.0874Y33.5402
G01 X28.0255Y33.6429
G01 X28.0139Y33.6646
G01 X27.9653Y33.7675
G01 X27.9583Y33.7848
G01 X27.9400Y33.8361
G01 X27.9217Y33.7848
G01 X27.9147Y33.7675
G01 X27.8661Y33.6646
G01 X27.8545Y33.6429
G01 X27.7926Y33.5402
G01 X27.7211Y33.4432
G01 X27.7101Y33.4295
G01 X27.6246Y33.3354
G01 X27.5305Y33.2499
G01 X27.5168Y33.2389
G01 X27.4198Y33.1674
G01 X27.3071Y33.1000
G00 X27.3071Y33.1000
G01 Z-0.2000
G01 X28.5729Y33.1000
G01 X28.4602Y33.1674
G01 X28.3632Y33.2389
G01 X28.3495Y33.2499
G01 X28.2554Y33.3354
G01 X28.1699Y33.4295
G01 X28.1589Y33.4432
G01 X28.0874Y33.5402
G01 X28.0255Y33.6429
G01 X28.0139Y33.6646
G01 X27.9653Y33.7675
G01 X27.9583Y33.7848
G01 X27.9400Y33.8361
G01 X27.9217Y33.7848
G01 X27.9147Y33.7675
G01 X27.8661Y33.6646
G01 X27.8545Y33.6429
G01 X27.7926Y33.5402
G01 X27.7211Y33.4432
G01 X27.7101Y33.4295
G01 X27.6246Y33.3354
G01 X27.5305Y33.2499
G01 X27.5168Y33.2389
G01 X27.4198Y33.1674
G01 X27.3071Y33.1000
G00 Z3.0000
G00 X27.8600Y36.3683
G01 Z-0.1000
G01 X27.8344Y36.3559
G01 X27.8171Y36.3489
G01 X27.7931Y36.3407
G01 X27.7739Y36.3356
G01 X27.7926Y36.3098
G01 X27.7990Y36.2997
G01 X27.8600Y36.1971
G01 X27.8600Y36.3683
G00 X27.8600Y36.3683
G01 Z-0.2000
G01 X27.8344Y36.3559
G01 X27.8171Y36.3489
G01 X27.7931Y36.3407
G01 X27.7739Y36.3356
G01 X27.7926Y36.3098
G01 X27.7990Y36.2997
G01 X27.8600Y36.1971
G01 X27.8600Y36.3683
G00 Z3.0000
G00 X23.3217Y33.1000
G01 Z-0.1000
G01 X23.4929Y33.1000
G01 X23.3903Y33.1610
G01 X23.3802Y33.1674
G01 X23.3544Y33.1861
G01 X23.3493Y33.1669
G01 X23.3411Y33.1429
G01 X23.3341Y33.1256
G01 X23.3217Y33.1000
G00 X23.3217Y33.1000
G01 Z-0.2000
G01 X23.4929Y33.1000
G01 X23.3903Y33.1610
G01 X23.3802Y33.1674
G01 X23.3544Y33.1861
G01 X23.3493Y33.1669
G01 X23.3411Y33.1429
G01 X23.3341Y33.1256
G01 X23.3217Y33.1000
G00 Z3.0000
G00 X19.5426Y27.9000
G01 Z-0.1000
G01 X19.5683Y27.8636
G01 X19.6036Y27.8069
G01 X19.6145Y27.8504
G01 X19.6283Y27.9000
G01 X19.5426Y27.9000
G00 X19.5426Y27.9000
G01 Z-0.2000
G01 X19.5683Y27.8636
G01 X19.6036Y27.8069
G01 X19.6145Y27.8504
G01 X19.6283Y27.9000
G01 X19.5426Y27.9000
G00 Z3.0000
G00 X18.9827Y27.9400
G01 Z-0.1000
G01 X19.0174Y27.9074
G01 X19.0394Y27.8843
G01 X19.1238Y27.7908
G01 X19.1524Y27.7550
G01 X19.2167Y27.6683
G01 X19.2355Y27.6417
G01 X19.2521Y27.6153
G01 X19.3076Y27.5227
G01 X19.3315Y27.4792
G01 X19.3902Y27.3549
G01 X19.4083Y27.3099
G01 X19.4446Y27.2083
G01 X19.4552Y27.1761
G01 X19.4632Y27.1473
G01 X19.4934Y27.0256
G01 X19.5018Y26.9800
G01 X19.5177Y26.8732
G01 X19.5215Y26.8425
G01 X19.5239Y26.8097
G01 X19.5292Y26.7019
G01 X19.5300Y26.6700
G01 X19.5292Y26.6381
G01 X19.5239Y26.5303
G01 X19.5215Y26.4975
G01 X19.5177Y26.4668
G01 X19.5018Y26.3600
G01 X19.4934Y26.3144
G01 X19.4632Y26.1927
G01 X19.4552Y26.1639
G01 X19.4446Y26.1317
G01 X19.4083Y26.0301
G01 X19.3902Y25.9851
G01 X19.3315Y25.8608
G01 X19.3076Y25.8173
G01 X19.2521Y25.7247
G01 X19.2355Y25.6983
G01 X19.2167Y25.6717
G01 X19.1524Y25.5850
G01 X19.1238Y25.5492
G01 X19.0394Y25.4557
G01 X19.0174Y25.4326
G01 X18.9827Y25.4000
G01 X19.0174Y25.3674
G01 X19.0394Y25.3443
G01 X19.1238Y25.2508
G01 X19.1524Y25.2150
G01 X19.2167Y25.1283
G01 X19.2355Y25.1017
G01 X19.2521Y25.0753
G01 X19.3076Y24.9827
G01 X19.3315Y24.9392
G01 X19.3902Y24.8149
G01 X19.4083Y24.7699
G01 X19.4446Y24.6683
G01 X19.4552Y24.6361
G01 X19.4632Y24.6073
G01 X19.4934Y24.4856
G01 X19.5018Y24.4400
G01 X19.5184Y24.3273
G01 X20.9683Y25.7772
G01 X20.9294Y25.7935
G01 X20.8279Y25.8417
G01 X20.7844Y25.8656
G01 X20.7003Y25.9160
G01 X20.6739Y25.9327
G01 X20.6472Y25.9514
G01 X20.5684Y26.0099
G01 X20.5326Y26.0385
G01 X20.5191Y26.0504
G01 X20.4464Y26.1163
G01 X20.4233Y26.1383
G01 X20.4013Y26.1614
G01 X20.3354Y26.2341
G01 X20.3235Y26.2476
G01 X20.2949Y26.2834
G01 X20.2364Y26.3622
G01 X20.2177Y26.3889
G01 X20.2010Y26.4153
G01 X20.1506Y26.4994
G01 X20.1267Y26.5429
G01 X20.0721Y26.6583
G01 X20.0541Y26.7033
G01 X20.0211Y26.7957
G01 X20.0105Y26.8279
G01 X20.0025Y26.8568
G01 X19.9747Y26.9689
G01 X19.9663Y27.0145
G01 X19.9519Y27.1116
G01 X19.9480Y27.1423
G01 X19.9456Y27.1751
G01 X19.9408Y27.2731
G01 X19.9400Y27.3050
G01 X19.9408Y27.3369
G01 X19.9456Y27.4349
G01 X19.9480Y27.4677
G01 X19.9519Y27.4984
G01 X19.9663Y27.5955
G01 X19.9747Y27.6411
G01 X20.0025Y27.7532
G01 X20.0105Y27.7821
G01 X20.0211Y27.8143
G01 X20.0541Y27.9067
G01 X20.0721Y27.9517
G01 X20.1267Y28.0671
G01 X20.1506Y28.1106
G01 X20.2010Y28.1947
G01 X20.2177Y28.2211
G01 X20.2364Y28.2478
G01 X20.2752Y28.3000
G01 X19.2733Y28.3000
G01 X19.2355Y28.2383
G01 X19.2167Y28.2117
G01 X19.1524Y28.1250
G01 X19.1238Y28.0892
G01 X19.0394Y27.9957
G01 X19.0174Y27.9726
G01 X18.9827Y27.9400
G00 X18.9827Y27.9400
G01 Z-0.2000
G01 X19.0174Y27.9074
G01 X19.0394Y27.8843
G01 X19.1238Y27.7908
G01 X19.1524Y27.7550
G01 X19.2167Y27.6683
G01 X19.2355Y27.6417
G01 X19.2521Y27.6153
G01 X19.3076Y27.5227
G01 X19.3315Y27.4792
G01 X19.3902Y27.3549
G01 X19.4083Y27.3099
G01 X19.4446Y27.2083
G01 X19.4552Y27.1761
G01 X19.4632Y27.1473
G01 X19.4934Y27.0256
G01 X19.5018Y26.9800
G01 X19.5177Y26.8732
G01 X19.5215Y26.8425
G01 X19.5239Y26.8097
G01 X19.5292Y26.7019
G01 X19.5300Y26.6700
G01 X19.5292Y26.6381
G01 X19.5239Y26.5303
G01 X19.5215Y26.4975
G01 X19.5177Y26.4668
G01 X19.5018Y26.3600
G01 X19.4934Y26.3144
G01 X19.4632Y26.1927
G01 X19.4552Y26.1639
G01 X19.4446Y26.1317
G01 X19.4083Y26.0301
G01 X19.3902Y25.9851
G01 X19.3315Y25.8608
G01 X19.3076Y25.8173
G01 X19.2521Y25.7247
G01 X19.2355Y25.6983
G01 X19.2167Y25.6717
G01 X19.1524Y25.5850
G01 X19.1238Y25.5492
G01 X19.0394Y25.4557
G01 X19.0174Y25.4326
G01 X18.9827Y25.4000
G01 X19.0174Y25.3674
G01 X19.0394Y25.3443
G01 X19.1238Y25.2508
G01 X19.1524Y25.2150
G01 X19.2167Y25.1283
G01 X19.2355Y25.1017
G01 X19.2521Y25.0753
G01 X19.3076Y24.9827
G01 X19.3315Y24.9392
G01 X19.3902Y24.8149
G01 X19.4083Y24.7699
G01 X19.4446Y24.6683
G01 X19.4552Y24.6361
G01 X19.4632Y24.6073
G01 X19.4934Y24.4856
G01 X19.5018Y24.4400
G01 X19.5184Y24.3273
G01 X20.9683Y25.7772
G01 X20.9294Y25.7935
G01 X20.8279Y25.8417
G01 X20.7844Y25.8656
G01 X20.7003Y25.9160
G01 X20.6739Y25.9327
G01 X20.6472Y25.9514
G01 X20.5684Y26.0099
G01 X20.5326Y26.0385
G01 X20.5191Y26.0504
G01 X20.4464Y26.1163
G01 X20.4233Y26.1383
G01 X20.4013Y26.1614
G01 X20.3354Y26.2341
G01 X20.3235Y26.2476
G01 X20.2949Y26.2834
G01 X20.2364Y26.3622
G01 X20.2177Y26.3889
G01 X20.2010Y26.4153
G01 X20.1506Y26.4994
G01 X20.1267Y26.5429
G01 X20.0721Y26.6583
G01 X20.0541Y26.7033
G01 X20.0211Y26.7957
G01 X20.0105Y26.8279
G01 X20.0025Y26.8568
G01 X19.9747Y26.9689
G01 X19.9663Y27.0145
G01 X19.9519Y27.1116
G01 X19.9480Y27.1423
G01 X19.9456Y27.1751
G01 X19.9408Y27.2731
G01 X19.9400Y27.3050
G01 X19.9408Y27.3369
G01 X19.9456Y27.4349
G01 X19.9480Y27.4677
G01 X19.9519Y27.4984
G01 X19.9663Y27.5955
G01 X19.9747Y27.6411
G01 X20.0025Y27.7532
G01 X20.0105Y27.7821
G01 X20.0211Y27.8143
G01 X20.0541Y27.9067
G01 X20.0721Y27.9517
G01 X20.1267Y28.0671
G01 X20.1506Y28.1106
G01 X20.2010Y28.1947
G01 X20.2177Y28.2211
G01 X20.2364Y28.2478
G01 X20.2752Y28.3000
G01 X19.2733Y28.3000
G01 X19.2355Y28.2383
G01 X19.2167Y28.2117
G01 X19.1524Y28.1250
G01 X19.1238Y28.0892
G01 X19.0394Y27.9957
G01 X19.0174Y27.9726
G01 X18.9827Y27.9400
G00 Z3.0000
G00 X18.2339Y27.9400
G01 Z-0.1000
G01 X18.2852Y27.9217
G01 X18.3025Y27.9147
G01 X18.4103Y27.8637
G01 X18.4271Y27.8545
G01 X18.5197Y27.7990
G01 X18.5401Y27.7854
G01 X18.6268Y27.7211
G01 X18.6405Y27.7101
G01 X18.7257Y27.6331
G01 X18.7431Y27.6157
G01 X18.8156Y27.5357
G01 X18.8311Y27.5168
G01 X18.9026Y27.4198
G01 X18.9645Y27.3171
G01 X18.9761Y27.2954
G01 X19.0247Y27.1925
G01 X19.0317Y27.1752
G01 X19.0721Y27.0611
G01 X19.1014Y26.9453
G01 X19.1062Y26.9213
G01 X19.1220Y26.8145
G01 X19.1244Y26.7901
G01 X19.1300Y26.6700
G01 X19.1235Y26.5373
G01 X19.1062Y26.4187
G01 X19.1029Y26.4012
G01 X19.0751Y26.2899
G01 X19.0680Y26.2665
G01 X19.0317Y26.1648
G01 X19.0223Y26.1422
G01 X18.9737Y26.0397
G01 X18.9645Y26.0229
G01 X18.9026Y25.9202
G01 X18.8311Y25.8232
G01 X18.8201Y25.8095
G01 X18.7431Y25.7243
G01 X18.7257Y25.7069
G01 X18.6457Y25.6345
G01 X18.6268Y25.6189
G01 X18.5298Y25.5474
G01 X18.4271Y25.4855
G01 X18.4054Y25.4739
G01 X18.3025Y25.4253
G01 X18.2852Y25.4183
G01 X18.2339Y25.4000
G01 X18.2852Y25.3817
G01 X18.3025Y25.3747
G01 X18.4103Y25.3237
G01 X18.4271Y25.3145
G01 X18.5197Y25.2590
G01 X18.5401Y25.2454
G01 X18.6268Y25.1811
G01 X18.6405Y25.1701
G01 X18.7257Y25.0931
G01 X18.7431Y25.0757
G01 X18.8156Y24.9957
G01 X18.8311Y24.9768
G01 X18.9026Y24.8798
G01 X18.9645Y24.7771
G01 X18.9761Y24.7554
G01 X19.0247Y24.6525
G01 X19.0317Y24.6352
G01 X19.0680Y24.5335
G01 X19.0751Y24.5101
G01 X19.1029Y24.3988
G01 X19.1062Y24.3813
G01 X19.1235Y24.2627
G01 X19.1300Y24.1300
G01 X19.1244Y24.0099
G01 X19.1220Y23.9855
G01 X19.1062Y23.8787
G01 X19.1029Y23.8612
G01 X19.0751Y23.7499
G01 X19.0680Y23.7265
G01 X19.0317Y23.6248
G01 X19.0247Y23.6075
G01 X18.9737Y23.4997
G01 X18.9645Y23.4829
G01 X18.9090Y23.3903
G01 X18.8954Y23.3699
G01 X18.8311Y23.2832
G01 X18.8201Y23.2695
G01 X18.7346Y23.1754
G01 X18.6405Y23.0899
G01 X18.6268Y23.0789
G01 X18.5401Y23.0146
G01 X18.5197Y23.0010
G01 X18.4271Y22.9455
G01 X18.4056Y22.9340
G01 X18.4252Y22.9159
G01 X18.4419Y22.8979
G01 X18.4574Y22.8789
G01 X18.4720Y22.8588
G01 X18.4847Y22.8382
G01 X18.4963Y22.8165
G01 X18.5040Y22.8001
G01 X18.5109Y22.7828
G01 X18.5182Y22.7614
G01 X21.8364Y26.0796
G01 X21.8218Y26.0769
G01 X21.7129Y26.0611
G01 X21.5900Y26.0550
G01 X21.4671Y26.0611
G01 X21.3582Y26.0769
G01 X21.3407Y26.0802
G01 X21.2279Y26.1086
G01 X21.1231Y26.1457
G01 X21.1058Y26.1527
G01 X21.0068Y26.1995
G01 X20.9901Y26.2086
G01 X20.9059Y26.2591
G01 X20.8855Y26.2727
G01 X20.8067Y26.3312
G01 X20.7877Y26.3468
G01 X20.7061Y26.4211
G01 X20.6318Y26.5027
G01 X20.6162Y26.5217
G01 X20.5505Y26.6108
G01 X20.4936Y26.7051
G01 X20.4821Y26.7267
G01 X20.4377Y26.8208
G01 X20.4307Y26.8381
G01 X20.3936Y26.9429
G01 X20.3652Y27.0557
G01 X20.3619Y27.0732
G01 X20.3461Y27.1821
G01 X20.3400Y27.3050
G01 X20.3461Y27.4279
G01 X20.3619Y27.5368
G01 X20.3652Y27.5543
G01 X20.3936Y27.6671
G01 X20.4307Y27.7719
G01 X20.4377Y27.7892
G01 X20.4845Y27.8882
G01 X20.4936Y27.9049
G01 X20.5505Y27.9992
G01 X20.6162Y28.0883
G01 X20.6272Y28.1021
G01 X20.7061Y28.1889
G01 X20.7877Y28.2632
G01 X20.8067Y28.2788
G01 X20.8855Y28.3373
G01 X20.9059Y28.3509
G01 X20.9901Y28.4014
G01 X21.0068Y28.4105
G01 X21.1004Y28.4549
G01 X21.1231Y28.4643
G01 X21.2155Y28.4973
G01 X21.2390Y28.5044
G01 X21.3407Y28.5298
G01 X21.4118Y28.5410
G01 X21.5179Y28.6471
G01 X21.5758Y28.7000
G01 X19.0297Y28.7000
G01 X19.0223Y28.6822
G01 X18.9737Y28.5797
G01 X18.9645Y28.5629
G01 X18.9026Y28.4602
G01 X18.8311Y28.3632
G01 X18.8201Y28.3495
G01 X18.7346Y28.2554
G01 X18.6405Y28.1699
G01 X18.6268Y28.1589
G01 X18.5401Y28.0946
G01 X18.5197Y28.0810
G01 X18.4271Y28.0255
G01 X18.4103Y28.0163
G01 X18.3025Y27.9653
G01 X18.2852Y27.9583
G01 X18.2339Y27.9400
G00 X18.2339Y27.9400
G01 Z-0.2000
G01 X18.2852Y27.9217
G01 X18.3025Y27.9147
G01 X18.4103Y27.8637
G01 X18.4271Y27.8545
G01 X18.5197Y27.7990
G01 X18.5401Y27.7854
G01 X18.6268Y27.7211
G01 X18.6405Y27.7101
G01 X18.7257Y27.6331
G01 X18.7431Y27.6157
G01 X18.8156Y27.5357
G01 X18.8311Y27.5168
G01 X18.9026Y27.4198
G01 X18.9645Y27.3171
G01 X18.9761Y27.2954
G01 X19.0247Y27.1925
G01 X19.0317Y27.1752
G01 X19.0721Y27.0611
G01 X19.1014Y26.9453
G01 X19.1062Y26.9213
G01 X19.1220Y26.8145
G01 X19.1244Y26.7901
G01 X19.1300Y26.6700
G01 X19.1235Y26.5373
G01 X19.1062Y26.4187
G01 X19.1029Y26.4012
G01 X19.0751Y26.2899
G01 X19.0680Y26.2665
G01 X19.0317Y26.1648
G01 X19.0223Y26.1422
G01 X18.9737Y26.0397
G01 X18.9645Y26.0229
G01 X18.9026Y25.9202
G01 X18.8311Y25.8232
G01 X18.8201Y25.8095
G01 X18.7431Y25.7243
G01 X18.7257Y25.7069
G01 X18.6457Y25.6345
G01 X18.6268Y25.6189
G01 X18.5298Y25.5474
G01 X18.4271Y25.4855
G01 X18.4054Y25.4739
G01 X18.3025Y25.4253
G01 X18.2852Y25.4183
G01 X18.2339Y25.4000
G01 X18.2852Y25.3817
G01 X18.3025Y25.3747
G01 X18.4103Y25.3237
G01 X18.4271Y25.3145
G01 X18.5197Y25.2590
G01 X18.5401Y25.2454
G01 X18.6268Y25.1811
G01 X18.6405Y25.1701
G01 X18.7257Y25.0931
G01 X18.7431Y25.0757
G01 X18.8156Y24.9957
G01 X18.8311Y24.9768
G01 X18.9026Y24.8798
G01 X18.9645Y24.7771
G01 X18.9761Y24.7554
G01 X19.0247Y24.6525
G01 X19.0317Y24.6352
G01 X19.0680Y24.5335
G01 X19.0751Y24.5101
G01 X19.1029Y24.3988
G01 X19.1062Y24.3813
G01 X19.1235Y24.2627
G01 X19.1300Y24.1300
G01 X19.1244Y24.0099
G01 X19.1220Y23.9855
G01 X19.1062Y23.8787
G01 X19.1029Y23.8612
G01 X19.0751Y23.7499
G01 X19.0680Y23.7265
G01 X19.0317Y23.6248
G01 X19.0247Y23.6075
G01 X18.9737Y23.4997
G01 X18.9645Y23.4829
G01 X18.9090Y23.3903
G01 X18.8954Y23.3699
G01 X18.8311Y23.2832
G01 X18.8201Y23.2695
G01 X18.7346Y23.1754
G01 X18.6405Y23.0899
G01 X18.6268Y23.0789
G01 X18.5401Y23.0146
G01 X18.5197Y23.0010
G01 X18.4271Y22.9455
G01 X18.4056Y22.9340
G01 X18.4252Y22.9159
G01 X18.4419Y22.8979
G01 X18.4574Y22.8789
G01 X18.4720Y22.8588
G01 X18.4847Y22.8382
G01 X18.4963Y22.8165
G01 X18.5040Y22.8001
G01 X18.5109Y22.7828
G01 X18.5182Y22.7614
G01 X21.8364Y26.0796
G01 X21.8218Y26.0769
G01 X21.7129Y26.0611
G01 X21.5900Y26.0550
G01 X21.4671Y26.0611
G01 X21.3582Y26.0769
G01 X21.3407Y26.0802
G01 X21.2279Y26.1086
G01 X21.1231Y26.1457
G01 X21.1058Y26.1527
G01 X21.0068Y26.1995
G01 X20.9901Y26.2086
G01 X20.9059Y26.2591
G01 X20.8855Y26.2727
G01 X20.8067Y26.3312
G01 X20.7877Y26.3468
G01 X20.7061Y26.4211
G01 X20.6318Y26.5027
G01 X20.6162Y26.5217
G01 X20.5505Y26.6108
G01 X20.4936Y26.7051
G01 X20.4821Y26.7267
G01 X20.4377Y26.8208
G01 X20.4307Y26.8381
G01 X20.3936Y26.9429
G01 X20.3652Y27.0557
G01 X20.3619Y27.0732
G01 X20.3461Y27.1821
G01 X20.3400Y27.3050
G01 X20.3461Y27.4279
G01 X20.3619Y27.5368
G01 X20.3652Y27.5543
G01 X20.3936Y27.6671
G01 X20.4307Y27.7719
G01 X20.4377Y27.7892
G01 X20.4845Y27.8882
G01 X20.4936Y27.9049
G01 X20.5505Y27.9992
G01 X20.6162Y28.0883
G01 X20.6272Y28.1021
G01 X20.7061Y28.1889
G01 X20.7877Y28.2632
G01 X20.8067Y28.2788
G01 X20.8855Y28.3373
G01 X20.9059Y28.3509
G01 X20.9901Y28.4014
G01 X21.0068Y28.4105
G01 X21.1004Y28.4549
G01 X21.1231Y28.4643
G01 X21.2155Y28.4973
G01 X21.2390Y28.5044
G01 X21.3407Y28.5298
G01 X21.4118Y28.5410
G01 X21.5179Y28.6471
G01 X21.5758Y28.7000
G01 X19.0297Y28.7000
G01 X19.0223Y28.6822
G01 X18.9737Y28.5797
G01 X18.9645Y28.5629
G01 X18.9026Y28.4602
G01 X18.8311Y28.3632
G01 X18.8201Y28.3495
G01 X18.7346Y28.2554
G01 X18.6405Y28.1699
G01 X18.6268Y28.1589
G01 X18.5401Y28.0946
G01 X18.5197Y28.0810
G01 X18.4271Y28.0255
G01 X18.4103Y28.0163
G01 X18.3025Y27.9653
G01 X18.2852Y27.9583
G01 X18.2339Y27.9400
G00 Z3.0000
G00 X16.6893Y27.9049
G01 Z-0.1000
G01 X16.9008Y27.6934
G01 X16.9195Y27.7101
G01 X16.9332Y27.7211
G01 X17.0302Y27.7926
G01 X17.1329Y27.8545
G01 X17.1546Y27.8661
G01 X17.2575Y27.9147
G01 X17.2748Y27.9217
G01 X17.3261Y27.9400
G01 X17.2748Y27.9583
G01 X17.2575Y27.9653
G01 X17.1546Y28.0139
G01 X17.1329Y28.0255
G01 X17.0302Y28.0874
G01 X16.9378Y28.1555
G01 X16.9295Y28.1311
G01 X16.9225Y28.1137
G01 X16.9124Y28.0924
G01 X16.9033Y28.0757
G01 X16.8905Y28.0550
G01 X16.8760Y28.0349
G01 X16.8650Y28.0211
G01 X16.8438Y27.9979
G01 X16.8206Y27.9767
G01 X16.8068Y27.9657
G01 X16.7766Y27.9447
G01 X16.7493Y27.9293
G01 X16.7280Y27.9192
G01 X16.7106Y27.9122
G01 X16.6893Y27.9049
G00 X16.6893Y27.9049
G01 Z-0.2000
G01 X16.9008Y27.6934
G01 X16.9195Y27.7101
G01 X16.9332Y27.7211
G01 X17.0302Y27.7926
G01 X17.1329Y27.8545
G01 X17.1546Y27.8661
G01 X17.2575Y27.9147
G01 X17.2748Y27.9217
G01 X17.3261Y27.9400
G01 X17.2748Y27.9583
G01 X17.2575Y27.9653
G01 X17.1546Y28.0139
G01 X17.1329Y28.0255
G01 X17.0302Y28.0874
G01 X16.9378Y28.1555
G01 X16.9295Y28.1311
G01 X16.9225Y28.1137
G01 X16.9124Y28.0924
G01 X16.9033Y28.0757
G01 X16.8905Y28.0550
G01 X16.8760Y28.0349
G01 X16.8650Y28.0211
G01 X16.8438Y27.9979
G01 X16.8206Y27.9767
G01 X16.8068Y27.9657
G01 X16.7766Y27.9447
G01 X16.7493Y27.9293
G01 X16.7280Y27.9192
G01 X16.7106Y27.9122
G01 X16.6893Y27.9049
G00 Z3.0000
G00 X16.5200Y25.6700
G01 Z-0.1000
G01 X16.9767Y25.2133
G01 X17.0302Y25.2526
G01 X17.1329Y25.3145
G01 X17.1497Y25.3237
G01 X17.2575Y25.3747
G01 X17.2748Y25.3817
G01 X17.3261Y25.4000
G01 X17.2748Y25.4183
G01 X17.2575Y25.4253
G01 X17.1546Y25.4739
G01 X17.1329Y25.4855
G01 X17.0403Y25.5410
G01 X17.0199Y25.5546
G01 X16.9332Y25.6189
G01 X16.9195Y25.6299
G01 X16.8751Y25.6700
G01 X16.5200Y25.6700
G00 X16.5200Y25.6700
G01 Z-0.2000
G01 X16.9767Y25.2133
G01 X17.0302Y25.2526
G01 X17.1329Y25.3145
G01 X17.1497Y25.3237
G01 X17.2575Y25.3747
G01 X17.2748Y25.3817
G01 X17.3261Y25.4000
G01 X17.2748Y25.4183
G01 X17.2575Y25.4253
G01 X17.1546Y25.4739
G01 X17.1329Y25.4855
G01 X17.0403Y25.5410
G01 X17.0199Y25.5546
G01 X16.9332Y25.6189
G01 X16.9195Y25.6299
G01 X16.8751Y25.6700
G01 X16.5200Y25.6700
G00 Z3.0000
G00 X19.8735Y26.1849
G01 Z-0.1000
G01 X19.8512Y26.0956
G01 X19.8384Y26.0490
G01 X19.8213Y25.9970
G01 X19.7849Y25.8953
G01 X19.7558Y25.8226
G01 X19.7455Y25.8001
G01 X19.6893Y25.6819
G01 X19.6507Y25.6117
G01 X19.5952Y25.5191
G01 X19.5683Y25.4764
G01 X19.5380Y25.4334
G01 X19.5132Y25.4000
G01 X19.5380Y25.3666
G01 X19.5683Y25.3236
G01 X19.5952Y25.2809
G01 X19.6507Y25.1883
G01 X19.6893Y25.1181
G01 X19.7069Y25.0815
G01 X20.3212Y25.6958
G01 X20.2723Y25.7348
G01 X20.1778Y25.8199
G01 X20.1404Y25.8554
G01 X20.1049Y25.8928
G01 X20.0198Y25.9873
G01 X19.9736Y26.0451
G01 X19.9152Y26.1239
G01 X19.8849Y26.1670
G01 X19.8735Y26.1849
G00 X19.8735Y26.1849
G01 Z-0.2000
G01 X19.8512Y26.0956
G01 X19.8384Y26.0490
G01 X19.8213Y25.9970
G01 X19.7849Y25.8953
G01 X19.7558Y25.8226
G01 X19.7455Y25.8001
G01 X19.6893Y25.6819
G01 X19.6507Y25.6117
G01 X19.5952Y25.5191
G01 X19.5683Y25.4764
G01 X19.5380Y25.4334
G01 X19.5132Y25.4000
G01 X19.5380Y25.3666
G01 X19.5683Y25.3236
G01 X19.5952Y25.2809
G01 X19.6507Y25.1883
G01 X19.6893Y25.1181
G01 X19.7069Y25.0815
G01 X20.3212Y25.6958
G01 X20.2723Y25.7348
G01 X20.1778Y25.8199
G01 X20.1404Y25.8554
G01 X20.1049Y25.8928
G01 X20.0198Y25.9873
G01 X19.9736Y26.0451
G01 X19.9152Y26.1239
G01 X19.8849Y26.1670
G01 X19.8735Y26.1849
G00 Z3.0000
G00 X17.3261Y30.4800
G01 Z-0.1000
G01 X17.3039Y30.4880
G01 X17.3041Y30.4721
G01 X17.3261Y30.4800
G00 X17.3261Y30.4800
G01 Z-0.2000
G01 X17.3039Y30.4880
G01 X17.3041Y30.4721
G01 X17.3261Y30.4800
G00 Z3.0000
G00 X28.2868Y42.9600
G01 Z-0.1000
G01 X28.2992Y42.9344
G01 X28.3078Y42.9125
G01 X28.3495Y42.9501
G01 X28.3618Y42.9600
G01 X28.2868Y42.9600
G00 X28.2868Y42.9600
G01 Z-0.2000
G01 X28.2992Y42.9344
G01 X28.3078Y42.9125
G01 X28.3495Y42.9501
G01 X28.3618Y42.9600
G01 X28.2868Y42.9600
G00 Z3.0000
G00 X30.0582Y42.9600
G01 Z-0.1000
G01 X30.0757Y42.9455
G01 X30.1557Y42.8731
G01 X30.1731Y42.8557
G01 X30.2501Y42.7705
G01 X30.2611Y42.7568
G01 X30.3254Y42.6701
G01 X30.3390Y42.6497
G01 X30.3945Y42.5571
G01 X30.4037Y42.5403
G01 X30.4547Y42.4325
G01 X30.4617Y42.4152
G01 X30.4800Y42.3639
G01 X30.4983Y42.4152
G01 X30.5053Y42.4325
G01 X30.5563Y42.5403
G01 X30.5655Y42.5571
G01 X30.6210Y42.6497
G01 X30.6346Y42.6701
G01 X30.6989Y42.7568
G01 X30.7099Y42.7705
G01 X30.7869Y42.8557
G01 X30.8043Y42.8731
G01 X30.8843Y42.9455
G01 X30.9018Y42.9600
G01 X30.0582Y42.9600
G00 X30.0582Y42.9600
G01 Z-0.2000
G01 X30.0757Y42.9455
G01 X30.1557Y42.8731
G01 X30.1731Y42.8557
G01 X30.2501Y42.7705
G01 X30.2611Y42.7568
G01 X30.3254Y42.6701
G01 X30.3390Y42.6497
G01 X30.3945Y42.5571
G01 X30.4037Y42.5403
G01 X30.4547Y42.4325
G01 X30.4617Y42.4152
G01 X30.4800Y42.3639
G01 X30.4983Y42.4152
G01 X30.5053Y42.4325
G01 X30.5563Y42.5403
G01 X30.5655Y42.5571
G01 X30.6210Y42.6497
G01 X30.6346Y42.6701
G01 X30.6989Y42.7568
G01 X30.7099Y42.7705
G01 X30.7869Y42.8557
G01 X30.8043Y42.8731
G01 X30.8843Y42.9455
G01 X30.9018Y42.9600
G01 X30.0582Y42.9600
G00 Z3.0000
G00 X34.3000Y39.3602
G01 Z-0.1000
G01 X34.3000Y39.0404
G01 X34.6300Y39.3704
G01 X34.6300Y39.3839
G01 X34.5421Y39.3725
G01 X34.4690Y39.3670
G01 X34.3611Y39.3617
G01 X34.3000Y39.3602
G00 X34.3000Y39.3602
G01 Z-0.2000
G01 X34.3000Y39.0404
G01 X34.6300Y39.3704
G01 X34.6300Y39.3839
G01 X34.5421Y39.3725
G01 X34.4690Y39.3670
G01 X34.3611Y39.3617
G01 X34.3000Y39.3602
G00 Z3.0000
G00 X35.0300Y39.8927
G01 Z-0.1000
G01 X34.9630Y39.8687
G01 X34.9110Y39.8516
G01 X34.8644Y39.8388
G01 X34.7324Y39.8061
G01 X34.6587Y39.7925
G01 X34.5519Y39.7767
G01 X34.5023Y39.7705
G01 X34.4493Y39.7666
G01 X34.3415Y39.7613
G01 X34.2900Y39.7600
G01 X34.2385Y39.7613
G01 X34.1307Y39.7666
G01 X34.0777Y39.7705
G01 X34.0281Y39.7767
G01 X33.9213Y39.7925
G01 X33.9000Y39.7964
G01 X33.9000Y38.0747
G01 X35.0300Y39.2047
G01 X35.0300Y39.8927
G00 X35.0300Y39.8927
G01 Z-0.2000
G01 X34.9630Y39.8687
G01 X34.9110Y39.8516
G01 X34.8644Y39.8388
G01 X34.7324Y39.8061
G01 X34.6587Y39.7925
G01 X34.5519Y39.7767
G01 X34.5023Y39.7705
G01 X34.4493Y39.7666
G01 X34.3415Y39.7613
G01 X34.2900Y39.7600
G01 X34.2385Y39.7613
G01 X34.1307Y39.7666
G01 X34.0777Y39.7705
G01 X34.0281Y39.7767
G01 X33.9213Y39.7925
G01 X33.9000Y39.7964
G01 X33.9000Y38.0747
G01 X35.0300Y39.2047
G01 X35.0300Y39.8927
G00 Z3.0000
G00 X35.4300Y40.5832
G01 Z-0.1000
G01 X35.4108Y40.5662
G01 X35.3750Y40.5376
G01 X35.2883Y40.4733
G01 X35.2617Y40.4546
G01 X35.2353Y40.4379
G01 X35.1427Y40.3824
G01 X35.0992Y40.3585
G01 X34.9749Y40.2998
G01 X34.9299Y40.2817
G01 X34.8283Y40.2454
G01 X34.7961Y40.2348
G01 X34.7673Y40.2268
G01 X34.6456Y40.1966
G01 X34.6000Y40.1882
G01 X34.4932Y40.1723
G01 X34.4625Y40.1685
G01 X34.4297Y40.1661
G01 X34.3219Y40.1608
G01 X34.2900Y40.1600
G01 X34.2581Y40.1608
G01 X34.1503Y40.1661
G01 X34.1175Y40.1685
G01 X34.0868Y40.1723
G01 X33.9800Y40.1882
G01 X33.9344Y40.1966
G01 X33.8128Y40.2268
G01 X33.7839Y40.2348
G01 X33.7517Y40.2454
G01 X33.6501Y40.2817
G01 X33.6051Y40.2998
G01 X33.5000Y40.3492
G01 X33.5000Y37.1208
G01 X33.5222Y37.1313
G01 X35.4300Y39.0391
G01 X35.4300Y40.5832
G00 X35.4300Y40.5832
G01 Z-0.2000
G01 X35.4108Y40.5662
G01 X35.3750Y40.5376
G01 X35.2883Y40.4733
G01 X35.2617Y40.4546
G01 X35.2353Y40.4379
G01 X35.1427Y40.3824
G01 X35.0992Y40.3585
G01 X34.9749Y40.2998
G01 X34.9299Y40.2817
G01 X34.8283Y40.2454
G01 X34.7961Y40.2348
G01 X34.7673Y40.2268
G01 X34.6456Y40.1966
G01 X34.6000Y40.1882
G01 X34.4932Y40.1723
G01 X34.4625Y40.1685
G01 X34.4297Y40.1661
G01 X34.3219Y40.1608
G01 X34.2900Y40.1600
G01 X34.2581Y40.1608
G01 X34.1503Y40.1661
G01 X34.1175Y40.1685
G01 X34.0868Y40.1723
G01 X33.9800Y40.1882
G01 X33.9344Y40.1966
G01 X33.8128Y40.2268
G01 X33.7839Y40.2348
G01 X33.7517Y40.2454
G01 X33.6501Y40.2817
G01 X33.6051Y40.2998
G01 X33.5000Y40.3492
G01 X33.5000Y37.1208
G01 X33.5222Y37.1313
G01 X35.4300Y39.0391
G01 X35.4300Y40.5832
G00 Z3.0000
G00 X35.8300Y42.2681
G01 Z-0.1000
G01 X35.8044Y42.2557
G01 X35.7755Y42.2446
G01 X35.7631Y42.2405
G01 X35.7401Y42.2345
G01 X35.7161Y42.2297
G01 X35.6921Y42.2265
G01 X35.6550Y42.2246
G01 X35.6179Y42.2265
G01 X35.6005Y42.2287
G01 X35.6129Y42.1788
G01 X35.6162Y42.1613
G01 X35.6320Y42.0545
G01 X35.6344Y42.0301
G01 X35.6397Y41.9223
G01 X35.6397Y41.8977
G01 X35.6335Y41.7773
G01 X35.6162Y41.6587
G01 X35.6114Y41.6347
G01 X35.5821Y41.5189
G01 X35.5417Y41.4048
G01 X35.5347Y41.3875
G01 X35.4837Y41.2797
G01 X35.4745Y41.2629
G01 X35.4126Y41.1602
G01 X35.3411Y41.0632
G01 X35.3256Y41.0443
G01 X35.2446Y40.9554
G01 X35.1505Y40.8699
G01 X35.1368Y40.8589
G01 X35.0398Y40.7874
G01 X34.9371Y40.7255
G01 X34.9154Y40.7139
G01 X34.8178Y40.6677
G01 X34.7952Y40.6583
G01 X34.6811Y40.6179
G01 X34.5588Y40.5871
G01 X34.5413Y40.5838
G01 X34.4227Y40.5665
G01 X34.2900Y40.5600
G01 X34.1573Y40.5665
G01 X34.0387Y40.5838
G01 X34.0212Y40.5871
G01 X33.8989Y40.6179
G01 X33.7848Y40.6583
G01 X33.7622Y40.6677
G01 X33.6646Y40.7139
G01 X33.6429Y40.7255
G01 X33.5402Y40.7874
G01 X33.4432Y40.8589
G01 X33.4243Y40.8745
G01 X33.3354Y40.9554
G01 X33.2499Y41.0495
G01 X33.2389Y41.0632
G01 X33.1674Y41.1602
G01 X33.1000Y41.2729
G01 X33.1000Y36.1971
G01 X33.1610Y36.2997
G01 X33.1746Y36.3201
G01 X33.2389Y36.4068
G01 X33.2499Y36.4205
G01 X33.3354Y36.5146
G01 X33.4295Y36.6001
G01 X33.4432Y36.6111
G01 X33.5402Y36.6826
G01 X33.6429Y36.7445
G01 X33.6597Y36.7537
G01 X33.7560Y36.7993
G01 X35.8300Y38.8734
G01 X35.8300Y42.2681
G00 X35.8300Y42.2681
G01 Z-0.2000
G01 X35.8044Y42.2557
G01 X35.7755Y42.2446
G01 X35.7631Y42.2405
G01 X35.7401Y42.2345
G01 X35.7161Y42.2297
G01 X35.6921Y42.2265
G01 X35.6550Y42.2246
G01 X35.6179Y42.2265
G01 X35.6005Y42.2287
G01 X35.6129Y42.1788
G01 X35.6162Y42.1613
G01 X35.6320Y42.0545
G01 X35.6344Y42.0301
G01 X35.6397Y41.9223
G01 X35.6397Y41.8977
G01 X35.6335Y41.7773
G01 X35.6162Y41.6587
G01 X35.6114Y41.6347
G01 X35.5821Y41.5189
G01 X35.5417Y41.4048
G01 X35.5347Y41.3875
G01 X35.4837Y41.2797
G01 X35.4745Y41.2629
G01 X35.4126Y41.1602
G01 X35.3411Y41.0632
G01 X35.3256Y41.0443
G01 X35.2446Y40.9554
G01 X35.1505Y40.8699
G01 X35.1368Y40.8589
G01 X35.0398Y40.7874
G01 X34.9371Y40.7255
G01 X34.9154Y40.7139
G01 X34.8178Y40.6677
G01 X34.7952Y40.6583
G01 X34.6811Y40.6179
G01 X34.5588Y40.5871
G01 X34.5413Y40.5838
G01 X34.4227Y40.5665
G01 X34.2900Y40.5600
G01 X34.1573Y40.5665
G01 X34.0387Y40.5838
G01 X34.0212Y40.5871
G01 X33.8989Y40.6179
G01 X33.7848Y40.6583
G01 X33.7622Y40.6677
G01 X33.6646Y40.7139
G01 X33.6429Y40.7255
G01 X33.5402Y40.7874
G01 X33.4432Y40.8589
G01 X33.4243Y40.8745
G01 X33.3354Y40.9554
G01 X33.2499Y41.0495
G01 X33.2389Y41.0632
G01 X33.1674Y41.1602
G01 X33.1000Y41.2729
G01 X33.1000Y36.1971
G01 X33.1610Y36.2997
G01 X33.1746Y36.3201
G01 X33.2389Y36.4068
G01 X33.2499Y36.4205
G01 X33.3354Y36.5146
G01 X33.4295Y36.6001
G01 X33.4432Y36.6111
G01 X33.5402Y36.6826
G01 X33.6429Y36.7445
G01 X33.6597Y36.7537
G01 X33.7560Y36.7993
G01 X35.8300Y38.8734
G01 X35.8300Y42.2681
G00 Z3.0000
G00 X37.8740Y52.3400
G01 Z-0.1000
G01 X37.8300Y52.3400
G01 X37.8300Y52.2960
G01 X37.8511Y52.3189
G01 X37.8740Y52.3400
G00 X37.8740Y52.3400
G01 Z-0.2000
G01 X37.8300Y52.3400
G01 X37.8300Y52.2960
G01 X37.8511Y52.3189
G01 X37.8740Y52.3400
G00 Z3.0000
G00 X39.6191Y52.3187
G01 Z-0.1000
G01 X39.6296Y52.3400
G01 X39.5960Y52.3400
G01 X39.6100Y52.3273
G01 X39.6191Y52.3187
G00 X39.6191Y52.3187
G01 Z-0.2000
G01 X39.6296Y52.3400
G01 X39.5960Y52.3400
G01 X39.6100Y52.3273
G01 X39.6191Y52.3187
G00 Z3.0000
G00 X39.6372Y61.9625
G01 Z-0.1000
G01 X39.6458Y61.9844
G01 X39.6582Y62.0100
G01 X39.5831Y62.0100
G01 X39.5955Y62.0001
G01 X39.6372Y61.9625
G00 X39.6372Y61.9625
G01 Z-0.2000
G01 X39.6458Y61.9844
G01 X39.6582Y62.0100
G01 X39.5831Y62.0100
G01 X39.5955Y62.0001
G01 X39.6372Y61.9625
G00 Z3.0000
G00 X33.8139Y62.2220
G01 Z-0.1000
G01 X33.8361Y62.2300
G01 X33.8141Y62.2379
G01 X33.8139Y62.2220
G00 X33.8139Y62.2220
G01 Z-0.2000
G01 X33.8361Y62.2300
G01 X33.8141Y62.2379
G01 X33.8139Y62.2220
G00 Z3.0000
G00 X27.1459Y54.6021
G01 Z-0.1000
G01 X27.1461Y54.6180
G01 X27.1239Y54.6100
G01 X27.1459Y54.6021
G00 X27.1459Y54.6021
G01 Z-0.2000
G01 X27.1461Y54.6180
G01 X27.1239Y54.6100
G01 X27.1459Y54.6021
G00 Z3.0000
G00 X23.5802Y57.2300
G01 Z-0.1000
G01 X23.5778Y57.2343
G01 X23.5739Y57.2300
G01 X23.5802Y57.2300
G00 X23.5802Y57.2300
G01 Z-0.2000
G01 X23.5778Y57.2343
G01 X23.5739Y57.2300
G01 X23.5802Y57.2300
G00 Z3.0000
G00 X21.2687Y55.9485
G01 Z-0.1000
G01 X21.2962Y55.9316
G01 X21.3065Y55.9244
G01 X21.3656Y55.8806
G01 X21.3793Y55.8696
G01 X21.4480Y55.8071
G01 X21.5178Y55.7373
G01 X21.5156Y55.7599
G01 X21.5100Y55.8800
G01 X21.5156Y56.0001
G01 X21.5180Y56.0245
G01 X21.5338Y56.1313
G01 X21.5371Y56.1488
G01 X21.5463Y56.1861
G01 X21.4531Y56.0929
G01 X21.3845Y56.0304
G01 X21.3707Y56.0194
G01 X21.3116Y55.9756
G01 X21.2912Y55.9620
G01 X21.2687Y55.9485
G00 X21.2687Y55.9485
G01 Z-0.2000
G01 X21.2962Y55.9316
G01 X21.3065Y55.9244
G01 X21.3656Y55.8806
G01 X21.3793Y55.8696
G01 X21.4480Y55.8071
G01 X21.5178Y55.7373
G01 X21.5156Y55.7599
G01 X21.5100Y55.8800
G01 X21.5156Y56.0001
G01 X21.5180Y56.0245
G01 X21.5338Y56.1313
G01 X21.5371Y56.1488
G01 X21.5463Y56.1861
G01 X21.4531Y56.0929
G01 X21.3845Y56.0304
G01 X21.3707Y56.0194
G01 X21.3116Y55.9756
G01 X21.2912Y55.9620
G01 X21.2687Y55.9485
G00 Z3.0000
G00 X6.8039Y49.5300
G01 Z-0.1000
G01 X6.8194Y49.5245
G01 X6.8194Y49.5355
G01 X6.8039Y49.5300
G00 X6.8039Y49.5300
G01 Z-0.2000
G01 X6.8194Y49.5245
G01 X6.8194Y49.5355
G01 X6.8039Y49.5300
G00 Z3.0000
G00 X5.8806Y49.5355
G01 Z-0.1000
G01 X5.8806Y49.5245
G01 X5.8961Y49.5300
G01 X5.8806Y49.5355
G00 X5.8806Y49.5355
G01 Z-0.2000
G01 X5.8806Y49.5245
G01 X5.8961Y49.5300
G01 X5.8806Y49.5355
G00 Z3.0000
G00 X5.8806Y46.9845
G01 Z-0.1000
G01 X5.8961Y46.9900
G01 X5.8806Y46.9955
G01 X5.8806Y46.9845
G00 X5.8806Y46.9845
G01 Z-0.2000
G01 X5.8961Y46.9900
G01 X5.8806Y46.9955
G01 X5.8806Y46.9845
G00 Z3.0000
G00 X4.0600Y64.7946
G01 Z-0.1000
G01 X4.0504Y64.8429
G01 X4.0315Y64.8884
G01 X4.0042Y64.9294
G01 X3.9694Y64.9642
G01 X3.9284Y64.9915
G01 X3.8829Y65.0104
G01 X3.8346Y65.0200
G01 X3.7854Y65.0200
G01 X3.7371Y65.0104
G01 X3.6916Y64.9915
G01 X3.6506Y64.9642
G01 X3.6158Y64.9294
G01 X3.5885Y64.8884
G01 X3.5696Y64.8429
G01 X3.5600Y64.7946
G01 X3.5600Y64.7454
G01 X3.5696Y64.6971
G01 X3.5885Y64.6516
G01 X3.6158Y64.6106
G01 X3.6506Y64.5758
G01 X3.6916Y64.5485
G01 X3.7371Y64.5296
G01 X3.7854Y64.5200
G01 X3.8346Y64.5200
G01 X3.8829Y64.5296
G01 X3.9284Y64.5485
G01 X3.9694Y64.5758
G01 X4.0042Y64.6106
G01 X4.0315Y64.6516
G01 X4.0504Y64.6971
G01 X4.0600Y64.7454
G01 X4.0600Y64.7946
G00 X4.0600Y64.7946
G01 Z-0.2000
G01 X4.0504Y64.8429
G01 X4.0315Y64.8884
G01 X4.0042Y64.9294
G01 X3.9694Y64.9642
G01 X3.9284Y64.9915
G01 X3.8829Y65.0104
G01 X3.8346Y65.0200
G01 X3.7854Y65.0200
G01 X3.7371Y65.0104
G01 X3.6916Y64.9915
G01 X3.6506Y64.9642
G01 X3.6158Y64.9294
G01 X3.5885Y64.8884
G01 X3.5696Y64.8429
G01 X3.5600Y64.7946
G01 X3.5600Y64.7454
G01 X3.5696Y64.6971
G01 X3.5885Y64.6516
G01 X3.6158Y64.6106
G01 X3.6506Y64.5758
G01 X3.6916Y64.5485
G01 X3.7371Y64.5296
G01 X3.7854Y64.5200
G01 X3.8346Y64.5200
G01 X3.8829Y64.5296
G01 X3.9284Y64.5485
G01 X3.9694Y64.5758
G01 X4.0042Y64.6106
G01 X4.0315Y64.6516
G01 X4.0504Y64.6971
G01 X4.0600Y64.7454
G01 X4.0600Y64.7946
G00 Z3.0000
G00 X4.4600Y64.8340
G01 Z-0.1000
G01 X4.4350Y64.9596
G01 X4.3860Y65.0779
G01 X4.3149Y65.1844
G01 X4.2244Y65.2749
G01 X4.1179Y65.3460
G01 X3.9996Y65.3950
G01 X3.8740Y65.4200
G01 X3.7460Y65.4200
G01 X3.6204Y65.3950
G01 X3.5021Y65.3460
G01 X3.3956Y65.2749
G01 X3.3051Y65.1844
G01 X3.2340Y65.0779
G01 X3.1850Y64.9596
G01 X3.1600Y64.8340
G01 X3.1600Y64.7060
G01 X3.1850Y64.5804
G01 X3.2340Y64.4621
G01 X3.3051Y64.3556
G01 X3.3956Y64.2651
G01 X3.5021Y64.1940
G01 X3.6204Y64.1450
G01 X3.7460Y64.1200
G01 X3.8740Y64.1200
G01 X3.9996Y64.1450
G01 X4.1179Y64.1940
G01 X4.2244Y64.2651
G01 X4.3149Y64.3556
G01 X4.3860Y64.4621
G01 X4.4350Y64.5804
G01 X4.4600Y64.7060
G01 X4.4600Y64.8340
G00 X4.4600Y64.8340
G01 Z-0.2000
G01 X4.4350Y64.9596
G01 X4.3860Y65.0779
G01 X4.3149Y65.1844
G01 X4.2244Y65.2749
G01 X4.1179Y65.3460
G01 X3.9996Y65.3950
G01 X3.8740Y65.4200
G01 X3.7460Y65.4200
G01 X3.6204Y65.3950
G01 X3.5021Y65.3460
G01 X3.3956Y65.2749
G01 X3.3051Y65.1844
G01 X3.2340Y65.0779
G01 X3.1850Y64.9596
G01 X3.1600Y64.8340
G01 X3.1600Y64.7060
G01 X3.1850Y64.5804
G01 X3.2340Y64.4621
G01 X3.3051Y64.3556
G01 X3.3956Y64.2651
G01 X3.5021Y64.1940
G01 X3.6204Y64.1450
G01 X3.7460Y64.1200
G01 X3.8740Y64.1200
G01 X3.9996Y64.1450
G01 X4.1179Y64.1940
G01 X4.2244Y64.2651
G01 X4.3149Y64.3556
G01 X4.3860Y64.4621
G01 X4.4350Y64.5804
G01 X4.4600Y64.7060
G01 X4.4600Y64.8340
G00 Z3.0000
G00 X4.8600Y64.8734
G01 Z-0.1000
G01 X4.8196Y65.0763
G01 X4.7405Y65.2674
G01 X4.6256Y65.4393
G01 X4.4793Y65.5856
G01 X4.3074Y65.7005
G01 X4.1163Y65.7796
G01 X3.9134Y65.8200
G01 X3.7066Y65.8200
G01 X3.5037Y65.7796
G01 X3.3126Y65.7005
G01 X3.1407Y65.5856
G01 X2.9944Y65.4393
G01 X2.8795Y65.2674
G01 X2.8004Y65.0763
G01 X2.7600Y64.8734
G01 X2.7600Y64.6666
G01 X2.8004Y64.4637
G01 X2.8795Y64.2726
G01 X2.9944Y64.1007
G01 X3.1407Y63.9544
G01 X3.3126Y63.8395
G01 X3.5037Y63.7604
G01 X3.7066Y63.7200
G01 X3.9134Y63.7200
G01 X4.1163Y63.7604
G01 X4.3074Y63.8395
G01 X4.4793Y63.9544
G01 X4.6256Y64.1007
G01 X4.7405Y64.2726
G01 X4.8196Y64.4637
G01 X4.8600Y64.6666
G01 X4.8600Y64.8734
G00 X4.8600Y64.8734
G01 Z-0.2000
G01 X4.8196Y65.0763
G01 X4.7405Y65.2674
G01 X4.6256Y65.4393
G01 X4.4793Y65.5856
G01 X4.3074Y65.7005
G01 X4.1163Y65.7796
G01 X3.9134Y65.8200
G01 X3.7066Y65.8200
G01 X3.5037Y65.7796
G01 X3.3126Y65.7005
G01 X3.1407Y65.5856
G01 X2.9944Y65.4393
G01 X2.8795Y65.2674
G01 X2.8004Y65.0763
G01 X2.7600Y64.8734
G01 X2.7600Y64.6666
G01 X2.8004Y64.4637
G01 X2.8795Y64.2726
G01 X2.9944Y64.1007
G01 X3.1407Y63.9544
G01 X3.3126Y63.8395
G01 X3.5037Y63.7604
G01 X3.7066Y63.7200
G01 X3.9134Y63.7200
G01 X4.1163Y63.7604
G01 X4.3074Y63.8395
G01 X4.4793Y63.9544
G01 X4.6256Y64.1007
G01 X4.7405Y64.2726
G01 X4.8196Y64.4637
G01 X4.8600Y64.6666
G01 X4.8600Y64.8734
G00 Z3.0000
G00 X42.5471Y33.1000
G01 Z-0.1000
G01 X43.8129Y33.1000
G01 X43.7002Y33.1674
G01 X43.6032Y33.2389
G01 X43.5895Y33.2499
G01 X43.4954Y33.3354
G01 X43.4099Y33.4295
G01 X43.3989Y33.4432
G01 X43.3274Y33.5402
G01 X43.2655Y33.6429
G01 X43.2539Y33.6646
G01 X43.2053Y33.7675
G01 X43.1983Y33.7848
G01 X43.1800Y33.8361
G01 X43.1617Y33.7848
G01 X43.1547Y33.7675
G01 X43.1061Y33.6646
G01 X43.0945Y33.6429
G01 X43.0326Y33.5402
G01 X42.9611Y33.4432
G01 X42.9501Y33.4295
G01 X42.8646Y33.3354
G01 X42.7705Y33.2499
G01 X42.7568Y33.2389
G01 X42.6598Y33.1674
G01 X42.5471Y33.1000
G00 X42.5471Y33.1000
G01 Z-0.2000
G01 X43.8129Y33.1000
G01 X43.7002Y33.1674
G01 X43.6032Y33.2389
G01 X43.5895Y33.2499
G01 X43.4954Y33.3354
G01 X43.4099Y33.4295
G01 X43.3989Y33.4432
G01 X43.3274Y33.5402
G01 X43.2655Y33.6429
G01 X43.2539Y33.6646
G01 X43.2053Y33.7675
G01 X43.1983Y33.7848
G01 X43.1800Y33.8361
G01 X43.1617Y33.7848
G01 X43.1547Y33.7675
G01 X43.1061Y33.6646
G01 X43.0945Y33.6429
G01 X43.0326Y33.5402
G01 X42.9611Y33.4432
G01 X42.9501Y33.4295
G01 X42.8646Y33.3354
G01 X42.7705Y33.2499
G01 X42.7568Y33.2389
G01 X42.6598Y33.1674
G01 X42.5471Y33.1000
G00 Z3.0000
G00 X45.0871Y33.1000
G01 Z-0.1000
G01 X46.3529Y33.1000
G01 X46.2402Y33.1674
G01 X46.1432Y33.2389
G01 X46.1295Y33.2499
G01 X46.0354Y33.3354
G01 X45.9499Y33.4295
G01 X45.9389Y33.4432
G01 X45.8674Y33.5402
G01 X45.8055Y33.6429
G01 X45.7939Y33.6646
G01 X45.7453Y33.7675
G01 X45.7383Y33.7848
G01 X45.7200Y33.8361
G01 X45.7017Y33.7848
G01 X45.6947Y33.7675
G01 X45.6461Y33.6646
G01 X45.6345Y33.6429
G01 X45.5726Y33.5402
G01 X45.5011Y33.4432
G01 X45.4901Y33.4295
G01 X45.4046Y33.3354
G01 X45.3105Y33.2499
G01 X45.2968Y33.2389
G01 X45.1998Y33.1674
G01 X45.0871Y33.1000
G00 X45.0871Y33.1000
G01 Z-0.2000
G01 X46.3529Y33.1000
G01 X46.2402Y33.1674
G01 X46.1432Y33.2389
G01 X46.1295Y33.2499
G01 X46.0354Y33.3354
G01 X45.9499Y33.4295
G01 X45.9389Y33.4432
G01 X45.8674Y33.5402
G01 X45.8055Y33.6429
G01 X45.7939Y33.6646
G01 X45.7453Y33.7675
G01 X45.7383Y33.7848
G01 X45.7200Y33.8361
G01 X45.7017Y33.7848
G01 X45.6947Y33.7675
G01 X45.6461Y33.6646
G01 X45.6345Y33.6429
G01 X45.5726Y33.5402
G01 X45.5011Y33.4432
G01 X45.4901Y33.4295
G01 X45.4046Y33.3354
G01 X45.3105Y33.2499
G01 X45.2968Y33.2389
G01 X45.1998Y33.1674
G01 X45.0871Y33.1000
G00 Z3.0000
G00 X37.1488Y26.7105
G01 Z-0.1000
G01 X37.1465Y26.7279
G01 X37.1446Y26.7650
G01 X37.1465Y26.8021
G01 X37.1497Y26.8261
G01 X37.1545Y26.8501
G01 X37.1605Y26.8731
G01 X37.1646Y26.8855
G01 X37.1757Y26.9144
G01 X37.1881Y26.9400
G01 X36.7042Y26.9400
G01 X36.8972Y26.7470
G01 X36.9501Y26.7444
G01 X36.9745Y26.7420
G01 X37.0813Y26.7262
G01 X37.0988Y26.7229
G01 X37.1488Y26.7105
G00 X37.1488Y26.7105
G01 Z-0.2000
G01 X37.1465Y26.7279
G01 X37.1446Y26.7650
G01 X37.1465Y26.8021
G01 X37.1497Y26.8261
G01 X37.1545Y26.8501
G01 X37.1605Y26.8731
G01 X37.1646Y26.8855
G01 X37.1757Y26.9144
G01 X37.1881Y26.9400
G01 X36.7042Y26.9400
G01 X36.8972Y26.7470
G01 X36.9501Y26.7444
G01 X36.9745Y26.7420
G01 X37.0813Y26.7262
G01 X37.0988Y26.7229
G01 X37.1488Y26.7105
G00 Z3.0000
G00 X37.2994Y24.1245
G01 Z-0.1000
G01 X37.2994Y24.1355
G01 X37.2839Y24.1300
G01 X37.2994Y24.1245
G00 X37.2994Y24.1245
G01 Z-0.2000
G01 X37.2994Y24.1355
G01 X37.2839Y24.1300
G01 X37.2994Y24.1245
G00 Z3.0000
G00 X13.9700Y5.8961
G01 Z-0.1000
G01 X13.9645Y5.8806
G01 X13.9755Y5.8806
G01 X13.9700Y5.8961
G00 X13.9700Y5.8961
G01 Z-0.2000
G01 X13.9645Y5.8806
G01 X13.9755Y5.8806
G01 X13.9700Y5.8961
G00 Z3.0000
G00 X62.4800Y64.7946
G01 Z-0.1000
G01 X62.4704Y64.8429
G01 X62.4515Y64.8884
G01 X62.4242Y64.9294
G01 X62.3894Y64.9642
G01 X62.3484Y64.9915
G01 X62.3029Y65.0104
G01 X62.2546Y65.0200
G01 X62.2054Y65.0200
G01 X62.1571Y65.0104
G01 X62.1116Y64.9915
G01 X62.0706Y64.9642
G01 X62.0358Y64.9294
G01 X62.0085Y64.8884
G01 X61.9896Y64.8429
G01 X61.9800Y64.7946
G01 X61.9800Y64.7454
G01 X61.9896Y64.6971
G01 X62.0085Y64.6516
G01 X62.0358Y64.6106
G01 X62.0706Y64.5758
G01 X62.1116Y64.5485
G01 X62.1571Y64.5296
G01 X62.2054Y64.5200
G01 X62.2546Y64.5200
G01 X62.3029Y64.5296
G01 X62.3484Y64.5485
G01 X62.3894Y64.5758
G01 X62.4242Y64.6106
G01 X62.4515Y64.6516
G01 X62.4704Y64.6971
G01 X62.4800Y64.7454
G01 X62.4800Y64.7946
G00 X62.4800Y64.7946
G01 Z-0.2000
G01 X62.4704Y64.8429
G01 X62.4515Y64.8884
G01 X62.4242Y64.9294
G01 X62.3894Y64.9642
G01 X62.3484Y64.9915
G01 X62.3029Y65.0104
G01 X62.2546Y65.0200
G01 X62.2054Y65.0200
G01 X62.1571Y65.0104
G01 X62.1116Y64.9915
G01 X62.0706Y64.9642
G01 X62.0358Y64.9294
G01 X62.0085Y64.8884
G01 X61.9896Y64.8429
G01 X61.9800Y64.7946
G01 X61.9800Y64.7454
G01 X61.9896Y64.6971
G01 X62.0085Y64.6516
G01 X62.0358Y64.6106
G01 X62.0706Y64.5758
G01 X62.1116Y64.5485
G01 X62.1571Y64.5296
G01 X62.2054Y64.5200
G01 X62.2546Y64.5200
G01 X62.3029Y64.5296
G01 X62.3484Y64.5485
G01 X62.3894Y64.5758
G01 X62.4242Y64.6106
G01 X62.4515Y64.6516
G01 X62.4704Y64.6971
G01 X62.4800Y64.7454
G01 X62.4800Y64.7946
G00 Z3.0000
G00 X62.8800Y64.8340
G01 Z-0.1000
G01 X62.8550Y64.9596
G01 X62.8060Y65.0779
G01 X62.7349Y65.1844
G01 X62.6444Y65.2749
G01 X62.5379Y65.3460
G01 X62.4196Y65.3950
G01 X62.2940Y65.4200
G01 X62.1660Y65.4200
G01 X62.0404Y65.3950
G01 X61.9221Y65.3460
G01 X61.8156Y65.2749
G01 X61.7251Y65.1844
G01 X61.6540Y65.0779
G01 X61.6050Y64.9596
G01 X61.5800Y64.8340
G01 X61.5800Y64.7060
G01 X61.6050Y64.5804
G01 X61.6540Y64.4621
G01 X61.7251Y64.3556
G01 X61.8156Y64.2651
G01 X61.9221Y64.1940
G01 X62.0404Y64.1450
G01 X62.1660Y64.1200
G01 X62.2940Y64.1200
G01 X62.4196Y64.1450
G01 X62.5379Y64.1940
G01 X62.6444Y64.2651
G01 X62.7349Y64.3556
G01 X62.8060Y64.4621
G01 X62.8550Y64.5804
G01 X62.8800Y64.7060
G01 X62.8800Y64.8340
G00 X62.8800Y64.8340
G01 Z-0.2000
G01 X62.8550Y64.9596
G01 X62.8060Y65.0779
G01 X62.7349Y65.1844
G01 X62.6444Y65.2749
G01 X62.5379Y65.3460
G01 X62.4196Y65.3950
G01 X62.2940Y65.4200
G01 X62.1660Y65.4200
G01 X62.0404Y65.3950
G01 X61.9221Y65.3460
G01 X61.8156Y65.2749
G01 X61.7251Y65.1844
G01 X61.6540Y65.0779
G01 X61.6050Y64.9596
G01 X61.5800Y64.8340
G01 X61.5800Y64.7060
G01 X61.6050Y64.5804
G01 X61.6540Y64.4621
G01 X61.7251Y64.3556
G01 X61.8156Y64.2651
G01 X61.9221Y64.1940
G01 X62.0404Y64.1450
G01 X62.1660Y64.1200
G01 X62.2940Y64.1200
G01 X62.4196Y64.1450
G01 X62.5379Y64.1940
G01 X62.6444Y64.2651
G01 X62.7349Y64.3556
G01 X62.8060Y64.4621
G01 X62.8550Y64.5804
G01 X62.8800Y64.7060
G01 X62.8800Y64.8340
G00 Z3.0000
G00 X63.2800Y64.8734
G01 Z-0.1000
G01 X63.2396Y65.0763
G01 X63.1605Y65.2674
G01 X63.0456Y65.4393
G01 X62.8993Y65.5856
G01 X62.7274Y65.7005
G01 X62.5363Y65.7796
G01 X62.3334Y65.8200
G01 X62.1266Y65.8200
G01 X61.9237Y65.7796
G01 X61.7326Y65.7005
G01 X61.5607Y65.5856
G01 X61.4144Y65.4393
G01 X61.2995Y65.2674
G01 X61.2204Y65.0763
G01 X61.1800Y64.8734
G01 X61.1800Y64.6666
G01 X61.2204Y64.4637
G01 X61.2995Y64.2726
G01 X61.4144Y64.1007
G01 X61.5607Y63.9544
G01 X61.7326Y63.8395
G01 X61.9237Y63.7604
G01 X62.1266Y63.7200
G01 X62.3334Y63.7200
G01 X62.5363Y63.7604
G01 X62.7274Y63.8395
G01 X62.8993Y63.9544
G01 X63.0456Y64.1007
G01 X63.1605Y64.2726
G01 X63.2396Y64.4637
G01 X63.2800Y64.6666
G01 X63.2800Y64.8734
G00 X63.2800Y64.8734
G01 Z-0.2000
G01 X63.2396Y65.0763
G01 X63.1605Y65.2674
G01 X63.0456Y65.4393
G01 X62.8993Y65.5856
G01 X62.7274Y65.7005
G01 X62.5363Y65.7796
G01 X62.3334Y65.8200
G01 X62.1266Y65.8200
G01 X61.9237Y65.7796
G01 X61.7326Y65.7005
G01 X61.5607Y65.5856
G01 X61.4144Y65.4393
G01 X61.2995Y65.2674
G01 X61.2204Y65.0763
G01 X61.1800Y64.8734
G01 X61.1800Y64.6666
G01 X61.2204Y64.4637
G01 X61.2995Y64.2726
G01 X61.4144Y64.1007
G01 X61.5607Y63.9544
G01 X61.7326Y63.8395
G01 X61.9237Y63.7604
G01 X62.1266Y63.7200
G01 X62.3334Y63.7200
G01 X62.5363Y63.7604
G01 X62.7274Y63.8395
G01 X62.8993Y63.9544
G01 X63.0456Y64.1007
G01 X63.1605Y64.2726
G01 X63.2396Y64.4637
G01 X63.2800Y64.6666
G01 X63.2800Y64.8734
G00 Z3.0000
G00 Z3.0000
G00 X0Y0
M05
G0 Z20
G0 X0 Y100