G0 Z20
G21
G90
G94
F350.00
G00 Z20.0000
M04 S35
G4 P1
G00 X0.2600Y0.2600
G01 Z20.0000
G01 X0.2600Y68.3200
G01 X65.7800Y68.3200
G01 X65.7800Y0.2600
G01 X0.2600Y0.2600
G01 X0.2600Y0.6642
G01 X1.4949Y0.3548
G01 X2.1342Y0.2600
G01 X0.2600Y1.0760
G01 X1.5729Y0.7471
G01 X4.8570Y0.2600
G01 X4.1063Y2.3908
G01 X5.0889Y2.2451
G01 X8.2450Y2.0900
G01 X11.4012Y2.2451
G01 X14.5269Y2.7087
G01 X17.5922Y3.4765
G01 X20.5674Y4.5411
G01 X23.4240Y5.8921
G01 X26.1344Y7.5167
G01 X28.6725Y9.3991
G01 X31.0139Y11.5212
G01 X33.1360Y13.8625
G01 X35.0184Y16.4006
G01 X35.0283Y16.4173
G00 Z20.0000
G00 X34.3979Y16.2348
G01 Z20.0000
G01 X32.8268Y14.1163
G01 X30.7310Y11.8040
G01 X28.4187Y9.7083
G01 X25.9122Y7.8493
G01 X23.2354Y6.2449
G01 X20.4144Y4.9106
G01 X17.4761Y3.8593
G01 X14.4489Y3.1010
G01 X11.3620Y2.6431
G01 X8.2450Y2.4900
G01 X5.1281Y2.6431
G01 X4.7429Y2.7003
G00 Z20.0000
G00 X5.0488Y3.0588
G01 Z20.0000
G01 X5.1673Y3.0412
G01 X8.2450Y2.8900
G01 X11.3228Y3.0412
G01 X14.3709Y3.4933
G01 X17.3600Y4.2421
G01 X20.2613Y5.2802
G01 X23.0469Y6.5977
G01 X25.6899Y8.1819
G01 X28.1650Y10.0175
G01 X30.4482Y12.0868
G01 X32.5176Y14.3701
G01 X33.9295Y16.2738
G00 Z20.0000
G00 X33.5424Y16.4226
G01 Z20.0000
G01 X32.2084Y14.6238
G01 X30.1653Y12.3697
G01 X27.9112Y10.3267
G01 X25.4677Y8.5144
G01 X22.8583Y6.9504
G01 X20.1082Y5.6497
G01 X18.7951Y5.1799
G00 Z20.0000
G00 X19.2102Y5.7528
G01 Z20.0000
G01 X19.9551Y6.0193
G01 X22.6698Y7.3032
G01 X25.2455Y8.8470
G01 X27.6575Y10.6359
G01 X29.8825Y12.6525
G01 X31.8992Y14.8776
G01 X33.2205Y16.6592
G01 X32.5876Y16.4765
G01 X31.5899Y15.1313
G01 X29.5997Y12.9354
G01 X27.4037Y10.9451
G01 X25.0233Y9.1796
G01 X22.4812Y7.6560
G01 X19.8021Y6.3888
G01 X19.3240Y6.2178
G00 Z20.0000
G00 X19.3033Y6.6347
G01 Z20.0000
G01 X19.6490Y6.7584
G01 X22.2927Y8.0087
G01 X24.8010Y9.5122
G01 X27.1500Y11.2543
G01 X27.3116Y11.4008
G00 Z20.0000
G00 X27.9001Y11.9342
G01 Z20.0000
G01 X29.3168Y13.2182
G01 X31.2807Y15.3851
G01 X31.9140Y16.2389
G00 Z20.0000
G00 X31.4342Y16.2627
G01 Z20.0000
G01 X30.9715Y15.6388
G01 X29.0340Y13.5011
G01 X28.1192Y12.6719
G00 Z20.0000
G00 X28.0487Y13.1473
G01 Z20.0000
G01 X28.7511Y13.7839
G01 X30.6623Y15.8926
G01 X31.0405Y16.4024
G00 Z20.0000
G00 X30.7122Y16.6305
G01 Z20.0000
G01 X30.3531Y16.1464
G01 X28.4683Y14.0667
G01 X27.8653Y13.5203
G00 Z20.0000
G00 X27.5962Y13.8155
G01 Z20.0000
G01 X28.1854Y14.3496
G01 X30.0439Y16.4001
G01 X30.1597Y16.5563
G00 Z20.0000
G00 X29.3569Y16.2370
G01 Z20.0000
G01 X28.0492Y14.7942
G00 Z20.0000
G00 X28.1036Y15.4491
G01 Z20.0000
G01 X28.8508Y16.2735
G00 Z20.0000
G00 X28.4522Y16.4287
G01 Z20.0000
G01 X27.9648Y15.8909
G00 Z20.0000
G00 X27.7305Y16.2273
G01 Z20.0000
G01 X28.1303Y16.6684
G00 Z20.0000
G00 X25.7977Y16.4990
G01 Z20.0000
G01 X24.1049Y14.9647
G01 X22.1343Y13.5033
G01 X20.0299Y12.2420
G01 X17.8121Y11.1930
G01 X15.5021Y10.3665
G01 X14.1437Y10.0262
G00 Z20.0000
G00 X14.1239Y10.4331
G01 Z20.0000
G01 X15.3860Y10.7493
G01 X17.6590Y11.5626
G01 X19.8414Y12.5947
G01 X21.9121Y13.8358
G01 X23.8511Y15.2739
G01 X25.4982Y16.7668
G00 Z20.0000
G00 X25.2762Y17.1048
G01 Z20.0000
G01 X23.5973Y15.5831
G01 X21.6898Y14.1684
G01 X19.6528Y12.9475
G01 X17.5060Y11.9321
G01 X15.2699Y11.1320
G01 X13.9941Y10.8125
G00 Z20.0000
G00 X13.7468Y11.1624
G01 Z20.0000
G01 X15.1538Y11.5148
G01 X17.3529Y12.3017
G01 X19.4643Y13.3003
G01 X21.4676Y14.5010
G01 X23.3436Y15.8924
G01 X25.0742Y17.4609
G01 X25.1408Y17.5344
G00 Z20.0000
G00 X25.1200Y18.1063
G01 Z20.0000
G01 X24.7913Y17.7437
G01 X23.0898Y16.2016
G01 X21.2454Y14.8336
G01 X19.2757Y13.6530
G01 X17.1998Y12.6712
G01 X15.0377Y11.8976
G01 X13.3229Y11.4681
G00 Z20.0000
G00 X11.6591Y11.1689
G01 Z20.0000
G01 X10.5386Y11.0027
G01 X8.2450Y10.8900
G01 X7.7020Y10.9167
G00 Z20.0000
G00 X7.8591Y10.5090
G01 Z20.0000
G01 X8.2450Y10.4900
G01 X10.5778Y10.6046
G01 X11.3630Y10.7211
G00 Z20.0000
G00 X11.2570Y10.3015
G01 Z20.0000
G01 X10.6170Y10.2065
G01 X8.2450Y10.0900
G01 X7.8979Y10.1071
G00 Z20.0000
G00 X7.8332Y9.7102
G01 Z20.0000
G01 X8.2450Y9.6900
G01 X10.6563Y9.8085
G01 X11.2739Y9.9001
G00 Z20.0000
G00 X11.2501Y10.1710
G01 Z20.0000
G01 X11.2505Y10.1379
G01 X11.2565Y10.0240
G01 X11.2597Y9.9960
G01 X11.2767Y9.8832
G01 X11.2827Y9.8556
G01 X11.3107Y9.7450
G01 X11.3194Y9.7181
G01 X11.3581Y9.6108
G01 X11.3693Y9.5849
G01 X11.4184Y9.4819
G01 X11.4321Y9.4573
G01 X11.4910Y9.3596
G01 X11.5071Y9.3364
G01 X11.5753Y9.2449
G01 X11.5936Y9.2234
G01 X11.6704Y9.1391
G01 X11.6907Y9.1195
G01 X11.7754Y9.0431
G01 X11.7975Y9.0255
G01 X11.8894Y8.9578
G01 X11.9131Y8.9426
G01 X12.0111Y8.8842
G01 X12.0362Y8.8713
G01 X12.1395Y8.8228
G01 X12.1657Y8.8124
G01 X12.2732Y8.7743
G01 X12.3004Y8.7665
G01 X12.4111Y8.7391
G01 X12.4389Y8.7341
G01 X12.5518Y8.7177
G01 X12.5799Y8.7154
G01 X12.6939Y8.7101
G01 X12.7221Y8.7105
G01 X12.8360Y8.7165
G01 X12.8640Y8.7197
G01 X12.9769Y8.7367
G01 X13.0044Y8.7427
G01 X13.1150Y8.7707
G01 X13.1419Y8.7794
G01 X13.2492Y8.8181
G01 X13.2751Y8.8293
G01 X13.3781Y8.8784
G01 X13.4027Y8.8921
G01 X13.5004Y8.9510
G01 X13.5236Y8.9671
G01 X13.6151Y9.0353
G01 X13.6366Y9.0536
G01 X13.7209Y9.1304
G01 X13.7405Y9.1507
G01 X13.8169Y9.2354
G01 X13.8345Y9.2575
G01 X13.9022Y9.3494
G01 X13.9174Y9.3731
G01 X13.9758Y9.4711
G01 X13.9887Y9.4962
G01 X14.0372Y9.5995
G01 X14.0476Y9.6257
G01 X14.0857Y9.7332
G01 X14.0935Y9.7604
G01 X14.1209Y9.8711
G01 X14.1259Y9.8989
G01 X14.1423Y10.0118
G01 X14.1446Y10.0399
G01 X14.1499Y10.1539
G01 X14.1495Y10.1821
G01 X14.1435Y10.2960
G01 X14.1403Y10.3240
G01 X14.1233Y10.4368
G01 X14.1173Y10.4644
G01 X14.0893Y10.5750
G01 X14.0806Y10.6019
G01 X14.0419Y10.7092
G01 X14.0307Y10.7351
G01 X13.9816Y10.8381
G01 X13.9679Y10.8627
G01 X13.9090Y10.9604
G01 X13.8929Y10.9836
G01 X13.8247Y11.0751
G01 X13.8064Y11.0966
G01 X13.7296Y11.1809
G01 X13.7093Y11.2005
G01 X13.6246Y11.2769
G01 X13.6025Y11.2945
G01 X13.5106Y11.3622
G01 X13.4869Y11.3774
G01 X13.3889Y11.4358
G01 X13.3638Y11.4487
G01 X13.2605Y11.4972
G01 X13.2343Y11.5076
G01 X13.1268Y11.5457
G01 X13.0996Y11.5535
G01 X12.9889Y11.5809
G01 X12.9611Y11.5859
G01 X12.8482Y11.6023
G01 X12.8201Y11.6046
G01 X12.7061Y11.6099
G01 X12.6779Y11.6095
G01 X12.5640Y11.6035
G01 X12.5360Y11.6003
G01 X12.4232Y11.5833
G01 X12.3956Y11.5773
G01 X12.2850Y11.5493
G01 X12.2581Y11.5406
G01 X12.1508Y11.5019
G01 X12.1249Y11.4907
G01 X12.0219Y11.4416
G01 X11.9973Y11.4279
G01 X11.8996Y11.3690
G01 X11.8764Y11.3529
G01 X11.7849Y11.2847
G01 X11.7634Y11.2664
G01 X11.6791Y11.1896
G01 X11.6595Y11.1693
G01 X11.5831Y11.0846
G01 X11.5655Y11.0625
G01 X11.4978Y10.9706
G01 X11.4826Y10.9469
G01 X11.4242Y10.8489
G01 X11.4113Y10.8238
G01 X11.3628Y10.7205
G01 X11.3524Y10.6943
G01 X11.3143Y10.5868
G01 X11.3065Y10.5596
G01 X11.2791Y10.4489
G01 X11.2741Y10.4211
G01 X11.2577Y10.3082
G01 X11.2554Y10.2801
G01 X11.2501Y10.1710
G00 Z20.0000
G00 X11.4023Y9.5152
G01 Z20.0000
G01 X10.6955Y9.4104
G01 X8.2450Y9.2900
G01 X7.6516Y9.3192
G00 Z20.0000
G00 X7.3000Y8.9364
G01 Z20.0000
G01 X8.2450Y8.8900
G01 X10.7347Y9.0123
G01 X11.6604Y9.1496
G00 Z20.0000
G00 X12.1501Y8.8184
G01 Z20.0000
G01 X10.7739Y8.6142
G01 X8.2450Y8.4900
G01 X5.7162Y8.6142
G01 X3.2117Y8.9857
G01 X0.7557Y9.6009
G01 X0.2600Y9.7783
G01 X0.2600Y9.3540
G01 X0.6396Y9.2182
G01 X3.1337Y8.5934
G01 X5.6770Y8.2162
G01 X8.2450Y8.0900
G01 X10.8131Y8.2162
G01 X13.3564Y8.5934
G01 X15.8505Y9.2182
G01 X18.2713Y10.0844
G01 X20.5956Y11.1837
G01 X22.7029Y12.4467
G00 Z20.0000
G00 X22.6801Y12.7110
G01 Z20.0000
G01 X22.6805Y12.6779
G01 X22.6865Y12.5640
G01 X22.6897Y12.5360
G01 X22.7041Y12.4389
G01 X22.7127Y12.3956
G01 X22.7381Y12.2944
G01 X22.7494Y12.2581
G01 X22.7824Y12.1657
G01 X22.7928Y12.1395
G01 X22.8413Y12.0362
G01 X22.8542Y12.0111
G01 X22.9126Y11.9131
G01 X22.9278Y11.8894
G01 X23.0053Y11.7849
G01 X23.0236Y11.7634
G01 X23.1004Y11.6791
G01 X23.1207Y11.6595
G01 X23.1934Y11.5936
G01 X23.2227Y11.5693
G01 X23.3064Y11.5071
G01 X23.3431Y11.4826
G01 X23.4273Y11.4321
G01 X23.4519Y11.4184
G01 X23.5549Y11.3693
G01 X23.5808Y11.3581
G01 X23.7032Y11.3143
G01 X23.7304Y11.3065
G01 X23.8315Y11.2813
G01 X23.8689Y11.2741
G01 X23.9660Y11.2597
G01 X24.0099Y11.2554
G01 X24.1079Y11.2505
G01 X24.1361Y11.2501
G01 X24.2501Y11.2554
G01 X24.2782Y11.2577
G01 X24.4069Y11.2767
G01 X24.4344Y11.2827
G01 X24.5296Y11.3065
G01 X24.5719Y11.3194
G01 X24.6700Y11.3546
G01 X24.7051Y11.3693
G01 X24.7938Y11.4113
G01 X24.8189Y11.4242
G01 X24.9169Y11.4826
G01 X24.9406Y11.4978
G01 X25.0451Y11.5753
G01 X25.0666Y11.5936
G01 X25.1393Y11.6595
G01 X25.1705Y11.6907
G01 X25.2364Y11.7634
G01 X25.2607Y11.7927
G01 X25.3322Y11.8894
G01 X25.3474Y11.9131
G01 X25.4000Y12.0009
G01 X25.4526Y11.9131
G01 X25.4678Y11.8894
G01 X25.5355Y11.7975
G01 X25.5636Y11.7634
G01 X25.6336Y11.6862
G01 X25.6607Y11.6595
G01 X25.7334Y11.5936
G01 X25.7549Y11.5753
G01 X25.8464Y11.5071
G01 X25.8831Y11.4826
G01 X25.9811Y11.4242
G01 X26.0062Y11.4113
G01 X26.1095Y11.3628
G01 X26.1357Y11.3524
G01 X26.2281Y11.3194
G01 X26.2550Y11.3107
G01 X26.3656Y11.2827
G01 X26.3932Y11.2767
G01 X26.5060Y11.2597
G01 X26.5340Y11.2565
G01 X26.6479Y11.2505
G01 X26.6761Y11.2501
G01 X26.7901Y11.2554
G01 X26.8182Y11.2577
G01 X26.9311Y11.2741
G01 X26.9744Y11.2827
G01 X27.0756Y11.3081
G01 X27.1119Y11.3194
G01 X27.2043Y11.3524
G01 X27.2305Y11.3628
G01 X27.3338Y11.4113
G01 X27.3727Y11.4321
G01 X27.4704Y11.4910
G01 X27.4936Y11.5071
G01 X27.5851Y11.5753
G01 X27.6066Y11.5936
G01 X27.6909Y11.6704
G01 X27.7105Y11.6907
G01 X27.7869Y11.7754
G01 X27.8045Y11.7975
G01 X27.8722Y11.8894
G01 X27.8874Y11.9131
G01 X27.9379Y11.9973
G01 X27.9516Y12.0219
G01 X28.0007Y12.1249
G01 X28.0119Y12.1508
G01 X28.0506Y12.2581
G01 X28.0593Y12.2850
G01 X28.0873Y12.3956
G01 X28.0933Y12.4232
G01 X28.1103Y12.5360
G01 X28.1143Y12.5738
G01 X28.1199Y12.6939
G01 X28.1195Y12.7221
G01 X28.1146Y12.8201
G01 X28.1103Y12.8640
G01 X28.0959Y12.9611
G01 X28.0909Y12.9889
G01 X28.0635Y13.0996
G01 X28.0506Y13.1419
G01 X28.0176Y13.2343
G01 X28.0072Y13.2605
G01 X27.9516Y13.3781
G01 X27.9379Y13.4027
G01 X27.8874Y13.4869
G01 X27.8629Y13.5236
G01 X27.8045Y13.6025
G01 X27.7869Y13.6246
G01 X27.6996Y13.7209
G01 X27.6793Y13.7405
G01 X27.6066Y13.8064
G01 X27.5725Y13.8345
G01 X27.4936Y13.8929
G01 X27.4704Y13.9090
G01 X27.3691Y13.9700
G01 X27.4569Y14.0226
G01 X27.4806Y14.0378
G01 X27.5725Y14.1055
G01 X27.6066Y14.1336
G01 X27.6838Y14.2036
G01 X27.7105Y14.2307
G01 X27.7869Y14.3154
G01 X27.8045Y14.3375
G01 X27.8629Y14.4164
G01 X27.8874Y14.4531
G01 X27.9458Y14.5511
G01 X27.9587Y14.5762
G01 X28.0072Y14.6795
G01 X28.0176Y14.7057
G01 X28.0506Y14.7981
G01 X28.0593Y14.8250
G01 X28.0873Y14.9356
G01 X28.0933Y14.9632
G01 X28.1123Y15.0918
G01 X28.1146Y15.1199
G01 X28.1195Y15.2179
G01 X28.1195Y15.2621
G01 X28.1146Y15.3601
G01 X28.1123Y15.3882
G01 X28.0933Y15.5168
G01 X28.0873Y15.5444
G01 X28.0635Y15.6396
G01 X28.0506Y15.6819
G01 X28.0176Y15.7743
G01 X28.0072Y15.8005
G01 X27.9516Y15.9181
G01 X27.9379Y15.9427
G01 X27.8874Y16.0269
G01 X27.8629Y16.0636
G01 X27.8045Y16.1425
G01 X27.7869Y16.1646
G01 X27.6996Y16.2609
G01 X27.6793Y16.2805
G01 X27.6066Y16.3464
G01 X27.5725Y16.3745
G01 X27.4936Y16.4329
G01 X27.4662Y16.4517
G01 X27.5125Y16.4794
G01 X27.5362Y16.4947
G01 X27.6408Y16.5720
G01 X27.6700Y16.5963
G01 X27.7545Y16.6729
G01 X27.7812Y16.7000
G01 X27.8642Y16.7920
G01 X27.8818Y16.8141
G01 X27.9400Y16.8926
G01 X27.9982Y16.8141
G01 X28.0158Y16.7920
G01 X28.0988Y16.7000
G01 X28.1255Y16.6729
G01 X28.2100Y16.5963
G01 X28.2441Y16.5682
G01 X28.3438Y16.4947
G01 X28.3675Y16.4794
G01 X28.4601Y16.4239
G01 X28.4848Y16.4102
G01 X28.5966Y16.3569
G01 X28.6374Y16.3400
G01 X28.7542Y16.2986
G01 X28.7813Y16.2909
G01 X28.8861Y16.2646
G01 X28.9294Y16.2560
G01 X29.0520Y16.2381
G01 X29.0801Y16.2358
G01 X29.1879Y16.2305
G01 X29.2161Y16.2301
G01 X29.3399Y16.2358
G01 X29.3680Y16.2381
G01 X29.4906Y16.2560
G01 X29.5339Y16.2646
G01 X29.6387Y16.2909
G01 X29.6658Y16.2986
G01 X29.7826Y16.3400
G01 X29.8234Y16.3569
G01 X29.9352Y16.4102
G01 X29.9599Y16.4239
G01 X30.0525Y16.4794
G01 X30.0762Y16.4947
G01 X30.1759Y16.5682
G01 X30.2100Y16.5963
G01 X30.2945Y16.6729
G01 X30.3212Y16.7000
G01 X30.4042Y16.7920
G01 X30.4218Y16.8141
G01 X30.4800Y16.8926
G01 X30.5382Y16.8141
G01 X30.5558Y16.7920
G01 X30.6388Y16.7000
G01 X30.6584Y16.6797
G01 X30.7500Y16.5963
G01 X30.7715Y16.5780
G01 X30.8708Y16.5039
G01 X30.8940Y16.4879
G01 X31.0001Y16.4239
G01 X31.0248Y16.4102
G01 X31.1366Y16.3569
G01 X31.1625Y16.3457
G01 X31.2791Y16.3037
G01 X31.3060Y16.2950
G01 X31.4261Y16.2646
G01 X31.4633Y16.2570
G01 X31.5920Y16.2381
G01 X31.6201Y16.2358
G01 X31.7279Y16.2305
G01 X31.7721Y16.2305
G01 X31.8799Y16.2358
G01 X31.9080Y16.2381
G01 X32.0464Y16.2587
G01 X32.0739Y16.2646
G01 X32.1787Y16.2909
G01 X32.2209Y16.3037
G01 X32.3375Y16.3457
G01 X32.3634Y16.3569
G01 X32.4609Y16.4031
G01 X32.4999Y16.4239
G01 X32.5925Y16.4794
G01 X32.6162Y16.4947
G01 X32.7285Y16.5780
G01 X32.7500Y16.5963
G01 X32.8300Y16.6688
G01 X32.8612Y16.7000
G01 X32.9442Y16.7920
G01 X32.9618Y16.8141
G01 X33.0200Y16.8926
G01 X33.0782Y16.8141
G01 X33.0958Y16.7920
G01 X33.1788Y16.7000
G01 X33.2100Y16.6688
G01 X33.2900Y16.5963
G01 X33.3115Y16.5780
G01 X33.4108Y16.5039
G01 X33.4475Y16.4794
G01 X33.5540Y16.4160
G01 X33.5791Y16.4031
G01 X33.6766Y16.3569
G01 X33.7174Y16.3400
G01 X33.8342Y16.2986
G01 X33.8613Y16.2909
G01 X33.9661Y16.2646
G01 X34.0094Y16.2560
G01 X34.1162Y16.2402
G01 X34.1442Y16.2369
G01 X34.2679Y16.2305
G01 X34.3121Y16.2305
G01 X34.4199Y16.2358
G01 X34.4480Y16.2381
G01 X34.5706Y16.2560
G01 X34.5984Y16.2611
G01 X34.7187Y16.2909
G01 X34.7458Y16.2986
G01 X34.8626Y16.3400
G01 X34.8888Y16.3504
G01 X35.0009Y16.4031
G01 X35.0399Y16.4239
G01 X35.1325Y16.4794
G01 X35.1562Y16.4947
G01 X35.2559Y16.5682
G01 X35.2900Y16.5963
G01 X35.3745Y16.6729
G01 X35.4012Y16.7000
G01 X35.4842Y16.7920
G01 X35.5018Y16.8141
G01 X35.5600Y16.8926
G01 X35.6182Y16.8141
G01 X35.6358Y16.7920
G01 X35.7188Y16.7000
G01 X35.7455Y16.6729
G01 X35.8300Y16.5963
G01 X35.8592Y16.5720
G01 X35.9638Y16.4947
G01 X35.9875Y16.4794
G01 X36.0338Y16.4517
G01 X36.0064Y16.4329
G01 X35.9149Y16.3647
G01 X35.8934Y16.3464
G01 X35.8207Y16.2805
G01 X35.7895Y16.2493
G01 X35.7195Y16.1720
G01 X35.6955Y16.1425
G01 X35.6371Y16.0636
G01 X35.6210Y16.0404
G01 X35.5621Y15.9427
G01 X35.5484Y15.9181
G01 X35.4993Y15.8151
G01 X35.4881Y15.7892
G01 X35.4494Y15.6819
G01 X35.4407Y15.6550
G01 X35.4127Y15.5444
G01 X35.4067Y15.5169
G01 X35.3877Y15.3882
G01 X35.3854Y15.3601
G01 X35.3801Y15.2449
G01 X35.3804Y15.2210
G01 X35.3854Y15.1199
G01 X35.3889Y15.0820
G01 X35.4041Y14.9789
G01 X35.4127Y14.9356
G01 X35.4365Y14.8404
G01 X35.4443Y14.8132
G01 X35.4824Y14.7057
G01 X35.4968Y14.6705
G01 X35.5484Y14.5619
G01 X35.5621Y14.5373
G01 X35.6126Y14.4531
G01 X35.6371Y14.4164
G01 X35.6955Y14.3375
G01 X35.7131Y14.3154
G01 X35.8004Y14.2191
G01 X35.8207Y14.1995
G01 X35.8934Y14.1336
G01 X35.9227Y14.1093
G01 X36.0064Y14.0471
G01 X36.0431Y14.0226
G01 X36.1273Y13.9721
G01 X36.1519Y13.9584
G01 X36.2695Y13.9028
G01 X36.2957Y13.8924
G01 X36.4032Y13.8543
G01 X36.4304Y13.8465
G01 X36.5256Y13.8227
G01 X36.5689Y13.8141
G01 X36.6660Y13.7997
G01 X36.7038Y13.7957
G01 X36.8079Y13.7905
G01 X36.8361Y13.7901
G01 X36.9562Y13.7957
G01 X36.9940Y13.7997
G01 X37.0911Y13.8141
G01 X37.1344Y13.8227
G01 X37.2296Y13.8465
G01 X37.2568Y13.8543
G01 X37.3792Y13.8981
G01 X37.4051Y13.9093
G01 X37.4938Y13.9513
G01 X37.5327Y13.9721
G01 X37.6169Y14.0226
G01 X37.6406Y14.0378
G01 X37.7325Y14.1055
G01 X37.7666Y14.1336
G01 X37.8509Y14.2104
G01 X37.8705Y14.2307
G01 X37.9364Y14.3034
G01 X37.9645Y14.3375
G01 X38.0229Y14.4164
G01 X38.0390Y14.4396
G01 X38.1010Y14.5426
G01 X38.1187Y14.5762
G01 X38.1607Y14.6649
G01 X38.1776Y14.7057
G01 X38.2106Y14.7981
G01 X38.2193Y14.8250
G01 X38.2473Y14.9356
G01 X38.2533Y14.9631
G01 X38.2723Y15.0918
G01 X38.2746Y15.1199
G01 X38.2795Y15.2179
G01 X38.2797Y15.2559
G01 X38.2746Y15.3601
G01 X38.2703Y15.4040
G01 X38.2559Y15.5011
G01 X38.2509Y15.5289
G01 X38.2235Y15.6396
G01 X38.2157Y15.6668
G01 X38.1776Y15.7743
G01 X38.1672Y15.8005
G01 X38.1116Y15.9181
G01 X38.0979Y15.9427
G01 X38.0390Y16.0404
G01 X38.0229Y16.0636
G01 X37.9645Y16.1425
G01 X37.9364Y16.1766
G01 X37.8664Y16.2538
G01 X37.8393Y16.2805
G01 X37.7666Y16.3464
G01 X37.7451Y16.3647
G01 X37.6536Y16.4329
G01 X37.6262Y16.4517
G01 X37.6725Y16.4794
G01 X37.6962Y16.4947
G01 X37.8008Y16.5720
G01 X37.8300Y16.5963
G01 X37.9145Y16.6729
G01 X37.9412Y16.7000
G01 X38.0242Y16.7920
G01 X38.0418Y16.8141
G01 X38.1000Y16.8926
G01 X38.1582Y16.8141
G01 X38.1758Y16.7920
G01 X38.2588Y16.7000
G01 X38.2855Y16.6729
G01 X38.3700Y16.5963
G01 X38.4041Y16.5682
G01 X38.5038Y16.4947
G01 X38.5275Y16.4794
G01 X38.6201Y16.4239
G01 X38.6448Y16.4102
G01 X38.7566Y16.3569
G01 X38.7825Y16.3457
G01 X38.8991Y16.3037
G01 X38.9413Y16.2909
G01 X39.0461Y16.2646
G01 X39.0736Y16.2587
G01 X39.1962Y16.2402
G01 X39.2340Y16.2362
G01 X39.3541Y16.2303
G01 X39.3921Y16.2305
G01 X39.4999Y16.2358
G01 X39.5280Y16.2381
G01 X39.6506Y16.2560
G01 X39.6939Y16.2646
G01 X39.7987Y16.2909
G01 X39.8258Y16.2986
G01 X39.9426Y16.3400
G01 X39.9834Y16.3569
G01 X40.0952Y16.4102
G01 X40.1199Y16.4239
G01 X40.2125Y16.4794
G01 X40.2362Y16.4947
G01 X40.3359Y16.5682
G01 X40.3700Y16.5963
G01 X40.4545Y16.6729
G01 X40.4812Y16.7000
G01 X40.5642Y16.7920
G01 X40.5818Y16.8141
G01 X40.6400Y16.8926
G01 X40.6982Y16.8141
G01 X40.7158Y16.7920
G01 X40.7988Y16.7000
G01 X40.8255Y16.6729
G01 X40.9100Y16.5963
G01 X40.9441Y16.5682
G01 X41.0438Y16.4947
G01 X41.0675Y16.4794
G01 X41.1601Y16.4239
G01 X41.1848Y16.4102
G01 X41.2966Y16.3569
G01 X41.3225Y16.3457
G01 X41.4391Y16.3037
G01 X41.4813Y16.2909
G01 X41.5861Y16.2646
G01 X41.6136Y16.2587
G01 X41.7362Y16.2402
G01 X41.7740Y16.2362
G01 X41.8941Y16.2303
G01 X41.9321Y16.2305
G01 X42.0399Y16.2358
G01 X42.0680Y16.2381
G01 X42.1906Y16.2560
G01 X42.2339Y16.2646
G01 X42.3387Y16.2909
G01 X42.3658Y16.2986
G01 X42.4826Y16.3400
G01 X42.5234Y16.3569
G01 X42.6352Y16.4102
G01 X42.6599Y16.4239
G01 X42.7525Y16.4794
G01 X42.7762Y16.4947
G01 X42.8759Y16.5682
G01 X42.9100Y16.5963
G01 X42.9945Y16.6729
G01 X43.0212Y16.7000
G01 X43.1042Y16.7920
G01 X43.1218Y16.8141
G01 X43.1800Y16.8926
G01 X43.2382Y16.8141
G01 X43.2558Y16.7920
G01 X43.3388Y16.7000
G01 X43.3655Y16.6729
G01 X43.4500Y16.5963
G01 X43.4841Y16.5682
G01 X43.5838Y16.4947
G01 X43.6075Y16.4794
G01 X43.7001Y16.4239
G01 X43.7248Y16.4102
G01 X43.8366Y16.3569
G01 X43.8625Y16.3457
G01 X43.9791Y16.3037
G01 X44.0213Y16.2909
G01 X44.1320Y16.2632
G01 X44.1694Y16.2560
G01 X44.2762Y16.2402
G01 X44.3042Y16.2369
G01 X44.4279Y16.2305
G01 X44.4721Y16.2305
G01 X44.5958Y16.2369
G01 X44.6238Y16.2402
G01 X44.7306Y16.2560
G01 X44.7739Y16.2646
G01 X44.8787Y16.2909
G01 X44.9058Y16.2986
G01 X45.0226Y16.3400
G01 X45.0634Y16.3569
G01 X45.1752Y16.4102
G01 X45.1999Y16.4239
G01 X45.2925Y16.4794
G01 X45.3162Y16.4947
G01 X45.4159Y16.5682
G01 X45.4500Y16.5963
G01 X45.5345Y16.6729
G01 X45.5612Y16.7000
G01 X45.6442Y16.7920
G01 X45.6618Y16.8141
G01 X45.7200Y16.8926
G01 X45.7782Y16.8141
G01 X45.7958Y16.7920
G01 X45.8788Y16.7000
G01 X45.9055Y16.6729
G01 X45.9900Y16.5963
G01 X46.0241Y16.5682
G01 X46.1238Y16.4947
G01 X46.1475Y16.4794
G01 X46.2401Y16.4239
G01 X46.2648Y16.4102
G01 X46.3766Y16.3569
G01 X46.4025Y16.3457
G01 X46.5191Y16.3037
G01 X46.5613Y16.2909
G01 X46.6720Y16.2632
G01 X46.7094Y16.2560
G01 X46.8162Y16.2402
G01 X46.8442Y16.2369
G01 X46.9679Y16.2305
G01 X47.0121Y16.2305
G01 X47.1358Y16.2369
G01 X47.1638Y16.2402
G01 X47.2706Y16.2560
G01 X47.3139Y16.2646
G01 X47.4187Y16.2909
G01 X47.4458Y16.2986
G01 X47.5626Y16.3400
G01 X47.6034Y16.3569
G01 X47.7152Y16.4102
G01 X47.7399Y16.4239
G01 X47.8325Y16.4794
G01 X47.8562Y16.4947
G01 X47.9559Y16.5682
G01 X47.9900Y16.5963
G01 X48.0745Y16.6729
G01 X48.1012Y16.7000
G01 X48.1842Y16.7920
G01 X48.2018Y16.8141
G01 X48.2600Y16.8926
G01 X48.3182Y16.8141
G01 X48.3358Y16.7920
G01 X48.4188Y16.7000
G01 X48.4455Y16.6729
G01 X48.5300Y16.5963
G01 X48.5641Y16.5682
G01 X48.6638Y16.4947
G01 X48.6875Y16.4794
G01 X48.7854Y16.4208
G01 X48.8191Y16.4031
G01 X48.9312Y16.3504
G01 X48.9574Y16.3400
G01 X49.0591Y16.3037
G01 X49.0860Y16.2950
G01 X49.2061Y16.2646
G01 X49.2336Y16.2587
G01 X49.3562Y16.2402
G01 X49.4001Y16.2358
G01 X49.5079Y16.2305
G01 X49.5361Y16.2301
G01 X49.6599Y16.2358
G01 X49.6978Y16.2393
G01 X49.8167Y16.2570
G01 X49.8539Y16.2646
G01 X49.9587Y16.2909
G01 X49.9858Y16.2986
G01 X50.1026Y16.3400
G01 X50.1434Y16.3569
G01 X50.2552Y16.4102
G01 X50.2799Y16.4239
G01 X50.3725Y16.4794
G01 X50.4092Y16.5039
G01 X50.5085Y16.5780
G01 X50.5300Y16.5963
G01 X50.6100Y16.6688
G01 X50.6412Y16.7000
G01 X50.7242Y16.7920
G01 X50.7418Y16.8141
G01 X50.8000Y16.8926
G01 X50.8582Y16.8141
G01 X50.8758Y16.7920
G01 X50.9588Y16.7000
G01 X50.9855Y16.6729
G01 X51.0700Y16.5963
G01 X51.1041Y16.5682
G01 X51.2038Y16.4947
G01 X51.2275Y16.4794
G01 X51.3254Y16.4208
G01 X51.3591Y16.4031
G01 X51.4712Y16.3504
G01 X51.4974Y16.3400
G01 X51.6142Y16.2986
G01 X51.6413Y16.2909
G01 X51.7461Y16.2646
G01 X51.7736Y16.2587
G01 X51.8962Y16.2402
G01 X51.9340Y16.2362
G01 X52.0639Y16.2301
G01 X52.0921Y16.2305
G01 X52.1999Y16.2358
G01 X52.2378Y16.2393
G01 X52.3567Y16.2570
G01 X52.3939Y16.2646
G01 X52.4987Y16.2909
G01 X52.5258Y16.2986
G01 X52.6426Y16.3400
G01 X52.6834Y16.3569
G01 X52.7809Y16.4031
G01 X52.8060Y16.4160
G01 X52.9125Y16.4794
G01 X52.9492Y16.5039
G01 X53.0485Y16.5780
G01 X53.0700Y16.5963
G01 X53.1500Y16.6688
G01 X53.1812Y16.7000
G01 X53.2642Y16.7920
G01 X53.2818Y16.8141
G01 X53.3400Y16.8926
G01 X53.3982Y16.8141
G01 X53.4158Y16.7920
G01 X53.4988Y16.7000
G01 X53.5255Y16.6729
G01 X53.6100Y16.5963
G01 X53.6441Y16.5682
G01 X53.7438Y16.4947
G01 X53.7675Y16.4794
G01 X53.8601Y16.4239
G01 X53.8991Y16.4031
G01 X54.0112Y16.3504
G01 X54.0374Y16.3400
G01 X54.1542Y16.2986
G01 X54.1813Y16.2909
G01 X54.3016Y16.2611
G01 X54.3294Y16.2560
G01 X54.4520Y16.2381
G01 X54.4801Y16.2358
G01 X54.5879Y16.2305
G01 X54.6321Y16.2305
G01 X54.7399Y16.2358
G01 X54.7680Y16.2381
G01 X54.8906Y16.2560
G01 X54.9339Y16.2646
G01 X55.0387Y16.2909
G01 X55.0658Y16.2986
G01 X55.1826Y16.3400
G01 X55.2234Y16.3569
G01 X55.3352Y16.4102
G01 X55.3599Y16.4239
G01 X55.4525Y16.4794
G01 X55.4892Y16.5039
G01 X55.5885Y16.5780
G01 X55.6100Y16.5963
G01 X55.6900Y16.6688
G01 X55.7212Y16.7000
G01 X55.8042Y16.7920
G01 X55.8218Y16.8141
G01 X55.8800Y16.8926
G01 X55.9382Y16.8141
G01 X55.9558Y16.7920
G01 X56.0388Y16.7000
G01 X56.0700Y16.6688
G01 X56.1500Y16.5963
G01 X56.1715Y16.5780
G01 X56.2838Y16.4947
G01 X56.3075Y16.4794
G01 X56.4001Y16.4239
G01 X56.4391Y16.4031
G01 X56.5366Y16.3569
G01 X56.5625Y16.3457
G01 X56.6942Y16.2986
G01 X56.7213Y16.2909
G01 X56.8261Y16.2646
G01 X56.8694Y16.2560
G01 X56.9920Y16.2381
G01 X57.0201Y16.2358
G01 X57.1279Y16.2305
G01 X57.1721Y16.2305
G01 X57.2799Y16.2358
G01 X57.3080Y16.2381
G01 X57.4367Y16.2570
G01 X57.4739Y16.2646
G01 X57.5940Y16.2950
G01 X57.6209Y16.3037
G01 X57.7375Y16.3457
G01 X57.7634Y16.3569
G01 X57.8752Y16.4102
G01 X57.8999Y16.4239
G01 X58.0060Y16.4879
G01 X58.0292Y16.5039
G01 X58.1285Y16.5780
G01 X58.1500Y16.5963
G01 X58.2416Y16.6797
G01 X58.2612Y16.7000
G01 X58.3442Y16.7920
G01 X58.3618Y16.8141
G01 X58.4200Y16.8926
G01 X58.4782Y16.8141
G01 X58.4958Y16.7920
G01 X58.5788Y16.7000
G01 X58.6100Y16.6688
G01 X58.6900Y16.5963
G01 X58.7115Y16.5780
G01 X58.8108Y16.5039
G01 X58.8475Y16.4794
G01 X58.9540Y16.4160
G01 X58.9791Y16.4031
G01 X59.0766Y16.3569
G01 X59.1174Y16.3400
G01 X59.2191Y16.3037
G01 X59.2460Y16.2950
G01 X59.3661Y16.2646
G01 X59.4094Y16.2560
G01 X59.5162Y16.2402
G01 X59.5442Y16.2369
G01 X59.6679Y16.2305
G01 X59.7121Y16.2305
G01 X59.8199Y16.2358
G01 X59.8480Y16.2381
G01 X59.9864Y16.2587
G01 X60.0139Y16.2646
G01 X60.1187Y16.2909
G01 X60.1609Y16.3037
G01 X60.2775Y16.3457
G01 X60.3034Y16.3569
G01 X60.4009Y16.4031
G01 X60.4399Y16.4239
G01 X60.5325Y16.4794
G01 X60.5562Y16.4947
G01 X60.6559Y16.5682
G01 X60.6900Y16.5963
G01 X60.7700Y16.6688
G01 X60.7903Y16.6884
G01 X60.8737Y16.7800
G01 X60.9018Y16.8141
G01 X60.9661Y16.9008
G01 X60.9821Y16.9240
G01 X61.0461Y17.0301
G01 X61.0669Y17.0691
G01 X61.1196Y17.1812
G01 X61.1300Y17.2074
G01 X61.1714Y17.3242
G01 X61.1791Y17.3513
G01 X61.2089Y17.4716
G01 X61.2140Y17.4994
G01 X61.2319Y17.6220
G01 X61.2342Y17.6501
G01 X61.2395Y17.7579
G01 X61.2400Y17.7800
G01 X61.2399Y19.0580
G01 X61.2331Y19.1958
G01 X61.2298Y19.2238
G01 X61.2130Y19.3367
G01 X61.2054Y19.3739
G01 X61.1750Y19.4940
G01 X61.1663Y19.5209
G01 X61.1300Y19.6226
G01 X61.1156Y19.6578
G01 X61.0669Y19.7609
G01 X61.0461Y19.7999
G01 X60.9906Y19.8925
G01 X60.9753Y19.9162
G01 X60.9018Y20.0159
G01 X60.8842Y20.0380
G01 X60.8012Y20.1300
G01 X60.7816Y20.1503
G01 X60.6780Y20.2442
G01 X60.6559Y20.2618
G01 X60.5562Y20.3353
G01 X60.5325Y20.3506
G01 X60.4399Y20.4061
G01 X60.4009Y20.4269
G01 X60.2978Y20.4756
G01 X60.2626Y20.4900
G01 X60.1609Y20.5263
G01 X60.1340Y20.5350
G01 X60.0139Y20.5654
G01 X59.9864Y20.5713
G01 X59.8480Y20.5919
G01 X59.8199Y20.5942
G01 X59.7059Y20.5997
G01 X59.6679Y20.5995
G01 X59.5601Y20.5942
G01 X59.5320Y20.5919
G01 X59.4094Y20.5740
G01 X59.3661Y20.5654
G01 X59.2460Y20.5350
G01 X59.2191Y20.5263
G01 X59.1174Y20.4900
G01 X59.0766Y20.4731
G01 X58.9648Y20.4198
G01 X58.9401Y20.4061
G01 X58.8475Y20.3506
G01 X58.8238Y20.3353
G01 X58.7241Y20.2618
G01 X58.6900Y20.2337
G01 X58.6055Y20.1571
G01 X58.5788Y20.1300
G01 X58.4958Y20.0380
G01 X58.4782Y20.0159
G01 X58.4200Y19.9374
G01 X58.3618Y20.0159
G01 X58.3442Y20.0380
G01 X58.2612Y20.1300
G01 X58.2345Y20.1571
G01 X58.1500Y20.2337
G01 X58.1159Y20.2618
G01 X58.0162Y20.3353
G01 X57.9925Y20.3506
G01 X57.8999Y20.4061
G01 X57.8752Y20.4198
G01 X57.7634Y20.4731
G01 X57.7375Y20.4843
G01 X57.6209Y20.5263
G01 X57.5787Y20.5391
G01 X57.4739Y20.5654
G01 X57.4464Y20.5713
G01 X57.3238Y20.5898
G01 X57.2799Y20.5942
G01 X57.1561Y20.5999
G01 X57.1279Y20.5995
G01 X57.0201Y20.5942
G01 X56.9920Y20.5919
G01 X56.8694Y20.5740
G01 X56.8261Y20.5654
G01 X56.7213Y20.5391
G01 X56.6942Y20.5314
G01 X56.5774Y20.4900
G01 X56.5366Y20.4731
G01 X56.4248Y20.4198
G01 X56.4001Y20.4061
G01 X56.3075Y20.3506
G01 X56.2838Y20.3353
G01 X56.1841Y20.2618
G01 X56.1500Y20.2337
G01 X56.0655Y20.1571
G01 X56.0388Y20.1300
G01 X55.9558Y20.0380
G01 X55.9382Y20.0159
G01 X55.8800Y19.9374
G01 X55.8218Y20.0159
G01 X55.8042Y20.0380
G01 X55.7212Y20.1300
G01 X55.6945Y20.1571
G01 X55.6100Y20.2337
G01 X55.5759Y20.2618
G01 X55.4762Y20.3353
G01 X55.4525Y20.3506
G01 X55.3599Y20.4061
G01 X55.3352Y20.4198
G01 X55.2234Y20.4731
G01 X55.1826Y20.4900
G01 X55.0658Y20.5314
G01 X55.0387Y20.5391
G01 X54.9339Y20.5654
G01 X54.8906Y20.5740
G01 X54.7680Y20.5919
G01 X54.7399Y20.5942
G01 X54.6161Y20.5999
G01 X54.5879Y20.5995
G01 X54.4801Y20.5942
G01 X54.4520Y20.5919
G01 X54.3294Y20.5740
G01 X54.2861Y20.5654
G01 X54.1813Y20.5391
G01 X54.1542Y20.5314
G01 X54.0374Y20.4900
G01 X53.9966Y20.4731
G01 X53.8848Y20.4198
G01 X53.8601Y20.4061
G01 X53.7675Y20.3506
G01 X53.7438Y20.3353
G01 X53.6441Y20.2618
G01 X53.6100Y20.2337
G01 X53.5255Y20.1571
G01 X53.4988Y20.1300
G01 X53.4158Y20.0380
G01 X53.3982Y20.0159
G01 X53.3400Y19.9374
G01 X53.2818Y20.0159
G01 X53.2642Y20.0380
G01 X53.1812Y20.1300
G01 X53.1545Y20.1571
G01 X53.0700Y20.2337
G01 X53.0359Y20.2618
G01 X52.9362Y20.3353
G01 X52.9125Y20.3506
G01 X52.8199Y20.4061
G01 X52.7952Y20.4198
G01 X52.6834Y20.4731
G01 X52.6575Y20.4843
G01 X52.5409Y20.5263
G01 X52.4987Y20.5391
G01 X52.3939Y20.5654
G01 X52.3664Y20.5713
G01 X52.2438Y20.5898
G01 X52.1999Y20.5942
G01 X52.0761Y20.5999
G01 X52.0479Y20.5995
G01 X51.9401Y20.5942
G01 X51.9120Y20.5919
G01 X51.7894Y20.5740
G01 X51.7461Y20.5654
G01 X51.6413Y20.5391
G01 X51.6142Y20.5314
G01 X51.4974Y20.4900
G01 X51.4566Y20.4731
G01 X51.3448Y20.4198
G01 X51.3201Y20.4061
G01 X51.2275Y20.3506
G01 X51.2038Y20.3353
G01 X51.1041Y20.2618
G01 X51.0700Y20.2337
G01 X50.9855Y20.1571
G01 X50.9588Y20.1300
G01 X50.8758Y20.0380
G01 X50.8582Y20.0159
G01 X50.8000Y19.9374
G01 X50.7418Y20.0159
G01 X50.7242Y20.0380
G01 X50.6412Y20.1300
G01 X50.6145Y20.1571
G01 X50.5300Y20.2337
G01 X50.4959Y20.2618
G01 X50.3962Y20.3353
G01 X50.3725Y20.3506
G01 X50.2799Y20.4061
G01 X50.2552Y20.4198
G01 X50.1434Y20.4731
G01 X50.1175Y20.4843
G01 X50.0009Y20.5263
G01 X49.9587Y20.5391
G01 X49.8539Y20.5654
G01 X49.8264Y20.5713
G01 X49.7038Y20.5898
G01 X49.6660Y20.5938
G01 X49.5459Y20.5997
G01 X49.5079Y20.5995
G01 X49.4001Y20.5942
G01 X49.3720Y20.5919
G01 X49.2494Y20.5740
G01 X49.2061Y20.5654
G01 X49.1013Y20.5391
G01 X49.0742Y20.5314
G01 X48.9574Y20.4900
G01 X48.9166Y20.4731
G01 X48.8048Y20.4198
G01 X48.7801Y20.4061
G01 X48.6875Y20.3506
G01 X48.6638Y20.3353
G01 X48.5641Y20.2618
G01 X48.5300Y20.2337
G01 X48.4455Y20.1571
G01 X48.4188Y20.1300
G01 X48.3358Y20.0380
G01 X48.3182Y20.0159
G01 X48.2600Y19.9374
G01 X48.2018Y20.0159
G01 X48.1842Y20.0380
G01 X48.1012Y20.1300
G01 X48.0745Y20.1571
G01 X47.9900Y20.2337
G01 X47.9559Y20.2618
G01 X47.8562Y20.3353
G01 X47.8325Y20.3506
G01 X47.7399Y20.4061
G01 X47.7152Y20.4198
G01 X47.6034Y20.4731
G01 X47.5775Y20.4843
G01 X47.4609Y20.5263
G01 X47.4187Y20.5391
G01 X47.3139Y20.5654
G01 X47.2864Y20.5713
G01 X47.1638Y20.5898
G01 X47.1260Y20.5938
G01 X47.0059Y20.5997
G01 X46.9679Y20.5995
G01 X46.8601Y20.5942
G01 X46.8320Y20.5919
G01 X46.7094Y20.5740
G01 X46.6661Y20.5654
G01 X46.5613Y20.5391
G01 X46.5342Y20.5314
G01 X46.4174Y20.4900
G01 X46.3766Y20.4731
G01 X46.2648Y20.4198
G01 X46.2401Y20.4061
G01 X46.1475Y20.3506
G01 X46.1238Y20.3353
G01 X46.0241Y20.2618
G01 X45.9900Y20.2337
G01 X45.9055Y20.1571
G01 X45.8788Y20.1300
G01 X45.7958Y20.0380
G01 X45.7782Y20.0159
G01 X45.7200Y19.9374
G01 X45.6618Y20.0159
G01 X45.6442Y20.0380
G01 X45.5612Y20.1300
G01 X45.5345Y20.1571
G01 X45.4500Y20.2337
G01 X45.4159Y20.2618
G01 X45.3162Y20.3353
G01 X45.2925Y20.3506
G01 X45.1999Y20.4061
G01 X45.1752Y20.4198
G01 X45.0634Y20.4731
G01 X45.0375Y20.4843
G01 X44.9209Y20.5263
G01 X44.8787Y20.5391
G01 X44.7739Y20.5654
G01 X44.7464Y20.5713
G01 X44.6238Y20.5898
G01 X44.5860Y20.5938
G01 X44.4659Y20.5997
G01 X44.4279Y20.5995
G01 X44.3201Y20.5942
G01 X44.2920Y20.5919
G01 X44.1694Y20.5740
G01 X44.1261Y20.5654
G01 X44.0213Y20.5391
G01 X43.9942Y20.5314
G01 X43.8774Y20.4900
G01 X43.8366Y20.4731
G01 X43.7248Y20.4198
G01 X43.7001Y20.4061
G01 X43.6075Y20.3506
G01 X43.5838Y20.3353
G01 X43.4841Y20.2618
G01 X43.4500Y20.2337
G01 X43.3655Y20.1571
G01 X43.3388Y20.1300
G01 X43.2558Y20.0380
G01 X43.2382Y20.0159
G01 X43.1800Y19.9374
G01 X43.1218Y20.0159
G01 X43.1042Y20.0380
G01 X43.0212Y20.1300
G01 X42.9945Y20.1571
G01 X42.9100Y20.2337
G01 X42.8759Y20.2618
G01 X42.7762Y20.3353
G01 X42.7525Y20.3506
G01 X42.6599Y20.4061
G01 X42.6352Y20.4198
G01 X42.5234Y20.4731
G01 X42.4975Y20.4843
G01 X42.3809Y20.5263
G01 X42.3387Y20.5391
G01 X42.2280Y20.5668
G01 X42.1906Y20.5740
G01 X42.0838Y20.5898
G01 X42.0558Y20.5931
G01 X41.9321Y20.5995
G01 X41.8879Y20.5995
G01 X41.7642Y20.5931
G01 X41.7362Y20.5898
G01 X41.6294Y20.5740
G01 X41.5861Y20.5654
G01 X41.4813Y20.5391
G01 X41.4542Y20.5314
G01 X41.3374Y20.4900
G01 X41.2966Y20.4731
G01 X41.1848Y20.4198
G01 X41.1601Y20.4061
G01 X41.0675Y20.3506
G01 X41.0438Y20.3353
G01 X40.9441Y20.2618
G01 X40.9100Y20.2337
G01 X40.8255Y20.1571
G01 X40.7988Y20.1300
G01 X40.7158Y20.0380
G01 X40.6982Y20.0159
G01 X40.6400Y19.9374
G01 X40.5818Y20.0159
G01 X40.5642Y20.0380
G01 X40.4812Y20.1300
G01 X40.4545Y20.1571
G01 X40.3700Y20.2337
G01 X40.3359Y20.2618
G01 X40.2362Y20.3353
G01 X40.2125Y20.3506
G01 X40.1199Y20.4061
G01 X40.0952Y20.4198
G01 X39.9834Y20.4731
G01 X39.9575Y20.4843
G01 X39.8409Y20.5263
G01 X39.7987Y20.5391
G01 X39.6880Y20.5668
G01 X39.6506Y20.5740
G01 X39.5438Y20.5898
G01 X39.5158Y20.5931
G01 X39.3921Y20.5995
G01 X39.3479Y20.5995
G01 X39.2242Y20.5931
G01 X39.1962Y20.5898
G01 X39.0894Y20.5740
G01 X39.0461Y20.5654
G01 X38.9413Y20.5391
G01 X38.9142Y20.5314
G01 X38.7974Y20.4900
G01 X38.7566Y20.4731
G01 X38.6448Y20.4198
G01 X38.6201Y20.4061
G01 X38.5275Y20.3506
G01 X38.5038Y20.3353
G01 X38.4041Y20.2618
G01 X38.3700Y20.2337
G01 X38.2855Y20.1571
G01 X38.2588Y20.1300
G01 X38.1758Y20.0380
G01 X38.1582Y20.0159
G01 X38.1000Y19.9374
G01 X38.0418Y20.0159
G01 X38.0242Y20.0380
G01 X37.9412Y20.1300
G01 X37.9145Y20.1571
G01 X37.8300Y20.2337
G01 X37.7959Y20.2618
G01 X37.6962Y20.3353
G01 X37.6725Y20.3506
G01 X37.5746Y20.4092
G01 X37.5409Y20.4269
G01 X37.4288Y20.4796
G01 X37.4026Y20.4900
G01 X37.3009Y20.5263
G01 X37.2740Y20.5350
G01 X37.1539Y20.5654
G01 X37.1264Y20.5713
G01 X37.0038Y20.5898
G01 X36.9599Y20.5942
G01 X36.8521Y20.5995
G01 X36.8239Y20.5999
G01 X36.7001Y20.5942
G01 X36.6622Y20.5907
G01 X36.5433Y20.5730
G01 X36.5061Y20.5654
G01 X36.4013Y20.5391
G01 X36.3742Y20.5314
G01 X36.2574Y20.4900
G01 X36.2166Y20.4731
G01 X36.1191Y20.4269
G01 X36.0940Y20.4140
G01 X35.9875Y20.3506
G01 X35.9508Y20.3261
G01 X35.8515Y20.2520
G01 X35.8300Y20.2337
G01 X35.7500Y20.1612
G01 X35.7188Y20.1300
G01 X35.6358Y20.0380
G01 X35.6182Y20.0159
G01 X35.5600Y19.9374
G01 X35.5018Y20.0159
G01 X35.4842Y20.0380
G01 X35.4012Y20.1300
G01 X35.3745Y20.1571
G01 X35.2900Y20.2337
G01 X35.2559Y20.2618
G01 X35.1562Y20.3353
G01 X35.1325Y20.3506
G01 X35.0346Y20.4092
G01 X35.0009Y20.4269
G01 X34.8888Y20.4796
G01 X34.8626Y20.4900
G01 X34.7458Y20.5314
G01 X34.7187Y20.5391
G01 X34.6139Y20.5654
G01 X34.5864Y20.5713
G01 X34.4638Y20.5898
G01 X34.4260Y20.5938
G01 X34.2961Y20.5999
G01 X34.2679Y20.5995
G01 X34.1601Y20.5942
G01 X34.1222Y20.5907
G01 X34.0033Y20.5730
G01 X33.9661Y20.5654
G01 X33.8613Y20.5391
G01 X33.8342Y20.5314
G01 X33.7174Y20.4900
G01 X33.6766Y20.4731
G01 X33.5791Y20.4269
G01 X33.5540Y20.4140
G01 X33.4475Y20.3506
G01 X33.4108Y20.3261
G01 X33.3115Y20.2520
G01 X33.2900Y20.2337
G01 X33.2100Y20.1612
G01 X33.1788Y20.1300
G01 X33.0958Y20.0380
G01 X33.0782Y20.0159
G01 X33.0200Y19.9374
G01 X32.9618Y20.0159
G01 X32.9442Y20.0380
G01 X32.8612Y20.1300
G01 X32.8345Y20.1571
G01 X32.7500Y20.2337
G01 X32.7159Y20.2618
G01 X32.6162Y20.3353
G01 X32.5925Y20.3506
G01 X32.4999Y20.4061
G01 X32.4609Y20.4269
G01 X32.3488Y20.4796
G01 X32.3226Y20.4900
G01 X32.2058Y20.5314
G01 X32.1787Y20.5391
G01 X32.0584Y20.5689
G01 X32.0306Y20.5740
G01 X31.9238Y20.5898
G01 X31.8958Y20.5931
G01 X31.7721Y20.5995
G01 X31.7279Y20.5995
G01 X31.6042Y20.5931
G01 X31.5762Y20.5898
G01 X31.4694Y20.5740
G01 X31.4261Y20.5654
G01 X31.3213Y20.5391
G01 X31.2942Y20.5314
G01 X31.1774Y20.4900
G01 X31.1366Y20.4731
G01 X31.0391Y20.4269
G01 X31.0140Y20.4140
G01 X30.9075Y20.3506
G01 X30.8708Y20.3261
G01 X30.7715Y20.2520
G01 X30.7500Y20.2337
G01 X30.6700Y20.1612
G01 X30.6388Y20.1300
G01 X30.5558Y20.0380
G01 X30.5382Y20.0159
G01 X30.4800Y19.9374
G01 X30.4218Y20.0159
G01 X30.4042Y20.0380
G01 X30.3212Y20.1300
G01 X30.3016Y20.1503
G01 X30.2100Y20.2337
G01 X30.1885Y20.2520
G01 X30.0892Y20.3261
G01 X30.0660Y20.3421
G01 X29.9599Y20.4061
G01 X29.9352Y20.4198
G01 X29.8234Y20.4731
G01 X29.7975Y20.4843
G01 X29.6809Y20.5263
G01 X29.6540Y20.5350
G01 X29.5339Y20.5654
G01 X29.4906Y20.5740
G01 X29.3838Y20.5898
G01 X29.3558Y20.5931
G01 X29.2321Y20.5995
G01 X29.1879Y20.5995
G01 X29.0801Y20.5942
G01 X29.0520Y20.5919
G01 X28.9136Y20.5713
G01 X28.8861Y20.5654
G01 X28.7813Y20.5391
G01 X28.7391Y20.5263
G01 X28.6225Y20.4843
G01 X28.5966Y20.4731
G01 X28.4991Y20.4269
G01 X28.4601Y20.4061
G01 X28.3675Y20.3506
G01 X28.3438Y20.3353
G01 X28.2315Y20.2520
G01 X28.2100Y20.2337
G01 X28.1300Y20.1612
G01 X28.0988Y20.1300
G01 X28.0158Y20.0380
G01 X27.9982Y20.0159
G01 X27.9400Y19.9374
G01 X27.8818Y20.0159
G01 X27.8642Y20.0380
G01 X27.7812Y20.1300
G01 X27.7500Y20.1612
G01 X27.6700Y20.2337
G01 X27.6485Y20.2520
G01 X27.5362Y20.3353
G01 X27.5125Y20.3506
G01 X27.4199Y20.4061
G01 X27.3809Y20.4269
G01 X27.2834Y20.4731
G01 X27.2575Y20.4843
G01 X27.1409Y20.5263
G01 X27.0987Y20.5391
G01 X26.9939Y20.5654
G01 X26.9664Y20.5713
G01 X26.8280Y20.5919
G01 X26.7999Y20.5942
G01 X26.6921Y20.5995
G01 X26.6479Y20.5995
G01 X26.5401Y20.5942
G01 X26.5120Y20.5919
G01 X26.3833Y20.5730
G01 X26.3461Y20.5654
G01 X26.2413Y20.5391
G01 X26.1991Y20.5263
G01 X26.0974Y20.4900
G01 X26.0712Y20.4796
G01 X25.9591Y20.4269
G01 X25.9340Y20.4140
G01 X25.8140Y20.3421
G01 X25.7908Y20.3261
G01 X25.7041Y20.2618
G01 X25.6746Y20.2378
G01 X25.5900Y20.1612
G01 X25.5588Y20.1300
G01 X25.4863Y20.0500
G01 X25.4680Y20.0285
G01 X25.3939Y19.9292
G01 X25.3779Y19.9060
G01 X25.3060Y19.7860
G01 X25.2931Y19.7609
G01 X25.2469Y19.6634
G01 X25.2322Y19.6283
G01 X25.1937Y19.5209
G01 X25.1809Y19.4787
G01 X25.1546Y19.3739
G01 X25.1487Y19.3464
G01 X25.1302Y19.2238
G01 X25.1262Y19.1860
G01 X25.1200Y19.0500
G01 X25.1202Y17.7659
G01 X25.1262Y17.6440
G01 X25.1302Y17.6062
G01 X25.1460Y17.4994
G01 X25.1511Y17.4716
G01 X25.1824Y17.3454
G01 X25.1937Y17.3091
G01 X25.2357Y17.1925
G01 X25.2469Y17.1666
G01 X25.3002Y17.0548
G01 X25.3139Y17.0301
G01 X25.3779Y16.9240
G01 X25.3939Y16.9008
G01 X25.4620Y16.8092
G01 X25.4863Y16.7800
G01 X25.5697Y16.6884
G01 X25.5900Y16.6688
G01 X25.6746Y16.5922
G01 X25.7041Y16.5682
G01 X25.7958Y16.5003
G01 X25.8223Y16.4826
G01 X25.8738Y16.4517
G01 X25.8464Y16.4329
G01 X25.7675Y16.3745
G01 X25.7334Y16.3464
G01 X25.6607Y16.2805
G01 X25.6404Y16.2609
G01 X25.5531Y16.1646
G01 X25.5355Y16.1425
G01 X25.4771Y16.0636
G01 X25.4526Y16.0269
G01 X25.4021Y15.9427
G01 X25.3884Y15.9181
G01 X25.3328Y15.8005
G01 X25.3224Y15.7743
G01 X25.2894Y15.6819
G01 X25.2765Y15.6396
G01 X25.2527Y15.5444
G01 X25.2467Y15.5168
G01 X25.2277Y15.3882
G01 X25.2254Y15.3601
G01 X25.2205Y15.2621
G01 X25.2204Y15.2210
G01 X25.2254Y15.1199
G01 X25.2277Y15.0918
G01 X25.2451Y14.9728
G01 X25.2527Y14.9356
G01 X25.2807Y14.8250
G01 X25.2894Y14.7981
G01 X25.3224Y14.7057
G01 X25.3328Y14.6795
G01 X25.3813Y14.5762
G01 X25.3942Y14.5511
G01 X25.4526Y14.4531
G01 X25.4771Y14.4164
G01 X25.5355Y14.3375
G01 X25.5531Y14.3154
G01 X25.6295Y14.2307
G01 X25.6562Y14.2036
G01 X25.7334Y14.1336
G01 X25.7675Y14.1055
G01 X25.8594Y14.0378
G01 X25.8831Y14.0226
G01 X25.9709Y13.9700
G01 X25.8696Y13.9090
G01 X25.8464Y13.8929
G01 X25.7675Y13.8345
G01 X25.7334Y13.8064
G01 X25.6607Y13.7405
G01 X25.6404Y13.7209
G01 X25.5636Y13.6366
G01 X25.5355Y13.6025
G01 X25.4771Y13.5236
G01 X25.4610Y13.5004
G01 X25.4000Y13.3991
G01 X25.3474Y13.4869
G01 X25.3322Y13.5106
G01 X25.2645Y13.6025
G01 X25.2469Y13.6246
G01 X25.1596Y13.7209
G01 X25.1393Y13.7405
G01 X25.0546Y13.8169
G01 X25.0325Y13.8345
G01 X24.9406Y13.9022
G01 X24.9169Y13.9174
G01 X24.8189Y13.9758
G01 X24.7938Y13.9887
G01 X24.6905Y14.0372
G01 X24.6643Y14.0476
G01 X24.5719Y14.0806
G01 X24.5296Y14.0935
G01 X24.4285Y14.1187
G01 X24.3911Y14.1259
G01 X24.2940Y14.1403
G01 X24.2660Y14.1435
G01 X24.1521Y14.1495
G01 X24.1141Y14.1497
G01 X24.0099Y14.1446
G01 X23.9818Y14.1423
G01 X23.8532Y14.1233
G01 X23.8256Y14.1173
G01 X23.7150Y14.0893
G01 X23.6881Y14.0806
G01 X23.5900Y14.0454
G01 X23.5549Y14.0307
G01 X23.4662Y13.9887
G01 X23.4273Y13.9679
G01 X23.3431Y13.9174
G01 X23.3194Y13.9022
G01 X23.2149Y13.8247
G01 X23.1934Y13.8064
G01 X23.1207Y13.7405
G01 X23.0895Y13.7093
G01 X23.0236Y13.6366
G01 X23.0053Y13.6151
G01 X22.9278Y13.5106
G01 X22.9126Y13.4869
G01 X22.8621Y13.4027
G01 X22.8413Y13.3638
G01 X22.7993Y13.2751
G01 X22.7881Y13.2492
G01 X22.7443Y13.1268
G01 X22.7365Y13.0996
G01 X22.7127Y13.0044
G01 X22.7041Y12.9611
G01 X22.6897Y12.8640
G01 X22.6865Y12.8360
G01 X22.6801Y12.7110
G00 Z20.0000
G00 X22.6991Y12.9273
G01 Z20.0000
G01 X22.5787Y12.8381
G01 X20.4071Y11.5364
G01 X18.1183Y10.4539
G01 X15.7344Y9.6009
G01 X13.6700Y9.0838
G00 Z20.0000
G00 X14.0313Y9.5862
G01 Z20.0000
G01 X15.6183Y9.9837
G01 X17.9652Y10.8235
G01 X20.2185Y11.8892
G01 X22.3565Y13.1707
G01 X23.1061Y13.7266
G00 Z20.0000
G00 X23.4448Y13.9778
G01 Z20.0000
G01 X24.3586Y14.6555
G01 X25.2367Y15.4514
G00 Z20.0000
G00 X25.2545Y14.9283
G01 Z20.0000
G01 X24.6124Y14.3463
G01 X24.3278Y14.1353
G00 Z20.0000
G00 X24.7981Y13.9866
G01 Z20.0000
G01 X24.8661Y14.0371
G01 X25.4077Y14.5280
G00 Z20.0000
G00 X25.6506Y14.2089
G01 Z20.0000
G01 X25.1366Y13.7430
G00 Z20.0000
G00 X25.3832Y13.4273
G01 Z20.0000
G01 X25.4573Y13.4945
G00 Z20.0000
G00 X25.4227Y11.9629
G01 Z20.0000
G01 X25.3404Y11.9019
G01 X25.6713Y11.6499
G01 X24.1343Y10.5100
G01 X21.7270Y9.0671
G01 X19.1898Y7.8670
G01 X18.6084Y7.6590
G00 Z20.0000
G00 X18.9557Y7.3590
G01 Z20.0000
G01 X19.3429Y7.4975
G01 X21.9155Y8.7143
G01 X24.3566Y10.1774
G01 X26.0148Y11.4072
G00 Z20.0000
G00 X26.4898Y11.2621
G01 Z20.0000
G01 X24.5788Y9.8448
G01 X22.1041Y8.3615
G01 X19.4959Y7.1279
G01 X19.1789Y7.0145
G00 Z20.0000
G00 X18.0342Y7.8779
G01 Z20.0000
G01 X19.0367Y8.2366
G01 X21.5384Y9.4198
G01 X23.9121Y10.8426
G01 X24.5424Y11.3100
G00 Z20.0000
G00 X23.8327Y11.2810
G01 Z20.0000
G01 X23.6899Y11.1751
G01 X21.3499Y9.7726
G01 X18.8836Y8.6061
G01 X16.3149Y7.6871
G01 X16.1068Y7.6349
G00 Z20.0000
G00 X16.4542Y7.3126
G01 Z20.0000
G01 X16.6142Y7.3698
G00 Z20.0000
G00 X15.4555Y7.8836
G01 Z20.0000
G01 X16.1988Y8.0698
G01 X18.7306Y8.9757
G01 X21.1613Y10.1254
G01 X23.3844Y11.4578
G00 Z20.0000
G00 X23.0565Y11.7271
G01 Z20.0000
G01 X20.9727Y10.4781
G01 X18.5775Y9.3453
G01 X16.0827Y8.4526
G01 X13.5125Y7.8088
G01 X13.3030Y7.7777
G00 Z20.0000
G00 X13.7777Y7.4634
G01 Z20.0000
G01 X14.3270Y7.6010
G00 Z20.0000
G00 X13.9762Y5.4543
G01 Z20.0000
G01 X13.9622Y5.4522
G00 Z20.0000
G00 X14.2960Y5.1220
G01 Z20.0000
G01 X14.0587Y5.0626
G01 X13.3907Y4.9635
G00 Z20.0000
G00 X12.4416Y4.8227
G01 Z20.0000
G01 X11.1659Y4.6335
G01 X8.2450Y4.4900
G01 X5.3241Y4.6335
G01 X4.9633Y4.6870
G00 Z20.0000
G00 X5.1915Y4.2493
G01 Z20.0000
G01 X5.2849Y4.2354
G01 X8.2450Y4.0900
G01 X11.2051Y4.2354
G01 X14.1368Y4.6703
G01 X14.8544Y4.8501
G00 Z20.0000
G00 X16.2871Y5.2089
G01 Z20.0000
G01 X16.6432Y5.2981
G00 Z20.0000
G00 X17.0432Y4.9864
G01 Z20.0000
G01 X14.2148Y4.2780
G01 X11.2444Y3.8373
G01 X8.2450Y3.6900
G01 X5.2592Y3.8367
G00 Z20.0000
G00 X5.2106Y3.4391
G01 Z20.0000
G01 X8.2450Y3.2900
G01 X11.2836Y3.4393
G01 X14.2928Y3.8857
G01 X17.2439Y4.6248
G01 X17.7377Y4.8015
G01 X17.9051Y0.2600
G01 X18.5211Y0.4143
G01 X21.7920Y1.5847
G01 X24.9325Y3.0700
G01 X25.9757Y3.6952
G00 Z20.0000
G00 X25.6158Y3.9453
G01 Z20.0000
G01 X24.7439Y3.4228
G01 X21.6390Y1.9542
G01 X18.4050Y0.7971
G01 X16.2608Y0.2600
G01 X14.3559Y0.2600
G01 X14.9952Y0.3548
G01 X18.2889Y1.1799
G01 X21.4859Y2.3238
G01 X24.5554Y3.7755
G01 X25.3580Y4.2566
G00 Z20.0000
G00 X25.1895Y4.6214
G01 Z20.0000
G01 X24.3668Y4.1283
G01 X21.3328Y2.6933
G01 X18.1728Y1.5626
G01 X14.9171Y0.7471
G01 X11.6331Y0.2600
G01 X11.7527Y5.1244
G01 X11.1267Y5.0316
G01 X8.2450Y4.8900
G01 X5.3633Y5.0316
G01 X4.2161Y5.2017
G00 Z20.0000
G00 X3.8254Y5.2597
G01 Z20.0000
G01 X2.5094Y5.4549
G01 X0.2600Y6.0184
G01 X0.2600Y6.4302
G01 X2.5874Y5.8472
G01 X5.4025Y5.4296
G01 X8.2450Y5.2900
G01 X11.0875Y5.4296
G01 X11.4183Y5.4787
G00 Z20.0000
G00 X11.2323Y5.8550
G01 Z20.0000
G01 X11.0483Y5.8277
G01 X8.2450Y5.6900
G01 X5.4417Y5.8277
G01 X2.6654Y6.2395
G01 X0.2600Y6.8421
G01 X0.2600Y7.2539
G01 X2.7435Y6.6319
G01 X5.4809Y6.2258
G01 X8.2450Y6.0900
G01 X11.0091Y6.2258
G01 X11.1545Y6.2474
G00 Z20.0000
G00 X11.1501Y6.3610
G01 Z20.0000
G01 X11.1505Y6.3279
G01 X11.1569Y6.2042
G01 X11.1602Y6.1762
G01 X11.1787Y6.0536
G01 X11.1846Y6.0261
G01 X11.2150Y5.9060
G01 X11.2237Y5.8791
G01 X11.2657Y5.7625
G01 X11.2769Y5.7366
G01 X11.3302Y5.6248
G01 X11.3439Y5.6001
G01 X11.4079Y5.4940
G01 X11.4239Y5.4708
G01 X11.4980Y5.3715
G01 X11.5163Y5.3500
G01 X11.5997Y5.2584
G01 X11.6200Y5.2388
G01 X11.7120Y5.1558
G01 X11.7341Y5.1382
G01 X11.8338Y5.0647
G01 X11.8575Y5.0494
G01 X11.9640Y4.9860
G01 X11.9891Y4.9731
G01 X12.1012Y4.9204
G01 X12.1274Y4.9100
G01 X12.2442Y4.8686
G01 X12.2713Y4.8609
G01 X12.3916Y4.8311
G01 X12.4194Y4.8260
G01 X12.5420Y4.8081
G01 X12.5701Y4.8058
G01 X12.6939Y4.8001
G01 X12.7221Y4.8005
G01 X12.8299Y4.8058
G01 X12.8580Y4.8081
G01 X12.9806Y4.8260
G01 X13.0239Y4.8346
G01 X13.1287Y4.8609
G01 X13.1558Y4.8686
G01 X13.2726Y4.9100
G01 X13.3134Y4.9269
G01 X13.4252Y4.9802
G01 X13.4499Y4.9939
G01 X13.5425Y5.0494
G01 X13.5662Y5.0647
G01 X13.6659Y5.1382
G01 X13.7000Y5.1663
G01 X13.7845Y5.2429
G01 X13.8112Y5.2700
G01 X13.8942Y5.3620
G01 X13.9118Y5.3841
G01 X13.9700Y5.4626
G01 X14.0282Y5.3841
G01 X14.0458Y5.3620
G01 X14.1288Y5.2700
G01 X14.1484Y5.2497
G01 X14.2400Y5.1663
G01 X14.2615Y5.1480
G01 X14.3608Y5.0739
G01 X14.3840Y5.0579
G01 X14.4901Y4.9939
G01 X14.5148Y4.9802
G01 X14.6266Y4.9269
G01 X14.6525Y4.9157
G01 X14.7691Y4.8737
G01 X14.7960Y4.8650
G01 X14.9161Y4.8346
G01 X14.9594Y4.8260
G01 X15.0662Y4.8102
G01 X15.0942Y4.8069
G01 X15.2179Y4.8005
G01 X15.2621Y4.8005
G01 X15.3699Y4.8058
G01 X15.3980Y4.8081
G01 X15.5364Y4.8287
G01 X15.5639Y4.8346
G01 X15.6687Y4.8609
G01 X15.7109Y4.8737
G01 X15.8275Y4.9157
G01 X15.8534Y4.9269
G01 X15.9509Y4.9731
G01 X15.9899Y4.9939
G01 X16.0825Y5.0494
G01 X16.1062Y5.0647
G01 X16.2185Y5.1480
G01 X16.2400Y5.1663
G01 X16.3200Y5.2388
G01 X16.3512Y5.2700
G01 X16.4342Y5.3620
G01 X16.4518Y5.3841
G01 X16.5100Y5.4626
G01 X16.5682Y5.3841
G01 X16.5858Y5.3620
G01 X16.6688Y5.2700
G01 X16.7000Y5.2388
G01 X16.7800Y5.1663
G01 X16.8015Y5.1480
G01 X16.9138Y5.0647
G01 X16.9375Y5.0494
G01 X17.0301Y4.9939
G01 X17.0691Y4.9731
G01 X17.1666Y4.9269
G01 X17.1925Y4.9157
G01 X17.3242Y4.8686
G01 X17.3513Y4.8609
G01 X17.4561Y4.8346
G01 X17.4994Y4.8260
G01 X17.6062Y4.8102
G01 X17.6342Y4.8069
G01 X17.7739Y4.8001
G01 X17.8021Y4.8005
G01 X17.9099Y4.8058
G01 X17.9538Y4.8102
G01 X18.0606Y4.8260
G01 X18.0980Y4.8332
G01 X18.2087Y4.8609
G01 X18.2358Y4.8686
G01 X18.3675Y4.9157
G01 X18.3934Y4.9269
G01 X18.5052Y4.9802
G01 X18.5299Y4.9939
G01 X18.6225Y5.0494
G01 X18.6592Y5.0739
G01 X18.7508Y5.1420
G01 X18.7800Y5.1663
G01 X18.8600Y5.2388
G01 X18.8803Y5.2584
G01 X18.9637Y5.3500
G01 X18.9820Y5.3715
G01 X19.0653Y5.4838
G01 X19.0806Y5.5075
G01 X19.1440Y5.6140
G01 X19.1569Y5.6391
G01 X19.2096Y5.7512
G01 X19.2200Y5.7774
G01 X19.2563Y5.8791
G01 X19.2676Y5.9154
G01 X19.2954Y6.0261
G01 X19.3040Y6.0694
G01 X19.3198Y6.1762
G01 X19.3231Y6.2042
G01 X19.3299Y6.3439
G01 X19.3295Y6.3721
G01 X19.3231Y6.4958
G01 X19.3198Y6.5238
G01 X19.3013Y6.6464
G01 X19.2954Y6.6739
G01 X19.2650Y6.7940
G01 X19.2563Y6.8209
G01 X19.2143Y6.9375
G01 X19.2031Y6.9634
G01 X19.1498Y7.0752
G01 X19.1361Y7.0999
G01 X19.0721Y7.2060
G01 X19.0561Y7.2292
G01 X18.9820Y7.3285
G01 X18.9637Y7.3500
G01 X18.8803Y7.4416
G01 X18.8600Y7.4612
G01 X18.7680Y7.5442
G01 X18.7459Y7.5618
G01 X18.6462Y7.6353
G01 X18.6225Y7.6506
G01 X18.5160Y7.7140
G01 X18.4909Y7.7269
G01 X18.3788Y7.7796
G01 X18.3526Y7.7900
G01 X18.2358Y7.8314
G01 X18.2087Y7.8391
G01 X18.0884Y7.8689
G01 X18.0606Y7.8740
G01 X17.9380Y7.8919
G01 X17.9099Y7.8942
G01 X17.7861Y7.8999
G01 X17.7579Y7.8995
G01 X17.6501Y7.8942
G01 X17.6220Y7.8919
G01 X17.4994Y7.8740
G01 X17.4561Y7.8654
G01 X17.3513Y7.8391
G01 X17.3242Y7.8314
G01 X17.2074Y7.7900
G01 X17.1666Y7.7731
G01 X17.0548Y7.7198
G01 X17.0301Y7.7061
G01 X16.9375Y7.6506
G01 X16.9138Y7.6353
G01 X16.8141Y7.5618
G01 X16.7800Y7.5337
G01 X16.6955Y7.4571
G01 X16.6688Y7.4300
G01 X16.5858Y7.3380
G01 X16.5682Y7.3159
G01 X16.5100Y7.2374
G01 X16.4518Y7.3159
G01 X16.4342Y7.3380
G01 X16.3512Y7.4300
G01 X16.3316Y7.4503
G01 X16.2400Y7.5337
G01 X16.2185Y7.5520
G01 X16.1192Y7.6261
G01 X16.0960Y7.6421
G01 X15.9899Y7.7061
G01 X15.9652Y7.7198
G01 X15.8534Y7.7731
G01 X15.8275Y7.7843
G01 X15.7109Y7.8263
G01 X15.6840Y7.8350
G01 X15.5639Y7.8654
G01 X15.5206Y7.8740
G01 X15.4138Y7.8898
G01 X15.3858Y7.8931
G01 X15.2621Y7.8995
G01 X15.2179Y7.8995
G01 X15.1101Y7.8942
G01 X15.0820Y7.8919
G01 X14.9436Y7.8713
G01 X14.9161Y7.8654
G01 X14.8113Y7.8391
G01 X14.7691Y7.8263
G01 X14.6525Y7.7843
G01 X14.6266Y7.7731
G01 X14.5291Y7.7269
G01 X14.4901Y7.7061
G01 X14.3975Y7.6506
G01 X14.3738Y7.6353
G01 X14.2615Y7.5520
G01 X14.2400Y7.5337
G01 X14.1600Y7.4612
G01 X14.1288Y7.4300
G01 X14.0458Y7.3380
G01 X14.0282Y7.3159
G01 X13.9700Y7.2374
G01 X13.9118Y7.3159
G01 X13.8942Y7.3380
G01 X13.8112Y7.4300
G01 X13.7800Y7.4612
G01 X13.7000Y7.5337
G01 X13.6785Y7.5520
G01 X13.5662Y7.6353
G01 X13.5425Y7.6506
G01 X13.4499Y7.7061
G01 X13.4109Y7.7269
G01 X13.3134Y7.7731
G01 X13.2875Y7.7843
G01 X13.1558Y7.8314
G01 X13.1287Y7.8391
G01 X13.0239Y7.8654
G01 X12.9806Y7.8740
G01 X12.8738Y7.8898
G01 X12.8458Y7.8931
G01 X12.7061Y7.8999
G01 X12.6779Y7.8995
G01 X12.5701Y7.8942
G01 X12.5262Y7.8898
G01 X12.4194Y7.8740
G01 X12.3820Y7.8668
G01 X12.2713Y7.8391
G01 X12.2442Y7.8314
G01 X12.1125Y7.7843
G01 X12.0866Y7.7731
G01 X11.9748Y7.7198
G01 X11.9501Y7.7061
G01 X11.8575Y7.6506
G01 X11.8208Y7.6261
G01 X11.7292Y7.5580
G01 X11.7000Y7.5337
G01 X11.6200Y7.4612
G01 X11.5997Y7.4416
G01 X11.5163Y7.3500
G01 X11.4980Y7.3285
G01 X11.4147Y7.2162
G01 X11.3994Y7.1925
G01 X11.3439Y7.0999
G01 X11.3258Y7.0665
G01 X11.2769Y6.9634
G01 X11.2600Y6.9226
G01 X11.2237Y6.8209
G01 X11.2150Y6.7940
G01 X11.1846Y6.6739
G01 X11.1787Y6.6464
G01 X11.1581Y6.5080
G01 X11.1558Y6.4799
G01 X11.1501Y6.3610
G00 Z20.0000
G00 X11.1804Y6.6551
G01 Z20.0000
G01 X10.9699Y6.6239
G01 X8.2450Y6.4900
G01 X5.5202Y6.6239
G01 X2.8215Y7.0242
G01 X0.2600Y7.6658
G01 X0.2600Y8.0810
G01 X0.2912Y8.0698
G01 X2.8996Y7.4165
G01 X5.5594Y7.0219
G01 X8.2450Y6.8900
G01 X10.9307Y7.0219
G01 X11.3337Y7.0817
G00 Z20.0000
G00 X11.7085Y7.5412
G01 Z20.0000
G01 X10.8915Y7.4200
G01 X8.2450Y7.2900
G01 X5.5986Y7.4200
G01 X2.9776Y7.8088
G01 X0.4073Y8.4526
G01 X0.2600Y8.5053
G01 X0.2600Y8.9297
G01 X0.5235Y8.8354
G01 X3.0556Y8.2011
G01 X5.6378Y7.8181
G01 X8.2450Y7.6900
G01 X10.8523Y7.8181
G01 X13.4344Y8.2011
G01 X15.9666Y8.8354
G01 X18.4244Y9.7148
G01 X20.7842Y10.8309
G01 X22.8311Y12.0578
G01 X19.1454Y14.5065
G01 X20.8009Y15.4988
G01 X22.5823Y16.8200
G01 X24.2256Y18.3094
G01 X25.1450Y19.3237
G00 Z20.0000
G00 X25.1200Y18.7012
G01 Z20.0000
G01 X24.5085Y18.0265
G01 X22.8361Y16.5108
G01 X21.0231Y15.1662
G01 X19.0872Y14.0058
G01 X17.0468Y13.0408
G01 X14.9216Y12.2804
G01 X12.7321Y11.7319
G01 X10.4994Y11.4008
G01 X8.2450Y11.2900
G01 X7.3614Y11.3334
G01 X7.5539Y11.7240
G01 X8.2450Y11.6900
G01 X10.4602Y11.7988
G01 X12.6541Y12.1243
G01 X14.8055Y12.6631
G01 X16.8937Y13.4103
G01 X17.5303Y13.7114
G00 Z20.0000
G00 X16.9994Y13.9023
G01 Z20.0000
G01 X16.7406Y13.7799
G01 X14.6894Y13.0459
G01 X12.5760Y12.5166
G01 X10.4210Y12.1969
G01 X8.2450Y12.0900
G01 X7.7843Y12.1126
G00 Z20.0000
G00 X7.8871Y12.5076
G01 Z20.0000
G01 X8.2450Y12.4900
G01 X10.3818Y12.5950
G01 X12.4980Y12.9089
G01 X14.5732Y13.4287
G01 X15.3119Y13.6930
G00 Z20.0000
G00 X14.5602Y13.8484
G01 Z20.0000
G01 X14.4571Y13.8115
G01 X12.4200Y13.3012
G01 X10.3426Y12.9930
G01 X8.2450Y12.8900
G01 X7.8848Y12.9077
G00 Z20.0000
G00 X7.7731Y13.3132
G01 Z20.0000
G01 X8.2450Y13.2900
G01 X10.3034Y13.3911
G01 X12.3419Y13.6935
G01 X12.4271Y13.7149
G00 Z20.0000
G00 X11.7577Y14.0107
G01 Z20.0000
G01 X10.2642Y13.7892
G01 X8.2450Y13.6900
G01 X7.5101Y13.7261
G00 Z20.0000
G00 X6.8739Y14.1574
G01 Z20.0000
G01 X8.2450Y14.0900
G01 X10.2250Y14.1873
G01 X11.4211Y14.3647
G00 Z20.0000
G00 X11.2338Y14.7408
G01 Z20.0000
G01 X10.1858Y14.5853
G01 X8.2450Y14.4900
G01 X6.3043Y14.5853
G01 X4.3822Y14.8705
G01 X2.4974Y15.3426
G01 X0.6679Y15.9972
G01 X0.2600Y16.1901
G01 X0.2600Y15.7482
G01 X0.5148Y15.6276
G01 X2.3813Y14.9598
G01 X4.3042Y14.4781
G01 X6.0458Y14.2198
G00 Z20.0000
G00 X5.3867Y13.9137
G01 Z20.0000
G01 X4.2262Y14.0858
G01 X2.2652Y14.5770
G01 X0.3618Y15.2581
G01 X0.2600Y15.3062
G01 X0.2600Y14.8702
G01 X2.1491Y14.1943
G01 X4.1481Y13.6935
G01 X5.0594Y13.5583
G00 Z20.0000
G00 X4.8774Y13.1814
G01 Z20.0000
G01 X4.0701Y13.3012
G01 X2.0329Y13.8115
G01 X0.2600Y14.4458
G01 X0.2600Y14.0215
G01 X1.9168Y13.4287
G01 X3.9921Y12.9089
G01 X4.8038Y12.7885
G00 Z20.0000
G00 X4.8337Y12.3802
G01 Z20.0000
G01 X3.9140Y12.5166
G01 X1.8007Y13.0459
G01 X0.2600Y13.5972
G01 X0.2600Y13.1729
G01 X1.6846Y12.6631
G01 X3.8360Y12.1243
G01 X4.9924Y11.9527
G00 Z20.0000
G00 X5.3801Y11.4913
G01 Z20.0000
G01 X3.7580Y11.7319
G01 X1.5685Y12.2804
G01 X0.2600Y12.7486
G01 X0.2600Y12.3242
G01 X1.4524Y11.8976
G01 X3.6799Y11.3396
G01 X5.1365Y11.1236
G00 Z20.0000
G00 X4.9176Y10.7521
G01 Z20.0000
G01 X3.6019Y10.9473
G01 X1.3363Y11.5148
G01 X0.2600Y11.8999
G01 X0.2600Y11.4756
G01 X1.2201Y11.1320
G01 X3.5238Y10.5550
G01 X4.8146Y10.3635
G00 Z20.0000
G00 X4.8001Y10.1710
G01 Z20.0000
G01 X4.8004Y10.1410
G01 X4.8058Y10.0301
G01 X4.8102Y9.9862
G01 X4.8260Y9.8794
G01 X4.8311Y9.8516
G01 X4.8609Y9.7313
G01 X4.8686Y9.7042
G01 X4.9157Y9.5725
G01 X4.9269Y9.5466
G01 X4.9731Y9.4491
G01 X4.9939Y9.4101
G01 X5.0526Y9.3123
G01 X5.0739Y9.2808
G01 X5.1382Y9.1941
G01 X5.1558Y9.1720
G01 X5.2497Y9.0684
G01 X5.2700Y9.0488
G01 X5.3620Y8.9658
G01 X5.3841Y8.9482
G01 X5.4708Y8.8839
G01 X5.5075Y8.8594
G01 X5.6054Y8.8008
G01 X5.6391Y8.7831
G01 X5.7366Y8.7369
G01 X5.7625Y8.7257
G01 X5.8791Y8.6837
G01 X5.9060Y8.6750
G01 X6.0416Y8.6411
G01 X6.0694Y8.6360
G01 X6.1762Y8.6202
G01 X6.2201Y8.6158
G01 X6.3341Y8.6103
G01 X6.3721Y8.6105
G01 X6.4799Y8.6158
G01 X6.5080Y8.6181
G01 X6.6464Y8.6387
G01 X6.6739Y8.6446
G01 X6.7941Y8.6750
G01 X6.8209Y8.6837
G01 X6.9226Y8.7200
G01 X6.9578Y8.7344
G01 X7.0609Y8.7831
G01 X7.0999Y8.8039
G01 X7.1925Y8.8594
G01 X7.2162Y8.8747
G01 X7.3285Y8.9580
G01 X7.3500Y8.9763
G01 X7.4416Y9.0597
G01 X7.4612Y9.0800
G01 X7.5337Y9.1600
G01 X7.5618Y9.1941
G01 X7.6261Y9.2808
G01 X7.6474Y9.3123
G01 X7.7061Y9.4101
G01 X7.7198Y9.4348
G01 X7.7731Y9.5466
G01 X7.7843Y9.5725
G01 X7.8263Y9.6891
G01 X7.8350Y9.7160
G01 X7.8654Y9.8361
G01 X7.8713Y9.8636
G01 X7.8898Y9.9862
G01 X7.8931Y10.0142
G01 X7.8995Y10.1379
G01 X7.8999Y10.1661
G01 X7.8931Y10.3058
G01 X7.8898Y10.3338
G01 X7.8713Y10.4564
G01 X7.8654Y10.4839
G01 X7.8350Y10.6040
G01 X7.8263Y10.6309
G01 X7.7843Y10.7475
G01 X7.7731Y10.7734
G01 X7.7198Y10.8852
G01 X7.7061Y10.9099
G01 X7.6421Y11.0160
G01 X7.6261Y11.0392
G01 X7.5520Y11.1385
G01 X7.5337Y11.1600
G01 X7.4503Y11.2516
G01 X7.4300Y11.2712
G01 X7.3380Y11.3542
G01 X7.3159Y11.3718
G01 X7.2374Y11.4300
G01 X7.3159Y11.4882
G01 X7.3380Y11.5058
G01 X7.4300Y11.5888
G01 X7.4612Y11.6200
G01 X7.5337Y11.7000
G01 X7.5520Y11.7215
G01 X7.6261Y11.8208
G01 X7.6506Y11.8575
G01 X7.7140Y11.9640
G01 X7.7269Y11.9891
G01 X7.7731Y12.0866
G01 X7.7900Y12.1274
G01 X7.8263Y12.2291
G01 X7.8350Y12.2560
G01 X7.8654Y12.3761
G01 X7.8740Y12.4194
G01 X7.8898Y12.5262
G01 X7.8931Y12.5542
G01 X7.8995Y12.6779
G01 X7.8995Y12.7221
G01 X7.8931Y12.8458
G01 X7.8898Y12.8738
G01 X7.8740Y12.9806
G01 X7.8689Y13.0084
G01 X7.8391Y13.1287
G01 X7.8263Y13.1709
G01 X7.7900Y13.2726
G01 X7.7796Y13.2988
G01 X7.7269Y13.4109
G01 X7.7092Y13.4446
G01 X7.6506Y13.5425
G01 X7.6261Y13.5792
G01 X7.5520Y13.6785
G01 X7.5337Y13.7000
G01 X7.4503Y13.7916
G01 X7.4300Y13.8112
G01 X7.3500Y13.8837
G01 X7.3285Y13.9020
G01 X7.2292Y13.9761
G01 X7.1977Y13.9974
G01 X7.0999Y14.0561
G01 X7.0752Y14.0698
G01 X6.9634Y14.1231
G01 X6.9375Y14.1343
G01 X6.8209Y14.1763
G01 X6.7941Y14.1850
G01 X6.6739Y14.2154
G01 X6.6464Y14.2213
G01 X6.5238Y14.2398
G01 X6.4958Y14.2431
G01 X6.3721Y14.2495
G01 X6.3439Y14.2499
G01 X6.2201Y14.2442
G01 X6.1920Y14.2419
G01 X6.0694Y14.2240
G01 X6.0416Y14.2189
G01 X5.9213Y14.1891
G01 X5.8942Y14.1814
G01 X5.7774Y14.1400
G01 X5.7512Y14.1296
G01 X5.6391Y14.0769
G01 X5.6140Y14.0640
G01 X5.5075Y14.0006
G01 X5.4838Y13.9853
G01 X5.3841Y13.9118
G01 X5.3620Y13.8942
G01 X5.2700Y13.8112
G01 X5.2497Y13.7916
G01 X5.1663Y13.7000
G01 X5.1480Y13.6785
G01 X5.0739Y13.5792
G01 X5.0526Y13.5477
G01 X4.9939Y13.4499
G01 X4.9802Y13.4252
G01 X4.9269Y13.3134
G01 X4.9157Y13.2875
G01 X4.8737Y13.1709
G01 X4.8650Y13.1440
G01 X4.8346Y13.0239
G01 X4.8287Y12.9964
G01 X4.8102Y12.8738
G01 X4.8069Y12.8458
G01 X4.8001Y12.7049
G01 X4.8005Y12.6779
G01 X4.8069Y12.5542
G01 X4.8102Y12.5262
G01 X4.8287Y12.4036
G01 X4.8346Y12.3761
G01 X4.8650Y12.2560
G01 X4.8737Y12.2291
G01 X4.9157Y12.1125
G01 X4.9269Y12.0866
G01 X4.9802Y11.9748
G01 X4.9939Y11.9501
G01 X5.0579Y11.8440
G01 X5.0739Y11.8208
G01 X5.1480Y11.7215
G01 X5.1663Y11.7000
G01 X5.2497Y11.6084
G01 X5.2700Y11.5888
G01 X5.3620Y11.5058
G01 X5.3841Y11.4882
G01 X5.4626Y11.4300
G01 X5.3841Y11.3718
G01 X5.3620Y11.3542
G01 X5.2700Y11.2712
G01 X5.2429Y11.2445
G01 X5.1663Y11.1600
G01 X5.1382Y11.1259
G01 X5.0647Y11.0262
G01 X5.0494Y11.0025
G01 X4.9939Y10.9099
G01 X4.9802Y10.8852
G01 X4.9269Y10.7734
G01 X4.9157Y10.7475
G01 X4.8737Y10.6309
G01 X4.8609Y10.5887
G01 X4.8311Y10.4684
G01 X4.8260Y10.4406
G01 X4.8102Y10.3338
G01 X4.8062Y10.2960
G01 X4.8001Y10.1710
G00 Z20.0000
G00 X4.8141Y9.9597
G01 Z20.0000
G01 X3.4458Y10.1627
G01 X1.1040Y10.7493
G01 X0.2600Y11.0513
G01 X0.2600Y10.6269
G01 X0.9879Y10.3665
G01 X3.3678Y9.7704
G01 X4.9308Y9.5385
G00 Z20.0000
G00 X5.2294Y9.0903
G01 Z20.0000
G01 X3.2897Y9.3781
G01 X0.8718Y9.9837
G01 X0.2600Y10.2026
G01 X0.2600Y5.6065
G01 X2.4313Y5.0626
G01 X2.9609Y4.9840
G00 Z20.0000
G00 X2.6155Y4.6314
G01 Z20.0000
G01 X2.3533Y4.6703
G01 X0.2600Y5.1946
G01 X0.2600Y4.7828
G01 X2.2753Y4.2780
G01 X2.4305Y4.2549
G00 Z20.0000
G00 X2.3620Y3.8612
G01 Z20.0000
G01 X2.1972Y3.8857
G01 X0.2600Y4.3709
G01 X0.2600Y3.9590
G01 X2.1192Y3.4933
G01 X2.4064Y3.4507
G00 Z20.0000
G00 X2.3601Y3.8210
G01 Z20.0000
G01 X2.3605Y3.7879
G01 X2.3665Y3.6740
G01 X2.3697Y3.6460
G01 X2.3867Y3.5332
G01 X2.3927Y3.5056
G01 X2.4207Y3.3950
G01 X2.4294Y3.3681
G01 X2.4681Y3.2608
G01 X2.4793Y3.2349
G01 X2.5284Y3.1319
G01 X2.5421Y3.1073
G01 X2.6010Y3.0096
G01 X2.6171Y2.9864
G01 X2.6853Y2.8949
G01 X2.7036Y2.8734
G01 X2.7804Y2.7891
G01 X2.8007Y2.7695
G01 X2.8854Y2.6931
G01 X2.9075Y2.6755
G01 X2.9994Y2.6078
G01 X3.0231Y2.5926
G01 X3.1211Y2.5342
G01 X3.1462Y2.5213
G01 X3.2495Y2.4728
G01 X3.2757Y2.4624
G01 X3.3832Y2.4243
G01 X3.4104Y2.4165
G01 X3.5211Y2.3891
G01 X3.5489Y2.3841
G01 X3.6618Y2.3677
G01 X3.6899Y2.3654
G01 X3.8039Y2.3601
G01 X3.8321Y2.3605
G01 X3.9460Y2.3665
G01 X3.9740Y2.3697
G01 X4.0868Y2.3867
G01 X4.1144Y2.3927
G01 X4.2250Y2.4207
G01 X4.2519Y2.4294
G01 X4.3592Y2.4681
G01 X4.3851Y2.4793
G01 X4.4881Y2.5284
G01 X4.5127Y2.5421
G01 X4.6104Y2.6010
G01 X4.6336Y2.6171
G01 X4.7251Y2.6853
G01 X4.7466Y2.7036
G01 X4.8309Y2.7804
G01 X4.8505Y2.8007
G01 X4.9269Y2.8854
G01 X4.9445Y2.9075
G01 X5.0122Y2.9994
G01 X5.0274Y3.0231
G01 X5.0858Y3.1211
G01 X5.0987Y3.1462
G01 X5.1472Y3.2495
G01 X5.1576Y3.2757
G01 X5.1957Y3.3832
G01 X5.2035Y3.4104
G01 X5.2309Y3.5211
G01 X5.2359Y3.5489
G01 X5.2523Y3.6618
G01 X5.2546Y3.6899
G01 X5.2599Y3.8039
G01 X5.2595Y3.8321
G01 X5.2535Y3.9460
G01 X5.2503Y3.9740
G01 X5.2333Y4.0868
G01 X5.2273Y4.1144
G01 X5.1993Y4.2250
G01 X5.1906Y4.2519
G01 X5.1519Y4.3592
G01 X5.1407Y4.3851
G01 X5.0916Y4.4881
G01 X5.0779Y4.5127
G01 X5.0190Y4.6104
G01 X5.0029Y4.6336
G01 X4.9347Y4.7251
G01 X4.9164Y4.7466
G01 X4.8396Y4.8309
G01 X4.8193Y4.8505
G01 X4.7346Y4.9269
G01 X4.7125Y4.9445
G01 X4.6206Y5.0122
G01 X4.5969Y5.0274
G01 X4.4989Y5.0858
G01 X4.4738Y5.0987
G01 X4.3705Y5.1472
G01 X4.3443Y5.1576
G01 X4.2368Y5.1957
G01 X4.2096Y5.2035
G01 X4.0989Y5.2309
G01 X4.0711Y5.2359
G01 X3.9582Y5.2523
G01 X3.9301Y5.2546
G01 X3.8161Y5.2599
G01 X3.7879Y5.2595
G01 X3.6740Y5.2535
G01 X3.6460Y5.2503
G01 X3.5332Y5.2333
G01 X3.5056Y5.2273
G01 X3.3950Y5.1993
G01 X3.3681Y5.1906
G01 X3.2608Y5.1519
G01 X3.2349Y5.1407
G01 X3.1319Y5.0916
G01 X3.1073Y5.0779
G01 X3.0096Y5.0190
G01 X2.9864Y5.0029
G01 X2.8949Y4.9347
G01 X2.8734Y4.9164
G01 X2.7891Y4.8396
G01 X2.7695Y4.8193
G01 X2.6931Y4.7346
G01 X2.6755Y4.7125
G01 X2.6078Y4.6206
G01 X2.5926Y4.5969
G01 X2.5342Y4.4989
G01 X2.5213Y4.4738
G01 X2.4728Y4.3705
G01 X2.4624Y4.3443
G01 X2.4243Y4.2368
G01 X2.4165Y4.2096
G01 X2.3891Y4.0989
G01 X2.3841Y4.0711
G01 X2.3677Y3.9582
G01 X2.3654Y3.9301
G01 X2.3601Y3.8210
G00 Z20.0000
G00 X2.5952Y3.0188
G01 Z20.0000
G01 X2.0412Y3.1010
G01 X0.2600Y3.5472
G01 X0.2600Y3.1353
G01 X1.9631Y2.7087
G01 X3.1145Y2.5379
G01 X0.2600Y2.7235
G01 X1.8851Y2.3164
G01 X5.0497Y1.8470
G01 X8.2450Y1.6900
G01 X11.4404Y1.8470
G01 X14.6050Y2.3164
G01 X17.7083Y3.0937
G01 X20.7205Y4.1715
G01 X23.6126Y5.5394
G01 X26.3566Y7.1841
G01 X28.9263Y9.0899
G01 X31.2967Y11.2383
G01 X33.4452Y13.6088
G01 X35.3509Y16.1784
G01 X35.6855Y16.7366
G00 Z20.0000
G00 X35.9946Y16.4752
G01 Z20.0000
G01 X35.9396Y16.3834
G00 Z20.0000
G00 X35.4303Y15.6148
G01 Z20.0000
G01 X33.7544Y13.3550
G01 X31.5796Y10.9555
G01 X29.1800Y8.7807
G01 X26.5788Y6.8515
G01 X23.8011Y5.1866
G01 X20.8736Y3.8020
G01 X17.8244Y2.7110
G01 X14.6830Y1.9241
G01 X11.4796Y1.4489
G01 X8.2450Y1.2900
G01 X5.0105Y1.4489
G01 X1.8071Y1.9241
G01 X0.2600Y2.3116
G01 X0.2600Y1.8997
G01 X1.7290Y1.5318
G01 X4.9713Y1.0508
G01 X8.2450Y0.8900
G01 X11.5188Y1.0508
G01 X14.7610Y1.5318
G01 X17.9405Y2.3282
G01 X21.0267Y3.4324
G01 X23.9897Y4.8338
G01 X25.1957Y5.5567
G00 Z20.0000
G00 X25.1201Y5.0910
G01 Z20.0000
G01 X25.1205Y5.0579
G01 X25.1269Y4.9342
G01 X25.1302Y4.9062
G01 X25.1487Y4.7836
G01 X25.1546Y4.7561
G01 X25.1850Y4.6360
G01 X25.1937Y4.6091
G01 X25.2357Y4.4925
G01 X25.2469Y4.4666
G01 X25.3002Y4.3548
G01 X25.3139Y4.3301
G01 X25.3779Y4.2240
G01 X25.3939Y4.2008
G01 X25.4680Y4.1015
G01 X25.4863Y4.0800
G01 X25.5697Y3.9884
G01 X25.5900Y3.9688
G01 X25.6820Y3.8858
G01 X25.7041Y3.8682
G01 X25.8038Y3.7947
G01 X25.8275Y3.7794
G01 X25.9340Y3.7160
G01 X25.9591Y3.7031
G01 X26.0712Y3.6504
G01 X26.0974Y3.6400
G01 X26.2142Y3.5986
G01 X26.2413Y3.5909
G01 X26.3616Y3.5611
G01 X26.3894Y3.5560
G01 X26.5120Y3.5381
G01 X26.5401Y3.5358
G01 X26.6639Y3.5301
G01 X26.6921Y3.5305
G01 X26.7999Y3.5358
G01 X26.8280Y3.5381
G01 X26.9506Y3.5560
G01 X26.9939Y3.5646
G01 X27.0987Y3.5909
G01 X27.1258Y3.5986
G01 X27.2426Y3.6400
G01 X27.2834Y3.6569
G01 X27.3952Y3.7102
G01 X27.4199Y3.7239
G01 X27.5125Y3.7794
G01 X27.5362Y3.7947
G01 X27.6359Y3.8682
G01 X27.6700Y3.8963
G01 X27.7545Y3.9729
G01 X27.7812Y4.0000
G01 X27.8642Y4.0920
G01 X27.8818Y4.1141
G01 X27.9400Y4.1926
G01 X27.9982Y4.1141
G01 X28.0158Y4.0920
G01 X28.0988Y4.0000
G01 X28.1255Y3.9729
G01 X28.2100Y3.8963
G01 X28.2441Y3.8682
G01 X28.3438Y3.7947
G01 X28.3675Y3.7794
G01 X28.4601Y3.7239
G01 X28.4848Y3.7102
G01 X28.5966Y3.6569
G01 X28.6225Y3.6457
G01 X28.7391Y3.6037
G01 X28.7813Y3.5909
G01 X28.8920Y3.5632
G01 X28.9294Y3.5560
G01 X29.0362Y3.5402
G01 X29.0642Y3.5369
G01 X29.1879Y3.5305
G01 X29.2321Y3.5305
G01 X29.3558Y3.5369
G01 X29.3838Y3.5402
G01 X29.4906Y3.5560
G01 X29.5339Y3.5646
G01 X29.6387Y3.5909
G01 X29.6658Y3.5986
G01 X29.7826Y3.6400
G01 X29.8234Y3.6569
G01 X29.9352Y3.7102
G01 X29.9599Y3.7239
G01 X30.0525Y3.7794
G01 X30.0762Y3.7947
G01 X30.1759Y3.8682
G01 X30.2100Y3.8963
G01 X30.2945Y3.9729
G01 X30.3212Y4.0000
G01 X30.4042Y4.0920
G01 X30.4218Y4.1141
G01 X30.4800Y4.1926
G01 X30.5382Y4.1141
G01 X30.5558Y4.0920
G01 X30.6388Y4.0000
G01 X30.6655Y3.9729
G01 X30.7500Y3.8963
G01 X30.7841Y3.8682
G01 X30.8838Y3.7947
G01 X30.9075Y3.7794
G01 X31.0001Y3.7239
G01 X31.0248Y3.7102
G01 X31.1366Y3.6569
G01 X31.1625Y3.6457
G01 X31.2791Y3.6037
G01 X31.3213Y3.5909
G01 X31.4320Y3.5632
G01 X31.4694Y3.5560
G01 X31.5762Y3.5402
G01 X31.6042Y3.5369
G01 X31.7279Y3.5305
G01 X31.7721Y3.5305
G01 X31.8958Y3.5369
G01 X31.9238Y3.5402
G01 X32.0306Y3.5560
G01 X32.0739Y3.5646
G01 X32.1787Y3.5909
G01 X32.2058Y3.5986
G01 X32.3226Y3.6400
G01 X32.3634Y3.6569
G01 X32.4752Y3.7102
G01 X32.4999Y3.7239
G01 X32.5925Y3.7794
G01 X32.6162Y3.7947
G01 X32.7159Y3.8682
G01 X32.7500Y3.8963
G01 X32.8345Y3.9729
G01 X32.8612Y4.0000
G01 X32.9442Y4.0920
G01 X32.9618Y4.1141
G01 X33.0200Y4.1926
G01 X33.0782Y4.1141
G01 X33.0958Y4.0920
G01 X33.1788Y4.0000
G01 X33.2055Y3.9729
G01 X33.2900Y3.8963
G01 X33.3241Y3.8682
G01 X33.4238Y3.7947
G01 X33.4475Y3.7794
G01 X33.5454Y3.7208
G01 X33.5791Y3.7031
G01 X33.6912Y3.6504
G01 X33.7174Y3.6400
G01 X33.8191Y3.6037
G01 X33.8460Y3.5950
G01 X33.9661Y3.5646
G01 X33.9936Y3.5587
G01 X34.1162Y3.5402
G01 X34.1601Y3.5358
G01 X34.2679Y3.5305
G01 X34.2961Y3.5301
G01 X34.4199Y3.5358
G01 X34.4578Y3.5393
G01 X34.5767Y3.5570
G01 X34.6139Y3.5646
G01 X34.7187Y3.5909
G01 X34.7458Y3.5986
G01 X34.8626Y3.6400
G01 X34.9034Y3.6569
G01 X35.0009Y3.7031
G01 X35.0260Y3.7160
G01 X35.1325Y3.7794
G01 X35.1692Y3.8039
G01 X35.2685Y3.8780
G01 X35.2900Y3.8963
G01 X35.3700Y3.9688
G01 X35.4012Y4.0000
G01 X35.4842Y4.0920
G01 X35.5018Y4.1141
G01 X35.5600Y4.1926
G01 X35.6182Y4.1141
G01 X35.6358Y4.0920
G01 X35.7188Y4.0000
G01 X35.7455Y3.9729
G01 X35.8300Y3.8963
G01 X35.8641Y3.8682
G01 X35.9638Y3.7947
G01 X35.9875Y3.7794
G01 X36.0854Y3.7208
G01 X36.1191Y3.7031
G01 X36.2312Y3.6504
G01 X36.2574Y3.6400
G01 X36.3742Y3.5986
G01 X36.4013Y3.5909
G01 X36.5061Y3.5646
G01 X36.5336Y3.5587
G01 X36.6562Y3.5402
G01 X36.6940Y3.5362
G01 X36.8141Y3.5303
G01 X36.8521Y3.5305
G01 X36.9599Y3.5358
G01 X36.9880Y3.5381
G01 X37.1167Y3.5570
G01 X37.1539Y3.5646
G01 X37.2587Y3.5909
G01 X37.2858Y3.5986
G01 X37.4026Y3.6400
G01 X37.4434Y3.6569
G01 X37.5552Y3.7102
G01 X37.5799Y3.7239
G01 X37.6725Y3.7794
G01 X37.7092Y3.8039
G01 X37.8085Y3.8780
G01 X37.8300Y3.8963
G01 X37.9100Y3.9688
G01 X37.9412Y4.0000
G01 X38.0242Y4.0920
G01 X38.0418Y4.1141
G01 X38.1000Y4.1926
G01 X38.1582Y4.1141
G01 X38.1758Y4.0920
G01 X38.2588Y4.0000
G01 X38.2855Y3.9729
G01 X38.3700Y3.8963
G01 X38.4041Y3.8682
G01 X38.5038Y3.7947
G01 X38.5275Y3.7794
G01 X38.6201Y3.7239
G01 X38.6591Y3.7031
G01 X38.7712Y3.6504
G01 X38.7974Y3.6400
G01 X38.9142Y3.5986
G01 X38.9413Y3.5909
G01 X39.0616Y3.5611
G01 X39.0894Y3.5560
G01 X39.2120Y3.5381
G01 X39.2401Y3.5358
G01 X39.3479Y3.5305
G01 X39.3921Y3.5305
G01 X39.4999Y3.5358
G01 X39.5280Y3.5381
G01 X39.6506Y3.5560
G01 X39.6939Y3.5646
G01 X39.7987Y3.5909
G01 X39.8258Y3.5986
G01 X39.9426Y3.6400
G01 X39.9834Y3.6569
G01 X40.0952Y3.7102
G01 X40.1199Y3.7239
G01 X40.2125Y3.7794
G01 X40.2492Y3.8039
G01 X40.3485Y3.8780
G01 X40.3700Y3.8963
G01 X40.4500Y3.9688
G01 X40.4812Y4.0000
G01 X40.5642Y4.0920
G01 X40.5818Y4.1141
G01 X40.6400Y4.1926
G01 X40.6982Y4.1141
G01 X40.7158Y4.0920
G01 X40.7988Y4.0000
G01 X40.8300Y3.9688
G01 X40.9100Y3.8963
G01 X40.9315Y3.8780
G01 X41.0438Y3.7947
G01 X41.0675Y3.7794
G01 X41.1601Y3.7239
G01 X41.1991Y3.7031
G01 X41.2966Y3.6569
G01 X41.3225Y3.6457
G01 X41.4542Y3.5986
G01 X41.4813Y3.5909
G01 X41.5861Y3.5646
G01 X41.6294Y3.5560
G01 X41.7520Y3.5381
G01 X41.7801Y3.5358
G01 X41.8879Y3.5305
G01 X41.9321Y3.5305
G01 X42.0399Y3.5358
G01 X42.0680Y3.5381
G01 X42.1967Y3.5570
G01 X42.2339Y3.5646
G01 X42.3540Y3.5950
G01 X42.3809Y3.6037
G01 X42.4975Y3.6457
G01 X42.5234Y3.6569
G01 X42.6352Y3.7102
G01 X42.6599Y3.7239
G01 X42.7660Y3.7879
G01 X42.7892Y3.8039
G01 X42.8885Y3.8780
G01 X42.9100Y3.8963
G01 X43.0016Y3.9797
G01 X43.0212Y4.0000
G01 X43.1042Y4.0920
G01 X43.1218Y4.1141
G01 X43.1800Y4.1926
G01 X43.2382Y4.1141
G01 X43.2558Y4.0920
G01 X43.3388Y4.0000
G01 X43.3700Y3.9688
G01 X43.4500Y3.8963
G01 X43.4715Y3.8780
G01 X43.5708Y3.8039
G01 X43.6075Y3.7794
G01 X43.7140Y3.7160
G01 X43.7391Y3.7031
G01 X43.8366Y3.6569
G01 X43.8774Y3.6400
G01 X43.9791Y3.6037
G01 X44.0060Y3.5950
G01 X44.1261Y3.5646
G01 X44.1694Y3.5560
G01 X44.2920Y3.5381
G01 X44.3201Y3.5358
G01 X44.4279Y3.5305
G01 X44.4721Y3.5305
G01 X44.5958Y3.5369
G01 X44.6238Y3.5402
G01 X44.7464Y3.5587
G01 X44.7739Y3.5646
G01 X44.8940Y3.5950
G01 X44.9209Y3.6037
G01 X45.0375Y3.6457
G01 X45.0634Y3.6569
G01 X45.1609Y3.7031
G01 X45.1999Y3.7239
G01 X45.3060Y3.7879
G01 X45.3292Y3.8039
G01 X45.4159Y3.8682
G01 X45.4500Y3.8963
G01 X45.5345Y3.9729
G01 X45.5612Y4.0000
G01 X45.6337Y4.0800
G01 X45.6520Y4.1015
G01 X45.7261Y4.2008
G01 X45.7421Y4.2240
G01 X45.8061Y4.3301
G01 X45.8198Y4.3548
G01 X45.8731Y4.4666
G01 X45.8843Y4.4925
G01 X45.9263Y4.6091
G01 X45.9350Y4.6359
G01 X45.9654Y4.7561
G01 X45.9713Y4.7836
G01 X45.9898Y4.9062
G01 X45.9931Y4.9342
G01 X45.9999Y5.0739
G01 X45.9995Y5.1021
G01 X45.9931Y5.2258
G01 X45.9898Y5.2538
G01 X45.9713Y5.3764
G01 X45.9654Y5.4039
G01 X45.9350Y5.5241
G01 X45.9263Y5.5509
G01 X45.8843Y5.6675
G01 X45.8731Y5.6934
G01 X45.8198Y5.8052
G01 X45.8061Y5.8299
G01 X45.7421Y5.9360
G01 X45.7261Y5.9592
G01 X45.6520Y6.0585
G01 X45.6337Y6.0800
G01 X45.5503Y6.1716
G01 X45.5300Y6.1912
G01 X45.4380Y6.2742
G01 X45.4159Y6.2918
G01 X45.3162Y6.3653
G01 X45.2925Y6.3806
G01 X45.1860Y6.4440
G01 X45.1609Y6.4569
G01 X45.0488Y6.5096
G01 X45.0226Y6.5200
G01 X44.9058Y6.5614
G01 X44.8787Y6.5691
G01 X44.7584Y6.5989
G01 X44.7306Y6.6040
G01 X44.6080Y6.6219
G01 X44.5799Y6.6242
G01 X44.4561Y6.6299
G01 X44.4279Y6.6295
G01 X44.3201Y6.6242
G01 X44.2920Y6.6219
G01 X44.1694Y6.6040
G01 X44.1261Y6.5954
G01 X44.0213Y6.5691
G01 X43.9942Y6.5614
G01 X43.8774Y6.5200
G01 X43.8366Y6.5031
G01 X43.7248Y6.4498
G01 X43.7001Y6.4361
G01 X43.6075Y6.3806
G01 X43.5838Y6.3653
G01 X43.4841Y6.2918
G01 X43.4500Y6.2637
G01 X43.3655Y6.1871
G01 X43.3388Y6.1600
G01 X43.2558Y6.0680
G01 X43.2382Y6.0459
G01 X43.1800Y5.9674
G01 X43.1218Y6.0459
G01 X43.1042Y6.0680
G01 X43.0212Y6.1600
G01 X42.9945Y6.1871
G01 X42.9100Y6.2637
G01 X42.8759Y6.2918
G01 X42.7762Y6.3653
G01 X42.7525Y6.3806
G01 X42.6599Y6.4361
G01 X42.6352Y6.4498
G01 X42.5234Y6.5031
G01 X42.4975Y6.5143
G01 X42.3809Y6.5563
G01 X42.3387Y6.5691
G01 X42.2280Y6.5968
G01 X42.1906Y6.6040
G01 X42.0680Y6.6219
G01 X42.0399Y6.6242
G01 X41.9321Y6.6295
G01 X41.8879Y6.6295
G01 X41.7801Y6.6242
G01 X41.7520Y6.6219
G01 X41.6294Y6.6040
G01 X41.5861Y6.5954
G01 X41.4660Y6.5650
G01 X41.4391Y6.5563
G01 X41.3374Y6.5200
G01 X41.2966Y6.5031
G01 X41.1848Y6.4498
G01 X41.1601Y6.4361
G01 X41.0675Y6.3806
G01 X41.0438Y6.3653
G01 X40.9441Y6.2918
G01 X40.9100Y6.2637
G01 X40.8255Y6.1871
G01 X40.7988Y6.1600
G01 X40.7158Y6.0680
G01 X40.6982Y6.0459
G01 X40.6400Y5.9674
G01 X40.5818Y6.0459
G01 X40.5642Y6.0680
G01 X40.4812Y6.1600
G01 X40.4545Y6.1871
G01 X40.3700Y6.2637
G01 X40.3359Y6.2918
G01 X40.2362Y6.3653
G01 X40.2125Y6.3806
G01 X40.1199Y6.4361
G01 X40.0952Y6.4498
G01 X39.9834Y6.5031
G01 X39.9575Y6.5143
G01 X39.8409Y6.5563
G01 X39.7987Y6.5691
G01 X39.6880Y6.5968
G01 X39.6506Y6.6040
G01 X39.5438Y6.6198
G01 X39.5158Y6.6231
G01 X39.3921Y6.6295
G01 X39.3479Y6.6295
G01 X39.2242Y6.6231
G01 X39.1962Y6.6198
G01 X39.0894Y6.6040
G01 X39.0461Y6.5954
G01 X38.9413Y6.5691
G01 X38.9142Y6.5614
G01 X38.7974Y6.5200
G01 X38.7566Y6.5031
G01 X38.6448Y6.4498
G01 X38.6201Y6.4361
G01 X38.5275Y6.3806
G01 X38.5038Y6.3653
G01 X38.4041Y6.2918
G01 X38.3700Y6.2637
G01 X38.2855Y6.1871
G01 X38.2588Y6.1600
G01 X38.1758Y6.0680
G01 X38.1582Y6.0459
G01 X38.1000Y5.9674
G01 X38.0418Y6.0459
G01 X38.0242Y6.0680
G01 X37.9412Y6.1600
G01 X37.9145Y6.1871
G01 X37.8300Y6.2637
G01 X37.7959Y6.2918
G01 X37.6962Y6.3653
G01 X37.6725Y6.3806
G01 X37.5746Y6.4392
G01 X37.5409Y6.4569
G01 X37.4288Y6.5096
G01 X37.4026Y6.5200
G01 X37.3009Y6.5563
G01 X37.2740Y6.5650
G01 X37.1539Y6.5954
G01 X37.1264Y6.6013
G01 X37.0038Y6.6198
G01 X36.9599Y6.6242
G01 X36.8521Y6.6295
G01 X36.8239Y6.6299
G01 X36.7001Y6.6242
G01 X36.6622Y6.6207
G01 X36.5433Y6.6030
G01 X36.5061Y6.5954
G01 X36.4013Y6.5691
G01 X36.3742Y6.5614
G01 X36.2574Y6.5200
G01 X36.2166Y6.5031
G01 X36.1191Y6.4569
G01 X36.0940Y6.4440
G01 X35.9875Y6.3806
G01 X35.9508Y6.3561
G01 X35.8515Y6.2820
G01 X35.8300Y6.2637
G01 X35.7500Y6.1912
G01 X35.7188Y6.1600
G01 X35.6358Y6.0680
G01 X35.6182Y6.0459
G01 X35.5600Y5.9674
G01 X35.5018Y6.0459
G01 X35.4842Y6.0680
G01 X35.4012Y6.1600
G01 X35.3745Y6.1871
G01 X35.2900Y6.2637
G01 X35.2559Y6.2918
G01 X35.1562Y6.3653
G01 X35.1325Y6.3806
G01 X35.0346Y6.4392
G01 X35.0009Y6.4569
G01 X34.8888Y6.5096
G01 X34.8626Y6.5200
G01 X34.7458Y6.5614
G01 X34.7187Y6.5691
G01 X34.6139Y6.5954
G01 X34.5864Y6.6013
G01 X34.4638Y6.6198
G01 X34.4260Y6.6238
G01 X34.3059Y6.6297
G01 X34.2679Y6.6295
G01 X34.1601Y6.6242
G01 X34.1320Y6.6219
G01 X34.0033Y6.6030
G01 X33.9661Y6.5954
G01 X33.8613Y6.5691
G01 X33.8342Y6.5614
G01 X33.7174Y6.5200
G01 X33.6766Y6.5031
G01 X33.5791Y6.4569
G01 X33.5540Y6.4440
G01 X33.4475Y6.3806
G01 X33.4108Y6.3561
G01 X33.3115Y6.2820
G01 X33.2900Y6.2637
G01 X33.2100Y6.1912
G01 X33.1788Y6.1600
G01 X33.0958Y6.0680
G01 X33.0782Y6.0459
G01 X33.0200Y5.9674
G01 X32.9618Y6.0459
G01 X32.9442Y6.0680
G01 X32.8612Y6.1600
G01 X32.8345Y6.1871
G01 X32.7500Y6.2637
G01 X32.7159Y6.2918
G01 X32.6162Y6.3653
G01 X32.5925Y6.3806
G01 X32.4999Y6.4361
G01 X32.4609Y6.4569
G01 X32.3488Y6.5096
G01 X32.3226Y6.5200
G01 X32.2058Y6.5614
G01 X32.1787Y6.5691
G01 X32.0584Y6.5989
G01 X32.0306Y6.6040
G01 X31.9080Y6.6219
G01 X31.8799Y6.6242
G01 X31.7721Y6.6295
G01 X31.7279Y6.6295
G01 X31.6042Y6.6231
G01 X31.5762Y6.6198
G01 X31.4694Y6.6040
G01 X31.4261Y6.5954
G01 X31.3213Y6.5691
G01 X31.2942Y6.5614
G01 X31.1774Y6.5200
G01 X31.1366Y6.5031
G01 X31.0391Y6.4569
G01 X31.0140Y6.4440
G01 X30.9075Y6.3806
G01 X30.8708Y6.3561
G01 X30.7715Y6.2820
G01 X30.7500Y6.2637
G01 X30.6700Y6.1912
G01 X30.6388Y6.1600
G01 X30.5558Y6.0680
G01 X30.5382Y6.0459
G01 X30.4800Y5.9674
G01 X30.4218Y6.0459
G01 X30.4042Y6.0680
G01 X30.3212Y6.1600
G01 X30.2900Y6.1912
G01 X30.2100Y6.2637
G01 X30.1885Y6.2820
G01 X30.0762Y6.3653
G01 X30.0525Y6.3806
G01 X29.9599Y6.4361
G01 X29.9209Y6.4569
G01 X29.8234Y6.5031
G01 X29.7975Y6.5143
G01 X29.6809Y6.5563
G01 X29.6387Y6.5691
G01 X29.5339Y6.5954
G01 X29.5064Y6.6013
G01 X29.3680Y6.6219
G01 X29.3399Y6.6242
G01 X29.2321Y6.6295
G01 X29.1879Y6.6295
G01 X29.0801Y6.6242
G01 X29.0520Y6.6219
G01 X28.9233Y6.6030
G01 X28.8861Y6.5954
G01 X28.7660Y6.5650
G01 X28.7391Y6.5563
G01 X28.6225Y6.5143
G01 X28.5966Y6.5031
G01 X28.4848Y6.4498
G01 X28.4601Y6.4361
G01 X28.3540Y6.3721
G01 X28.3308Y6.3561
G01 X28.2315Y6.2820
G01 X28.2100Y6.2637
G01 X28.1184Y6.1803
G01 X28.0988Y6.1600
G01 X28.0158Y6.0680
G01 X27.9982Y6.0459
G01 X27.9400Y5.9674
G01 X27.8818Y6.0459
G01 X27.8642Y6.0680
G01 X27.7812Y6.1600
G01 X27.7500Y6.1912
G01 X27.6700Y6.2637
G01 X27.6485Y6.2820
G01 X27.5492Y6.3561
G01 X27.5125Y6.3806
G01 X27.4060Y6.4440
G01 X27.3809Y6.4569
G01 X27.2834Y6.5031
G01 X27.2426Y6.5200
G01 X27.1258Y6.5614
G01 X27.0987Y6.5691
G01 X26.9939Y6.5954
G01 X26.9506Y6.6040
G01 X26.8438Y6.6198
G01 X26.8158Y6.6231
G01 X26.6921Y6.6295
G01 X26.6479Y6.6295
G01 X26.5242Y6.6231
G01 X26.4962Y6.6198
G01 X26.3736Y6.6013
G01 X26.3461Y6.5954
G01 X26.2260Y6.5650
G01 X26.1991Y6.5563
G01 X26.0825Y6.5143
G01 X26.0566Y6.5031
G01 X25.9591Y6.4569
G01 X25.9201Y6.4361
G01 X25.8223Y6.3774
G01 X25.7908Y6.3561
G01 X25.7041Y6.2918
G01 X25.6820Y6.2742
G01 X25.5900Y6.1912
G01 X25.5588Y6.1600
G01 X25.4863Y6.0800
G01 X25.4680Y6.0585
G01 X25.3939Y5.9592
G01 X25.3779Y5.9360
G01 X25.3139Y5.8299
G01 X25.3002Y5.8052
G01 X25.2469Y5.6934
G01 X25.2357Y5.6675
G01 X25.1937Y5.5509
G01 X25.1850Y5.5240
G01 X25.1511Y5.3884
G01 X25.1460Y5.3606
G01 X25.1281Y5.2380
G01 X25.1258Y5.2099
G01 X25.1201Y5.0910
G00 Z20.0000
G00 X25.1211Y5.0462
G01 Z20.0000
G01 X24.1782Y4.4811
G01 X21.1797Y3.0629
G01 X18.0567Y1.9454
G01 X14.8391Y1.1395
G01 X11.5580Y0.6528
G01 X8.2450Y0.4900
G01 X4.9321Y0.6528
G01 X1.6510Y1.1395
G01 X0.2600Y1.4879
G00 Z20.0000
G00 X0.2600Y16.6321
G01 Z20.0000
G01 X0.8210Y16.3667
G01 X2.6135Y15.7254
G01 X4.4603Y15.2628
G01 X6.3435Y14.9834
G01 X8.2450Y14.8900
G01 X10.1466Y14.9834
G01 X11.1547Y15.1330
G00 Z20.0000
G00 X11.1501Y15.2510
G01 Z20.0000
G01 X11.1505Y15.2179
G01 X11.1569Y15.0942
G01 X11.1602Y15.0662
G01 X11.1787Y14.9436
G01 X11.1846Y14.9161
G01 X11.2150Y14.7960
G01 X11.2237Y14.7691
G01 X11.2657Y14.6525
G01 X11.2769Y14.6266
G01 X11.3302Y14.5148
G01 X11.3439Y14.4901
G01 X11.4079Y14.3840
G01 X11.4239Y14.3608
G01 X11.4980Y14.2615
G01 X11.5163Y14.2400
G01 X11.5997Y14.1484
G01 X11.6200Y14.1288
G01 X11.7120Y14.0458
G01 X11.7341Y14.0282
G01 X11.8338Y13.9547
G01 X11.8575Y13.9394
G01 X11.9640Y13.8760
G01 X11.9891Y13.8631
G01 X12.1012Y13.8104
G01 X12.1274Y13.8000
G01 X12.2442Y13.7586
G01 X12.2713Y13.7509
G01 X12.3916Y13.7211
G01 X12.4194Y13.7160
G01 X12.5420Y13.6981
G01 X12.5701Y13.6958
G01 X12.6939Y13.6901
G01 X12.7221Y13.6905
G01 X12.8299Y13.6958
G01 X12.8580Y13.6981
G01 X12.9806Y13.7160
G01 X13.0239Y13.7246
G01 X13.1441Y13.7550
G01 X13.1709Y13.7637
G01 X13.2726Y13.8000
G01 X13.3134Y13.8169
G01 X13.4252Y13.8702
G01 X13.4499Y13.8839
G01 X13.5425Y13.9394
G01 X13.5662Y13.9547
G01 X13.6659Y14.0282
G01 X13.7000Y14.0563
G01 X13.7845Y14.1329
G01 X13.8112Y14.1600
G01 X13.8942Y14.2520
G01 X13.9118Y14.2741
G01 X13.9700Y14.3526
G01 X14.0282Y14.2741
G01 X14.0458Y14.2520
G01 X14.1288Y14.1600
G01 X14.1484Y14.1397
G01 X14.2400Y14.0563
G01 X14.2615Y14.0380
G01 X14.3608Y13.9639
G01 X14.3840Y13.9479
G01 X14.4901Y13.8839
G01 X14.5148Y13.8702
G01 X14.6266Y13.8169
G01 X14.6525Y13.8057
G01 X14.7691Y13.7637
G01 X14.7960Y13.7550
G01 X14.9161Y13.7246
G01 X14.9594Y13.7160
G01 X15.0662Y13.7002
G01 X15.0942Y13.6969
G01 X15.2179Y13.6905
G01 X15.2621Y13.6905
G01 X15.3699Y13.6958
G01 X15.3980Y13.6981
G01 X15.5364Y13.7187
G01 X15.5639Y13.7246
G01 X15.6687Y13.7509
G01 X15.7109Y13.7637
G01 X15.8275Y13.8057
G01 X15.8534Y13.8169
G01 X15.9509Y13.8631
G01 X15.9899Y13.8839
G01 X16.0825Y13.9394
G01 X16.1062Y13.9547
G01 X16.2185Y14.0380
G01 X16.2400Y14.0563
G01 X16.3200Y14.1288
G01 X16.3512Y14.1600
G01 X16.4342Y14.2520
G01 X16.4518Y14.2741
G01 X16.5100Y14.3526
G01 X16.5682Y14.2741
G01 X16.5858Y14.2520
G01 X16.6688Y14.1600
G01 X16.7000Y14.1288
G01 X16.7800Y14.0563
G01 X16.8015Y14.0380
G01 X16.9138Y13.9547
G01 X16.9375Y13.9394
G01 X17.0301Y13.8839
G01 X17.0691Y13.8631
G01 X17.1666Y13.8169
G01 X17.1925Y13.8057
G01 X17.3242Y13.7586
G01 X17.3513Y13.7509
G01 X17.4561Y13.7246
G01 X17.4994Y13.7160
G01 X17.6062Y13.7002
G01 X17.6342Y13.6969
G01 X17.7739Y13.6901
G01 X17.8021Y13.6905
G01 X17.9099Y13.6958
G01 X17.9538Y13.7002
G01 X18.0606Y13.7160
G01 X18.0980Y13.7232
G01 X18.2087Y13.7509
G01 X18.2358Y13.7586
G01 X18.3675Y13.8057
G01 X18.3934Y13.8169
G01 X18.5052Y13.8702
G01 X18.5299Y13.8839
G01 X18.6225Y13.9394
G01 X18.6592Y13.9639
G01 X18.7508Y14.0320
G01 X18.7800Y14.0563
G01 X18.8600Y14.1288
G01 X18.8803Y14.1484
G01 X18.9637Y14.2400
G01 X18.9820Y14.2615
G01 X19.0653Y14.3738
G01 X19.0806Y14.3975
G01 X19.1440Y14.5040
G01 X19.1569Y14.5291
G01 X19.2096Y14.6412
G01 X19.2200Y14.6674
G01 X19.2563Y14.7691
G01 X19.2676Y14.8054
G01 X19.2954Y14.9161
G01 X19.3040Y14.9594
G01 X19.3198Y15.0662
G01 X19.3231Y15.0942
G01 X19.3299Y15.2339
G01 X19.3295Y15.2621
G01 X19.3231Y15.3858
G01 X19.3198Y15.4138
G01 X19.3013Y15.5364
G01 X19.2954Y15.5639
G01 X19.2650Y15.6840
G01 X19.2563Y15.7109
G01 X19.2143Y15.8275
G01 X19.2031Y15.8534
G01 X19.1498Y15.9652
G01 X19.1361Y15.9899
G01 X19.0721Y16.0960
G01 X19.0561Y16.1192
G01 X18.9820Y16.2185
G01 X18.9637Y16.2400
G01 X18.8803Y16.3316
G01 X18.8600Y16.3512
G01 X18.7680Y16.4342
G01 X18.7459Y16.4518
G01 X18.6462Y16.5253
G01 X18.6225Y16.5406
G01 X18.5160Y16.6040
G01 X18.4909Y16.6169
G01 X18.3788Y16.6696
G01 X18.3526Y16.6800
G01 X18.2358Y16.7214
G01 X18.2087Y16.7291
G01 X18.0884Y16.7589
G01 X18.0606Y16.7640
G01 X17.9380Y16.7819
G01 X17.9099Y16.7842
G01 X17.7861Y16.7899
G01 X17.7579Y16.7895
G01 X17.6501Y16.7842
G01 X17.6220Y16.7819
G01 X17.4994Y16.7640
G01 X17.4561Y16.7554
G01 X17.3513Y16.7291
G01 X17.3242Y16.7214
G01 X17.2074Y16.6800
G01 X17.1666Y16.6631
G01 X17.0548Y16.6098
G01 X17.0301Y16.5961
G01 X16.9375Y16.5406
G01 X16.9138Y16.5253
G01 X16.8141Y16.4518
G01 X16.7800Y16.4237
G01 X16.6955Y16.3471
G01 X16.6688Y16.3200
G01 X16.5858Y16.2280
G01 X16.5682Y16.2059
G01 X16.5100Y16.1274
G01 X16.4518Y16.2059
G01 X16.4342Y16.2280
G01 X16.3512Y16.3200
G01 X16.3316Y16.3403
G01 X16.2400Y16.4237
G01 X16.2185Y16.4420
G01 X16.1192Y16.5161
G01 X16.0960Y16.5321
G01 X15.9899Y16.5961
G01 X15.9652Y16.6098
G01 X15.8534Y16.6631
G01 X15.8275Y16.6743
G01 X15.7109Y16.7163
G01 X15.6840Y16.7250
G01 X15.5639Y16.7554
G01 X15.5206Y16.7640
G01 X15.4138Y16.7798
G01 X15.3858Y16.7831
G01 X15.2621Y16.7895
G01 X15.2179Y16.7895
G01 X15.1101Y16.7842
G01 X15.0820Y16.7819
G01 X14.9436Y16.7613
G01 X14.9161Y16.7554
G01 X14.8113Y16.7291
G01 X14.7691Y16.7163
G01 X14.6525Y16.6743
G01 X14.6266Y16.6631
G01 X14.5291Y16.6169
G01 X14.4901Y16.5961
G01 X14.3975Y16.5406
G01 X14.3738Y16.5253
G01 X14.2615Y16.4420
G01 X14.2400Y16.4237
G01 X14.1600Y16.3512
G01 X14.1288Y16.3200
G01 X14.0458Y16.2280
G01 X14.0282Y16.2059
G01 X13.9700Y16.1274
G01 X13.9118Y16.2059
G01 X13.8942Y16.2280
G01 X13.8112Y16.3200
G01 X13.7800Y16.3512
G01 X13.7000Y16.4237
G01 X13.6785Y16.4420
G01 X13.5662Y16.5253
G01 X13.5425Y16.5406
G01 X13.4499Y16.5961
G01 X13.4109Y16.6169
G01 X13.3134Y16.6631
G01 X13.2875Y16.6743
G01 X13.1558Y16.7214
G01 X13.1287Y16.7291
G01 X13.0239Y16.7554
G01 X12.9806Y16.7640
G01 X12.8738Y16.7798
G01 X12.8458Y16.7831
G01 X12.7061Y16.7899
G01 X12.6779Y16.7895
G01 X12.5701Y16.7842
G01 X12.5262Y16.7798
G01 X12.4194Y16.7640
G01 X12.3820Y16.7568
G01 X12.2713Y16.7291
G01 X12.2442Y16.7214
G01 X12.1125Y16.6743
G01 X12.0866Y16.6631
G01 X11.9748Y16.6098
G01 X11.9501Y16.5961
G01 X11.8575Y16.5406
G01 X11.8208Y16.5161
G01 X11.7292Y16.4480
G01 X11.7000Y16.4237
G01 X11.6200Y16.3512
G01 X11.5997Y16.3316
G01 X11.5163Y16.2400
G01 X11.4980Y16.2185
G01 X11.4147Y16.1062
G01 X11.3994Y16.0825
G01 X11.3439Y15.9899
G01 X11.3258Y15.9564
G01 X11.2769Y15.8534
G01 X11.2600Y15.8126
G01 X11.2237Y15.7109
G01 X11.2150Y15.6840
G01 X11.1846Y15.5639
G01 X11.1787Y15.5364
G01 X11.1581Y15.3980
G01 X11.1558Y15.3699
G01 X11.1501Y15.2510
G00 Z20.0000
G00 X11.1795Y15.5405
G01 Z20.0000
G01 X10.1074Y15.3815
G01 X8.2450Y15.2900
G01 X6.3827Y15.3815
G01 X4.5383Y15.6551
G01 X2.7296Y16.1081
G01 X0.9740Y16.7363
G01 X0.2600Y17.0740
G01 X0.2600Y17.5160
G01 X1.1271Y17.1058
G01 X2.8457Y16.4909
G01 X4.6164Y16.0474
G01 X6.4219Y15.7796
G01 X8.2450Y15.6900
G01 X10.0681Y15.7796
G01 X11.3311Y15.9669
G00 Z20.0000
G00 X11.7024Y16.4259
G01 Z20.0000
G01 X10.0289Y16.1776
G01 X8.2450Y16.0900
G01 X6.4611Y16.1776
G01 X4.6944Y16.4397
G01 X2.9618Y16.8737
G01 X1.2802Y17.4754
G01 X0.2600Y17.9579
G01 X0.2600Y18.3999
G01 X1.4333Y17.8449
G01 X3.0780Y17.2565
G01 X4.7724Y16.8320
G01 X6.5003Y16.5757
G01 X8.2450Y16.4900
G01 X9.9897Y16.5757
G01 X11.7176Y16.8320
G01 X13.4121Y17.2565
G01 X15.0568Y17.8449
G01 X16.6359Y18.5918
G01 X18.1342Y19.4898
G01 X19.5372Y20.5304
G01 X20.8315Y21.7035
G01 X22.0046Y22.9978
G01 X23.0452Y24.4009
G01 X23.9432Y25.8991
G01 X24.6901Y27.4782
G01 X25.2786Y29.1229
G01 X25.7030Y30.8174
G01 X25.9593Y32.5453
G01 X25.9770Y32.9046
G00 Z20.0000
G00 X26.3703Y32.7693
G01 Z20.0000
G01 X26.3574Y32.5061
G01 X26.0953Y30.7394
G01 X25.6613Y29.0068
G01 X25.0596Y27.3252
G01 X24.2960Y25.7106
G01 X23.3778Y24.1786
G01 X22.3138Y22.7440
G01 X21.1144Y21.4207
G01 X19.7910Y20.2212
G01 X18.3564Y19.1573
G01 X16.8245Y18.2390
G01 X15.2099Y17.4754
G01 X13.5282Y16.8737
G01 X13.0399Y16.7514
G00 Z20.0000
G00 X13.6210Y16.4851
G01 Z20.0000
G01 X13.6443Y16.4909
G01 X15.3629Y17.1058
G01 X17.0130Y17.8863
G01 X18.5786Y18.8247
G01 X20.0447Y19.9120
G01 X21.3972Y21.1378
G01 X22.6230Y22.4903
G01 X23.7104Y23.9564
G01 X24.6488Y25.5220
G01 X25.4292Y27.1721
G01 X26.0441Y28.8907
G01 X26.4876Y30.6613
G01 X26.7555Y32.4669
G01 X26.7691Y32.7443
G00 Z20.0000
G00 X27.1731Y32.8252
G01 Z20.0000
G01 X27.1535Y32.4277
G01 X26.8800Y30.5833
G01 X26.4269Y28.7746
G01 X25.7987Y27.0190
G01 X25.0015Y25.3335
G01 X24.0430Y23.7342
G01 X22.9322Y22.2365
G01 X21.6801Y20.8550
G01 X20.2985Y19.6028
G01 X18.8009Y18.4921
G01 X17.2016Y17.5335
G01 X15.5589Y16.7566
G00 Z20.0000
G00 X16.0623Y16.5527
G01 Z20.0000
G01 X17.3901Y17.1807
G01 X19.0231Y18.1595
G01 X20.5523Y19.2936
G01 X21.9629Y20.5721
G01 X23.2414Y21.9828
G01 X24.3755Y23.5119
G01 X25.3543Y25.1449
G01 X26.1683Y26.8659
G01 X26.8097Y28.6585
G01 X27.2723Y30.5052
G01 X27.5516Y32.3885
G01 X27.5836Y33.0395
G01 X27.9976Y33.3249
G01 X27.9497Y32.3493
G01 X27.6646Y30.4272
G01 X27.1924Y28.5424
G01 X26.5378Y26.7129
G01 X25.7071Y24.9563
G01 X24.7081Y23.2897
G01 X23.5506Y21.7290
G01 X22.2457Y20.2893
G01 X20.8060Y18.9844
G01 X19.2453Y17.8269
G01 X17.5787Y16.8280
G01 X17.3905Y16.7390
G00 Z20.0000
G00 X16.8684Y16.4920
G01 Z20.0000
G01 X16.3973Y16.2692
G00 Z20.0000
G00 X18.1962Y16.7323
G01 Z20.0000
G01 X19.4675Y17.4943
G01 X21.0598Y18.6752
G01 X22.5286Y20.0064
G01 X23.8598Y21.4753
G01 X25.0407Y23.0675
G01 X26.0598Y24.7678
G01 X26.9074Y26.5598
G01 X27.5752Y28.4262
G01 X28.0569Y30.3492
G01 X28.3478Y32.3101
G01 X28.3807Y32.9815
G00 Z20.0000
G00 X28.7720Y32.8034
G01 Z20.0000
G01 X28.7458Y32.2708
G01 X28.4492Y30.2711
G01 X27.9580Y28.3101
G01 X27.2769Y26.4067
G01 X26.4126Y24.5792
G01 X25.3733Y22.8453
G01 X24.1690Y21.2215
G01 X22.8114Y19.7236
G01 X21.3135Y18.3660
G01 X19.6898Y17.1617
G01 X18.6376Y16.5311
G00 Z20.0000
G00 X18.9516Y16.2535
G01 Z20.0000
G01 X19.9120Y16.8291
G01 X21.5673Y18.0568
G01 X23.0943Y19.4408
G01 X24.4783Y20.9677
G01 X25.7059Y22.6230
G01 X26.7654Y24.3907
G01 X27.6465Y26.2536
G01 X28.3408Y28.1940
G01 X28.8415Y30.1931
G01 X29.1439Y32.2316
G01 X29.1690Y32.7415
G00 Z20.0000
G00 X29.5710Y32.7839
G01 Z20.0000
G01 X29.5420Y32.1924
G01 X29.2338Y30.1151
G01 X28.7236Y28.0779
G01 X28.0161Y26.1006
G01 X27.1181Y24.2021
G01 X26.0385Y22.4008
G01 X24.7875Y20.7140
G01 X23.3771Y19.1579
G01 X21.8210Y17.7476
G01 X20.1342Y16.4966
G01 X19.1717Y15.9196
G00 Z20.0000
G00 X19.3021Y15.5320
G01 Z20.0000
G01 X20.3565Y16.1640
G01 X22.0748Y17.4384
G01 X23.6600Y18.8751
G01 X25.0967Y20.4602
G01 X26.3711Y22.1786
G01 X27.4709Y24.0136
G01 X28.3856Y25.9475
G01 X29.1063Y27.9618
G01 X29.6262Y30.0370
G01 X29.9401Y32.1532
G01 X29.9790Y32.9454
G00 Z20.0000
G00 X30.3960Y33.2926
G01 Z20.0000
G01 X30.3381Y32.1140
G01 X30.0185Y29.9590
G01 X29.4891Y27.8457
G01 X28.7552Y25.7944
G01 X27.8237Y23.8250
G01 X26.7037Y21.9563
G01 X25.4059Y20.2065
G01 X23.9428Y18.5922
G01 X22.3286Y17.1292
G01 X20.5787Y15.8314
G01 X19.3213Y15.0777
G00 Z20.0000
G00 X16.6511Y14.1795
G01 Z20.0000
G01 X16.5875Y14.1494
G01 X16.1659Y13.9986
G00 Z20.0000
G00 X14.1433Y14.1447
G01 Z20.0000
G01 X13.6596Y14.0236
G00 Z20.0000
G00 X13.9373Y16.1714
G01 Z20.0000
G01 X14.0263Y16.2033
G00 Z20.0000
G00 X17.1300Y22.7243
G01 Z20.0000
G01 X16.3564Y22.1505
G01 X15.1274Y21.4139
G01 X13.8322Y20.8014
G01 X12.4832Y20.3187
G01 X11.0933Y19.9705
G01 X9.6761Y19.7603
G01 X8.2450Y19.6900
G01 X6.8140Y19.7603
G01 X5.3967Y19.9705
G01 X4.0069Y20.3187
G01 X2.6579Y20.8014
G01 X1.3626Y21.4139
G01 X0.2600Y22.0748
G01 X0.2600Y21.6091
G01 X1.1741Y21.0612
G01 X2.5048Y20.4318
G01 X3.8908Y19.9359
G01 X5.3187Y19.5782
G01 X6.7748Y19.3622
G01 X8.2450Y19.2900
G01 X9.7153Y19.3622
G01 X11.1714Y19.5782
G01 X12.5993Y19.9359
G01 X13.9853Y20.4318
G01 X15.3160Y21.0612
G01 X16.5786Y21.8180
G01 X17.6178Y22.5887
G00 Z20.0000
G00 X18.3492Y22.6888
G01 Z20.0000
G01 X18.0147Y22.3856
G01 X16.8008Y21.4854
G01 X15.5045Y20.7084
G01 X14.1384Y20.0623
G01 X12.7154Y19.5531
G01 X11.2494Y19.1859
G01 X9.7545Y18.9642
G01 X8.2450Y18.8900
G01 X6.7356Y18.9642
G01 X5.2406Y19.1859
G01 X3.7746Y19.5531
G01 X2.3517Y20.0623
G01 X0.9855Y20.7084
G01 X0.2600Y21.1433
G01 X0.2600Y20.6775
G01 X0.7970Y20.3556
G01 X2.1986Y19.6927
G01 X3.6585Y19.1703
G01 X5.1626Y18.7936
G01 X6.6964Y18.5661
G01 X8.2450Y18.4900
G01 X9.7937Y18.5661
G01 X11.3275Y18.7936
G01 X12.8315Y19.1703
G01 X14.2914Y19.6927
G01 X15.6931Y20.3556
G01 X17.0230Y21.1528
G01 X18.2684Y22.0764
G01 X19.4173Y23.1177
G01 X20.4586Y24.2666
G01 X21.3823Y25.5120
G01 X21.5879Y25.8551
G00 Z20.0000
G00 X21.1610Y25.9200
G01 Z20.0000
G01 X21.0497Y25.7342
G01 X20.1494Y24.5203
G01 X19.1631Y23.4321
G00 Z20.0000
G00 X19.3267Y24.2076
G01 Z20.0000
G01 X19.8402Y24.7741
G01 X20.7171Y25.9564
G01 X20.7977Y26.0909
G00 Z20.0000
G00 X20.4924Y26.3587
G01 Z20.0000
G01 X20.3845Y26.1787
G01 X19.5310Y25.0279
G01 X19.2245Y24.6898
G00 Z20.0000
G00 X19.0195Y25.0585
G01 Z20.0000
G01 X19.2218Y25.2816
G01 X20.0519Y26.4009
G01 X20.2549Y26.7396
G00 Z20.0000
G00 X20.1401Y27.3160
G01 Z20.0000
G01 X20.1405Y27.2829
G01 X20.1465Y27.1690
G01 X20.1497Y27.1410
G01 X20.1667Y27.0282
G01 X20.1727Y27.0006
G01 X20.2007Y26.8900
G01 X20.2094Y26.8631
G01 X20.2481Y26.7558
G01 X20.2593Y26.7299
G01 X20.3084Y26.6269
G01 X20.3221Y26.6023
G01 X20.3810Y26.5046
G01 X20.3971Y26.4814
G01 X20.4653Y26.3899
G01 X20.4836Y26.3684
G01 X20.5604Y26.2841
G01 X20.5807Y26.2645
G01 X20.6654Y26.1881
G01 X20.6875Y26.1705
G01 X20.7794Y26.1028
G01 X20.8031Y26.0876
G01 X20.9011Y26.0292
G01 X20.9262Y26.0163
G01 X21.0295Y25.9678
G01 X21.0557Y25.9574
G01 X21.1632Y25.9193
G01 X21.1904Y25.9115
G01 X21.3011Y25.8841
G01 X21.3289Y25.8791
G01 X21.4418Y25.8627
G01 X21.4699Y25.8604
G01 X21.5839Y25.8551
G01 X21.6121Y25.8555
G01 X21.7260Y25.8615
G01 X21.7540Y25.8647
G01 X21.8668Y25.8817
G01 X21.8944Y25.8877
G01 X22.0050Y25.9157
G01 X22.0319Y25.9244
G01 X22.1392Y25.9631
G01 X22.1651Y25.9743
G01 X22.2681Y26.0234
G01 X22.2927Y26.0371
G01 X22.3904Y26.0960
G01 X22.4136Y26.1121
G01 X22.5051Y26.1803
G01 X22.5266Y26.1986
G01 X22.6109Y26.2754
G01 X22.6305Y26.2957
G01 X22.7069Y26.3804
G01 X22.7245Y26.4025
G01 X22.7922Y26.4944
G01 X22.8074Y26.5181
G01 X22.8658Y26.6161
G01 X22.8787Y26.6412
G01 X22.9272Y26.7445
G01 X22.9376Y26.7707
G01 X22.9757Y26.8782
G01 X22.9835Y26.9054
G01 X23.0109Y27.0161
G01 X23.0159Y27.0439
G01 X23.0323Y27.1568
G01 X23.0346Y27.1849
G01 X23.0399Y27.2989
G01 X23.0395Y27.3271
G01 X23.0335Y27.4410
G01 X23.0303Y27.4690
G01 X23.0133Y27.5818
G01 X23.0073Y27.6094
G01 X22.9793Y27.7200
G01 X22.9706Y27.7469
G01 X22.9319Y27.8542
G01 X22.9207Y27.8801
G01 X22.8716Y27.9831
G01 X22.8579Y28.0077
G01 X22.7990Y28.1054
G01 X22.7829Y28.1286
G01 X22.7147Y28.2201
G01 X22.6964Y28.2416
G01 X22.6196Y28.3259
G01 X22.5993Y28.3455
G01 X22.5146Y28.4219
G01 X22.4925Y28.4395
G01 X22.4006Y28.5072
G01 X22.3769Y28.5224
G01 X22.2789Y28.5808
G01 X22.2538Y28.5937
G01 X22.1505Y28.6422
G01 X22.1243Y28.6526
G01 X22.0168Y28.6907
G01 X21.9896Y28.6985
G01 X21.8789Y28.7259
G01 X21.8511Y28.7309
G01 X21.7382Y28.7473
G01 X21.7101Y28.7496
G01 X21.5961Y28.7549
G01 X21.5679Y28.7545
G01 X21.4540Y28.7485
G01 X21.4260Y28.7453
G01 X21.3132Y28.7283
G01 X21.2856Y28.7223
G01 X21.1750Y28.6943
G01 X21.1481Y28.6856
G01 X21.0408Y28.6469
G01 X21.0149Y28.6357
G01 X20.9119Y28.5866
G01 X20.8873Y28.5729
G01 X20.7896Y28.5140
G01 X20.7664Y28.4979
G01 X20.6749Y28.4297
G01 X20.6534Y28.4114
G01 X20.5691Y28.3346
G01 X20.5495Y28.3143
G01 X20.4731Y28.2296
G01 X20.4555Y28.2075
G01 X20.3878Y28.1156
G01 X20.3726Y28.0919
G01 X20.3142Y27.9939
G01 X20.3013Y27.9688
G01 X20.2528Y27.8655
G01 X20.2424Y27.8393
G01 X20.2043Y27.7318
G01 X20.1965Y27.7046
G01 X20.1691Y27.5939
G01 X20.1641Y27.5661
G01 X20.1477Y27.4532
G01 X20.1454Y27.4251
G01 X20.1401Y27.3160
G00 Z20.0000
G00 X20.1405Y27.3258
G01 Z20.0000
G01 X19.7193Y26.6231
G01 X18.9126Y25.5354
G01 X18.7406Y25.3457
G00 Z20.0000
G00 X19.3260Y26.7634
G01 Z20.0000
G01 X19.3867Y26.8454
G01 X20.0628Y27.9733
G01 X20.6250Y29.1620
G01 X21.0680Y30.4002
G01 X21.3876Y31.6758
G01 X21.5805Y32.9766
G01 X21.6450Y34.2900
G01 X21.5805Y35.6034
G01 X21.3876Y36.9042
G01 X21.0680Y38.1798
G01 X20.6250Y39.4180
G01 X20.4970Y39.6885
G00 Z20.0000
G00 X21.0999Y39.2766
G01 Z20.0000
G01 X21.4508Y38.2959
G01 X21.7799Y36.9822
G01 X21.9786Y35.6426
G01 X22.0450Y34.2900
G01 X21.9786Y32.9374
G01 X21.7799Y31.5978
G01 X21.4508Y30.2841
G01 X20.9946Y29.0090
G01 X20.7456Y28.4825
G00 Z20.0000
G00 X21.3028Y28.7262
G01 Z20.0000
G01 X21.3641Y28.8559
G01 X21.8336Y30.1680
G01 X22.1722Y31.5197
G01 X22.3767Y32.8982
G01 X22.4450Y34.2900
G01 X22.3767Y35.6818
G01 X22.1722Y37.0603
G01 X21.8336Y38.4120
G01 X21.5548Y39.1912
G00 Z20.0000
G00 X21.9618Y39.2396
G01 Z20.0000
G01 X22.2164Y38.5282
G01 X22.5645Y37.1383
G01 X22.7747Y35.7211
G01 X22.8151Y34.8985
G00 Z20.0000
G00 X22.6801Y34.3010
G01 Z20.0000
G01 X22.6804Y34.2710
G01 X22.6854Y34.1699
G01 X22.6897Y34.1260
G01 X22.7041Y34.0289
G01 X22.7091Y34.0011
G01 X22.7407Y33.8750
G01 X22.7494Y33.8481
G01 X22.7824Y33.7557
G01 X22.7993Y33.7149
G01 X22.8413Y33.6262
G01 X22.8542Y33.6011
G01 X22.9210Y33.4896
G01 X22.9371Y33.4664
G01 X22.9955Y33.3875
G01 X23.0236Y33.3534
G01 X23.0895Y33.2807
G01 X23.1091Y33.2604
G01 X23.2054Y33.1731
G01 X23.2275Y33.1555
G01 X23.3194Y33.0878
G01 X23.3431Y33.0726
G01 X23.4273Y33.0221
G01 X23.4662Y33.0013
G01 X23.5549Y32.9593
G01 X23.5808Y32.9481
G01 X23.7032Y32.9043
G01 X23.7304Y32.8965
G01 X23.8411Y32.8691
G01 X23.8689Y32.8641
G01 X23.9818Y32.8477
G01 X24.0099Y32.8454
G01 X24.1079Y32.8405
G01 X24.1459Y32.8403
G01 X24.2501Y32.8454
G01 X24.2940Y32.8497
G01 X24.3911Y32.8641
G01 X24.4189Y32.8691
G01 X24.5296Y32.8965
G01 X24.5568Y32.9043
G01 X24.6792Y32.9481
G01 X24.7051Y32.9593
G01 X24.8081Y33.0084
G01 X24.8327Y33.0221
G01 X24.9304Y33.0810
G01 X24.9536Y33.0971
G01 X25.0325Y33.1555
G01 X25.0666Y33.1836
G01 X25.1438Y33.2536
G01 X25.1705Y33.2807
G01 X25.2364Y33.3534
G01 X25.2547Y33.3749
G01 X25.3229Y33.4664
G01 X25.3417Y33.4938
G01 X25.3694Y33.4475
G01 X25.3847Y33.4238
G01 X25.4620Y33.3192
G01 X25.4863Y33.2900
G01 X25.5588Y33.2100
G01 X25.5784Y33.1897
G01 X25.6700Y33.1063
G01 X25.7041Y33.0782
G01 X25.7908Y33.0139
G01 X25.8140Y32.9979
G01 X25.9254Y32.9308
G01 X25.9591Y32.9131
G01 X26.0566Y32.8669
G01 X26.0825Y32.8557
G01 X26.1991Y32.8137
G01 X26.2413Y32.8009
G01 X26.3616Y32.7711
G01 X26.3894Y32.7660
G01 X26.4962Y32.7502
G01 X26.5340Y32.7462
G01 X26.6479Y32.7405
G01 X26.6921Y32.7405
G01 X26.8158Y32.7469
G01 X26.8438Y32.7502
G01 X26.9506Y32.7660
G01 X26.9939Y32.7746
G01 X27.0987Y32.8009
G01 X27.1258Y32.8086
G01 X27.2426Y32.8500
G01 X27.2834Y32.8669
G01 X27.3952Y32.9202
G01 X27.4199Y32.9339
G01 X27.5125Y32.9894
G01 X27.5362Y33.0047
G01 X27.6359Y33.0782
G01 X27.6700Y33.1063
G01 X27.7545Y33.1829
G01 X27.7812Y33.2100
G01 X27.8642Y33.3020
G01 X27.8818Y33.3241
G01 X27.9400Y33.4026
G01 X27.9982Y33.3241
G01 X28.0158Y33.3020
G01 X28.0988Y33.2100
G01 X28.1255Y33.1829
G01 X28.2100Y33.1063
G01 X28.2441Y33.0782
G01 X28.3438Y33.0047
G01 X28.3675Y32.9894
G01 X28.4601Y32.9339
G01 X28.4848Y32.9202
G01 X28.5966Y32.8669
G01 X28.6225Y32.8557
G01 X28.7391Y32.8137
G01 X28.7813Y32.8009
G01 X28.9016Y32.7711
G01 X28.9294Y32.7660
G01 X29.0362Y32.7502
G01 X29.0740Y32.7462
G01 X29.1879Y32.7405
G01 X29.2321Y32.7405
G01 X29.3558Y32.7469
G01 X29.3838Y32.7502
G01 X29.4906Y32.7660
G01 X29.5339Y32.7746
G01 X29.6387Y32.8009
G01 X29.6658Y32.8086
G01 X29.7826Y32.8500
G01 X29.8234Y32.8669
G01 X29.9352Y32.9202
G01 X29.9599Y32.9339
G01 X30.0525Y32.9894
G01 X30.0762Y33.0047
G01 X30.1759Y33.0782
G01 X30.2100Y33.1063
G01 X30.2945Y33.1829
G01 X30.3212Y33.2100
G01 X30.4042Y33.3020
G01 X30.4218Y33.3241
G01 X30.4800Y33.4026
G01 X30.5382Y33.3241
G01 X30.5558Y33.3020
G01 X30.6388Y33.2100
G01 X30.6655Y33.1829
G01 X30.7500Y33.1063
G01 X30.7841Y33.0782
G01 X30.8838Y33.0047
G01 X30.9075Y32.9894
G01 X31.0054Y32.9308
G01 X31.0391Y32.9131
G01 X31.1512Y32.8604
G01 X31.1774Y32.8500
G01 X31.2791Y32.8137
G01 X31.3060Y32.8050
G01 X31.4261Y32.7746
G01 X31.4536Y32.7687
G01 X31.5762Y32.7502
G01 X31.6201Y32.7458
G01 X31.7279Y32.7405
G01 X31.7561Y32.7401
G01 X31.8799Y32.7458
G01 X31.9178Y32.7493
G01 X32.0367Y32.7670
G01 X32.0739Y32.7746
G01 X32.1787Y32.8009
G01 X32.2058Y32.8086
G01 X32.3226Y32.8500
G01 X32.3634Y32.8669
G01 X32.4752Y32.9202
G01 X32.4999Y32.9339
G01 X32.5925Y32.9894
G01 X32.6292Y33.0139
G01 X32.7285Y33.0880
G01 X32.7500Y33.1063
G01 X32.8300Y33.1788
G01 X32.8612Y33.2100
G01 X32.9442Y33.3020
G01 X32.9618Y33.3241
G01 X33.0200Y33.4026
G01 X33.0782Y33.3241
G01 X33.0958Y33.3020
G01 X33.1788Y33.2100
G01 X33.2055Y33.1829
G01 X33.2900Y33.1063
G01 X33.3241Y33.0782
G01 X33.4238Y33.0047
G01 X33.4475Y32.9894
G01 X33.5401Y32.9339
G01 X33.5791Y32.9131
G01 X33.6912Y32.8604
G01 X33.7174Y32.8500
G01 X33.8342Y32.8086
G01 X33.8613Y32.8009
G01 X33.9816Y32.7711
G01 X34.0094Y32.7660
G01 X34.1320Y32.7481
G01 X34.1601Y32.7458
G01 X34.2679Y32.7405
G01 X34.3121Y32.7405
G01 X34.4358Y32.7469
G01 X34.4638Y32.7502
G01 X34.5706Y32.7660
G01 X34.6139Y32.7746
G01 X34.7340Y32.8050
G01 X34.7609Y32.8137
G01 X34.8626Y32.8500
G01 X34.9034Y32.8669
G01 X35.0152Y32.9202
G01 X35.0399Y32.9339
G01 X35.1325Y32.9894
G01 X35.1692Y33.0139
G01 X35.2685Y33.0880
G01 X35.2900Y33.1063
G01 X35.3700Y33.1788
G01 X35.4012Y33.2100
G01 X35.4842Y33.3020
G01 X35.5018Y33.3241
G01 X35.5600Y33.4026
G01 X35.6182Y33.3241
G01 X35.6358Y33.3020
G01 X35.7188Y33.2100
G01 X35.7500Y33.1788
G01 X35.8300Y33.1063
G01 X35.8515Y33.0880
G01 X35.9638Y33.0047
G01 X35.9875Y32.9894
G01 X36.0801Y32.9339
G01 X36.1191Y32.9131
G01 X36.2166Y32.8669
G01 X36.2425Y32.8557
G01 X36.3591Y32.8137
G01 X36.4013Y32.8009
G01 X36.5061Y32.7746
G01 X36.5336Y32.7687
G01 X36.6720Y32.7481
G01 X36.7001Y32.7458
G01 X36.8079Y32.7405
G01 X36.8521Y32.7405
G01 X36.9599Y32.7458
G01 X36.9880Y32.7481
G01 X37.1167Y32.7670
G01 X37.1539Y32.7746
G01 X37.2740Y32.8050
G01 X37.3009Y32.8137
G01 X37.4175Y32.8557
G01 X37.4434Y32.8669
G01 X37.5552Y32.9202
G01 X37.5799Y32.9339
G01 X37.6860Y32.9979
G01 X37.7092Y33.0139
G01 X37.8085Y33.0880
G01 X37.8300Y33.1063
G01 X37.9216Y33.1897
G01 X37.9412Y33.2100
G01 X38.0242Y33.3020
G01 X38.0418Y33.3241
G01 X38.1000Y33.4026
G01 X38.1582Y33.3241
G01 X38.1758Y33.3020
G01 X38.2588Y33.2100
G01 X38.2900Y33.1788
G01 X38.3700Y33.1063
G01 X38.3915Y33.0880
G01 X38.4908Y33.0139
G01 X38.5275Y32.9894
G01 X38.6201Y32.9339
G01 X38.6448Y32.9202
G01 X38.7566Y32.8669
G01 X38.7974Y32.8500
G01 X38.9142Y32.8086
G01 X38.9413Y32.8009
G01 X39.0461Y32.7746
G01 X39.0833Y32.7670
G01 X39.2120Y32.7481
G01 X39.2401Y32.7458
G01 X39.3479Y32.7405
G01 X39.3859Y32.7403
G01 X39.5060Y32.7462
G01 X39.5438Y32.7502
G01 X39.6664Y32.7687
G01 X39.6939Y32.7746
G01 X39.7987Y32.8009
G01 X39.8258Y32.8086
G01 X39.9426Y32.8500
G01 X39.9688Y32.8604
G01 X40.0809Y32.9131
G01 X40.1146Y32.9308
G01 X40.2125Y32.9894
G01 X40.2362Y33.0047
G01 X40.3359Y33.0782
G01 X40.3700Y33.1063
G01 X40.4545Y33.1829
G01 X40.4812Y33.2100
G01 X40.5642Y33.3020
G01 X40.5818Y33.3241
G01 X40.6400Y33.4026
G01 X40.6982Y33.3241
G01 X40.7158Y33.3020
G01 X40.7988Y33.2100
G01 X40.8255Y33.1829
G01 X40.9100Y33.1063
G01 X40.9441Y33.0782
G01 X41.0438Y33.0047
G01 X41.0675Y32.9894
G01 X41.1601Y32.9339
G01 X41.1848Y32.9202
G01 X41.2966Y32.8669
G01 X41.3374Y32.8500
G01 X41.4542Y32.8086
G01 X41.4813Y32.8009
G01 X41.5861Y32.7746
G01 X41.6294Y32.7660
G01 X41.7362Y32.7502
G01 X41.7642Y32.7469
G01 X41.8879Y32.7405
G01 X41.9321Y32.7405
G01 X42.0558Y32.7469
G01 X42.0838Y32.7502
G01 X42.1906Y32.7660
G01 X42.2280Y32.7732
G01 X42.3387Y32.8009
G01 X42.3809Y32.8137
G01 X42.4975Y32.8557
G01 X42.5234Y32.8669
G01 X42.6352Y32.9202
G01 X42.6599Y32.9339
G01 X42.7525Y32.9894
G01 X42.7762Y33.0047
G01 X42.8759Y33.0782
G01 X42.9100Y33.1063
G01 X42.9945Y33.1829
G01 X43.0212Y33.2100
G01 X43.1042Y33.3020
G01 X43.1218Y33.3241
G01 X43.1800Y33.4026
G01 X43.2382Y33.3241
G01 X43.2558Y33.3020
G01 X43.3388Y33.2100
G01 X43.3655Y33.1829
G01 X43.4500Y33.1063
G01 X43.4841Y33.0782
G01 X43.5838Y33.0047
G01 X43.6075Y32.9894
G01 X43.7001Y32.9339
G01 X43.7248Y32.9202
G01 X43.8366Y32.8669
G01 X43.8774Y32.8500
G01 X43.9791Y32.8137
G01 X44.0060Y32.8050
G01 X44.1261Y32.7746
G01 X44.1694Y32.7660
G01 X44.2920Y32.7481
G01 X44.3201Y32.7458
G01 X44.4279Y32.7405
G01 X44.4659Y32.7403
G01 X44.5860Y32.7462
G01 X44.6238Y32.7502
G01 X44.7306Y32.7660
G01 X44.7584Y32.7711
G01 X44.8787Y32.8009
G01 X44.9209Y32.8137
G01 X45.0375Y32.8557
G01 X45.0634Y32.8669
G01 X45.1752Y32.9202
G01 X45.1999Y32.9339
G01 X45.2925Y32.9894
G01 X45.3162Y33.0047
G01 X45.4159Y33.0782
G01 X45.4500Y33.1063
G01 X45.5345Y33.1829
G01 X45.5612Y33.2100
G01 X45.6442Y33.3020
G01 X45.6618Y33.3241
G01 X45.7200Y33.4026
G01 X45.7782Y33.3241
G01 X45.7958Y33.3020
G01 X45.8788Y33.2100
G01 X45.9055Y33.1829
G01 X45.9900Y33.1063
G01 X46.0192Y33.0820
G01 X46.1238Y33.0047
G01 X46.1475Y32.9894
G01 X46.1938Y32.9617
G01 X46.1664Y32.9429
G01 X46.0749Y32.8747
G01 X46.0534Y32.8564
G01 X45.9807Y32.7905
G01 X45.9495Y32.7593
G01 X45.8795Y32.6820
G01 X45.8555Y32.6525
G01 X45.7971Y32.5736
G01 X45.7810Y32.5504
G01 X45.7221Y32.4527
G01 X45.7084Y32.4281
G01 X45.6528Y32.3105
G01 X45.6424Y32.2843
G01 X45.6043Y32.1768
G01 X45.5965Y32.1496
G01 X45.5691Y32.0389
G01 X45.5641Y32.0111
G01 X45.5497Y31.9140
G01 X45.5454Y31.8701
G01 X45.5402Y31.7641
G01 X45.5405Y31.7279
G01 X45.5454Y31.6299
G01 X45.5477Y31.6018
G01 X45.5641Y31.4889
G01 X45.5691Y31.4611
G01 X45.5965Y31.3504
G01 X45.6043Y31.3232
G01 X45.6481Y31.2008
G01 X45.6593Y31.1749
G01 X45.7013Y31.0862
G01 X45.7221Y31.0473
G01 X45.7726Y30.9631
G01 X45.7878Y30.9394
G01 X45.8653Y30.8349
G01 X45.8836Y30.8134
G01 X45.9495Y30.7407
G01 X45.9807Y30.7095
G01 X46.0534Y30.6436
G01 X46.0749Y30.6253
G01 X46.1794Y30.5478
G01 X46.2031Y30.5326
G01 X46.2873Y30.4821
G01 X46.3262Y30.4613
G01 X46.4149Y30.4193
G01 X46.4408Y30.4081
G01 X46.5632Y30.3643
G01 X46.5904Y30.3565
G01 X46.6856Y30.3327
G01 X46.7289Y30.3241
G01 X46.8260Y30.3097
G01 X46.8540Y30.3065
G01 X46.9839Y30.3001
G01 X47.0121Y30.3005
G01 X47.1101Y30.3054
G01 X47.1540Y30.3097
G01 X47.2511Y30.3241
G01 X47.2789Y30.3291
G01 X47.3896Y30.3565
G01 X47.4168Y30.3643
G01 X47.5392Y30.4081
G01 X47.5651Y30.4193
G01 X47.6538Y30.4613
G01 X47.6927Y30.4821
G01 X47.7769Y30.5326
G01 X47.8006Y30.5478
G01 X47.9051Y30.6253
G01 X47.9266Y30.6436
G01 X47.9993Y30.7095
G01 X48.0305Y30.7407
G01 X48.0964Y30.8134
G01 X48.1147Y30.8349
G01 X48.1922Y30.9394
G01 X48.2074Y30.9631
G01 X48.2579Y31.0473
G01 X48.2787Y31.0862
G01 X48.3207Y31.1749
G01 X48.3319Y31.2008
G01 X48.3757Y31.3232
G01 X48.3835Y31.3504
G01 X48.4109Y31.4611
G01 X48.4159Y31.4889
G01 X48.4323Y31.6018
G01 X48.4346Y31.6299
G01 X48.4395Y31.7279
G01 X48.4397Y31.7659
G01 X48.4346Y31.8701
G01 X48.4303Y31.9140
G01 X48.4159Y32.0111
G01 X48.4109Y32.0389
G01 X48.3835Y32.1496
G01 X48.3757Y32.1768
G01 X48.3319Y32.2992
G01 X48.3207Y32.3251
G01 X48.2716Y32.4281
G01 X48.2579Y32.4527
G01 X48.1990Y32.5504
G01 X48.1829Y32.5736
G01 X48.1245Y32.6525
G01 X48.1005Y32.6820
G01 X48.0305Y32.7593
G01 X47.9993Y32.7905
G01 X47.9266Y32.8564
G01 X47.9051Y32.8747
G01 X47.8136Y32.9429
G01 X47.7862Y32.9617
G01 X47.8325Y32.9894
G01 X47.8562Y33.0047
G01 X47.9608Y33.0820
G01 X47.9900Y33.1063
G01 X48.0745Y33.1829
G01 X48.1012Y33.2100
G01 X48.1842Y33.3020
G01 X48.2018Y33.3241
G01 X48.2600Y33.4026
G01 X48.3182Y33.3241
G01 X48.3358Y33.3020
G01 X48.4188Y33.2100
G01 X48.4455Y33.1829
G01 X48.5300Y33.1063
G01 X48.5641Y33.0782
G01 X48.6638Y33.0047
G01 X48.6875Y32.9894
G01 X48.7801Y32.9339
G01 X48.8048Y32.9202
G01 X48.9166Y32.8669
G01 X48.9574Y32.8500
G01 X49.0742Y32.8086
G01 X49.1013Y32.8009
G01 X49.2061Y32.7746
G01 X49.2494Y32.7660
G01 X49.3720Y32.7481
G01 X49.4001Y32.7458
G01 X49.5079Y32.7405
G01 X49.5361Y32.7401
G01 X49.6599Y32.7458
G01 X49.6880Y32.7481
G01 X49.8106Y32.7660
G01 X49.8539Y32.7746
G01 X49.9587Y32.8009
G01 X49.9858Y32.8086
G01 X50.1026Y32.8500
G01 X50.1434Y32.8669
G01 X50.2552Y32.9202
G01 X50.2799Y32.9339
G01 X50.3725Y32.9894
G01 X50.3962Y33.0047
G01 X50.4959Y33.0782
G01 X50.5300Y33.1063
G01 X50.6145Y33.1829
G01 X50.6412Y33.2100
G01 X50.7242Y33.3020
G01 X50.7418Y33.3241
G01 X50.8000Y33.4026
G01 X50.8582Y33.3241
G01 X50.8758Y33.3020
G01 X50.9588Y33.2100
G01 X50.9855Y33.1829
G01 X51.0700Y33.1063
G01 X51.0992Y33.0820
G01 X51.2038Y33.0047
G01 X51.2275Y32.9894
G01 X51.2738Y32.9617
G01 X51.2464Y32.9429
G01 X51.1549Y32.8747
G01 X51.1334Y32.8564
G01 X51.0607Y32.7905
G01 X51.0336Y32.7638
G01 X50.9636Y32.6866
G01 X50.9355Y32.6525
G01 X50.8771Y32.5736
G01 X50.8610Y32.5504
G01 X50.8021Y32.4527
G01 X50.7884Y32.4281
G01 X50.7393Y32.3251
G01 X50.7281Y32.2992
G01 X50.6894Y32.1919
G01 X50.6807Y32.1650
G01 X50.6491Y32.0389
G01 X50.6441Y32.0111
G01 X50.6277Y31.8982
G01 X50.6254Y31.8701
G01 X50.6201Y31.7549
G01 X50.6204Y31.7310
G01 X50.6254Y31.6299
G01 X50.6289Y31.5920
G01 X50.6441Y31.4889
G01 X50.6527Y31.4456
G01 X50.6765Y31.3504
G01 X50.6843Y31.3232
G01 X50.7224Y31.2157
G01 X50.7368Y31.1805
G01 X50.7884Y31.0719
G01 X50.8021Y31.0473
G01 X50.8526Y30.9631
G01 X50.8771Y30.9264
G01 X50.9355Y30.8475
G01 X50.9531Y30.8254
G01 X51.0404Y30.7291
G01 X51.0607Y30.7095
G01 X51.1334Y30.6436
G01 X51.1627Y30.6193
G01 X51.2464Y30.5571
G01 X51.2831Y30.5326
G01 X51.3673Y30.4821
G01 X51.3919Y30.4684
G01 X51.5005Y30.4168
G01 X51.5357Y30.4024
G01 X51.6281Y30.3694
G01 X51.6704Y30.3565
G01 X51.7656Y30.3327
G01 X51.7932Y30.3267
G01 X51.9218Y30.3077
G01 X51.9499Y30.3054
G01 X52.0639Y30.3001
G01 X52.0921Y30.3005
G01 X52.1901Y30.3054
G01 X52.2340Y30.3097
G01 X52.3469Y30.3267
G01 X52.3744Y30.3327
G01 X52.4696Y30.3565
G01 X52.5119Y30.3694
G01 X52.6043Y30.4024
G01 X52.6305Y30.4128
G01 X52.7393Y30.4640
G01 X52.7727Y30.4821
G01 X52.8569Y30.5326
G01 X52.8936Y30.5571
G01 X52.9725Y30.6155
G01 X52.9946Y30.6331
G01 X53.0793Y30.7095
G01 X53.1105Y30.7407
G01 X53.1764Y30.8134
G01 X53.1947Y30.8349
G01 X53.2722Y30.9394
G01 X53.2874Y30.9631
G01 X53.3379Y31.0473
G01 X53.3587Y31.0862
G01 X53.4032Y31.1805
G01 X53.4176Y31.2157
G01 X53.4506Y31.3081
G01 X53.4593Y31.3350
G01 X53.4909Y31.4611
G01 X53.4959Y31.4889
G01 X53.5123Y31.6018
G01 X53.5146Y31.6299
G01 X53.5195Y31.7279
G01 X53.5195Y31.7721
G01 X53.5143Y31.8762
G01 X53.5103Y31.9140
G01 X53.4959Y32.0111
G01 X53.4909Y32.0389
G01 X53.4635Y32.1496
G01 X53.4557Y32.1768
G01 X53.4176Y32.2843
G01 X53.4072Y32.3105
G01 X53.3516Y32.4281
G01 X53.3379Y32.4527
G01 X53.2790Y32.5504
G01 X53.2629Y32.5736
G01 X53.2045Y32.6525
G01 X53.1764Y32.6866
G01 X53.1064Y32.7638
G01 X53.0793Y32.7905
G01 X53.0066Y32.8564
G01 X52.9851Y32.8747
G01 X52.8936Y32.9429
G01 X52.8662Y32.9617
G01 X52.9125Y32.9894
G01 X52.9362Y33.0047
G01 X53.0408Y33.0820
G01 X53.0700Y33.1063
G01 X53.1545Y33.1829
G01 X53.1812Y33.2100
G01 X53.2642Y33.3020
G01 X53.2818Y33.3241
G01 X53.3400Y33.4026
G01 X53.3982Y33.3241
G01 X53.4158Y33.3020
G01 X53.4988Y33.2100
G01 X53.5255Y33.1829
G01 X53.6100Y33.1063
G01 X53.6441Y33.0782
G01 X53.7438Y33.0047
G01 X53.7675Y32.9894
G01 X53.8654Y32.9308
G01 X53.8991Y32.9131
G01 X54.0112Y32.8604
G01 X54.0374Y32.8500
G01 X54.1391Y32.8137
G01 X54.1660Y32.8050
G01 X54.2861Y32.7746
G01 X54.3136Y32.7687
G01 X54.4362Y32.7502
G01 X54.4740Y32.7462
G01 X54.5941Y32.7403
G01 X54.6321Y32.7405
G01 X54.7399Y32.7458
G01 X54.7680Y32.7481
G01 X54.8967Y32.7670
G01 X54.9339Y32.7746
G01 X55.0387Y32.8009
G01 X55.0658Y32.8086
G01 X55.1826Y32.8500
G01 X55.2234Y32.8669
G01 X55.3209Y32.9131
G01 X55.3460Y32.9260
G01 X55.4525Y32.9894
G01 X55.4892Y33.0139
G01 X55.5885Y33.0880
G01 X55.6100Y33.1063
G01 X55.6900Y33.1788
G01 X55.7212Y33.2100
G01 X55.8042Y33.3020
G01 X55.8218Y33.3241
G01 X55.8800Y33.4026
G01 X55.9382Y33.3241
G01 X55.9558Y33.3020
G01 X56.0388Y33.2100
G01 X56.0584Y33.1897
G01 X56.1500Y33.1063
G01 X56.1715Y33.0880
G01 X56.2708Y33.0139
G01 X56.2940Y32.9979
G01 X56.4001Y32.9339
G01 X56.4248Y32.9202
G01 X56.5366Y32.8669
G01 X56.5625Y32.8557
G01 X56.6791Y32.8137
G01 X56.7060Y32.8050
G01 X56.8261Y32.7746
G01 X56.8633Y32.7670
G01 X56.9920Y32.7481
G01 X57.0201Y32.7458
G01 X57.1279Y32.7405
G01 X57.1721Y32.7405
G01 X57.2799Y32.7458
G01 X57.3080Y32.7481
G01 X57.4464Y32.7687
G01 X57.4739Y32.7746
G01 X57.5787Y32.8009
G01 X57.6209Y32.8137
G01 X57.7375Y32.8557
G01 X57.7634Y32.8669
G01 X57.8609Y32.9131
G01 X57.8999Y32.9339
G01 X57.9925Y32.9894
G01 X58.0162Y33.0047
G01 X58.1285Y33.0880
G01 X58.1500Y33.1063
G01 X58.2300Y33.1788
G01 X58.2612Y33.2100
G01 X58.3442Y33.3020
G01 X58.3618Y33.3241
G01 X58.4200Y33.4026
G01 X58.4782Y33.3241
G01 X58.4958Y33.3020
G01 X58.5788Y33.2100
G01 X58.6100Y33.1788
G01 X58.6900Y33.1063
G01 X58.7115Y33.0880
G01 X58.8108Y33.0139
G01 X58.8475Y32.9894
G01 X58.9401Y32.9339
G01 X58.9648Y32.9202
G01 X59.0766Y32.8669
G01 X59.1174Y32.8500
G01 X59.2191Y32.8137
G01 X59.2460Y32.8050
G01 X59.3661Y32.7746
G01 X59.4094Y32.7660
G01 X59.5162Y32.7502
G01 X59.5442Y32.7469
G01 X59.6679Y32.7405
G01 X59.7121Y32.7405
G01 X59.8199Y32.7458
G01 X59.8480Y32.7481
G01 X59.9706Y32.7660
G01 X60.0139Y32.7746
G01 X60.1340Y32.8050
G01 X60.1609Y32.8137
G01 X60.2626Y32.8500
G01 X60.3034Y32.8669
G01 X60.4152Y32.9202
G01 X60.4399Y32.9339
G01 X60.5460Y32.9979
G01 X60.5692Y33.0139
G01 X60.6559Y33.0782
G01 X60.6780Y33.0958
G01 X60.7700Y33.1788
G01 X60.7903Y33.1984
G01 X60.8737Y33.2900
G01 X60.8980Y33.3192
G01 X60.9753Y33.4238
G01 X60.9906Y33.4475
G01 X61.0183Y33.4938
G01 X61.0371Y33.4664
G01 X61.0955Y33.3875
G01 X61.1236Y33.3534
G01 X61.1895Y33.2807
G01 X61.2091Y33.2604
G01 X61.2934Y33.1836
G01 X61.3275Y33.1555
G01 X61.4194Y33.0878
G01 X61.4431Y33.0726
G01 X61.5273Y33.0221
G01 X61.5662Y33.0013
G01 X61.6695Y32.9528
G01 X61.6957Y32.9424
G01 X61.7881Y32.9094
G01 X61.8304Y32.8965
G01 X61.9256Y32.8727
G01 X61.9532Y32.8667
G01 X62.0818Y32.8477
G01 X62.1099Y32.8454
G01 X62.2079Y32.8405
G01 X62.2521Y32.8405
G01 X62.3660Y32.8465
G01 X62.3940Y32.8497
G01 X62.5068Y32.8667
G01 X62.5344Y32.8727
G01 X62.6450Y32.9007
G01 X62.6719Y32.9094
G01 X62.7792Y32.9481
G01 X62.8051Y32.9593
G01 X62.8938Y33.0013
G01 X62.9327Y33.0221
G01 X63.0304Y33.0810
G01 X63.0536Y33.0971
G01 X63.1325Y33.1555
G01 X63.1620Y33.1795
G01 X63.2393Y33.2495
G01 X63.2705Y33.2807
G01 X63.3364Y33.3534
G01 X63.3547Y33.3749
G01 X63.4229Y33.4664
G01 X63.4390Y33.4896
G01 X63.4979Y33.5873
G01 X63.5116Y33.6119
G01 X63.5607Y33.7149
G01 X63.5719Y33.7408
G01 X63.6106Y33.8481
G01 X63.6193Y33.8750
G01 X63.6473Y33.9856
G01 X63.6533Y34.0132
G01 X63.6723Y34.1418
G01 X63.6746Y34.1699
G01 X63.6799Y34.2839
G01 X63.6795Y34.3121
G01 X63.6746Y34.4101
G01 X63.6723Y34.4382
G01 X63.6559Y34.5511
G01 X63.6473Y34.5944
G01 X63.6235Y34.6896
G01 X63.6157Y34.7168
G01 X63.5776Y34.8243
G01 X63.5607Y34.8651
G01 X63.5116Y34.9681
G01 X63.4979Y34.9927
G01 X63.4474Y35.0769
G01 X63.4322Y35.1006
G01 X63.3645Y35.1925
G01 X63.3364Y35.2266
G01 X63.2705Y35.2993
G01 X63.2509Y35.3196
G01 X63.1666Y35.3964
G01 X63.1373Y35.4207
G01 X63.0487Y35.4865
G01 X63.0169Y35.5074
G01 X62.9189Y35.5658
G01 X62.8938Y35.5787
G01 X62.8051Y35.6207
G01 X62.7700Y35.6354
G01 X62.6719Y35.6706
G01 X62.6296Y35.6835
G01 X62.5344Y35.7073
G01 X62.5068Y35.7133
G01 X62.3940Y35.7303
G01 X62.3660Y35.7335
G01 X62.2521Y35.7395
G01 X62.2239Y35.7399
G01 X62.0940Y35.7335
G01 X62.0660Y35.7303
G01 X61.9532Y35.7133
G01 X61.9256Y35.7073
G01 X61.8304Y35.6835
G01 X61.7881Y35.6706
G01 X61.6957Y35.6376
G01 X61.6605Y35.6232
G01 X61.5662Y35.5787
G01 X61.5411Y35.5658
G01 X61.4296Y35.4990
G01 X61.4064Y35.4829
G01 X61.3149Y35.4147
G01 X61.2934Y35.3964
G01 X61.2400Y35.3480
G01 X61.2399Y35.5680
G01 X61.2342Y35.6899
G01 X61.2319Y35.7180
G01 X61.2140Y35.8406
G01 X61.2089Y35.8684
G01 X61.1750Y36.0040
G01 X61.1663Y36.0309
G01 X61.1243Y36.1475
G01 X61.1131Y36.1734
G01 X61.0669Y36.2709
G01 X61.0540Y36.2960
G01 X60.9906Y36.4025
G01 X60.9753Y36.4262
G01 X60.9018Y36.5259
G01 X60.8778Y36.5554
G01 X60.8012Y36.6400
G01 X60.7816Y36.6603
G01 X60.6900Y36.7437
G01 X60.6559Y36.7718
G01 X60.5692Y36.8361
G01 X60.5460Y36.8521
G01 X60.4399Y36.9161
G01 X60.4065Y36.9342
G01 X60.3034Y36.9831
G01 X60.2626Y37.0000
G01 X60.1458Y37.0414
G01 X60.1187Y37.0491
G01 X59.9984Y37.0789
G01 X59.9706Y37.0840
G01 X59.8480Y37.1019
G01 X59.8199Y37.1042
G01 X59.6961Y37.1099
G01 X59.6679Y37.1095
G01 X59.5601Y37.1042
G01 X59.5320Y37.1019
G01 X59.4094Y37.0840
G01 X59.3661Y37.0754
G01 X59.2460Y37.0450
G01 X59.2191Y37.0363
G01 X59.1174Y37.0000
G01 X59.0766Y36.9831
G01 X58.9648Y36.9298
G01 X58.9401Y36.9161
G01 X58.8475Y36.8606
G01 X58.8238Y36.8453
G01 X58.7241Y36.7718
G01 X58.6900Y36.7437
G01 X58.6055Y36.6671
G01 X58.5788Y36.6400
G01 X58.4958Y36.5480
G01 X58.4782Y36.5259
G01 X58.4200Y36.4474
G01 X58.3618Y36.5259
G01 X58.3442Y36.5480
G01 X58.2612Y36.6400
G01 X58.2345Y36.6671
G01 X58.1500Y36.7437
G01 X58.1159Y36.7718
G01 X58.0162Y36.8453
G01 X57.9925Y36.8606
G01 X57.8999Y36.9161
G01 X57.8752Y36.9298
G01 X57.7634Y36.9831
G01 X57.7226Y37.0000
G01 X57.6209Y37.0363
G01 X57.5940Y37.0450
G01 X57.4739Y37.0754
G01 X57.4306Y37.0840
G01 X57.3080Y37.1019
G01 X57.2799Y37.1042
G01 X57.1561Y37.1099
G01 X57.1279Y37.1095
G01 X57.0201Y37.1042
G01 X56.9920Y37.1019
G01 X56.8694Y37.0840
G01 X56.8261Y37.0754
G01 X56.7060Y37.0450
G01 X56.6791Y37.0363
G01 X56.5774Y37.0000
G01 X56.5366Y36.9831
G01 X56.4248Y36.9298
G01 X56.4001Y36.9161
G01 X56.3075Y36.8606
G01 X56.2838Y36.8453
G01 X56.1841Y36.7718
G01 X56.1500Y36.7437
G01 X56.0655Y36.6671
G01 X56.0388Y36.6400
G01 X55.9558Y36.5480
G01 X55.9382Y36.5259
G01 X55.8800Y36.4474
G01 X55.8218Y36.5259
G01 X55.8042Y36.5480
G01 X55.7212Y36.6400
G01 X55.6945Y36.6671
G01 X55.6100Y36.7437
G01 X55.5759Y36.7718
G01 X55.4762Y36.8453
G01 X55.4525Y36.8606
G01 X55.3599Y36.9161
G01 X55.3352Y36.9298
G01 X55.2234Y36.9831
G01 X55.1826Y37.0000
G01 X55.0809Y37.0363
G01 X55.0540Y37.0450
G01 X54.9339Y37.0754
G01 X54.8906Y37.0840
G01 X54.7680Y37.1019
G01 X54.7399Y37.1042
G01 X54.6161Y37.1099
G01 X54.5879Y37.1095
G01 X54.4801Y37.1042
G01 X54.4520Y37.1019
G01 X54.3294Y37.0840
G01 X54.2861Y37.0754
G01 X54.1660Y37.0450
G01 X54.1391Y37.0363
G01 X54.0374Y37.0000
G01 X53.9966Y36.9831
G01 X53.8848Y36.9298
G01 X53.8601Y36.9161
G01 X53.7675Y36.8606
G01 X53.7438Y36.8453
G01 X53.6441Y36.7718
G01 X53.6100Y36.7437
G01 X53.5255Y36.6671
G01 X53.4988Y36.6400
G01 X53.4158Y36.5480
G01 X53.3982Y36.5259
G01 X53.3400Y36.4474
G01 X53.2818Y36.5259
G01 X53.2642Y36.5480
G01 X53.1812Y36.6400
G01 X53.1545Y36.6671
G01 X53.0700Y36.7437
G01 X53.0359Y36.7718
G01 X52.9362Y36.8453
G01 X52.9125Y36.8606
G01 X52.8199Y36.9161
G01 X52.7952Y36.9298
G01 X52.6834Y36.9831
G01 X52.6575Y36.9943
G01 X52.5409Y37.0363
G01 X52.4987Y37.0491
G01 X52.3939Y37.0754
G01 X52.3664Y37.0813
G01 X52.2438Y37.0998
G01 X52.1999Y37.1042
G01 X52.0761Y37.1099
G01 X52.0479Y37.1095
G01 X51.9401Y37.1042
G01 X51.9120Y37.1019
G01 X51.7894Y37.0840
G01 X51.7461Y37.0754
G01 X51.6260Y37.0450
G01 X51.5991Y37.0363
G01 X51.4974Y37.0000
G01 X51.4566Y36.9831
G01 X51.3448Y36.9298
G01 X51.3201Y36.9161
G01 X51.2275Y36.8606
G01 X51.2038Y36.8453
G01 X51.1041Y36.7718
G01 X51.0700Y36.7437
G01 X50.9855Y36.6671
G01 X50.9588Y36.6400
G01 X50.8758Y36.5480
G01 X50.8582Y36.5259
G01 X50.8000Y36.4474
G01 X50.7418Y36.5259
G01 X50.7242Y36.5480
G01 X50.6412Y36.6400
G01 X50.6145Y36.6671
G01 X50.5300Y36.7437
G01 X50.4959Y36.7718
G01 X50.3962Y36.8453
G01 X50.3725Y36.8606
G01 X50.2799Y36.9161
G01 X50.2552Y36.9298
G01 X50.1434Y36.9831
G01 X50.1175Y36.9943
G01 X50.0009Y37.0363
G01 X49.9587Y37.0491
G01 X49.8384Y37.0789
G01 X49.8106Y37.0840
G01 X49.7038Y37.0998
G01 X49.6660Y37.1038
G01 X49.5459Y37.1097
G01 X49.5079Y37.1095
G01 X49.4001Y37.1042
G01 X49.3720Y37.1019
G01 X49.2494Y37.0840
G01 X49.2061Y37.0754
G01 X49.1013Y37.0491
G01 X49.0742Y37.0414
G01 X48.9574Y37.0000
G01 X48.9166Y36.9831
G01 X48.8048Y36.9298
G01 X48.7801Y36.9161
G01 X48.6875Y36.8606
G01 X48.6638Y36.8453
G01 X48.5641Y36.7718
G01 X48.5300Y36.7437
G01 X48.4455Y36.6671
G01 X48.4188Y36.6400
G01 X48.3358Y36.5480
G01 X48.3182Y36.5259
G01 X48.2600Y36.4474
G01 X48.2018Y36.5259
G01 X48.1842Y36.5480
G01 X48.1012Y36.6400
G01 X48.0745Y36.6671
G01 X47.9900Y36.7437
G01 X47.9559Y36.7718
G01 X47.8562Y36.8453
G01 X47.8325Y36.8606
G01 X47.7399Y36.9161
G01 X47.7152Y36.9298
G01 X47.6034Y36.9831
G01 X47.5775Y36.9943
G01 X47.4609Y37.0363
G01 X47.4187Y37.0491
G01 X47.2984Y37.0789
G01 X47.2706Y37.0840
G01 X47.1638Y37.0998
G01 X47.1260Y37.1038
G01 X47.0059Y37.1097
G01 X46.9679Y37.1095
G01 X46.8601Y37.1042
G01 X46.8320Y37.1019
G01 X46.7094Y37.0840
G01 X46.6661Y37.0754
G01 X46.5460Y37.0450
G01 X46.5191Y37.0363
G01 X46.4174Y37.0000
G01 X46.3766Y36.9831
G01 X46.2648Y36.9298
G01 X46.2401Y36.9161
G01 X46.1475Y36.8606
G01 X46.1238Y36.8453
G01 X46.0241Y36.7718
G01 X45.9900Y36.7437
G01 X45.9055Y36.6671
G01 X45.8788Y36.6400
G01 X45.7958Y36.5480
G01 X45.7782Y36.5259
G01 X45.7200Y36.4474
G01 X45.6618Y36.5259
G01 X45.6442Y36.5480
G01 X45.5612Y36.6400
G01 X45.5345Y36.6671
G01 X45.4500Y36.7437
G01 X45.4159Y36.7718
G01 X45.3162Y36.8453
G01 X45.2925Y36.8606
G01 X45.1999Y36.9161
G01 X45.1752Y36.9298
G01 X45.0634Y36.9831
G01 X45.0375Y36.9943
G01 X44.9209Y37.0363
G01 X44.8787Y37.0491
G01 X44.7584Y37.0789
G01 X44.7306Y37.0840
G01 X44.6238Y37.0998
G01 X44.5860Y37.1038
G01 X44.4659Y37.1097
G01 X44.4279Y37.1095
G01 X44.3201Y37.1042
G01 X44.2920Y37.1019
G01 X44.1694Y37.0840
G01 X44.1261Y37.0754
G01 X44.0213Y37.0491
G01 X43.9942Y37.0414
G01 X43.8774Y37.0000
G01 X43.8366Y36.9831
G01 X43.7248Y36.9298
G01 X43.7001Y36.9161
G01 X43.6075Y36.8606
G01 X43.5838Y36.8453
G01 X43.4841Y36.7718
G01 X43.4500Y36.7437
G01 X43.3655Y36.6671
G01 X43.3388Y36.6400
G01 X43.2558Y36.5480
G01 X43.2382Y36.5259
G01 X43.1800Y36.4474
G01 X43.1218Y36.5259
G01 X43.1042Y36.5480
G01 X43.0212Y36.6400
G01 X42.9945Y36.6671
G01 X42.9100Y36.7437
G01 X42.8759Y36.7718
G01 X42.7762Y36.8453
G01 X42.7525Y36.8606
G01 X42.6599Y36.9161
G01 X42.6352Y36.9298
G01 X42.5234Y36.9831
G01 X42.4975Y36.9943
G01 X42.3809Y37.0363
G01 X42.3387Y37.0491
G01 X42.2184Y37.0789
G01 X42.1906Y37.0840
G01 X42.0838Y37.0998
G01 X42.0460Y37.1038
G01 X41.9321Y37.1095
G01 X41.8879Y37.1095
G01 X41.7642Y37.1031
G01 X41.7362Y37.0998
G01 X41.6294Y37.0840
G01 X41.5861Y37.0754
G01 X41.4660Y37.0450
G01 X41.4391Y37.0363
G01 X41.3374Y37.0000
G01 X41.2966Y36.9831
G01 X41.1848Y36.9298
G01 X41.1601Y36.9161
G01 X41.0675Y36.8606
G01 X41.0438Y36.8453
G01 X40.9441Y36.7718
G01 X40.9100Y36.7437
G01 X40.8255Y36.6671
G01 X40.7988Y36.6400
G01 X40.7158Y36.5480
G01 X40.6982Y36.5259
G01 X40.6400Y36.4474
G01 X40.5818Y36.5259
G01 X40.5642Y36.5480
G01 X40.4812Y36.6400
G01 X40.4545Y36.6671
G01 X40.3700Y36.7437
G01 X40.3359Y36.7718
G01 X40.2362Y36.8453
G01 X40.2125Y36.8606
G01 X40.1199Y36.9161
G01 X40.0952Y36.9298
G01 X39.9834Y36.9831
G01 X39.9575Y36.9943
G01 X39.8409Y37.0363
G01 X39.7987Y37.0491
G01 X39.6880Y37.0768
G01 X39.6506Y37.0840
G01 X39.5438Y37.0998
G01 X39.5158Y37.1031
G01 X39.3921Y37.1095
G01 X39.3479Y37.1095
G01 X39.2242Y37.1031
G01 X39.1962Y37.0998
G01 X39.0894Y37.0840
G01 X39.0461Y37.0754
G01 X38.9413Y37.0491
G01 X38.9142Y37.0414
G01 X38.7974Y37.0000
G01 X38.7566Y36.9831
G01 X38.6448Y36.9298
G01 X38.6201Y36.9161
G01 X38.5275Y36.8606
G01 X38.5038Y36.8453
G01 X38.4041Y36.7718
G01 X38.3700Y36.7437
G01 X38.2855Y36.6671
G01 X38.2588Y36.6400
G01 X38.1758Y36.5480
G01 X38.1582Y36.5259
G01 X38.1000Y36.4474
G01 X38.0418Y36.5259
G01 X38.0242Y36.5480
G01 X37.9412Y36.6400
G01 X37.9145Y36.6671
G01 X37.8300Y36.7437
G01 X37.7959Y36.7718
G01 X37.6962Y36.8453
G01 X37.6725Y36.8606
G01 X37.5746Y36.9192
G01 X37.5409Y36.9369
G01 X37.4288Y36.9896
G01 X37.4026Y37.0000
G01 X37.3009Y37.0363
G01 X37.2740Y37.0450
G01 X37.1539Y37.0754
G01 X37.1264Y37.0813
G01 X37.0038Y37.0998
G01 X36.9599Y37.1042
G01 X36.8521Y37.1095
G01 X36.8239Y37.1099
G01 X36.7001Y37.1042
G01 X36.6622Y37.1007
G01 X36.5433Y37.0830
G01 X36.5061Y37.0754
G01 X36.4013Y37.0491
G01 X36.3742Y37.0414
G01 X36.2574Y37.0000
G01 X36.2166Y36.9831
G01 X36.1048Y36.9298
G01 X36.0801Y36.9161
G01 X35.9875Y36.8606
G01 X35.9508Y36.8361
G01 X35.8515Y36.7620
G01 X35.8300Y36.7437
G01 X35.7500Y36.6712
G01 X35.7188Y36.6400
G01 X35.6358Y36.5480
G01 X35.6182Y36.5259
G01 X35.5600Y36.4474
G01 X35.5018Y36.5259
G01 X35.4842Y36.5480
G01 X35.4012Y36.6400
G01 X35.3745Y36.6671
G01 X35.2900Y36.7437
G01 X35.2559Y36.7718
G01 X35.1562Y36.8453
G01 X35.1325Y36.8606
G01 X35.0346Y36.9192
G01 X35.0009Y36.9369
G01 X34.8888Y36.9896
G01 X34.8626Y37.0000
G01 X34.7458Y37.0414
G01 X34.7187Y37.0491
G01 X34.6139Y37.0754
G01 X34.5864Y37.0813
G01 X34.4638Y37.0998
G01 X34.4260Y37.1038
G01 X34.3059Y37.1097
G01 X34.2679Y37.1095
G01 X34.1601Y37.1042
G01 X34.1320Y37.1019
G01 X34.0033Y37.0830
G01 X33.9661Y37.0754
G01 X33.8613Y37.0491
G01 X33.8342Y37.0414
G01 X33.7174Y37.0000
G01 X33.6766Y36.9831
G01 X33.5648Y36.9298
G01 X33.5401Y36.9161
G01 X33.4475Y36.8606
G01 X33.4108Y36.8361
G01 X33.3115Y36.7620
G01 X33.2900Y36.7437
G01 X33.2100Y36.6712
G01 X33.1788Y36.6400
G01 X33.0958Y36.5480
G01 X33.0782Y36.5259
G01 X33.0200Y36.4474
G01 X32.9618Y36.5259
G01 X32.9442Y36.5480
G01 X32.8612Y36.6400
G01 X32.8345Y36.6671
G01 X32.7500Y36.7437
G01 X32.7159Y36.7718
G01 X32.6162Y36.8453
G01 X32.5925Y36.8606
G01 X32.4999Y36.9161
G01 X32.4609Y36.9369
G01 X32.3488Y36.9896
G01 X32.3226Y37.0000
G01 X32.2058Y37.0414
G01 X32.1787Y37.0491
G01 X32.0584Y37.0789
G01 X32.0306Y37.0840
G01 X31.9080Y37.1019
G01 X31.8799Y37.1042
G01 X31.7721Y37.1095
G01 X31.7279Y37.1095
G01 X31.6042Y37.1031
G01 X31.5762Y37.0998
G01 X31.4694Y37.0840
G01 X31.4261Y37.0754
G01 X31.3213Y37.0491
G01 X31.2942Y37.0414
G01 X31.1774Y37.0000
G01 X31.1366Y36.9831
G01 X31.0248Y36.9298
G01 X31.0001Y36.9161
G01 X30.9075Y36.8606
G01 X30.8708Y36.8361
G01 X30.7715Y36.7620
G01 X30.7500Y36.7437
G01 X30.6700Y36.6712
G01 X30.6388Y36.6400
G01 X30.5558Y36.5480
G01 X30.5382Y36.5259
G01 X30.4800Y36.4474
G01 X30.4218Y36.5259
G01 X30.4042Y36.5480
G01 X30.3212Y36.6400
G01 X30.2900Y36.6712
G01 X30.2100Y36.7437
G01 X30.1885Y36.7620
G01 X30.0762Y36.8453
G01 X30.0525Y36.8606
G01 X29.9599Y36.9161
G01 X29.9209Y36.9369
G01 X29.8234Y36.9831
G01 X29.7975Y36.9943
G01 X29.6809Y37.0363
G01 X29.6387Y37.0491
G01 X29.5339Y37.0754
G01 X29.5064Y37.0813
G01 X29.3680Y37.1019
G01 X29.3399Y37.1042
G01 X29.2321Y37.1095
G01 X29.1879Y37.1095
G01 X29.0801Y37.1042
G01 X29.0520Y37.1019
G01 X28.9233Y37.0830
G01 X28.8861Y37.0754
G01 X28.7660Y37.0450
G01 X28.7391Y37.0363
G01 X28.6225Y36.9943
G01 X28.5966Y36.9831
G01 X28.4848Y36.9298
G01 X28.4601Y36.9161
G01 X28.3540Y36.8521
G01 X28.3308Y36.8361
G01 X28.2315Y36.7620
G01 X28.2100Y36.7437
G01 X28.1184Y36.6603
G01 X28.0988Y36.6400
G01 X28.0158Y36.5480
G01 X27.9982Y36.5259
G01 X27.9400Y36.4474
G01 X27.8818Y36.5259
G01 X27.8642Y36.5480
G01 X27.7812Y36.6400
G01 X27.7500Y36.6712
G01 X27.6700Y36.7437
G01 X27.6485Y36.7620
G01 X27.5492Y36.8361
G01 X27.5125Y36.8606
G01 X27.4199Y36.9161
G01 X27.3952Y36.9298
G01 X27.2834Y36.9831
G01 X27.2426Y37.0000
G01 X27.1258Y37.0414
G01 X27.0987Y37.0491
G01 X26.9939Y37.0754
G01 X26.9506Y37.0840
G01 X26.8438Y37.0998
G01 X26.8158Y37.1031
G01 X26.6921Y37.1095
G01 X26.6479Y37.1095
G01 X26.5242Y37.1031
G01 X26.4962Y37.0998
G01 X26.3736Y37.0813
G01 X26.3461Y37.0754
G01 X26.2260Y37.0450
G01 X26.1991Y37.0363
G01 X26.0825Y36.9943
G01 X26.0566Y36.9831
G01 X25.9448Y36.9298
G01 X25.9201Y36.9161
G01 X25.8275Y36.8606
G01 X25.8038Y36.8453
G01 X25.7041Y36.7718
G01 X25.6820Y36.7542
G01 X25.5900Y36.6712
G01 X25.5697Y36.6516
G01 X25.4863Y36.5600
G01 X25.4680Y36.5385
G01 X25.3939Y36.4392
G01 X25.3779Y36.4160
G01 X25.3139Y36.3099
G01 X25.3002Y36.2852
G01 X25.2469Y36.1734
G01 X25.2357Y36.1475
G01 X25.1937Y36.0309
G01 X25.1850Y36.0040
G01 X25.1511Y35.8684
G01 X25.1460Y35.8406
G01 X25.1281Y35.7180
G01 X25.1258Y35.6899
G01 X25.1201Y35.5680
G01 X25.1200Y35.3480
G01 X25.0666Y35.3964
G01 X25.0451Y35.4147
G01 X24.9487Y35.4865
G01 X24.9169Y35.5074
G01 X24.8327Y35.5579
G01 X24.8081Y35.5716
G01 X24.6905Y35.6272
G01 X24.6643Y35.6376
G01 X24.5719Y35.6706
G01 X24.5296Y35.6835
G01 X24.4344Y35.7073
G01 X24.4068Y35.7133
G01 X24.2782Y35.7323
G01 X24.2501Y35.7346
G01 X24.1521Y35.7395
G01 X24.1079Y35.7395
G01 X24.0099Y35.7346
G01 X23.9818Y35.7323
G01 X23.8532Y35.7133
G01 X23.8256Y35.7073
G01 X23.7304Y35.6835
G01 X23.6881Y35.6706
G01 X23.5957Y35.6376
G01 X23.5695Y35.6272
G01 X23.4519Y35.5716
G01 X23.4273Y35.5579
G01 X23.3431Y35.5074
G01 X23.3064Y35.4829
G01 X23.2275Y35.4245
G01 X23.2054Y35.4069
G01 X23.1091Y35.3196
G01 X23.0895Y35.2993
G01 X23.0236Y35.2266
G01 X22.9955Y35.1925
G01 X22.9278Y35.1006
G01 X22.9126Y35.0769
G01 X22.8621Y34.9927
G01 X22.8413Y34.9538
G01 X22.7993Y34.8651
G01 X22.7881Y34.8392
G01 X22.7443Y34.7168
G01 X22.7365Y34.6896
G01 X22.7127Y34.5944
G01 X22.7041Y34.5511
G01 X22.6897Y34.4540
G01 X22.6865Y34.4260
G01 X22.6801Y34.3010
G00 Z20.0000
G00 X22.8151Y33.6815
G01 Z20.0000
G01 X22.7747Y32.8590
G01 X22.5645Y31.4417
G01 X22.2164Y30.0518
G01 X21.7491Y28.7460
G00 Z20.0000
G00 X22.1381Y28.6473
G01 Z20.0000
G01 X22.5991Y29.9357
G01 X22.9568Y31.3636
G01 X23.1728Y32.8197
G01 X23.1908Y33.1859
G00 Z20.0000
G00 X23.5791Y32.9488
G01 Z20.0000
G01 X23.5709Y32.7805
G01 X23.3491Y31.2856
G01 X22.9819Y29.8196
G01 X22.4890Y28.4420
G00 Z20.0000
G00 X22.7860Y28.1244
G01 Z20.0000
G01 X22.8423Y28.2436
G01 X23.3647Y29.7035
G01 X23.7414Y31.2076
G01 X23.9689Y32.7413
G01 X23.9742Y32.8486
G00 Z20.0000
G00 X24.3749Y32.8617
G01 Z20.0000
G01 X24.3670Y32.7021
G01 X24.1338Y31.1295
G01 X23.7475Y29.5874
G01 X23.2119Y28.0905
G01 X22.9993Y27.6412
G00 Z20.0000
G00 X22.1125Y25.9532
G01 Z20.0000
G01 X21.7148Y25.2898
G01 X20.7678Y24.0128
G01 X19.7002Y22.8349
G01 X18.5222Y21.7672
G01 X17.2453Y20.8202
G01 X15.8817Y20.0029
G01 X14.4445Y19.3232
G01 X12.9476Y18.7876
G01 X11.4055Y18.4013
G01 X9.8329Y18.1680
G01 X8.2450Y18.0900
G01 X6.6572Y18.1680
G01 X5.0846Y18.4013
G01 X3.5424Y18.7876
G01 X2.0456Y19.3232
G01 X0.6084Y20.0029
G01 X0.2600Y20.2117
G01 X0.2600Y19.7459
G01 X0.4198Y19.6501
G01 X1.8925Y18.9536
G01 X3.4263Y18.4048
G01 X5.0065Y18.0090
G01 X6.6179Y17.7699
G01 X8.2450Y17.6900
G01 X9.8721Y17.7699
G01 X11.4835Y18.0090
G01 X13.0638Y18.4048
G01 X14.5976Y18.9536
G01 X16.0702Y19.6501
G01 X17.4675Y20.4876
G01 X18.7760Y21.4580
G01 X19.9830Y22.5520
G01 X21.0770Y23.7591
G01 X22.0474Y25.0675
G01 X22.8849Y26.4648
G01 X23.5814Y27.9375
G01 X24.1302Y29.4713
G01 X24.5261Y31.0515
G01 X24.7651Y32.6629
G01 X24.7814Y32.9954
G00 Z20.0000
G00 X25.1969Y33.3098
G01 Z20.0000
G01 X25.1632Y32.6237
G01 X24.9184Y30.9735
G01 X24.5130Y29.3552
G01 X23.9510Y27.7844
G01 X23.2377Y26.2763
G01 X22.3800Y24.8453
G01 X21.3862Y23.5053
G01 X20.2658Y22.2692
G01 X19.0297Y21.1488
G01 X17.6897Y20.1550
G01 X16.2588Y19.2973
G01 X14.7506Y18.5840
G01 X13.1799Y18.0220
G01 X11.5616Y17.6167
G01 X9.9113Y17.3719
G01 X8.2450Y17.2900
G01 X6.5787Y17.3719
G01 X4.9285Y17.6167
G01 X3.3102Y18.0220
G01 X1.7394Y18.5840
G01 X0.2600Y19.2838
G01 X0.2600Y18.8418
G01 X1.5863Y18.2145
G01 X3.1941Y17.6392
G01 X4.8505Y17.2243
G01 X6.5395Y16.9738
G01 X8.2450Y16.8900
G01 X9.9505Y16.9738
G01 X11.6396Y17.2243
G01 X13.2960Y17.6392
G01 X14.9037Y18.2145
G01 X16.4473Y18.9446
G01 X17.9120Y19.8224
G01 X19.2835Y20.8396
G01 X20.5487Y21.9863
G01 X21.6954Y23.2516
G01 X22.7126Y24.6231
G01 X23.5905Y26.0877
G01 X24.3205Y27.6313
G01 X24.8958Y29.2390
G01 X25.3107Y30.8954
G01 X25.5612Y32.5845
G01 X25.5904Y33.1784
G00 Z20.0000
G00 X24.7814Y35.5846
G01 Z20.0000
G01 X24.7651Y35.9171
G01 X24.5261Y37.5285
G01 X24.1302Y39.1087
G01 X23.5814Y40.6425
G01 X22.8849Y42.1152
G01 X22.0474Y43.5125
G01 X21.0770Y44.8209
G01 X19.9830Y46.0280
G01 X18.7760Y47.1220
G01 X17.4675Y48.0924
G01 X16.0702Y48.9299
G01 X14.5976Y49.6264
G01 X13.0638Y50.1752
G01 X11.4835Y50.5710
G01 X9.8721Y50.8101
G01 X8.2450Y50.8900
G01 X7.8970Y50.8729
G00 Z20.0000
G00 X7.8268Y51.2695
G01 Z20.0000
G01 X8.2450Y51.2900
G01 X9.9113Y51.2081
G01 X11.5616Y50.9634
G01 X13.1799Y50.5580
G01 X14.7506Y49.9960
G01 X16.2588Y49.2827
G01 X17.6897Y48.4250
G01 X19.0297Y47.4312
G01 X20.2658Y46.3108
G01 X21.3862Y45.0747
G01 X22.3800Y43.7347
G01 X23.2377Y42.3037
G01 X23.9510Y40.7956
G01 X24.5130Y39.2248
G01 X24.9184Y37.6065
G01 X25.1632Y35.9563
G01 X25.1647Y35.9243
G00 Z20.0000
G00 X25.4788Y36.5515
G01 Z20.0000
G01 X25.3107Y37.6846
G01 X24.8958Y39.3410
G01 X24.3205Y40.9487
G01 X23.5905Y42.4923
G01 X22.7126Y43.9569
G01 X21.6954Y45.3284
G01 X20.5487Y46.5937
G01 X19.2835Y47.7404
G01 X17.9120Y48.7576
G01 X16.4473Y49.6354
G01 X14.9037Y50.3655
G01 X13.2960Y50.9408
G01 X11.6396Y51.3557
G01 X9.9505Y51.6062
G01 X8.2450Y51.6900
G01 X7.6393Y51.6602
G00 Z20.0000
G00 X7.2747Y52.0423
G01 Z20.0000
G01 X8.2450Y52.0900
G01 X9.9897Y52.0043
G01 X11.7176Y51.7480
G01 X13.4121Y51.3235
G01 X15.0568Y50.7351
G01 X16.6359Y49.9882
G01 X18.1342Y49.0902
G01 X19.5372Y48.0496
G01 X20.8315Y46.8765
G01 X22.0046Y45.5822
G01 X23.0452Y44.1792
G01 X23.9432Y42.6809
G01 X24.6901Y41.1018
G01 X25.2786Y39.4571
G01 X25.7030Y37.7626
G01 X25.8361Y36.8657
G00 Z20.0000
G00 X26.2139Y37.0413
G01 Z20.0000
G01 X26.0953Y37.8406
G01 X25.6613Y39.5732
G01 X25.0596Y41.2548
G01 X24.2960Y42.8694
G01 X23.3778Y44.4014
G01 X22.3138Y45.8360
G01 X21.1144Y47.1593
G01 X19.7910Y48.3588
G01 X18.3564Y49.4227
G01 X16.8245Y50.3410
G01 X15.2099Y51.1046
G01 X13.5282Y51.7063
G01 X11.7957Y52.1403
G01 X10.0289Y52.4024
G01 X8.2450Y52.4900
G01 X6.4611Y52.4024
G01 X4.6944Y52.1403
G01 X2.9618Y51.7063
G01 X1.2802Y51.1046
G01 X0.2600Y50.6221
G01 X0.2600Y50.1801
G01 X1.4333Y50.7351
G01 X3.0780Y51.3235
G01 X4.7724Y51.7480
G01 X5.1729Y51.8074
G00 Z20.0000
G00 X4.9070Y51.3641
G01 Z20.0000
G01 X4.8505Y51.3557
G01 X3.1941Y50.9408
G01 X1.5863Y50.3655
G01 X0.2600Y49.7382
G01 X0.2600Y49.2962
G01 X1.7394Y49.9960
G01 X3.3102Y50.5580
G01 X4.8060Y50.9327
G00 Z20.0000
G00 X4.8251Y50.5256
G01 Z20.0000
G01 X3.4263Y50.1752
G01 X1.8925Y49.6264
G01 X0.4198Y48.9299
G01 X0.2600Y48.8341
G01 X0.2600Y48.3683
G01 X0.6084Y48.5771
G01 X2.0456Y49.2568
G01 X3.5424Y49.7924
G01 X4.9470Y50.1443
G00 Z20.0000
G00 X5.1767Y49.7885
G01 Z20.0000
G01 X5.1626Y49.7864
G01 X3.6585Y49.4097
G01 X2.1986Y48.8873
G01 X0.7970Y48.2244
G01 X0.2600Y47.9025
G01 X0.2600Y47.4367
G01 X0.9855Y47.8716
G01 X2.3517Y48.5177
G01 X3.7746Y49.0269
G01 X5.2406Y49.3941
G01 X5.3059Y49.4038
G00 Z20.0000
G00 X4.9432Y48.9077
G01 Z20.0000
G01 X3.8908Y48.6441
G01 X2.5048Y48.1482
G01 X1.1741Y47.5188
G01 X0.2600Y46.9709
G01 X0.2600Y46.5052
G01 X1.3626Y47.1661
G01 X2.6579Y47.7786
G01 X4.0069Y48.2613
G01 X4.8146Y48.4637
G00 Z20.0000
G00 X4.8152Y48.0520
G01 Z20.0000
G01 X4.1230Y47.8786
G01 X2.8109Y47.4091
G01 X1.5512Y46.8133
G01 X0.3559Y46.0969
G01 X0.2600Y46.0257
G01 X0.2600Y45.5283
G01 X0.5782Y45.7643
G01 X1.7398Y46.4605
G01 X2.9640Y47.0395
G01 X4.2391Y47.4958
G01 X4.9184Y47.6659
G00 Z20.0000
G00 X5.1288Y47.3068
G01 Z20.0000
G01 X4.3552Y47.1130
G01 X3.1171Y46.6700
G01 X1.9283Y46.1077
G01 X0.8004Y45.4317
G01 X0.2600Y45.0309
G01 X0.2600Y44.5335
G01 X1.0226Y45.0991
G01 X2.1169Y45.7550
G01 X3.2701Y46.3004
G01 X4.4713Y46.7302
G01 X5.4393Y46.9727
G00 Z20.0000
G00 X4.9806Y46.4459
G01 Z20.0000
G01 X4.5874Y46.3474
G01 X3.4232Y45.9309
G01 X2.3054Y45.4022
G01 X1.2448Y44.7665
G01 X0.2600Y44.0361
G01 X0.2600Y43.4983
G01 X0.5054Y43.7207
G01 X1.4671Y44.4339
G01 X2.4940Y45.0494
G01 X3.5763Y45.5613
G01 X4.7036Y45.9647
G01 X4.8252Y45.9951
G00 Z20.0000
G00 X4.8001Y45.7310
G01 Z20.0000
G01 X4.8005Y45.6979
G01 X4.8058Y45.5901
G01 X4.8081Y45.5620
G01 X4.8260Y45.4394
G01 X4.8346Y45.3961
G01 X4.8609Y45.2913
G01 X4.8686Y45.2642
G01 X4.9100Y45.1474
G01 X4.9269Y45.1066
G01 X4.9802Y44.9948
G01 X4.9939Y44.9701
G01 X5.0494Y44.8775
G01 X5.0647Y44.8538
G01 X5.1382Y44.7541
G01 X5.1663Y44.7200
G01 X5.2429Y44.6355
G01 X5.2700Y44.6088
G01 X5.3620Y44.5258
G01 X5.3841Y44.5082
G01 X5.4626Y44.4500
G01 X5.3841Y44.3918
G01 X5.3620Y44.3742
G01 X5.2700Y44.2912
G01 X5.2497Y44.2716
G01 X5.1663Y44.1800
G01 X5.1480Y44.1585
G01 X5.0739Y44.0592
G01 X5.0579Y44.0360
G01 X4.9939Y43.9299
G01 X4.9802Y43.9052
G01 X4.9269Y43.7934
G01 X4.9157Y43.7675
G01 X4.8737Y43.6509
G01 X4.8650Y43.6240
G01 X4.8346Y43.5039
G01 X4.8287Y43.4764
G01 X4.8102Y43.3538
G01 X4.8069Y43.3258
G01 X4.8005Y43.2021
G01 X4.8001Y43.1751
G01 X4.8069Y43.0342
G01 X4.8102Y43.0062
G01 X4.8287Y42.8836
G01 X4.8346Y42.8561
G01 X4.8650Y42.7360
G01 X4.8737Y42.7091
G01 X4.9157Y42.5925
G01 X4.9269Y42.5666
G01 X4.9802Y42.4548
G01 X4.9939Y42.4301
G01 X5.0526Y42.3323
G01 X5.0739Y42.3008
G01 X5.1480Y42.2015
G01 X5.1663Y42.1800
G01 X5.2497Y42.0884
G01 X5.2700Y42.0688
G01 X5.3620Y41.9858
G01 X5.3841Y41.9682
G01 X5.4838Y41.8947
G01 X5.5075Y41.8794
G01 X5.6140Y41.8160
G01 X5.6391Y41.8031
G01 X5.7512Y41.7504
G01 X5.7774Y41.7400
G01 X5.8942Y41.6986
G01 X5.9213Y41.6909
G01 X6.0416Y41.6611
G01 X6.0694Y41.6560
G01 X6.1920Y41.6381
G01 X6.2201Y41.6358
G01 X6.3439Y41.6301
G01 X6.3721Y41.6305
G01 X6.4958Y41.6369
G01 X6.5238Y41.6402
G01 X6.6464Y41.6587
G01 X6.6739Y41.6646
G01 X6.7940Y41.6950
G01 X6.8209Y41.7037
G01 X6.9375Y41.7457
G01 X6.9634Y41.7569
G01 X7.0752Y41.8102
G01 X7.0999Y41.8239
G01 X7.1977Y41.8826
G01 X7.2292Y41.9039
G01 X7.3285Y41.9780
G01 X7.3500Y41.9963
G01 X7.4300Y42.0688
G01 X7.4503Y42.0884
G01 X7.5337Y42.1800
G01 X7.5520Y42.2015
G01 X7.6261Y42.3008
G01 X7.6506Y42.3375
G01 X7.7092Y42.4354
G01 X7.7269Y42.4691
G01 X7.7731Y42.5666
G01 X7.7843Y42.5925
G01 X7.8263Y42.7091
G01 X7.8391Y42.7513
G01 X7.8689Y42.8716
G01 X7.8740Y42.8994
G01 X7.8898Y43.0062
G01 X7.8931Y43.0342
G01 X7.8995Y43.1579
G01 X7.8995Y43.2021
G01 X7.8931Y43.3258
G01 X7.8898Y43.3538
G01 X7.8740Y43.4606
G01 X7.8654Y43.5039
G01 X7.8391Y43.6087
G01 X7.8314Y43.6358
G01 X7.7900Y43.7526
G01 X7.7731Y43.7934
G01 X7.7198Y43.9052
G01 X7.7061Y43.9299
G01 X7.6506Y44.0225
G01 X7.6261Y44.0592
G01 X7.5520Y44.1585
G01 X7.5337Y44.1800
G01 X7.4612Y44.2600
G01 X7.4300Y44.2912
G01 X7.3380Y44.3742
G01 X7.3159Y44.3918
G01 X7.2374Y44.4500
G01 X7.3159Y44.5082
G01 X7.3380Y44.5258
G01 X7.4300Y44.6088
G01 X7.4503Y44.6284
G01 X7.5337Y44.7200
G01 X7.5520Y44.7415
G01 X7.6261Y44.8408
G01 X7.6421Y44.8640
G01 X7.7061Y44.9701
G01 X7.7198Y44.9948
G01 X7.7731Y45.1066
G01 X7.7843Y45.1325
G01 X7.8263Y45.2491
G01 X7.8350Y45.2760
G01 X7.8654Y45.3961
G01 X7.8730Y45.4333
G01 X7.8919Y45.5620
G01 X7.8942Y45.5901
G01 X7.8995Y45.6979
G01 X7.8995Y45.7421
G01 X7.8942Y45.8499
G01 X7.8919Y45.8780
G01 X7.8713Y46.0164
G01 X7.8654Y46.0439
G01 X7.8391Y46.1487
G01 X7.8263Y46.1909
G01 X7.7843Y46.3075
G01 X7.7731Y46.3334
G01 X7.7269Y46.4309
G01 X7.7061Y46.4699
G01 X7.6506Y46.5625
G01 X7.6353Y46.5862
G01 X7.5520Y46.6985
G01 X7.5337Y46.7200
G01 X7.4612Y46.8000
G01 X7.4300Y46.8312
G01 X7.3380Y46.9142
G01 X7.3159Y46.9318
G01 X7.2374Y46.9900
G01 X7.3159Y47.0482
G01 X7.3380Y47.0658
G01 X7.4300Y47.1488
G01 X7.4612Y47.1800
G01 X7.5337Y47.2600
G01 X7.5520Y47.2815
G01 X7.6261Y47.3808
G01 X7.6506Y47.4175
G01 X7.7061Y47.5101
G01 X7.7198Y47.5348
G01 X7.7731Y47.6466
G01 X7.7900Y47.6874
G01 X7.8314Y47.8042
G01 X7.8391Y47.8313
G01 X7.8654Y47.9361
G01 X7.8740Y47.9794
G01 X7.8898Y48.0862
G01 X7.8931Y48.1142
G01 X7.8995Y48.2379
G01 X7.8995Y48.2821
G01 X7.8942Y48.3899
G01 X7.8919Y48.4180
G01 X7.8740Y48.5406
G01 X7.8689Y48.5684
G01 X7.8391Y48.6887
G01 X7.8314Y48.7158
G01 X7.7900Y48.8326
G01 X7.7796Y48.8588
G01 X7.7269Y48.9709
G01 X7.7061Y49.0099
G01 X7.6506Y49.1025
G01 X7.6353Y49.1262
G01 X7.5618Y49.2259
G01 X7.5337Y49.2600
G01 X7.4571Y49.3445
G01 X7.4300Y49.3712
G01 X7.3380Y49.4542
G01 X7.3159Y49.4718
G01 X7.2374Y49.5300
G01 X7.3159Y49.5882
G01 X7.3380Y49.6058
G01 X7.4300Y49.6888
G01 X7.4571Y49.7155
G01 X7.5337Y49.8000
G01 X7.5618Y49.8341
G01 X7.6353Y49.9338
G01 X7.6506Y49.9575
G01 X7.7061Y50.0501
G01 X7.7198Y50.0748
G01 X7.7731Y50.1866
G01 X7.7900Y50.2274
G01 X7.8314Y50.3442
G01 X7.8391Y50.3713
G01 X7.8654Y50.4761
G01 X7.8740Y50.5194
G01 X7.8898Y50.6262
G01 X7.8931Y50.6542
G01 X7.8995Y50.7779
G01 X7.8995Y50.8221
G01 X7.8942Y50.9299
G01 X7.8919Y50.9580
G01 X7.8730Y51.0867
G01 X7.8654Y51.1239
G01 X7.8391Y51.2287
G01 X7.8263Y51.2709
G01 X7.7900Y51.3726
G01 X7.7796Y51.3988
G01 X7.7198Y51.5252
G01 X7.7061Y51.5499
G01 X7.6421Y51.6560
G01 X7.6261Y51.6792
G01 X7.5618Y51.7659
G01 X7.5378Y51.7954
G01 X7.4612Y51.8800
G01 X7.4300Y51.9112
G01 X7.3500Y51.9837
G01 X7.3285Y52.0020
G01 X7.2162Y52.0853
G01 X7.1925Y52.1006
G01 X7.0999Y52.1561
G01 X7.0609Y52.1769
G01 X6.9634Y52.2231
G01 X6.9375Y52.2343
G01 X6.8058Y52.2814
G01 X6.7787Y52.2891
G01 X6.6584Y52.3189
G01 X6.6306Y52.3240
G01 X6.5080Y52.3419
G01 X6.4799Y52.3442
G01 X6.3561Y52.3499
G01 X6.3279Y52.3495
G01 X6.2042Y52.3431
G01 X6.1762Y52.3398
G01 X6.0536Y52.3213
G01 X6.0261Y52.3154
G01 X5.9060Y52.2850
G01 X5.8791Y52.2763
G01 X5.7625Y52.2343
G01 X5.7366Y52.2231
G01 X5.6248Y52.1698
G01 X5.6001Y52.1561
G01 X5.4940Y52.0921
G01 X5.4708Y52.0761
G01 X5.3715Y52.0020
G01 X5.3500Y51.9837
G01 X5.2584Y51.9003
G01 X5.2388Y51.8800
G01 X5.1558Y51.7880
G01 X5.1382Y51.7659
G01 X5.0647Y51.6662
G01 X5.0494Y51.6425
G01 X4.9860Y51.5360
G01 X4.9731Y51.5109
G01 X4.9204Y51.3988
G01 X4.9100Y51.3726
G01 X4.8686Y51.2558
G01 X4.8609Y51.2287
G01 X4.8346Y51.1239
G01 X4.8260Y51.0806
G01 X4.8102Y50.9738
G01 X4.8069Y50.9458
G01 X4.8005Y50.8221
G01 X4.8001Y50.7951
G01 X4.8069Y50.6542
G01 X4.8102Y50.6262
G01 X4.8260Y50.5194
G01 X4.8332Y50.4820
G01 X4.8609Y50.3713
G01 X4.8737Y50.3291
G01 X4.9100Y50.2274
G01 X4.9204Y50.2012
G01 X4.9758Y50.0835
G01 X4.9939Y50.0501
G01 X5.0494Y49.9575
G01 X5.0739Y49.9208
G01 X5.1382Y49.8341
G01 X5.1558Y49.8120
G01 X5.2497Y49.7084
G01 X5.2700Y49.6888
G01 X5.3620Y49.6058
G01 X5.3841Y49.5882
G01 X5.4626Y49.5300
G01 X5.3841Y49.4718
G01 X5.3620Y49.4542
G01 X5.2700Y49.3712
G01 X5.2388Y49.3400
G01 X5.1663Y49.2600
G01 X5.1480Y49.2385
G01 X5.0739Y49.1392
G01 X5.0494Y49.1025
G01 X4.9939Y49.0099
G01 X4.9802Y48.9852
G01 X4.9244Y48.8678
G01 X4.9100Y48.8326
G01 X4.8737Y48.7309
G01 X4.8609Y48.6887
G01 X4.8311Y48.5684
G01 X4.8260Y48.5406
G01 X4.8102Y48.4338
G01 X4.8058Y48.3899
G01 X4.8004Y48.2790
G01 X4.8001Y48.2551
G01 X4.8058Y48.1301
G01 X4.8102Y48.0862
G01 X4.8260Y47.9794
G01 X4.8311Y47.9516
G01 X4.8609Y47.8313
G01 X4.8686Y47.8042
G01 X4.9100Y47.6874
G01 X4.9204Y47.6612
G01 X4.9731Y47.5491
G01 X4.9939Y47.5101
G01 X5.0494Y47.4175
G01 X5.0647Y47.3938
G01 X5.1382Y47.2941
G01 X5.1663Y47.2600
G01 X5.2429Y47.1755
G01 X5.2700Y47.1488
G01 X5.3620Y47.0658
G01 X5.3841Y47.0482
G01 X5.4626Y46.9900
G01 X5.3841Y46.9318
G01 X5.3620Y46.9142
G01 X5.2700Y46.8312
G01 X5.2429Y46.8045
G01 X5.1663Y46.7200
G01 X5.1382Y46.6859
G01 X5.0647Y46.5862
G01 X5.0494Y46.5625
G01 X4.9939Y46.4699
G01 X4.9802Y46.4452
G01 X4.9269Y46.3334
G01 X4.9157Y46.3075
G01 X4.8737Y46.1909
G01 X4.8609Y46.1487
G01 X4.8311Y46.0284
G01 X4.8260Y46.0006
G01 X4.8102Y45.8938
G01 X4.8062Y45.8560
G01 X4.8001Y45.7310
G00 Z20.0000
G00 X4.8067Y45.5773
G01 Z20.0000
G01 X3.7294Y45.1918
G01 X2.6825Y44.6967
G01 X1.6893Y44.1013
G01 X0.7592Y43.4115
G01 X0.2600Y42.9591
G01 X0.2600Y42.4199
G01 X1.0129Y43.1023
G01 X1.9115Y43.7688
G01 X2.8711Y44.3439
G01 X3.8824Y44.8222
G01 X4.8966Y45.1851
G00 Z20.0000
G00 X5.0858Y44.8248
G01 Z20.0000
G01 X5.0519Y44.8163
G01 X4.0355Y44.4527
G01 X3.0597Y43.9911
G01 X2.1338Y43.4362
G01 X1.2667Y42.7931
G01 X0.4669Y42.0682
G01 X0.2600Y41.8399
G01 X0.2600Y41.2450
G01 X0.7497Y41.7853
G01 X1.5205Y42.4839
G01 X2.3560Y43.1036
G01 X3.2482Y43.6384
G01 X4.1886Y44.0831
G01 X5.1680Y44.4336
G01 X5.4048Y44.4929
G00 Z20.0000
G00 X5.0069Y43.9516
G01 Z20.0000
G01 X4.3417Y43.7136
G01 X3.4368Y43.2856
G01 X2.5782Y42.7710
G01 X1.7742Y42.1747
G01 X1.0325Y41.5025
G01 X0.3603Y40.7608
G01 X0.2600Y40.6255
G01 X0.2600Y39.9549
G01 X0.6695Y40.5071
G01 X1.3154Y41.2196
G01 X2.0280Y41.8655
G01 X2.8004Y42.4384
G01 X3.6253Y42.9328
G01 X4.4947Y43.3440
G01 X4.8263Y43.4627
G00 Z20.0000
G00 X4.8072Y43.0315
G01 Z20.0000
G01 X4.6478Y42.9745
G01 X3.8139Y42.5801
G01 X3.0227Y42.1058
G01 X2.2817Y41.5563
G01 X1.5982Y40.9368
G01 X0.9787Y40.2533
G01 X0.4292Y39.5124
G01 X0.2600Y39.2300
G01 X0.2600Y38.4316
G01 X0.3077Y38.5326
G01 X0.7618Y39.2901
G01 X1.2879Y39.9995
G01 X1.8811Y40.6540
G01 X2.5355Y41.2471
G01 X3.2449Y41.7732
G01 X4.0025Y42.2273
G01 X4.8009Y42.6049
G01 X4.8985Y42.6398
G00 Z20.0000
G00 X5.0871Y42.2830
G01 Z20.0000
G01 X4.9540Y42.2354
G01 X4.1910Y41.8745
G01 X3.4671Y41.4406
G01 X2.7892Y40.9379
G01 X2.1639Y40.3711
G01 X1.5971Y39.7458
G01 X1.0944Y39.0679
G01 X0.6605Y38.3440
G01 X0.2997Y37.5811
G01 X0.2600Y37.4702
G01 X0.2600Y36.1189
G01 X0.3981Y36.6703
G01 X0.6692Y37.4280
G01 X1.0133Y38.1555
G01 X1.4270Y38.8457
G01 X1.9063Y39.4920
G01 X2.4468Y40.0883
G01 X3.0430Y40.6287
G01 X3.6894Y41.1081
G01 X4.3796Y41.5218
G01 X5.1070Y41.8658
G01 X5.3871Y41.9660
G00 Z20.0000
G00 X5.8594Y41.7107
G01 Z20.0000
G01 X5.2601Y41.4963
G01 X4.5681Y41.1690
G01 X3.9116Y40.7755
G01 X3.2968Y40.3195
G01 X2.7296Y39.8054
G01 X2.2155Y39.2383
G01 X1.7596Y38.6234
G01 X1.3660Y37.9669
G01 X1.0388Y37.2749
G01 X0.7809Y36.5542
G01 X0.5949Y35.8117
G01 X0.4826Y35.0545
G01 X0.4450Y34.2900
G01 X0.4826Y33.5255
G01 X0.5949Y32.7683
G01 X0.7809Y32.0258
G01 X1.0388Y31.3051
G01 X1.3660Y30.6131
G01 X1.7596Y29.9566
G01 X2.2155Y29.3417
G01 X2.7296Y28.7746
G01 X3.2968Y28.2605
G01 X3.9116Y27.8045
G01 X4.5681Y27.4110
G01 X5.2601Y27.0837
G01 X5.9808Y26.8259
G01 X6.7233Y26.6399
G01 X7.4805Y26.5276
G01 X8.2450Y26.4900
G01 X9.0096Y26.5276
G01 X9.7667Y26.6399
G01 X10.5093Y26.8259
G01 X11.2300Y27.0837
G01 X11.9219Y27.4110
G01 X12.5785Y27.8045
G01 X13.1933Y28.2605
G01 X13.7605Y28.7746
G01 X14.2745Y29.3417
G01 X14.7305Y29.9566
G01 X15.1240Y30.6131
G01 X15.4513Y31.3051
G01 X15.7092Y32.0258
G01 X15.8952Y32.7683
G01 X16.0075Y33.5255
G01 X16.0450Y34.2900
G01 X16.0075Y35.0545
G01 X15.8952Y35.8117
G01 X15.7092Y36.5542
G01 X15.4513Y37.2749
G01 X15.1240Y37.9669
G01 X14.7305Y38.6234
G01 X14.2745Y39.2383
G01 X13.7605Y39.8054
G01 X13.1933Y40.3195
G01 X12.5785Y40.7755
G01 X11.9219Y41.1690
G01 X11.2300Y41.4963
G01 X10.5093Y41.7541
G01 X9.7667Y41.9401
G01 X9.0096Y42.0524
G01 X8.2450Y42.0900
G01 X7.4805Y42.0524
G01 X7.3986Y42.0403
G00 Z20.0000
G00 X7.7247Y42.4644
G01 Z20.0000
G01 X8.2450Y42.4900
G01 X9.0488Y42.4505
G01 X9.8448Y42.3324
G01 X10.6254Y42.1369
G01 X11.3830Y41.8658
G01 X12.1105Y41.5218
G01 X12.8007Y41.1081
G01 X13.4471Y40.6287
G01 X14.0433Y40.0883
G01 X14.5837Y39.4920
G01 X15.0631Y38.8457
G01 X15.4768Y38.1555
G01 X15.8208Y37.4280
G01 X16.0919Y36.6703
G01 X16.2875Y35.8897
G01 X16.4055Y35.0937
G01 X16.4095Y35.0138
G00 Z20.0000
G00 X16.7563Y35.4522
G01 Z20.0000
G01 X16.7193Y35.7012
G00 Z20.0000
G00 X16.2974Y37.2819
G01 Z20.0000
G01 X16.1904Y37.5811
G01 X15.8296Y38.3440
G01 X15.3957Y39.0679
G01 X14.8929Y39.7458
G01 X14.3261Y40.3711
G01 X13.7008Y40.9379
G01 X13.0229Y41.4406
G01 X12.2990Y41.8745
G01 X11.5361Y42.2354
G01 X10.7415Y42.5197
G01 X9.9228Y42.7248
G01 X9.0880Y42.8486
G01 X8.2450Y42.8900
G01 X7.8689Y42.8715
G00 Z20.0000
G00 X7.8960Y43.2729
G01 Z20.0000
G01 X8.2450Y43.2900
G01 X9.1272Y43.2467
G01 X10.0008Y43.1171
G01 X10.8576Y42.9025
G01 X11.6892Y42.6049
G01 X12.4876Y42.2273
G01 X13.2452Y41.7732
G01 X13.9546Y41.2471
G01 X14.6090Y40.6540
G01 X15.2021Y39.9995
G01 X15.7283Y39.2901
G01 X16.1823Y38.5326
G01 X16.5453Y37.7650
G00 Z20.0000
G00 X16.8454Y38.0650
G01 Z20.0000
G01 X16.5351Y38.7211
G01 X16.0608Y39.5124
G01 X15.5113Y40.2533
G01 X14.8918Y40.9368
G01 X14.2083Y41.5563
G01 X13.4674Y42.1058
G01 X12.6762Y42.5801
G01 X11.8423Y42.9745
G01 X10.9737Y43.2852
G01 X10.0789Y43.5094
G01 X9.1664Y43.6447
G01 X8.2450Y43.6900
G01 X7.8198Y43.6691
G00 Z20.0000
G00 X7.6258Y44.0596
G01 Z20.0000
G01 X8.2450Y44.0900
G01 X9.2056Y44.0428
G01 X10.1569Y43.9017
G01 X11.0898Y43.6680
G01 X11.9953Y43.3440
G01 X12.8647Y42.9328
G01 X13.6896Y42.4384
G01 X14.4621Y41.8655
G01 X15.1747Y41.2196
G01 X15.8205Y40.5071
G01 X16.3934Y39.7346
G01 X16.8879Y38.9097
G01 X17.1930Y38.2645
G00 Z20.0000
G00 X17.5865Y38.3669
G01 Z20.0000
G01 X17.2406Y39.0982
G01 X16.7260Y39.9568
G01 X16.1297Y40.7608
G01 X15.4575Y41.5025
G01 X14.7158Y42.1747
G01 X13.9118Y42.7710
G01 X13.0533Y43.2856
G01 X12.1484Y43.7136
G01 X11.2059Y44.0508
G01 X10.2350Y44.2940
G01 X9.2448Y44.4409
G01 X8.2450Y44.4900
G01 X7.2494Y44.4411
G00 Z20.0000
G00 X7.6396Y44.8603
G01 Z20.0000
G01 X8.2450Y44.8900
G01 X9.2840Y44.8390
G01 X10.3130Y44.6863
G01 X11.3220Y44.4336
G01 X12.3015Y44.0831
G01 X13.2418Y43.6384
G01 X14.1341Y43.1036
G01 X14.9696Y42.4839
G01 X15.7404Y41.7853
G01 X16.4389Y41.0146
G01 X17.0586Y40.1790
G01 X17.5934Y39.2868
G01 X18.0326Y38.3581
G00 Z20.0000
G00 X18.5173Y38.1933
G01 Z20.0000
G01 X18.4077Y38.4995
G01 X17.9462Y39.4754
G01 X17.3912Y40.4013
G01 X16.7481Y41.2683
G01 X16.0232Y42.0682
G01 X15.2234Y42.7931
G01 X14.3563Y43.4362
G01 X13.4304Y43.9911
G01 X12.4545Y44.4527
G01 X11.4382Y44.8163
G01 X10.3910Y45.0786
G01 X9.3232Y45.2370
G01 X8.2450Y45.2900
G01 X7.8331Y45.2698
G00 Z20.0000
G00 X7.8982Y45.6730
G01 Z20.0000
G01 X8.2450Y45.6900
G01 X9.3624Y45.6351
G01 X10.4691Y45.4710
G01 X11.5543Y45.1991
G01 X12.6076Y44.8222
G01 X13.6190Y44.3439
G01 X14.5785Y43.7688
G01 X15.4771Y43.1023
G01 X16.3060Y42.3510
G01 X17.0574Y41.5221
G01 X17.7238Y40.6235
G01 X18.2989Y39.6639
G01 X18.7773Y38.6526
G01 X19.1542Y37.5992
G01 X19.1821Y37.4877
G00 Z20.0000
G00 X19.3266Y36.9109
G01 Z20.0000
G01 X19.4260Y36.5140
G01 X19.5901Y35.4074
G01 X19.6450Y34.2900
G01 X19.5901Y33.1726
G01 X19.4260Y32.0660
G01 X19.3266Y31.6691
G00 Z20.0000
G00 X19.1821Y31.0923
G01 Z20.0000
G01 X19.1542Y30.9808
G01 X18.9025Y30.2776
G00 Z20.0000
G00 X19.1810Y29.8700
G01 Z20.0000
G01 X19.5369Y30.8646
G01 X19.8183Y31.9879
G01 X19.9882Y33.1334
G01 X20.0450Y34.2900
G01 X19.9882Y35.4466
G01 X19.8183Y36.5921
G01 X19.5369Y37.7154
G01 X19.1468Y38.8057
G01 X18.6517Y39.8525
G01 X18.0564Y40.8457
G01 X17.3666Y41.7758
G01 X16.5889Y42.6339
G01 X15.7309Y43.4115
G01 X14.8008Y44.1013
G01 X13.8075Y44.6967
G01 X12.7607Y45.1918
G01 X11.6704Y45.5819
G01 X10.5471Y45.8633
G01 X9.4016Y46.0332
G01 X8.2450Y46.0900
G01 X7.8586Y46.0710
G00 Z20.0000
G00 X7.7097Y46.4637
G01 Z20.0000
G01 X8.2450Y46.4900
G01 X9.4408Y46.4313
G01 X10.6251Y46.2556
G01 X11.7865Y45.9647
G01 X12.9138Y45.5613
G01 X13.9961Y45.0494
G01 X15.0230Y44.4339
G01 X15.9846Y43.7207
G01 X16.8717Y42.9167
G01 X17.6758Y42.0296
G01 X18.3890Y41.0680
G01 X19.0045Y40.0410
G01 X19.5164Y38.9587
G01 X19.9197Y37.8315
G01 X20.2106Y36.6701
G01 X20.3863Y35.4858
G01 X20.4450Y34.2900
G01 X20.3863Y33.0942
G01 X20.2106Y31.9099
G01 X19.9197Y30.7485
G01 X19.5164Y29.6213
G01 X19.3297Y29.2265
G00 Z20.0000
G00 X18.9551Y27.6795
G01 Z20.0000
G01 X19.3572Y28.3504
G01 X19.8859Y29.4682
G01 X20.3025Y30.6324
G01 X20.6029Y31.8319
G01 X20.7844Y33.0550
G01 X20.8450Y34.2900
G01 X20.7844Y35.5250
G01 X20.6029Y36.7481
G01 X20.3025Y37.9476
G01 X19.8859Y39.1118
G01 X19.3572Y40.2296
G01 X18.7215Y41.2902
G01 X17.9850Y42.2834
G01 X17.1546Y43.1995
G01 X16.2384Y44.0299
G01 X15.2452Y44.7665
G01 X14.1846Y45.4022
G01 X13.0668Y45.9309
G01 X11.9026Y46.3474
G01 X10.7032Y46.6479
G01 X9.4800Y46.8293
G01 X8.2450Y46.8900
G01 X7.4104Y46.8490
G01 X7.5291Y47.2548
G01 X8.2450Y47.2900
G01 X9.5193Y47.2274
G01 X10.7812Y47.0402
G01 X12.0187Y46.7302
G01 X13.2199Y46.3004
G01 X14.3732Y45.7550
G01 X15.4674Y45.0991
G01 X16.4921Y44.3391
G01 X17.4374Y43.4824
G01 X18.2942Y42.5371
G01 X19.0541Y41.5124
G01 X19.7100Y40.4182
G01 X20.2555Y39.2649
G01 X20.6853Y38.0637
G01 X20.9952Y36.8262
G01 X21.1824Y35.5642
G01 X21.2450Y34.2900
G01 X21.1824Y33.0158
G01 X20.9952Y31.7538
G01 X20.6853Y30.5163
G01 X20.2555Y29.3151
G01 X19.7100Y28.1618
G01 X19.1944Y27.3016
G00 Z20.0000
G00 X16.7804Y28.0259
G01 Z20.0000
G01 X16.4389Y27.5654
G01 X15.7404Y26.7947
G01 X14.9696Y26.0961
G01 X14.1341Y25.4764
G01 X13.2418Y24.9416
G01 X12.3015Y24.4969
G01 X11.3220Y24.1464
G01 X10.3130Y23.8937
G01 X9.2840Y23.7410
G01 X8.2450Y23.6900
G01 X7.2060Y23.7410
G01 X6.1771Y23.8937
G01 X5.1680Y24.1464
G01 X4.1886Y24.4969
G01 X3.2482Y24.9416
G01 X2.3560Y25.4764
G01 X1.5205Y26.0961
G01 X0.7497Y26.7947
G01 X0.2600Y27.3350
G01 X0.2600Y26.7401
G01 X0.4669Y26.5118
G01 X1.2667Y25.7869
G01 X2.1338Y25.1438
G01 X3.0597Y24.5889
G01 X4.0355Y24.1273
G01 X5.0519Y23.7637
G01 X6.0990Y23.5014
G01 X7.1668Y23.3430
G01 X8.2450Y23.2900
G01 X9.3232Y23.3430
G01 X10.3910Y23.5014
G01 X11.4382Y23.7637
G01 X12.4545Y24.1273
G01 X13.4304Y24.5889
G01 X14.3563Y25.1438
G01 X15.2234Y25.7869
G01 X16.0232Y26.5118
G01 X16.2331Y26.7434
G00 Z20.0000
G00 X16.2967Y26.2205
G01 Z20.0000
G01 X15.4771Y25.4777
G01 X14.5785Y24.8112
G01 X13.6190Y24.2361
G01 X12.6076Y23.7578
G01 X11.5543Y23.3809
G01 X10.4691Y23.1090
G01 X9.3624Y22.9449
G01 X8.2450Y22.8900
G01 X7.1276Y22.9449
G01 X6.0210Y23.1090
G01 X4.9358Y23.3809
G01 X3.8824Y23.7578
G01 X2.8711Y24.2361
G01 X1.9115Y24.8112
G01 X1.0129Y25.4777
G01 X0.2600Y26.1601
G01 X0.2600Y25.6209
G01 X0.7592Y25.1685
G01 X1.6893Y24.4787
G01 X2.6825Y23.8833
G01 X3.7294Y23.3882
G01 X4.8197Y22.9981
G01 X5.9430Y22.7167
G01 X7.0884Y22.5468
G01 X8.2450Y22.4900
G01 X9.4016Y22.5468
G01 X10.5471Y22.7167
G01 X11.6704Y22.9981
G01 X12.7607Y23.3882
G01 X13.8075Y23.8833
G01 X14.8008Y24.4787
G01 X15.7309Y25.1685
G01 X16.4719Y25.8401
G00 Z20.0000
G00 X16.7282Y25.5332
G01 Z20.0000
G01 X15.9846Y24.8593
G01 X15.0230Y24.1461
G01 X13.9961Y23.5306
G01 X12.9138Y23.0187
G01 X11.7865Y22.6153
G01 X10.6251Y22.3244
G01 X9.4408Y22.1487
G01 X8.2450Y22.0900
G01 X7.0492Y22.1487
G01 X5.8649Y22.3244
G01 X4.7036Y22.6153
G01 X3.5763Y23.0187
G01 X2.4940Y23.5306
G01 X1.4671Y24.1461
G01 X0.5054Y24.8593
G01 X0.2600Y25.0817
G01 X0.2600Y24.5439
G01 X1.2448Y23.8135
G01 X2.3054Y23.1778
G01 X3.4232Y22.6491
G01 X4.5874Y22.2326
G01 X5.7869Y21.9321
G01 X7.0100Y21.7507
G01 X8.2450Y21.6900
G01 X9.4800Y21.7507
G01 X10.7032Y21.9321
G01 X11.9026Y22.2326
G01 X13.0668Y22.6491
G01 X14.1846Y23.1778
G01 X15.2452Y23.8135
G01 X16.2384Y24.5501
G01 X16.3081Y24.6132
G00 Z20.0000
G00 X16.2301Y24.1410
G01 Z20.0000
G01 X16.2305Y24.1079
G01 X16.2369Y23.9842
G01 X16.2402Y23.9562
G01 X16.2587Y23.8336
G01 X16.2646Y23.8061
G01 X16.2950Y23.6860
G01 X16.3037Y23.6591
G01 X16.3457Y23.5425
G01 X16.3569Y23.5166
G01 X16.4102Y23.4048
G01 X16.4239Y23.3801
G01 X16.4879Y23.2740
G01 X16.5039Y23.2508
G01 X16.5780Y23.1515
G01 X16.5963Y23.1300
G01 X16.6688Y23.0500
G01 X16.7000Y23.0188
G01 X16.7920Y22.9358
G01 X16.8141Y22.9182
G01 X16.9138Y22.8447
G01 X16.9375Y22.8294
G01 X17.0440Y22.7660
G01 X17.0691Y22.7531
G01 X17.1666Y22.7069
G01 X17.2074Y22.6900
G01 X17.3149Y22.6517
G01 X17.3513Y22.6409
G01 X17.4561Y22.6146
G01 X17.4836Y22.6087
G01 X17.6062Y22.5902
G01 X17.6501Y22.5858
G01 X17.7579Y22.5805
G01 X17.7861Y22.5801
G01 X17.9099Y22.5858
G01 X17.9380Y22.5881
G01 X18.0606Y22.6060
G01 X18.0884Y22.6111
G01 X18.2087Y22.6409
G01 X18.2358Y22.6486
G01 X18.3526Y22.6900
G01 X18.3788Y22.7004
G01 X18.4909Y22.7531
G01 X18.5160Y22.7660
G01 X18.6225Y22.8294
G01 X18.6462Y22.8447
G01 X18.7459Y22.9182
G01 X18.7680Y22.9358
G01 X18.8716Y23.0297
G01 X18.8912Y23.0500
G01 X18.9742Y23.1420
G01 X18.9918Y23.1641
G01 X19.0653Y23.2638
G01 X19.0806Y23.2875
G01 X19.1440Y23.3940
G01 X19.1569Y23.4191
G01 X19.2096Y23.5312
G01 X19.2200Y23.5574
G01 X19.2614Y23.6742
G01 X19.2691Y23.7013
G01 X19.2989Y23.8216
G01 X19.3040Y23.8494
G01 X19.3219Y23.9720
G01 X19.3242Y24.0001
G01 X19.3295Y24.1079
G01 X19.3295Y24.1521
G01 X19.3231Y24.2758
G01 X19.3198Y24.3038
G01 X19.3040Y24.4106
G01 X19.2954Y24.4539
G01 X19.2691Y24.5587
G01 X19.2614Y24.5858
G01 X19.2200Y24.7026
G01 X19.2031Y24.7434
G01 X19.1569Y24.8409
G01 X19.1440Y24.8660
G01 X19.0806Y24.9725
G01 X19.0561Y25.0092
G01 X18.9820Y25.1085
G01 X18.9637Y25.1300
G01 X18.8912Y25.2100
G01 X18.8600Y25.2412
G01 X18.7680Y25.3242
G01 X18.7459Y25.3418
G01 X18.6674Y25.4000
G01 X18.7459Y25.4582
G01 X18.7680Y25.4758
G01 X18.8600Y25.5588
G01 X18.8912Y25.5900
G01 X18.9637Y25.6700
G01 X18.9820Y25.6915
G01 X19.0653Y25.8038
G01 X19.0806Y25.8275
G01 X19.1361Y25.9201
G01 X19.1569Y25.9591
G01 X19.2031Y26.0566
G01 X19.2143Y26.0825
G01 X19.2563Y26.1991
G01 X19.2691Y26.2413
G01 X19.2954Y26.3461
G01 X19.3013Y26.3736
G01 X19.3219Y26.5120
G01 X19.3242Y26.5401
G01 X19.3295Y26.6479
G01 X19.3295Y26.6921
G01 X19.3242Y26.7999
G01 X19.3219Y26.8280
G01 X19.3030Y26.9567
G01 X19.2954Y26.9939
G01 X19.2650Y27.1140
G01 X19.2563Y27.1409
G01 X19.2143Y27.2575
G01 X19.2031Y27.2834
G01 X19.1498Y27.3952
G01 X19.1361Y27.4199
G01 X19.0721Y27.5260
G01 X19.0561Y27.5492
G01 X18.9820Y27.6485
G01 X18.9637Y27.6700
G01 X18.8803Y27.7616
G01 X18.8600Y27.7812
G01 X18.7680Y27.8642
G01 X18.7459Y27.8818
G01 X18.6674Y27.9400
G01 X18.7459Y27.9982
G01 X18.7680Y28.0158
G01 X18.8600Y28.0988
G01 X18.8912Y28.1300
G01 X18.9637Y28.2100
G01 X18.9820Y28.2315
G01 X19.0561Y28.3308
G01 X19.0806Y28.3675
G01 X19.1440Y28.4740
G01 X19.1569Y28.4991
G01 X19.2031Y28.5966
G01 X19.2200Y28.6374
G01 X19.2614Y28.7542
G01 X19.2691Y28.7813
G01 X19.2954Y28.8861
G01 X19.3040Y28.9294
G01 X19.3198Y29.0362
G01 X19.3231Y29.0642
G01 X19.3295Y29.1879
G01 X19.3295Y29.2321
G01 X19.3242Y29.3399
G01 X19.3219Y29.3680
G01 X19.3040Y29.4906
G01 X19.2989Y29.5184
G01 X19.2691Y29.6387
G01 X19.2614Y29.6658
G01 X19.2200Y29.7826
G01 X19.2096Y29.8088
G01 X19.1569Y29.9209
G01 X19.1361Y29.9599
G01 X19.0806Y30.0525
G01 X19.0653Y30.0762
G01 X18.9918Y30.1759
G01 X18.9637Y30.2100
G01 X18.8871Y30.2945
G01 X18.8600Y30.3212
G01 X18.7680Y30.4042
G01 X18.7459Y30.4218
G01 X18.6674Y30.4800
G01 X18.7459Y30.5382
G01 X18.7680Y30.5558
G01 X18.8600Y30.6388
G01 X18.8912Y30.6700
G01 X18.9637Y30.7500
G01 X18.9820Y30.7715
G01 X19.0561Y30.8708
G01 X19.0806Y30.9075
G01 X19.1440Y31.0140
G01 X19.1569Y31.0391
G01 X19.2031Y31.1366
G01 X19.2200Y31.1774
G01 X19.2614Y31.2942
G01 X19.2691Y31.3213
G01 X19.2954Y31.4261
G01 X19.3030Y31.4633
G01 X19.3219Y31.5920
G01 X19.3242Y31.6201
G01 X19.3295Y31.7279
G01 X19.3297Y31.7659
G01 X19.3238Y31.8860
G01 X19.3198Y31.9238
G01 X19.3013Y32.0464
G01 X19.2954Y32.0739
G01 X19.2691Y32.1787
G01 X19.2614Y32.2058
G01 X19.2200Y32.3226
G01 X19.2096Y32.3488
G01 X19.1569Y32.4609
G01 X19.1392Y32.4946
G01 X19.0806Y32.5925
G01 X19.0653Y32.6162
G01 X18.9918Y32.7159
G01 X18.9637Y32.7500
G01 X18.8871Y32.8345
G01 X18.8600Y32.8612
G01 X18.7680Y32.9442
G01 X18.7459Y32.9618
G01 X18.6674Y33.0200
G01 X18.7459Y33.0782
G01 X18.7680Y33.0958
G01 X18.8600Y33.1788
G01 X18.8912Y33.2100
G01 X18.9637Y33.2900
G01 X18.9820Y33.3115
G01 X19.0561Y33.4108
G01 X19.0806Y33.4475
G01 X19.1361Y33.5401
G01 X19.1498Y33.5648
G01 X19.2031Y33.6766
G01 X19.2200Y33.7174
G01 X19.2614Y33.8342
G01 X19.2691Y33.8613
G01 X19.2954Y33.9661
G01 X19.3030Y34.0033
G01 X19.3207Y34.1222
G01 X19.3242Y34.1601
G01 X19.3295Y34.2679
G01 X19.3299Y34.2961
G01 X19.3242Y34.4199
G01 X19.3198Y34.4638
G01 X19.3013Y34.5864
G01 X19.2954Y34.6139
G01 X19.2650Y34.7340
G01 X19.2563Y34.7609
G01 X19.2200Y34.8626
G01 X19.2096Y34.8888
G01 X19.1569Y35.0009
G01 X19.1392Y35.0346
G01 X19.0806Y35.1325
G01 X19.0653Y35.1562
G01 X18.9918Y35.2559
G01 X18.9637Y35.2900
G01 X18.8871Y35.3745
G01 X18.8600Y35.4012
G01 X18.7680Y35.4842
G01 X18.7459Y35.5018
G01 X18.6674Y35.5600
G01 X18.7459Y35.6182
G01 X18.7680Y35.6358
G01 X18.8600Y35.7188
G01 X18.8912Y35.7500
G01 X18.9637Y35.8300
G01 X18.9820Y35.8515
G01 X19.0561Y35.9508
G01 X19.0806Y35.9875
G01 X19.1361Y36.0801
G01 X19.1498Y36.1048
G01 X19.2031Y36.2166
G01 X19.2200Y36.2574
G01 X19.2614Y36.3742
G01 X19.2691Y36.4013
G01 X19.2954Y36.5061
G01 X19.3040Y36.5494
G01 X19.3198Y36.6562
G01 X19.3231Y36.6842
G01 X19.3295Y36.8079
G01 X19.3295Y36.8521
G01 X19.3231Y36.9758
G01 X19.3198Y37.0038
G01 X19.3013Y37.1264
G01 X19.2954Y37.1539
G01 X19.2691Y37.2587
G01 X19.2563Y37.3009
G01 X19.2178Y37.4083
G01 X19.2031Y37.4434
G01 X19.1569Y37.5409
G01 X19.1440Y37.5660
G01 X19.0806Y37.6725
G01 X19.0653Y37.6962
G01 X18.9918Y37.7959
G01 X18.9742Y37.8180
G01 X18.8803Y37.9216
G01 X18.8600Y37.9412
G01 X18.7680Y38.0242
G01 X18.7459Y38.0418
G01 X18.6592Y38.1061
G01 X18.6225Y38.1306
G01 X18.5246Y38.1892
G01 X18.4909Y38.2069
G01 X18.3934Y38.2531
G01 X18.3675Y38.2643
G01 X18.2509Y38.3063
G01 X18.2240Y38.3150
G01 X18.0884Y38.3489
G01 X18.0606Y38.3540
G01 X17.9380Y38.3719
G01 X17.9099Y38.3742
G01 X17.7861Y38.3799
G01 X17.7579Y38.3795
G01 X17.6342Y38.3731
G01 X17.6062Y38.3698
G01 X17.4836Y38.3513
G01 X17.4561Y38.3454
G01 X17.3360Y38.3150
G01 X17.3091Y38.3063
G01 X17.1925Y38.2643
G01 X17.1666Y38.2531
G01 X17.0548Y38.1998
G01 X17.0301Y38.1861
G01 X16.9240Y38.1221
G01 X16.9008Y38.1061
G01 X16.8015Y38.0320
G01 X16.7800Y38.0137
G01 X16.6884Y37.9303
G01 X16.6688Y37.9100
G01 X16.5858Y37.8180
G01 X16.5682Y37.7959
G01 X16.4947Y37.6962
G01 X16.4794Y37.6725
G01 X16.4160Y37.5660
G01 X16.4031Y37.5409
G01 X16.3504Y37.4288
G01 X16.3400Y37.4026
G01 X16.2986Y37.2858
G01 X16.2909Y37.2587
G01 X16.2611Y37.1384
G01 X16.2560Y37.1106
G01 X16.2381Y36.9880
G01 X16.2358Y36.9599
G01 X16.2305Y36.8521
G01 X16.2304Y36.8110
G01 X16.2369Y36.6842
G01 X16.2402Y36.6562
G01 X16.2560Y36.5494
G01 X16.2646Y36.5061
G01 X16.2909Y36.4013
G01 X16.2986Y36.3742
G01 X16.3400Y36.2574
G01 X16.3569Y36.2166
G01 X16.4102Y36.1048
G01 X16.4239Y36.0801
G01 X16.4794Y35.9875
G01 X16.5039Y35.9508
G01 X16.5780Y35.8515
G01 X16.5963Y35.8300
G01 X16.6688Y35.7500
G01 X16.7000Y35.7188
G01 X16.7920Y35.6358
G01 X16.8141Y35.6182
G01 X16.8926Y35.5600
G01 X16.8141Y35.5018
G01 X16.7920Y35.4842
G01 X16.7000Y35.4012
G01 X16.6688Y35.3700
G01 X16.5963Y35.2900
G01 X16.5780Y35.2685
G01 X16.4947Y35.1562
G01 X16.4794Y35.1325
G01 X16.4239Y35.0399
G01 X16.4031Y35.0009
G01 X16.3569Y34.9034
G01 X16.3457Y34.8775
G01 X16.3037Y34.7609
G01 X16.2909Y34.7187
G01 X16.2646Y34.6139
G01 X16.2587Y34.5864
G01 X16.2381Y34.4480
G01 X16.2358Y34.4199
G01 X16.2305Y34.3121
G01 X16.2304Y34.2710
G01 X16.2358Y34.1601
G01 X16.2381Y34.1320
G01 X16.2570Y34.0033
G01 X16.2646Y33.9661
G01 X16.2950Y33.8460
G01 X16.3037Y33.8191
G01 X16.3457Y33.7025
G01 X16.3569Y33.6766
G01 X16.4102Y33.5648
G01 X16.4239Y33.5401
G01 X16.4879Y33.4340
G01 X16.5039Y33.4108
G01 X16.5780Y33.3115
G01 X16.5963Y33.2900
G01 X16.6797Y33.1984
G01 X16.7000Y33.1788
G01 X16.7920Y33.0958
G01 X16.8141Y33.0782
G01 X16.8926Y33.0200
G01 X16.8141Y32.9618
G01 X16.7920Y32.9442
G01 X16.7000Y32.8612
G01 X16.6688Y32.8300
G01 X16.5963Y32.7500
G01 X16.5780Y32.7285
G01 X16.5039Y32.6292
G01 X16.4794Y32.5925
G01 X16.4239Y32.4999
G01 X16.4102Y32.4752
G01 X16.3569Y32.3634
G01 X16.3400Y32.3226
G01 X16.2986Y32.2058
G01 X16.2909Y32.1787
G01 X16.2646Y32.0739
G01 X16.2560Y32.0306
G01 X16.2402Y31.9238
G01 X16.2369Y31.8958
G01 X16.2304Y31.7690
G01 X16.2305Y31.7279
G01 X16.2358Y31.6201
G01 X16.2381Y31.5920
G01 X16.2560Y31.4694
G01 X16.2611Y31.4416
G01 X16.2909Y31.3213
G01 X16.2986Y31.2942
G01 X16.3400Y31.1774
G01 X16.3504Y31.1512
G01 X16.4031Y31.0391
G01 X16.4239Y31.0001
G01 X16.4794Y30.9075
G01 X16.4947Y30.8838
G01 X16.5682Y30.7841
G01 X16.5963Y30.7500
G01 X16.6729Y30.6655
G01 X16.7000Y30.6388
G01 X16.7920Y30.5558
G01 X16.8141Y30.5382
G01 X16.8926Y30.4800
G01 X16.8141Y30.4218
G01 X16.7920Y30.4042
G01 X16.7000Y30.3212
G01 X16.6688Y30.2900
G01 X16.5963Y30.2100
G01 X16.5780Y30.1885
G01 X16.5039Y30.0892
G01 X16.4794Y30.0525
G01 X16.4160Y29.9460
G01 X16.4031Y29.9209
G01 X16.3569Y29.8234
G01 X16.3400Y29.7826
G01 X16.2986Y29.6658
G01 X16.2909Y29.6387
G01 X16.2646Y29.5339
G01 X16.2570Y29.4967
G01 X16.2381Y29.3680
G01 X16.2358Y29.3399
G01 X16.2305Y29.2321
G01 X16.2302Y29.1959
G01 X16.2362Y29.0740
G01 X16.2402Y29.0362
G01 X16.2587Y28.9136
G01 X16.2646Y28.8861
G01 X16.2909Y28.7813
G01 X16.2986Y28.7542
G01 X16.3400Y28.6374
G01 X16.3504Y28.6112
G01 X16.4031Y28.4991
G01 X16.4208Y28.4654
G01 X16.4794Y28.3675
G01 X16.4947Y28.3438
G01 X16.5682Y28.2441
G01 X16.5963Y28.2100
G01 X16.6729Y28.1255
G01 X16.7000Y28.0988
G01 X16.7920Y28.0158
G01 X16.8141Y27.9982
G01 X16.8926Y27.9400
G01 X16.8141Y27.8818
G01 X16.7920Y27.8642
G01 X16.7000Y27.7812
G01 X16.6688Y27.7500
G01 X16.5963Y27.6700
G01 X16.5780Y27.6485
G01 X16.5039Y27.5492
G01 X16.4794Y27.5125
G01 X16.4160Y27.4060
G01 X16.4031Y27.3809
G01 X16.3569Y27.2834
G01 X16.3400Y27.2426
G01 X16.2986Y27.1258
G01 X16.2909Y27.0987
G01 X16.2646Y26.9939
G01 X16.2570Y26.9567
G01 X16.2393Y26.8378
G01 X16.2358Y26.7999
G01 X16.2301Y26.6749
G01 X16.2304Y26.6510
G01 X16.2358Y26.5401
G01 X16.2402Y26.4962
G01 X16.2587Y26.3736
G01 X16.2646Y26.3461
G01 X16.2950Y26.2260
G01 X16.3037Y26.1991
G01 X16.3400Y26.0974
G01 X16.3504Y26.0712
G01 X16.4031Y25.9591
G01 X16.4208Y25.9254
G01 X16.4794Y25.8275
G01 X16.4947Y25.8038
G01 X16.5682Y25.7041
G01 X16.5963Y25.6700
G01 X16.6729Y25.5855
G01 X16.7000Y25.5588
G01 X16.7920Y25.4758
G01 X16.8141Y25.4582
G01 X16.8926Y25.4000
G01 X16.8141Y25.3418
G01 X16.7920Y25.3242
G01 X16.7000Y25.2412
G01 X16.6729Y25.2145
G01 X16.5963Y25.1300
G01 X16.5682Y25.0959
G01 X16.4947Y24.9962
G01 X16.4794Y24.9725
G01 X16.4239Y24.8799
G01 X16.4102Y24.8552
G01 X16.3569Y24.7434
G01 X16.3457Y24.7175
G01 X16.3037Y24.6009
G01 X16.2909Y24.5587
G01 X16.2611Y24.4384
G01 X16.2560Y24.4106
G01 X16.2402Y24.3038
G01 X16.2362Y24.2660
G01 X16.2301Y24.1410
G00 Z20.0000
G00 X16.2334Y24.0490
G01 Z20.0000
G01 X15.4674Y23.4809
G01 X14.3732Y22.8250
G01 X13.2199Y22.2796
G01 X12.0187Y21.8498
G01 X10.7812Y21.5398
G01 X9.5193Y21.3526
G01 X8.2450Y21.2900
G01 X6.9708Y21.3526
G01 X5.7089Y21.5398
G01 X4.4713Y21.8498
G01 X3.2701Y22.2796
G01 X2.1169Y22.8250
G01 X1.0226Y23.4809
G01 X0.2600Y24.0465
G01 X0.2600Y23.5491
G01 X0.8004Y23.1483
G01 X1.9283Y22.4723
G01 X3.1171Y21.9100
G01 X4.3552Y21.4670
G01 X5.6308Y21.1475
G01 X6.9316Y20.9545
G01 X8.2450Y20.8900
G01 X9.5585Y20.9545
G01 X10.8592Y21.1475
G01 X12.1348Y21.4670
G01 X13.3730Y21.9100
G01 X14.5617Y22.4723
G01 X15.6897Y23.1483
G01 X16.3193Y23.6153
G00 Z20.0000
G00 X16.5021Y23.2534
G01 Z20.0000
G01 X15.9119Y22.8157
G01 X14.7503Y22.1195
G01 X13.5261Y21.5405
G01 X12.2510Y21.0842
G01 X10.9373Y20.7552
G01 X9.5977Y20.5565
G01 X8.2450Y20.4900
G01 X6.8924Y20.5565
G01 X5.5528Y20.7552
G01 X4.2391Y21.0842
G01 X2.9640Y21.5405
G01 X1.7398Y22.1195
G01 X0.5782Y22.8157
G01 X0.2600Y23.0517
G01 X0.2600Y22.5543
G01 X0.3559Y22.4831
G01 X1.5512Y21.7667
G01 X2.8109Y21.1709
G01 X4.1230Y20.7014
G01 X5.4747Y20.3628
G01 X6.8532Y20.1584
G01 X8.2450Y20.0900
G01 X9.6369Y20.1584
G01 X11.0153Y20.3628
G01 X12.3671Y20.7014
G01 X13.6791Y21.1709
G01 X14.9389Y21.7667
G01 X16.1341Y22.4831
G01 X16.7703Y22.9550
G00 Z20.0000
G00 X16.5066Y28.3273
G01 Z20.0000
G01 X16.1297Y27.8192
G01 X15.4575Y27.0775
G01 X14.7158Y26.4053
G01 X13.9118Y25.8090
G01 X13.0533Y25.2944
G01 X12.1484Y24.8664
G01 X11.2059Y24.5292
G01 X10.2350Y24.2860
G01 X9.2448Y24.1391
G01 X8.2450Y24.0900
G01 X7.2453Y24.1391
G01 X6.2551Y24.2860
G01 X5.2841Y24.5292
G01 X4.3417Y24.8664
G01 X3.4368Y25.2944
G01 X2.5782Y25.8090
G01 X1.7742Y26.4053
G01 X1.0325Y27.0775
G01 X0.3603Y27.8192
G01 X0.2600Y27.9545
G01 X0.2600Y28.6251
G01 X0.6695Y28.0729
G01 X1.3154Y27.3604
G01 X2.0280Y26.7145
G01 X2.8004Y26.1416
G01 X3.6253Y25.6472
G01 X4.4947Y25.2360
G01 X5.4002Y24.9120
G01 X6.3331Y24.6783
G01 X7.2845Y24.5372
G01 X8.2450Y24.4900
G01 X9.2056Y24.5372
G01 X10.1569Y24.6783
G01 X11.0898Y24.9120
G01 X11.9953Y25.2360
G01 X12.8647Y25.6472
G01 X13.6896Y26.1416
G01 X14.4621Y26.7145
G01 X15.1747Y27.3604
G01 X15.8205Y28.0729
G01 X16.3072Y28.7292
G00 Z20.0000
G00 X16.2376Y29.3625
G01 Z20.0000
G01 X16.0608Y29.0676
G01 X15.5113Y28.3267
G01 X14.8918Y27.6432
G01 X14.2083Y27.0237
G01 X13.4674Y26.4742
G01 X12.6762Y25.9999
G01 X11.8423Y25.6055
G01 X10.9737Y25.2948
G01 X10.0789Y25.0706
G01 X9.1664Y24.9353
G01 X8.2450Y24.8900
G01 X7.3237Y24.9353
G01 X6.4112Y25.0706
G01 X5.5164Y25.2948
G01 X4.6478Y25.6055
G01 X3.8139Y25.9999
G01 X3.0227Y26.4742
G01 X2.2817Y27.0237
G01 X1.5982Y27.6432
G01 X0.9787Y28.3267
G01 X0.4292Y29.0676
G01 X0.2600Y29.3500
G01 X0.2600Y30.1484
G01 X0.3077Y30.0474
G01 X0.7618Y29.2899
G01 X1.2879Y28.5805
G01 X1.8811Y27.9260
G01 X2.5355Y27.3329
G01 X3.2449Y26.8068
G01 X4.0025Y26.3527
G01 X4.8009Y25.9751
G01 X5.6325Y25.6775
G01 X6.4892Y25.4629
G01 X7.3629Y25.3333
G01 X8.2450Y25.2900
G01 X9.1272Y25.3333
G01 X10.0008Y25.4629
G01 X10.8576Y25.6775
G01 X11.6892Y25.9751
G01 X12.4876Y26.3527
G01 X13.2452Y26.8068
G01 X13.9546Y27.3329
G01 X14.6090Y27.9260
G01 X15.2021Y28.5805
G01 X15.7283Y29.2899
G01 X16.1823Y30.0474
G01 X16.5453Y30.8150
G00 Z20.0000
G00 X16.8454Y30.5150
G01 Z20.0000
G01 X16.7937Y30.4056
G00 Z20.0000
G00 X16.2974Y31.2981
G01 Z20.0000
G01 X16.1904Y30.9989
G01 X15.8296Y30.2360
G01 X15.3957Y29.5121
G01 X14.8929Y28.8342
G01 X14.3261Y28.2089
G01 X13.7008Y27.6421
G01 X13.0229Y27.1394
G01 X12.2990Y26.7055
G01 X11.5361Y26.3446
G01 X10.7415Y26.0603
G01 X9.9228Y25.8552
G01 X9.0880Y25.7314
G01 X8.2450Y25.6900
G01 X7.4021Y25.7314
G01 X6.5673Y25.8552
G01 X5.7486Y26.0603
G01 X4.9540Y26.3446
G01 X4.1910Y26.7055
G01 X3.4671Y27.1394
G01 X2.7892Y27.6421
G01 X2.1639Y28.2089
G01 X1.5971Y28.8342
G01 X1.0944Y29.5121
G01 X0.6605Y30.2360
G01 X0.2997Y30.9989
G01 X0.2600Y31.1098
G01 X0.2600Y32.4611
G01 X0.3981Y31.9097
G01 X0.6692Y31.1520
G01 X1.0133Y30.4245
G01 X1.4270Y29.7343
G01 X1.9063Y29.0880
G01 X2.4468Y28.4917
G01 X3.0430Y27.9513
G01 X3.6894Y27.4719
G01 X4.3796Y27.0582
G01 X5.1070Y26.7142
G01 X5.8647Y26.4431
G01 X6.6453Y26.2476
G01 X7.4413Y26.1295
G01 X8.2450Y26.0900
G01 X9.0488Y26.1295
G01 X9.8448Y26.2476
G01 X10.6254Y26.4431
G01 X11.3830Y26.7142
G01 X12.1105Y27.0582
G01 X12.8007Y27.4719
G01 X13.4471Y27.9513
G01 X14.0433Y28.4917
G01 X14.5837Y29.0880
G01 X15.0631Y29.7343
G01 X15.4768Y30.4245
G01 X15.8208Y31.1520
G01 X16.0919Y31.9097
G01 X16.2875Y32.6903
G01 X16.4055Y33.4863
G01 X16.4095Y33.5662
G00 Z20.0000
G00 X16.7563Y33.1278
G01 Z20.0000
G01 X16.7193Y32.8788
G01 X15.6450Y34.2900
G01 X15.6094Y33.5647
G01 X15.5028Y32.8463
G01 X15.3264Y32.1419
G01 X15.0817Y31.4581
G01 X14.7712Y30.8017
G01 X14.3979Y30.1788
G01 X13.9653Y29.5955
G01 X13.4776Y29.0574
G01 X12.9395Y28.5697
G01 X12.3563Y28.1371
G01 X11.7334Y27.7638
G01 X11.0769Y27.4533
G01 X10.3931Y27.2086
G01 X9.6887Y27.0322
G01 X8.9704Y26.9256
G01 X8.2450Y26.8900
G01 X7.5197Y26.9256
G01 X6.8014Y27.0322
G01 X6.0969Y27.2086
G01 X5.4132Y27.4533
G01 X4.7567Y27.7638
G01 X4.1338Y28.1371
G01 X3.5505Y28.5697
G01 X3.0124Y29.0574
G01 X2.5248Y29.5955
G01 X2.0922Y30.1788
G01 X1.7188Y30.8017
G01 X1.4083Y31.4581
G01 X1.1637Y32.1419
G01 X0.9872Y32.8463
G01 X0.8807Y33.5647
G01 X0.8450Y34.2900
G01 X0.8807Y35.0153
G01 X0.9872Y35.7337
G01 X1.1637Y36.4381
G01 X1.4083Y37.1219
G01 X1.7188Y37.7783
G01 X2.0922Y38.4012
G01 X2.5248Y38.9845
G01 X3.0124Y39.5226
G01 X3.5505Y40.0103
G01 X4.1338Y40.4429
G01 X4.7567Y40.8162
G01 X5.4132Y41.1267
G01 X6.0969Y41.3714
G01 X6.8014Y41.5478
G01 X7.5197Y41.6544
G01 X8.2450Y41.6900
G01 X8.9704Y41.6544
G01 X9.6887Y41.5478
G01 X10.3931Y41.3714
G01 X11.0769Y41.1267
G01 X11.7334Y40.8162
G01 X12.3563Y40.4429
G01 X12.9395Y40.0103
G01 X13.4776Y39.5226
G01 X13.9653Y38.9845
G01 X14.3979Y38.4012
G01 X14.7712Y37.7783
G01 X15.0817Y37.1219
G01 X15.3264Y36.4381
G01 X15.5028Y35.7337
G01 X15.6094Y35.0153
G01 X15.6450Y34.2900
G01 X15.2450Y34.2900
G01 X15.2113Y33.6039
G01 X15.1105Y32.9244
G01 X14.9436Y32.2580
G01 X14.7122Y31.6112
G01 X14.4185Y30.9902
G01 X14.0653Y30.4010
G01 X13.6561Y29.8492
G01 X13.1948Y29.3403
G01 X12.6858Y28.8789
G01 X12.1340Y28.4697
G01 X11.5448Y28.1166
G01 X10.9238Y27.8228
G01 X10.2770Y27.5914
G01 X9.6107Y27.4245
G01 X8.9312Y27.3237
G01 X8.2450Y27.2900
G01 X7.5589Y27.3237
G01 X6.8794Y27.4245
G01 X6.2130Y27.5914
G01 X5.5662Y27.8228
G01 X4.9453Y28.1166
G01 X4.3560Y28.4697
G01 X3.8043Y28.8789
G01 X3.2953Y29.3403
G01 X2.8340Y29.8492
G01 X2.4247Y30.4010
G01 X2.0716Y30.9902
G01 X1.7779Y31.6112
G01 X1.5464Y32.2580
G01 X1.3795Y32.9244
G01 X1.2787Y33.6039
G01 X1.2450Y34.2900
G01 X1.2787Y34.9761
G01 X1.3795Y35.6556
G01 X1.5464Y36.3220
G01 X1.7779Y36.9688
G01 X2.0716Y37.5898
G01 X2.4247Y38.1790
G01 X2.8340Y38.7308
G01 X3.2953Y39.2397
G01 X3.8043Y39.7011
G01 X4.3560Y40.1103
G01 X4.9453Y40.4634
G01 X5.5662Y40.7572
G01 X6.2130Y40.9886
G01 X6.8794Y41.1555
G01 X7.5589Y41.2563
G01 X8.2450Y41.2900
G01 X8.9312Y41.2563
G01 X9.6107Y41.1555
G01 X10.2770Y40.9886
G01 X10.9238Y40.7572
G01 X11.5448Y40.4634
G01 X12.1340Y40.1103
G01 X12.6858Y39.7011
G01 X13.1948Y39.2397
G01 X13.6561Y38.7308
G01 X14.0653Y38.1790
G01 X14.4185Y37.5898
G01 X14.7122Y36.9688
G01 X14.9436Y36.3220
G01 X15.1105Y35.6556
G01 X15.2113Y34.9761
G01 X15.2450Y34.2900
G01 X14.8450Y34.2900
G01 X14.8133Y33.6431
G01 X14.7182Y33.0024
G01 X14.5608Y32.3741
G01 X14.3426Y31.7643
G01 X14.0657Y31.1788
G01 X13.7327Y30.6232
G01 X13.3469Y30.1030
G01 X12.9119Y29.6231
G01 X12.4320Y29.1881
G01 X11.9118Y28.8023
G01 X11.3562Y28.4693
G01 X10.7707Y28.1924
G01 X10.1609Y27.9742
G01 X9.5326Y27.8168
G01 X8.8919Y27.7218
G01 X8.2450Y27.6900
G01 X7.5981Y27.7218
G01 X6.9574Y27.8168
G01 X6.3292Y27.9742
G01 X5.7193Y28.1924
G01 X5.1338Y28.4693
G01 X4.5783Y28.8023
G01 X4.0580Y29.1881
G01 X3.5781Y29.6231
G01 X3.1432Y30.1030
G01 X2.7573Y30.6232
G01 X2.4244Y31.1788
G01 X2.1474Y31.7643
G01 X1.9292Y32.3741
G01 X1.7718Y33.0024
G01 X1.6768Y33.6431
G01 X1.6450Y34.2900
G01 X1.6768Y34.9369
G01 X1.7718Y35.5776
G01 X1.9292Y36.2059
G01 X2.1474Y36.8157
G01 X2.4244Y37.4012
G01 X2.7573Y37.9568
G01 X3.1432Y38.4770
G01 X3.5781Y38.9569
G01 X4.0580Y39.3919
G01 X4.5783Y39.7777
G01 X5.1338Y40.1107
G01 X5.7193Y40.3876
G01 X6.3292Y40.6058
G01 X6.9574Y40.7632
G01 X7.5981Y40.8582
G01 X8.2450Y40.8900
G01 X8.8919Y40.8582
G01 X9.5326Y40.7632
G01 X10.1609Y40.6058
G01 X10.7707Y40.3876
G01 X11.3562Y40.1107
G01 X11.9118Y39.7777
G01 X12.4320Y39.3919
G01 X12.9119Y38.9569
G01 X13.3469Y38.4770
G01 X13.7327Y37.9568
G01 X14.0657Y37.4012
G01 X14.3426Y36.8157
G01 X14.5608Y36.2059
G01 X14.7182Y35.5776
G01 X14.8133Y34.9369
G01 X14.8450Y34.2900
G01 X14.4450Y34.2900
G01 X14.4152Y33.6823
G01 X14.3259Y33.0804
G01 X14.1781Y32.4902
G01 X13.9731Y31.9174
G01 X13.7129Y31.3673
G01 X13.4001Y30.8455
G01 X13.0377Y30.3568
G01 X12.6291Y29.9059
G01 X12.1783Y29.4973
G01 X11.6896Y29.1349
G01 X11.1677Y28.8221
G01 X10.6177Y28.5619
G01 X10.0448Y28.3570
G01 X9.4546Y28.2091
G01 X8.8527Y28.1199
G01 X8.2450Y28.0900
G01 X7.6373Y28.1199
G01 X7.0355Y28.2091
G01 X6.4453Y28.3570
G01 X5.8724Y28.5619
G01 X5.3224Y28.8221
G01 X4.8005Y29.1349
G01 X4.3118Y29.4973
G01 X3.8610Y29.9059
G01 X3.4524Y30.3568
G01 X3.0899Y30.8455
G01 X2.7771Y31.3673
G01 X2.5170Y31.9174
G01 X2.3120Y32.4902
G01 X2.1642Y33.0804
G01 X2.0749Y33.6823
G01 X2.0450Y34.2900
G01 X2.0749Y34.8977
G01 X2.1642Y35.4996
G01 X2.3120Y36.0898
G01 X2.5170Y36.6626
G01 X2.7771Y37.2127
G01 X3.0899Y37.7345
G01 X3.4524Y38.2232
G01 X3.8610Y38.6741
G01 X4.3118Y39.0827
G01 X4.8005Y39.4451
G01 X5.3224Y39.7579
G01 X5.8724Y40.0181
G01 X6.4453Y40.2230
G01 X7.0355Y40.3709
G01 X7.6373Y40.4601
G01 X8.2450Y40.4900
G01 X8.8527Y40.4601
G01 X9.4546Y40.3709
G01 X10.0448Y40.2230
G01 X10.6177Y40.0181
G01 X11.1677Y39.7579
G01 X11.6896Y39.4451
G01 X12.1783Y39.0827
G01 X12.6291Y38.6741
G01 X13.0377Y38.2232
G01 X13.4001Y37.7345
G01 X13.7129Y37.2127
G01 X13.9731Y36.6626
G01 X14.1781Y36.0898
G01 X14.3259Y35.4996
G01 X14.4152Y34.8977
G01 X14.4450Y34.2900
G01 X14.0450Y34.2900
G01 X14.0171Y33.7215
G01 X13.9336Y33.1585
G01 X13.7953Y32.6063
G01 X13.6035Y32.0704
G01 X13.3602Y31.5559
G01 X13.0676Y31.0677
G01 X12.7285Y30.6105
G01 X12.3463Y30.1888
G01 X11.9245Y29.8065
G01 X11.4673Y29.4675
G01 X10.9791Y29.1749
G01 X10.4646Y28.9315
G01 X9.9287Y28.7397
G01 X9.3766Y28.6014
G01 X8.8135Y28.5179
G01 X8.2450Y28.4900
G01 X7.6765Y28.5179
G01 X7.1135Y28.6014
G01 X6.5614Y28.7397
G01 X6.0255Y28.9315
G01 X5.5109Y29.1749
G01 X5.0227Y29.4675
G01 X4.5656Y29.8065
G01 X4.1438Y30.1888
G01 X3.7616Y30.6105
G01 X3.4225Y31.0677
G01 X3.1299Y31.5559
G01 X2.8865Y32.0704
G01 X2.6948Y32.6063
G01 X2.5565Y33.1585
G01 X2.4730Y33.7215
G01 X2.4450Y34.2900
G01 X2.4730Y34.8585
G01 X2.5565Y35.4215
G01 X2.6948Y35.9737
G01 X2.8865Y36.5096
G01 X3.1299Y37.0241
G01 X3.4225Y37.5123
G01 X3.7616Y37.9695
G01 X4.1438Y38.3912
G01 X4.5656Y38.7735
G01 X5.0227Y39.1125
G01 X5.5109Y39.4051
G01 X6.0255Y39.6485
G01 X6.5614Y39.8403
G01 X7.1135Y39.9786
G01 X7.6765Y40.0621
G01 X8.2450Y40.0900
G01 X8.8135Y40.0621
G01 X9.3766Y39.9786
G01 X9.9287Y39.8403
G01 X10.4646Y39.6485
G01 X10.9791Y39.4051
G01 X11.4673Y39.1125
G01 X11.9245Y38.7735
G01 X12.3463Y38.3912
G01 X12.7285Y37.9695
G01 X13.0676Y37.5123
G01 X13.3602Y37.0241
G01 X13.6035Y36.5096
G01 X13.7953Y35.9737
G01 X13.9336Y35.4215
G01 X14.0171Y34.8585
G01 X14.0450Y34.2900
G01 X13.6450Y34.2900
G01 X13.6190Y33.7607
G01 X13.5413Y33.2365
G01 X13.4125Y32.7225
G01 X13.2340Y32.2235
G01 X13.0074Y31.7445
G01 X12.7350Y31.2899
G01 X12.4193Y30.8643
G01 X12.0634Y30.4716
G01 X11.6708Y30.1157
G01 X11.2451Y29.8001
G01 X10.7906Y29.5276
G01 X10.3115Y29.3011
G01 X9.8126Y29.1225
G01 X9.2985Y28.9938
G01 X8.7743Y28.9160
G01 X8.2450Y28.8900
G01 X7.7157Y28.9160
G01 X7.1915Y28.9938
G01 X6.6775Y29.1225
G01 X6.1785Y29.3011
G01 X5.6995Y29.5276
G01 X5.2450Y29.8001
G01 X4.8193Y30.1157
G01 X4.4267Y30.4716
G01 X4.0708Y30.8643
G01 X3.7551Y31.2899
G01 X3.4827Y31.7445
G01 X3.2561Y32.2235
G01 X3.0776Y32.7225
G01 X2.9488Y33.2365
G01 X2.8710Y33.7607
G01 X2.8450Y34.2900
G01 X2.8710Y34.8193
G01 X2.9488Y35.3435
G01 X3.0776Y35.8575
G01 X3.2561Y36.3565
G01 X3.4827Y36.8355
G01 X3.7551Y37.2901
G01 X4.0708Y37.7157
G01 X4.4267Y38.1084
G01 X4.8193Y38.4643
G01 X5.2450Y38.7799
G01 X5.6995Y39.0524
G01 X6.1785Y39.2789
G01 X6.6775Y39.4575
G01 X7.1915Y39.5862
G01 X7.7157Y39.6640
G01 X8.2450Y39.6900
G01 X8.7743Y39.6640
G01 X9.2985Y39.5862
G01 X9.8126Y39.4575
G01 X10.3115Y39.2789
G01 X10.7906Y39.0524
G01 X11.2451Y38.7799
G01 X11.6708Y38.4643
G01 X12.0634Y38.1084
G01 X12.4193Y37.7157
G01 X12.7350Y37.2901
G01 X13.0074Y36.8355
G01 X13.2340Y36.3565
G01 X13.4125Y35.8575
G01 X13.5413Y35.3435
G01 X13.6190Y34.8193
G01 X13.6450Y34.2900
G01 X13.2450Y34.2900
G01 X13.2210Y33.7999
G01 X13.1490Y33.3145
G01 X13.0297Y32.8386
G01 X12.8644Y32.3766
G01 X12.6546Y31.9330
G01 X12.4024Y31.5121
G01 X12.1101Y31.1180
G01 X11.7806Y30.7545
G01 X11.4170Y30.4249
G01 X11.0229Y30.1327
G01 X10.6020Y29.8804
G01 X10.1584Y29.6706
G01 X9.6965Y29.5053
G01 X9.2205Y29.3861
G01 X8.7351Y29.3141
G01 X8.2450Y29.2900
G01 X7.7549Y29.3141
G01 X7.2696Y29.3861
G01 X6.7936Y29.5053
G01 X6.3316Y29.6706
G01 X5.8880Y29.8804
G01 X5.4672Y30.1327
G01 X5.0731Y30.4249
G01 X4.7095Y30.7545
G01 X4.3800Y31.1180
G01 X4.0877Y31.5121
G01 X3.8354Y31.9330
G01 X3.6256Y32.3766
G01 X3.4603Y32.8386
G01 X3.3411Y33.3145
G01 X3.2691Y33.7999
G01 X3.2450Y34.2900
G01 X3.2691Y34.7801
G01 X3.3411Y35.2655
G01 X3.4603Y35.7414
G01 X3.6256Y36.2034
G01 X3.8354Y36.6470
G01 X4.0877Y37.0679
G01 X4.3800Y37.4620
G01 X4.7095Y37.8255
G01 X5.0731Y38.1551
G01 X5.4672Y38.4473
G01 X5.8880Y38.6996
G01 X6.3316Y38.9094
G01 X6.7936Y39.0747
G01 X7.2696Y39.1939
G01 X7.7549Y39.2659
G01 X8.2450Y39.2900
G01 X8.7351Y39.2659
G01 X9.2205Y39.1939
G01 X9.6965Y39.0747
G01 X10.1584Y38.9094
G01 X10.6020Y38.6996
G01 X11.0229Y38.4473
G01 X11.4170Y38.1551
G01 X11.7806Y37.8255
G01 X12.1101Y37.4620
G01 X12.4024Y37.0679
G01 X12.6546Y36.6470
G01 X12.8644Y36.2034
G01 X13.0297Y35.7414
G01 X13.1490Y35.2655
G01 X13.2210Y34.7801
G01 X13.2450Y34.2900
G01 X12.8450Y34.2900
G01 X12.8229Y33.8391
G01 X12.7566Y33.3926
G01 X12.6470Y32.9547
G01 X12.4949Y32.5297
G01 X12.3019Y32.1216
G01 X12.0698Y31.7344
G01 X11.8009Y31.3718
G01 X11.4977Y31.0373
G01 X11.1632Y30.7342
G01 X10.8007Y30.4652
G01 X10.4135Y30.2332
G01 X10.0054Y30.0402
G01 X9.5803Y29.8881
G01 X9.1424Y29.7784
G01 X8.6959Y29.7122
G01 X8.2450Y29.6900
G01 X7.7942Y29.7122
G01 X7.3476Y29.7784
G01 X6.9097Y29.8881
G01 X6.4847Y30.0402
G01 X6.0766Y30.2332
G01 X5.6894Y30.4652
G01 X5.3268Y30.7342
G01 X4.9923Y31.0373
G01 X4.6892Y31.3718
G01 X4.4203Y31.7344
G01 X4.1882Y32.1216
G01 X3.9952Y32.5297
G01 X3.8431Y32.9547
G01 X3.7334Y33.3926
G01 X3.6672Y33.8391
G01 X3.6450Y34.2900
G01 X3.6672Y34.7409
G01 X3.7334Y35.1874
G01 X3.8431Y35.6253
G01 X3.9952Y36.0503
G01 X4.1882Y36.4584
G01 X4.4203Y36.8456
G01 X4.6892Y37.2082
G01 X4.9923Y37.5427
G01 X5.3268Y37.8458
G01 X5.6894Y38.1148
G01 X6.0766Y38.3468
G01 X6.4847Y38.5398
G01 X6.9097Y38.6919
G01 X7.3476Y38.8016
G01 X7.7942Y38.8679
G01 X8.2450Y38.8900
G01 X8.6959Y38.8679
G01 X9.1424Y38.8016
G01 X9.5803Y38.6919
G01 X10.0054Y38.5398
G01 X10.4135Y38.3468
G01 X10.8007Y38.1148
G01 X11.1632Y37.8458
G01 X11.4977Y37.5427
G01 X11.8009Y37.2082
G01 X12.0698Y36.8456
G01 X12.3019Y36.4584
G01 X12.4949Y36.0503
G01 X12.6470Y35.6253
G01 X12.7566Y35.1874
G01 X12.8229Y34.7409
G01 X12.8450Y34.2900
G01 X12.4450Y34.2900
G01 X12.4248Y33.8783
G01 X12.3643Y33.4706
G01 X12.2642Y33.0708
G01 X12.1253Y32.6827
G01 X11.9491Y32.3101
G01 X11.7372Y31.9566
G01 X11.4917Y31.6255
G01 X11.2149Y31.3202
G01 X10.9095Y31.0434
G01 X10.5784Y30.7978
G01 X10.2249Y30.5859
G01 X9.8523Y30.4097
G01 X9.4642Y30.2709
G01 X9.0644Y30.1707
G01 X8.6567Y30.1102
G01 X8.2450Y30.0900
G01 X7.8334Y30.1102
G01 X7.4257Y30.1707
G01 X7.0258Y30.2709
G01 X6.6378Y30.4097
G01 X6.2652Y30.5859
G01 X5.9116Y30.7978
G01 X5.5806Y31.0434
G01 X5.2752Y31.3202
G01 X4.9984Y31.6255
G01 X4.7529Y31.9566
G01 X4.5410Y32.3101
G01 X4.3647Y32.6827
G01 X4.2259Y33.0708
G01 X4.1257Y33.4706
G01 X4.0653Y33.8783
G01 X4.0450Y34.2900
G01 X4.0653Y34.7017
G01 X4.1257Y35.1094
G01 X4.2259Y35.5092
G01 X4.3647Y35.8973
G01 X4.5410Y36.2699
G01 X4.7529Y36.6234
G01 X4.9984Y36.9545
G01 X5.2752Y37.2598
G01 X5.5806Y37.5366
G01 X5.9116Y37.7822
G01 X6.2652Y37.9941
G01 X6.6378Y38.1703
G01 X7.0258Y38.3091
G01 X7.4257Y38.4093
G01 X7.8334Y38.4698
G01 X8.2450Y38.4900
G01 X8.6567Y38.4698
G01 X9.0644Y38.4093
G01 X9.4642Y38.3091
G01 X9.8523Y38.1703
G01 X10.2249Y37.9941
G01 X10.5784Y37.7822
G01 X10.9095Y37.5366
G01 X11.2149Y37.2598
G01 X11.4917Y36.9545
G01 X11.7372Y36.6234
G01 X11.9491Y36.2699
G01 X12.1253Y35.8973
G01 X12.2642Y35.5092
G01 X12.3643Y35.1094
G01 X12.4248Y34.7017
G01 X12.4450Y34.2900
G01 X12.0450Y34.2900
G01 X12.0267Y33.9175
G01 X11.9720Y33.5487
G01 X11.8814Y33.1869
G01 X11.7558Y32.8358
G01 X11.5963Y32.4987
G01 X11.4046Y32.1788
G01 X11.1825Y31.8793
G01 X10.9320Y31.6030
G01 X10.6557Y31.3526
G01 X10.3562Y31.1304
G01 X10.0363Y30.9387
G01 X9.6992Y30.7793
G01 X9.3481Y30.6536
G01 X8.9864Y30.5630
G01 X8.6175Y30.5083
G01 X8.2450Y30.4900
G01 X7.8726Y30.5083
G01 X7.5037Y30.5630
G01 X7.1419Y30.6536
G01 X6.7908Y30.7793
G01 X6.4537Y30.9387
G01 X6.1339Y31.1304
G01 X5.8343Y31.3526
G01 X5.5580Y31.6030
G01 X5.3076Y31.8793
G01 X5.0854Y32.1788
G01 X4.8937Y32.4987
G01 X4.7343Y32.8358
G01 X4.6087Y33.1869
G01 X4.5180Y33.5487
G01 X4.4633Y33.9175
G01 X4.4450Y34.2900
G01 X4.4633Y34.6625
G01 X4.5180Y35.0313
G01 X4.6087Y35.3931
G01 X4.7343Y35.7442
G01 X4.8937Y36.0813
G01 X5.0854Y36.4012
G01 X5.3076Y36.7007
G01 X5.5580Y36.9770
G01 X5.8343Y37.2274
G01 X6.1339Y37.4496
G01 X6.4537Y37.6413
G01 X6.7908Y37.8007
G01 X7.1419Y37.9264
G01 X7.5037Y38.0170
G01 X7.8726Y38.0717
G01 X8.2450Y38.0900
G01 X8.6175Y38.0717
G01 X8.9864Y38.0170
G01 X9.3481Y37.9264
G01 X9.6992Y37.8007
G01 X10.0363Y37.6413
G01 X10.3562Y37.4496
G01 X10.6557Y37.2274
G01 X10.9320Y36.9770
G01 X11.1825Y36.7007
G01 X11.4046Y36.4012
G01 X11.5963Y36.0813
G01 X11.7558Y35.7442
G01 X11.8814Y35.3931
G01 X11.9720Y35.0313
G01 X12.0267Y34.6625
G01 X12.0450Y34.2900
G01 X11.6450Y34.2900
G01 X11.6287Y33.9567
G01 X11.5797Y33.6267
G01 X11.4986Y33.3030
G01 X11.3862Y32.9889
G01 X11.2436Y32.6873
G01 X11.0720Y32.4011
G01 X10.8733Y32.1331
G01 X10.6492Y31.8858
G01 X10.4020Y31.6618
G01 X10.1340Y31.4630
G01 X9.8478Y31.2915
G01 X9.5462Y31.1488
G01 X9.2320Y31.0364
G01 X8.9083Y30.9553
G01 X8.5783Y30.9064
G01 X8.2450Y30.8900
G01 X7.9118Y30.9064
G01 X7.5817Y30.9553
G01 X7.2581Y31.0364
G01 X6.9439Y31.1488
G01 X6.6423Y31.2915
G01 X6.3561Y31.4630
G01 X6.0881Y31.6618
G01 X5.8409Y31.8858
G01 X5.6168Y32.1331
G01 X5.4180Y32.4011
G01 X5.2465Y32.6873
G01 X5.1038Y32.9889
G01 X4.9914Y33.3030
G01 X4.9104Y33.6267
G01 X4.8614Y33.9567
G01 X4.8450Y34.2900
G01 X4.8614Y34.6233
G01 X4.9104Y34.9533
G01 X4.9914Y35.2770
G01 X5.1038Y35.5911
G01 X5.2465Y35.8927
G01 X5.4180Y36.1789
G01 X5.6168Y36.4469
G01 X5.8409Y36.6942
G01 X6.0881Y36.9182
G01 X6.3561Y37.1170
G01 X6.6423Y37.2885
G01 X6.9439Y37.4312
G01 X7.2581Y37.5436
G01 X7.5817Y37.6247
G01 X7.9118Y37.6736
G01 X8.2450Y37.6900
G01 X8.5783Y37.6736
G01 X8.9083Y37.6247
G01 X9.2320Y37.5436
G01 X9.5462Y37.4312
G01 X9.8478Y37.2885
G01 X10.1340Y37.1170
G01 X10.4020Y36.9182
G01 X10.6492Y36.6942
G01 X10.8733Y36.4469
G01 X11.0720Y36.1789
G01 X11.2436Y35.8927
G01 X11.3862Y35.5911
G01 X11.4986Y35.2770
G01 X11.5797Y34.9533
G01 X11.6287Y34.6233
G01 X11.6450Y34.2900
G01 X11.2450Y34.2900
G01 X11.2306Y33.9959
G01 X11.1874Y33.7047
G01 X11.1159Y33.4191
G01 X11.0167Y33.1420
G01 X10.8908Y32.8758
G01 X10.7394Y32.6233
G01 X10.5641Y32.3868
G01 X10.3664Y32.1687
G01 X10.1482Y31.9710
G01 X9.9117Y31.7956
G01 X9.6592Y31.6442
G01 X9.3931Y31.5184
G01 X9.1159Y31.4192
G01 X8.8303Y31.3476
G01 X8.5391Y31.3044
G01 X8.2450Y31.2900
G01 X7.9510Y31.3044
G01 X7.6598Y31.3476
G01 X7.3742Y31.4192
G01 X7.0970Y31.5184
G01 X6.8308Y31.6442
G01 X6.5783Y31.7956
G01 X6.3419Y31.9710
G01 X6.1237Y32.1687
G01 X5.9260Y32.3868
G01 X5.7506Y32.6233
G01 X5.5993Y32.8758
G01 X5.4734Y33.1420
G01 X5.3742Y33.4191
G01 X5.3027Y33.7047
G01 X5.2595Y33.9959
G01 X5.2450Y34.2900
G01 X5.2595Y34.5841
G01 X5.3027Y34.8753
G01 X5.3742Y35.1609
G01 X5.4734Y35.4381
G01 X5.5993Y35.7042
G01 X5.7506Y35.9567
G01 X5.9260Y36.1932
G01 X6.1237Y36.4113
G01 X6.3419Y36.6090
G01 X6.5783Y36.7844
G01 X6.8308Y36.9358
G01 X7.0970Y37.0616
G01 X7.3742Y37.1608
G01 X7.6598Y37.2324
G01 X7.9510Y37.2756
G01 X8.2450Y37.2900
G01 X8.5391Y37.2756
G01 X8.8303Y37.2324
G01 X9.1159Y37.1608
G01 X9.3931Y37.0616
G01 X9.6592Y36.9358
G01 X9.9117Y36.7844
G01 X10.1482Y36.6090
G01 X10.3664Y36.4113
G01 X10.5641Y36.1932
G01 X10.7394Y35.9567
G01 X10.8908Y35.7042
G01 X11.0167Y35.4381
G01 X11.1159Y35.1609
G01 X11.1874Y34.8753
G01 X11.2306Y34.5841
G01 X11.2450Y34.2900
G01 X10.8450Y34.2900
G01 X10.8325Y34.0352
G01 X10.7951Y33.7828
G01 X10.7331Y33.5353
G01 X10.6471Y33.2950
G01 X10.5380Y33.0644
G01 X10.4069Y32.8455
G01 X10.2549Y32.6406
G01 X10.0835Y32.4515
G01 X9.8945Y32.2802
G01 X9.6895Y32.1282
G01 X9.4707Y31.9970
G01 X9.2400Y31.8879
G01 X8.9998Y31.8020
G01 X8.7523Y31.7400
G01 X8.4999Y31.7025
G01 X8.2450Y31.6900
G01 X7.9902Y31.7025
G01 X7.7378Y31.7400
G01 X7.4903Y31.8020
G01 X7.2501Y31.8879
G01 X7.0194Y31.9970
G01 X6.8005Y32.1282
G01 X6.5956Y32.2802
G01 X6.4066Y32.4515
G01 X6.2352Y32.6406
G01 X6.0832Y32.8455
G01 X5.9520Y33.0644
G01 X5.8429Y33.2950
G01 X5.7570Y33.5353
G01 X5.6950Y33.7828
G01 X5.6576Y34.0352
G01 X5.6450Y34.2900
G01 X5.6576Y34.5448
G01 X5.6950Y34.7972
G01 X5.7570Y35.0447
G01 X5.8429Y35.2850
G01 X5.9520Y35.5156
G01 X6.0832Y35.7345
G01 X6.2352Y35.9394
G01 X6.4066Y36.1285
G01 X6.5956Y36.2998
G01 X6.8005Y36.4518
G01 X7.0194Y36.5830
G01 X7.2501Y36.6921
G01 X7.4903Y36.7780
G01 X7.7378Y36.8400
G01 X7.9902Y36.8775
G01 X8.2450Y36.8900
G01 X8.4999Y36.8775
G01 X8.7523Y36.8400
G01 X8.9998Y36.7780
G01 X9.2400Y36.6921
G01 X9.4707Y36.5830
G01 X9.6895Y36.4518
G01 X9.8945Y36.2998
G01 X10.0835Y36.1285
G01 X10.2549Y35.9394
G01 X10.4069Y35.7345
G01 X10.5380Y35.5156
G01 X10.6471Y35.2850
G01 X10.7331Y35.0447
G01 X10.7951Y34.7972
G01 X10.8325Y34.5448
G01 X10.8450Y34.2900
G01 X10.4450Y34.2900
G01 X10.4344Y34.0744
G01 X10.4028Y33.8608
G01 X10.3503Y33.6514
G01 X10.2776Y33.4481
G01 X10.1853Y33.2529
G01 X10.0743Y33.0677
G01 X9.9457Y32.8943
G01 X9.8007Y32.7344
G01 X9.6407Y32.5894
G01 X9.4673Y32.4608
G01 X9.2821Y32.3498
G01 X9.0869Y32.2575
G01 X8.8837Y32.1847
G01 X8.6742Y32.1323
G01 X8.4607Y32.1006
G01 X8.2450Y32.0900
G01 X8.0294Y32.1006
G01 X7.8158Y32.1323
G01 X7.6064Y32.1847
G01 X7.4031Y32.2575
G01 X7.2080Y32.3498
G01 X7.0228Y32.4608
G01 X6.8494Y32.5894
G01 X6.6894Y32.7344
G01 X6.5444Y32.8943
G01 X6.4158Y33.0677
G01 X6.3048Y33.2529
G01 X6.2125Y33.4481
G01 X6.1398Y33.6514
G01 X6.0873Y33.8608
G01 X6.0556Y34.0744
G01 X6.0450Y34.2900
G01 X6.0556Y34.5056
G01 X6.0873Y34.7192
G01 X6.1398Y34.9286
G01 X6.2125Y35.1319
G01 X6.3048Y35.3271
G01 X6.4158Y35.5123
G01 X6.5444Y35.6857
G01 X6.6894Y35.8456
G01 X6.8494Y35.9906
G01 X7.0228Y36.1192
G01 X7.2080Y36.2302
G01 X7.4031Y36.3225
G01 X7.6064Y36.3953
G01 X7.8158Y36.4477
G01 X8.0294Y36.4794
G01 X8.2450Y36.4900
G01 X8.4607Y36.4794
G01 X8.6742Y36.4477
G01 X8.8837Y36.3953
G01 X9.0869Y36.3225
G01 X9.2821Y36.2302
G01 X9.4673Y36.1192
G01 X9.6407Y35.9906
G01 X9.8007Y35.8456
G01 X9.9457Y35.6857
G01 X10.0743Y35.5123
G01 X10.1853Y35.3271
G01 X10.2776Y35.1319
G01 X10.3503Y34.9286
G01 X10.4028Y34.7192
G01 X10.4344Y34.5056
G01 X10.4450Y34.2900
G01 X10.0450Y34.2900
G01 X10.0364Y34.1136
G01 X10.0104Y33.9388
G01 X9.9675Y33.7675
G01 X9.9080Y33.6012
G01 X9.8325Y33.4415
G01 X9.7417Y33.2900
G01 X9.6364Y33.1481
G01 X9.5178Y33.0172
G01 X9.3869Y32.8986
G01 X9.2451Y32.7934
G01 X9.0935Y32.7025
G01 X8.9339Y32.6270
G01 X8.7675Y32.5675
G01 X8.5962Y32.5246
G01 X8.4215Y32.4987
G01 X8.2450Y32.4900
G01 X8.0686Y32.4987
G01 X7.8939Y32.5246
G01 X7.7225Y32.5675
G01 X7.5562Y32.6270
G01 X7.3965Y32.7025
G01 X7.2450Y32.7934
G01 X7.1031Y32.8986
G01 X6.9722Y33.0172
G01 X6.8536Y33.1481
G01 X6.7484Y33.2900
G01 X6.6576Y33.4415
G01 X6.5820Y33.6012
G01 X6.5225Y33.7675
G01 X6.4796Y33.9388
G01 X6.4537Y34.1136
G01 X6.4450Y34.2900
G01 X6.4537Y34.4664
G01 X6.4796Y34.6412
G01 X6.5225Y34.8125
G01 X6.5820Y34.9788
G01 X6.6576Y35.1385
G01 X6.7484Y35.2900
G01 X6.8536Y35.4319
G01 X6.9722Y35.5628
G01 X7.1031Y35.6814
G01 X7.2450Y35.7866
G01 X7.3965Y35.8775
G01 X7.5562Y35.9530
G01 X7.7225Y36.0125
G01 X7.8939Y36.0554
G01 X8.0686Y36.0813
G01 X8.2450Y36.0900
G01 X8.4215Y36.0813
G01 X8.5962Y36.0554
G01 X8.7675Y36.0125
G01 X8.9339Y35.9530
G01 X9.0935Y35.8775
G01 X9.2451Y35.7866
G01 X9.3869Y35.6814
G01 X9.5178Y35.5628
G01 X9.6364Y35.4319
G01 X9.7417Y35.2900
G01 X9.8325Y35.1385
G01 X9.9080Y34.9788
G01 X9.9675Y34.8125
G01 X10.0104Y34.6412
G01 X10.0364Y34.4664
G01 X10.0450Y34.2900
G01 X9.6450Y34.2900
G01 X9.6383Y34.1528
G01 X9.6181Y34.0169
G01 X9.5847Y33.8836
G01 X9.5385Y33.7542
G01 X9.4797Y33.6300
G01 X9.4091Y33.5122
G01 X9.3272Y33.4018
G01 X9.2350Y33.3001
G01 X9.1332Y33.2078
G01 X9.0228Y33.1259
G01 X8.9050Y33.0553
G01 X8.7808Y32.9966
G01 X8.6514Y32.9503
G01 X8.5182Y32.9169
G01 X8.3823Y32.8967
G01 X8.2450Y32.8900
G01 X8.1078Y32.8967
G01 X7.9719Y32.9169
G01 X7.8386Y32.9503
G01 X7.7093Y32.9966
G01 X7.5851Y33.0553
G01 X7.4672Y33.1259
G01 X7.3569Y33.2078
G01 X7.2551Y33.3001
G01 X7.1628Y33.4018
G01 X7.0810Y33.5122
G01 X7.0103Y33.6300
G01 X6.9516Y33.7542
G01 X6.9053Y33.8836
G01 X6.8719Y34.0169
G01 X6.8518Y34.1528
G01 X6.8450Y34.2900
G01 X6.8518Y34.4272
G01 X6.8719Y34.5631
G01 X6.9053Y34.6964
G01 X6.9516Y34.8258
G01 X7.0103Y34.9500
G01 X7.0810Y35.0678
G01 X7.1628Y35.1782
G01 X7.2551Y35.2799
G01 X7.3569Y35.3722
G01 X7.4672Y35.4541
G01 X7.5851Y35.5247
G01 X7.7093Y35.5834
G01 X7.8386Y35.6297
G01 X7.9719Y35.6631
G01 X8.1078Y35.6833
G01 X8.2450Y35.6900
G01 X8.3823Y35.6833
G01 X8.5182Y35.6631
G01 X8.6514Y35.6297
G01 X8.7808Y35.5834
G01 X8.9050Y35.5247
G01 X9.0228Y35.4541
G01 X9.1332Y35.3722
G01 X9.2350Y35.2799
G01 X9.3272Y35.1782
G01 X9.4091Y35.0678
G01 X9.4797Y34.9500
G01 X9.5385Y34.8258
G01 X9.5847Y34.6964
G01 X9.6181Y34.5631
G01 X9.6383Y34.4272
G01 X9.6450Y34.2900
G01 X9.2450Y34.2900
G01 X9.2402Y34.1920
G01 X9.2258Y34.0949
G01 X9.2020Y33.9997
G01 X9.1689Y33.9073
G01 X9.1270Y33.8186
G01 X9.0765Y33.7344
G01 X9.0180Y33.6556
G01 X8.9521Y33.5829
G01 X8.8794Y33.5170
G01 X8.8006Y33.4585
G01 X8.7164Y33.4081
G01 X8.6277Y33.3661
G01 X8.5353Y33.3331
G01 X8.4401Y33.3092
G01 X8.3430Y33.2948
G01 X8.2450Y33.2900
G01 X8.1470Y33.2948
G01 X8.0499Y33.3092
G01 X7.9547Y33.3331
G01 X7.8623Y33.3661
G01 X7.7736Y33.4081
G01 X7.6895Y33.4585
G01 X7.6106Y33.5170
G01 X7.5379Y33.5829
G01 X7.4720Y33.6556
G01 X7.4136Y33.7344
G01 X7.3631Y33.8186
G01 X7.3212Y33.9073
G01 X7.2881Y33.9997
G01 X7.2642Y34.0949
G01 X7.2498Y34.1920
G01 X7.2450Y34.2900
G01 X7.2498Y34.3880
G01 X7.2642Y34.4851
G01 X7.2881Y34.5803
G01 X7.3212Y34.6727
G01 X7.3631Y34.7614
G01 X7.4136Y34.8456
G01 X7.4720Y34.9244
G01 X7.5379Y34.9971
G01 X7.6106Y35.0630
G01 X7.6895Y35.1215
G01 X7.7736Y35.1719
G01 X7.8623Y35.2139
G01 X7.9547Y35.2469
G01 X8.0499Y35.2708
G01 X8.1470Y35.2852
G01 X8.2450Y35.2900
G01 X8.3430Y35.2852
G01 X8.4401Y35.2708
G01 X8.5353Y35.2469
G01 X8.6277Y35.2139
G01 X8.7164Y35.1719
G01 X8.8006Y35.1215
G01 X8.8794Y35.0630
G01 X8.9521Y34.9971
G01 X9.0180Y34.9244
G01 X9.0765Y34.8456
G01 X9.1270Y34.7614
G01 X9.1689Y34.6727
G01 X9.2020Y34.5803
G01 X9.2258Y34.4851
G01 X9.2402Y34.3880
G01 X9.2450Y34.2900
G01 X8.8450Y34.2900
G01 X8.8421Y34.2312
G01 X8.8335Y34.1729
G01 X8.8192Y34.1158
G01 X8.7994Y34.0604
G01 X8.7742Y34.0072
G01 X8.7439Y33.9567
G01 X8.7088Y33.9094
G01 X8.6693Y33.8657
G01 X8.6257Y33.8262
G01 X8.5784Y33.7911
G01 X8.5279Y33.7608
G01 X8.4746Y33.7357
G01 X8.4192Y33.7158
G01 X8.3621Y33.7015
G01 X8.3038Y33.6929
G01 X8.2450Y33.6900
G01 X8.1862Y33.6929
G01 X8.1280Y33.7015
G01 X8.0709Y33.7158
G01 X8.0154Y33.7357
G01 X7.9622Y33.7608
G01 X7.9117Y33.7911
G01 X7.8644Y33.8262
G01 X7.8208Y33.8657
G01 X7.7812Y33.9094
G01 X7.7461Y33.9567
G01 X7.7159Y34.0072
G01 X7.6907Y34.0604
G01 X7.6709Y34.1158
G01 X7.6566Y34.1729
G01 X7.6479Y34.2312
G01 X7.6450Y34.2900
G01 X7.6479Y34.3488
G01 X7.6566Y34.4071
G01 X7.6709Y34.4642
G01 X7.6907Y34.5196
G01 X7.7159Y34.5728
G01 X7.7461Y34.6233
G01 X7.7812Y34.6706
G01 X7.8208Y34.7143
G01 X7.8644Y34.7538
G01 X7.9117Y34.7889
G01 X7.9622Y34.8192
G01 X8.0154Y34.8443
G01 X8.0709Y34.8642
G01 X8.1280Y34.8785
G01 X8.1862Y34.8871
G01 X8.2450Y34.8900
G01 X8.3038Y34.8871
G01 X8.3621Y34.8785
G01 X8.4192Y34.8642
G01 X8.4746Y34.8443
G01 X8.5279Y34.8192
G01 X8.5784Y34.7889
G01 X8.6257Y34.7538
G01 X8.6693Y34.7143
G01 X8.7088Y34.6706
G01 X8.7439Y34.6233
G01 X8.7742Y34.5728
G01 X8.7994Y34.5196
G01 X8.8192Y34.4642
G01 X8.8335Y34.4071
G01 X8.8421Y34.3488
G01 X8.8450Y34.2900
G01 X8.4450Y34.2900
G01 X8.4441Y34.2704
G01 X8.4412Y34.2510
G01 X8.4364Y34.2319
G01 X8.4298Y34.2135
G01 X8.4214Y34.1957
G01 X8.4113Y34.1789
G01 X8.3996Y34.1631
G01 X8.3865Y34.1486
G01 X8.3719Y34.1354
G01 X8.3561Y34.1237
G01 X8.3393Y34.1136
G01 X8.3216Y34.1052
G01 X8.3031Y34.0986
G01 X8.2840Y34.0938
G01 X8.2646Y34.0910
G01 X8.2450Y34.0900
G01 X8.2254Y34.0910
G01 X8.2060Y34.0938
G01 X8.1870Y34.0986
G01 X8.1685Y34.1052
G01 X8.1508Y34.1136
G01 X8.1339Y34.1237
G01 X8.1182Y34.1354
G01 X8.1036Y34.1486
G01 X8.0904Y34.1631
G01 X8.0787Y34.1789
G01 X8.0686Y34.1957
G01 X8.0603Y34.2135
G01 X8.0536Y34.2319
G01 X8.0489Y34.2510
G01 X8.0460Y34.2704
G01 X8.0450Y34.2900
G01 X8.0460Y34.3096
G01 X8.0489Y34.3290
G01 X8.0536Y34.3481
G01 X8.0603Y34.3665
G01 X8.0686Y34.3843
G01 X8.0787Y34.4011
G01 X8.0904Y34.4169
G01 X8.1036Y34.4314
G01 X8.1182Y34.4446
G01 X8.1339Y34.4563
G01 X8.1508Y34.4664
G01 X8.1685Y34.4748
G01 X8.1870Y34.4814
G01 X8.2060Y34.4862
G01 X8.2254Y34.4890
G01 X8.2450Y34.4900
G01 X8.2646Y34.4890
G01 X8.2840Y34.4862
G01 X8.3031Y34.4814
G01 X8.3216Y34.4748
G01 X8.3393Y34.4664
G01 X8.3561Y34.4563
G01 X8.3719Y34.4446
G01 X8.3865Y34.4314
G01 X8.3996Y34.4169
G01 X8.4113Y34.4011
G01 X8.4214Y34.3843
G01 X8.4298Y34.3665
G01 X8.4364Y34.3481
G01 X8.4412Y34.3290
G01 X8.4441Y34.3096
G01 X8.4450Y34.2900
G00 Z20.0000
G00 X18.7506Y32.9582
G01 Z20.0000
G01 X18.7714Y33.0987
G00 Z20.0000
G00 X19.0963Y32.5663
G01 Z20.0000
G01 X19.1921Y33.2118
G01 X19.2164Y33.7081
G00 Z20.0000
G00 X19.2164Y34.8719
G01 Z20.0000
G01 X19.1921Y35.3682
G01 X19.0963Y36.0137
G00 Z20.0000
G00 X18.7506Y35.6218
G01 Z20.0000
G01 X18.7714Y35.4813
G01 X23.1908Y35.3941
G01 X23.1728Y35.7603
G01 X22.9568Y37.2164
G01 X22.5991Y38.6443
G01 X22.3306Y39.3948
G00 Z20.0000
G00 X22.6592Y39.6623
G01 Z20.0000
G01 X22.9819Y38.7604
G01 X23.3491Y37.2944
G01 X23.5709Y35.7995
G01 X23.5791Y35.6312
G00 Z20.0000
G00 X23.9742Y35.7314
G01 Z20.0000
G01 X23.9689Y35.8387
G01 X23.7414Y37.3724
G01 X23.3647Y38.8765
G01 X22.9310Y40.0886
G00 Z20.0000
G00 X23.0153Y40.9052
G01 Z20.0000
G01 X23.2119Y40.4895
G01 X23.7475Y38.9926
G01 X24.1338Y37.4505
G01 X24.3670Y35.8779
G01 X24.3749Y35.7183
G00 Z20.0000
G00 X26.6080Y37.1075
G01 Z20.0000
G01 X26.4876Y37.9187
G01 X26.0441Y39.6893
G01 X25.6745Y40.7222
G00 Z20.0000
G00 X26.2025Y40.4325
G01 Z20.0000
G01 X26.4269Y39.8054
G01 X26.8800Y37.9967
G01 X27.0175Y37.0695
G00 Z20.0000
G00 X27.4465Y36.9001
G01 Z20.0000
G01 X27.2723Y38.0748
G01 X26.8097Y39.9215
G01 X26.6527Y40.3604
G00 Z20.0000
G00 X27.0589Y40.4109
G01 Z20.0000
G01 X27.1924Y40.0376
G01 X27.6646Y38.1528
G01 X27.9119Y36.4852
G00 Z20.0000
G00 X28.2704Y36.7913
G01 Z20.0000
G01 X28.0569Y38.2308
G01 X27.5752Y40.1538
G01 X27.4299Y40.5599
G00 Z20.0000
G00 X27.7640Y40.8121
G01 Z20.0000
G01 X27.9580Y40.2699
G01 X28.4492Y38.3089
G01 X28.6431Y37.0020
G00 Z20.0000
G00 X29.0325Y37.0993
G01 Z20.0000
G01 X28.8415Y38.3869
G01 X28.3408Y40.3860
G01 X28.2231Y40.7149
G00 Z20.0000
G00 X28.7408Y40.4331
G01 Z20.0000
G01 X29.2338Y38.4649
G01 X29.4375Y37.0919
G00 Z20.0000
G00 X29.8601Y36.9657
G01 Z20.0000
G01 X29.6262Y38.5430
G01 X29.1707Y40.3614
G00 Z20.0000
G00 X29.5718Y40.4041
G01 Z20.0000
G01 X30.0185Y38.6210
G01 X30.3106Y36.6513
G01 X30.7066Y36.7045
G01 X30.4108Y38.6990
G01 X29.9479Y40.5470
G00 Z20.0000
G00 X30.2954Y40.8038
G01 Z20.0000
G01 X30.8031Y38.7771
G01 X31.0736Y36.9533
G00 Z20.0000
G00 X31.4584Y37.0822
G01 Z20.0000
G01 X31.1954Y38.8551
G01 X30.7199Y40.7535
G00 Z20.0000
G00 X31.2052Y40.4601
G01 Z20.0000
G01 X31.5877Y38.9331
G01 X31.8589Y37.1052
G00 Z20.0000
G00 X32.2759Y37.0167
G01 Z20.0000
G01 X31.9800Y39.0112
G01 X31.6410Y40.3648
G00 Z20.0000
G00 X32.0468Y40.3888
G01 Z20.0000
G01 X32.3723Y39.0892
G01 X32.7161Y36.7716
G01 X33.1321Y36.5886
G01 X33.1246Y36.7404
G01 X32.7647Y39.1673
G01 X32.4266Y40.5169
G00 Z20.0000
G00 X32.7794Y40.7528
G01 Z20.0000
G01 X33.1570Y39.2453
G01 X33.5056Y36.8954
G00 Z20.0000
G00 X33.8857Y37.0553
G01 Z20.0000
G01 X33.5493Y39.3233
G01 X33.1693Y40.8404
G00 Z20.0000
G00 X33.6687Y40.4907
G01 Z20.0000
G01 X33.9416Y39.4014
G01 X34.2815Y37.1099
G00 Z20.0000
G00 X34.6935Y37.0555
G01 Z20.0000
G01 X34.3339Y39.4794
G01 X34.1106Y40.3710
G00 Z20.0000
G00 X34.5205Y40.3786
G01 Z20.0000
G01 X34.7262Y39.5574
G01 X35.1150Y36.9365
G01 X35.1183Y36.8691
G00 Z20.0000
G00 X35.5376Y36.4776
G01 Z20.0000
G01 X35.5131Y36.9757
G01 X35.1185Y39.6355
G01 X34.9051Y40.4877
G00 Z20.0000
G00 X35.2629Y40.7036
G01 Z20.0000
G01 X35.5109Y39.7135
G01 X35.9112Y37.0149
G01 X35.9210Y36.8140
G00 Z20.0000
G00 X36.3110Y37.0191
G01 Z20.0000
G01 X36.3092Y37.0541
G01 X35.9032Y39.7915
G01 X35.5856Y41.0595
G00 Z20.0000
G00 X35.8291Y41.7314
G01 Z20.0000
G01 X36.2955Y39.8696
G01 X36.7057Y37.1044
G00 Z20.0000
G00 X37.1078Y37.0844
G01 Z20.0000
G01 X37.1054Y37.1325
G01 X36.6878Y39.9476
G01 X35.9963Y42.7083
G01 X35.0375Y45.3878
G01 X33.8207Y47.9605
G01 X32.3576Y50.4015
G01 X30.6623Y52.6874
G01 X28.7511Y54.7961
G01 X28.1288Y55.3601
G00 Z20.0000
G00 X27.9397Y54.9923
G01 Z20.0000
G01 X28.4683Y54.5133
G01 X30.3531Y52.4336
G01 X32.0251Y50.1793
G01 X33.4680Y47.7719
G01 X34.6680Y45.2347
G01 X35.5215Y42.8492
G00 Z20.0000
G00 X34.9283Y43.3213
G01 Z20.0000
G01 X34.2984Y45.0817
G01 X33.1152Y47.5834
G01 X31.6925Y49.9571
G01 X30.0439Y52.1799
G01 X28.1854Y54.2304
G01 X27.6707Y54.6969
G00 Z20.0000
G00 X28.1929Y53.6272
G01 Z20.0000
G01 X29.7347Y51.9261
G01 X31.3599Y49.7349
G01 X32.7624Y47.3948
G01 X33.9289Y44.9286
G01 X34.4577Y43.4507
G00 Z20.0000
G00 X34.0378Y43.4382
G01 Z20.0000
G01 X33.5593Y44.7755
G01 X32.4097Y47.2063
G01 X31.0273Y49.5126
G01 X29.4255Y51.6724
G01 X28.1898Y53.0358
G00 Z20.0000
G00 X28.0370Y52.6095
G01 Z20.0000
G01 X29.1163Y51.4186
G01 X30.6947Y49.2904
G01 X32.0569Y47.0177
G01 X33.1898Y44.6225
G01 X33.6548Y43.3227
G00 Z20.0000
G00 X33.3072Y43.1085
G01 Z20.0000
G01 X32.8202Y44.4694
G01 X31.7041Y46.8292
G01 X30.3621Y49.0682
G01 X28.8071Y51.1649
G01 X27.7979Y52.2784
G00 Z20.0000
G00 X27.4884Y52.0250
G01 Z20.0000
G01 X28.4979Y50.9111
G01 X30.0295Y48.8459
G01 X31.3514Y46.6406
G01 X32.4507Y44.3163
G01 X32.9701Y42.8647
G00 Z20.0000
G00 X32.3812Y43.3246
G01 Z20.0000
G01 X32.0811Y44.1632
G01 X30.9986Y46.4520
G01 X29.6969Y48.6237
G01 X28.1887Y50.6573
G01 X27.1054Y51.8526
G00 Z20.0000
G00 X26.6212Y51.7919
G01 Z20.0000
G01 X27.8795Y50.4036
G01 X29.3644Y48.4015
G01 X30.6458Y46.2635
G01 X31.7116Y44.0102
G01 X31.9115Y43.4514
G00 Z20.0000
G00 X31.4922Y43.4374
G01 Z20.0000
G01 X31.3420Y43.8571
G01 X30.2931Y46.0749
G01 X29.0318Y48.1793
G01 X27.5703Y50.1498
G01 X25.9227Y51.9677
G01 X25.8748Y52.0110
G00 Z20.0000
G00 X25.4254Y52.4184
G01 Z20.0000
G01 X24.1049Y53.6153
G01 X23.1118Y54.3517
G00 Z20.0000
G00 X23.5755Y54.5053
G01 Z20.0000
G01 X24.3586Y53.9245
G01 X25.1249Y53.2300
G00 Z20.0000
G00 X25.1706Y53.7277
G01 Z20.0000
G01 X24.6124Y54.2337
G01 X23.9179Y54.7487
G00 Z20.0000
G00 X24.1725Y55.0573
G01 Z20.0000
G01 X24.8661Y54.5429
G01 X25.3322Y54.1204
G00 Z20.0000
G00 X25.5764Y54.4383
G01 Z20.0000
G01 X25.1199Y54.8521
G01 X24.3427Y55.4285
G00 Z20.0000
G00 X24.4099Y55.8760
G01 Z20.0000
G01 X25.2552Y55.2491
G00 Z20.0000
G00 X25.1211Y55.8460
G01 Z20.0000
G01 X24.2987Y56.4559
G01 X25.1788Y56.3006
G01 X23.6899Y57.4049
G01 X21.3499Y58.8074
G01 X18.8836Y59.9739
G01 X16.3149Y60.8929
G01 X13.6685Y61.5558
G01 X10.9699Y61.9561
G01 X8.2450Y62.0900
G01 X5.5202Y61.9561
G01 X2.8215Y61.5558
G01 X0.2600Y60.9142
G01 X0.2600Y61.3261
G01 X2.7435Y61.9481
G01 X5.4809Y62.3542
G01 X8.2450Y62.4900
G01 X11.0091Y62.3542
G01 X13.7466Y61.9481
G01 X16.4311Y61.2757
G01 X19.0367Y60.3434
G01 X21.5384Y59.1602
G01 X23.9121Y57.7374
G01 X25.3421Y56.6769
G00 Z20.0000
G00 X25.5895Y56.9908
G01 Z20.0000
G01 X24.1343Y58.0700
G01 X21.7270Y59.5129
G01 X19.1898Y60.7130
G01 X16.5472Y61.6585
G01 X13.8246Y62.3405
G01 X11.0483Y62.7523
G01 X8.2450Y62.8900
G01 X5.4417Y62.7523
G01 X2.6654Y62.3405
G01 X0.2600Y61.7379
G01 X0.2600Y62.1498
G01 X2.5874Y62.7328
G01 X5.4025Y63.1504
G01 X8.2450Y63.2900
G01 X11.0875Y63.1504
G01 X13.9027Y62.7328
G01 X16.6633Y62.0413
G01 X19.3429Y61.0825
G01 X21.9155Y59.8657
G01 X24.3566Y58.4026
G01 X25.9253Y57.2391
G00 Z20.0000
G00 X26.3766Y57.4019
G01 Z20.0000
G01 X24.5788Y58.7352
G01 X22.1041Y60.2185
G01 X19.4959Y61.4521
G01 X16.7794Y62.4240
G01 X13.9807Y63.1251
G01 X11.1267Y63.5484
G01 X8.2450Y63.6900
G01 X5.3633Y63.5484
G01 X4.2161Y63.3783
G00 Z20.0000
G00 X3.8254Y63.3203
G01 Z20.0000
G01 X2.5094Y63.1251
G01 X0.2600Y62.5616
G01 X0.2600Y62.9735
G01 X2.4313Y63.5174
G01 X2.9609Y63.5960
G00 Z20.0000
G00 X2.6155Y63.9486
G01 Z20.0000
G01 X2.3533Y63.9097
G01 X0.2600Y63.3854
G01 X0.2600Y63.7972
G01 X2.2753Y64.3020
G01 X2.4305Y64.3251
G00 Z20.0000
G00 X2.3620Y64.7188
G01 Z20.0000
G01 X2.1972Y64.6943
G01 X0.2600Y64.2091
G01 X0.2600Y64.6210
G01 X2.1192Y65.0867
G01 X2.4064Y65.1293
G00 Z20.0000
G00 X2.3601Y64.7810
G01 Z20.0000
G01 X2.3605Y64.7479
G01 X2.3665Y64.6340
G01 X2.3697Y64.6060
G01 X2.3867Y64.4932
G01 X2.3927Y64.4656
G01 X2.4207Y64.3550
G01 X2.4294Y64.3281
G01 X2.4681Y64.2208
G01 X2.4793Y64.1949
G01 X2.5284Y64.0919
G01 X2.5421Y64.0673
G01 X2.6010Y63.9696
G01 X2.6171Y63.9464
G01 X2.6853Y63.8549
G01 X2.7036Y63.8334
G01 X2.7804Y63.7491
G01 X2.8007Y63.7295
G01 X2.8854Y63.6531
G01 X2.9075Y63.6355
G01 X2.9994Y63.5678
G01 X3.0231Y63.5526
G01 X3.1211Y63.4942
G01 X3.1462Y63.4813
G01 X3.2495Y63.4328
G01 X3.2757Y63.4224
G01 X3.3832Y63.3843
G01 X3.4104Y63.3765
G01 X3.5211Y63.3491
G01 X3.5489Y63.3441
G01 X3.6618Y63.3277
G01 X3.6899Y63.3254
G01 X3.8039Y63.3201
G01 X3.8321Y63.3205
G01 X3.9460Y63.3265
G01 X3.9740Y63.3297
G01 X4.0868Y63.3467
G01 X4.1144Y63.3527
G01 X4.2250Y63.3807
G01 X4.2519Y63.3894
G01 X4.3592Y63.4281
G01 X4.3851Y63.4393
G01 X4.4881Y63.4884
G01 X4.5127Y63.5021
G01 X4.6104Y63.5610
G01 X4.6336Y63.5771
G01 X4.7251Y63.6453
G01 X4.7466Y63.6636
G01 X4.8309Y63.7404
G01 X4.8505Y63.7607
G01 X4.9269Y63.8454
G01 X4.9445Y63.8675
G01 X5.0122Y63.9594
G01 X5.0274Y63.9831
G01 X5.0858Y64.0811
G01 X5.0987Y64.1062
G01 X5.1472Y64.2095
G01 X5.1576Y64.2357
G01 X5.1957Y64.3432
G01 X5.2035Y64.3704
G01 X5.2309Y64.4811
G01 X5.2359Y64.5089
G01 X5.2523Y64.6218
G01 X5.2546Y64.6499
G01 X5.2599Y64.7639
G01 X5.2595Y64.7921
G01 X5.2535Y64.9060
G01 X5.2503Y64.9340
G01 X5.2333Y65.0468
G01 X5.2273Y65.0744
G01 X5.1993Y65.1850
G01 X5.1906Y65.2119
G01 X5.1519Y65.3192
G01 X5.1407Y65.3451
G01 X5.0916Y65.4481
G01 X5.0779Y65.4727
G01 X5.0190Y65.5704
G01 X5.0029Y65.5936
G01 X4.9347Y65.6851
G01 X4.9164Y65.7066
G01 X4.8396Y65.7909
G01 X4.8193Y65.8105
G01 X4.7346Y65.8869
G01 X4.7125Y65.9045
G01 X4.6206Y65.9722
G01 X4.5969Y65.9874
G01 X4.4989Y66.0458
G01 X4.4738Y66.0587
G01 X4.3705Y66.1072
G01 X4.3443Y66.1176
G01 X4.2368Y66.1557
G01 X4.2096Y66.1635
G01 X4.0989Y66.1909
G01 X4.0711Y66.1959
G01 X3.9582Y66.2123
G01 X3.9301Y66.2146
G01 X3.8161Y66.2199
G01 X3.7879Y66.2195
G01 X3.6740Y66.2135
G01 X3.6460Y66.2103
G01 X3.5332Y66.1933
G01 X3.5056Y66.1873
G01 X3.3950Y66.1593
G01 X3.3681Y66.1506
G01 X3.2608Y66.1119
G01 X3.2349Y66.1007
G01 X3.1319Y66.0516
G01 X3.1073Y66.0379
G01 X3.0096Y65.9790
G01 X2.9864Y65.9629
G01 X2.8949Y65.8947
G01 X2.8734Y65.8764
G01 X2.7891Y65.7996
G01 X2.7695Y65.7793
G01 X2.6931Y65.6946
G01 X2.6755Y65.6725
G01 X2.6078Y65.5806
G01 X2.5926Y65.5569
G01 X2.5342Y65.4589
G01 X2.5213Y65.4338
G01 X2.4728Y65.3305
G01 X2.4624Y65.3043
G01 X2.4243Y65.1968
G01 X2.4165Y65.1696
G01 X2.3891Y65.0589
G01 X2.3841Y65.0311
G01 X2.3677Y64.9182
G01 X2.3654Y64.8901
G01 X2.3601Y64.7810
G00 Z20.0000
G00 X2.5952Y65.5612
G01 Z20.0000
G01 X2.0412Y65.4790
G01 X0.2600Y65.0328
G01 X0.2600Y65.4447
G01 X1.9631Y65.8713
G01 X3.1145Y66.0421
G00 Z20.0000
G00 X4.1063Y66.1892
G01 Z20.0000
G01 X5.0889Y66.3349
G01 X8.2450Y66.4900
G01 X11.4012Y66.3349
G01 X14.5269Y65.8713
G01 X17.5922Y65.1035
G01 X20.5674Y64.0389
G01 X21.3214Y63.6823
G00 Z20.0000
G00 X21.3101Y63.5110
G01 Z20.0000
G01 X21.3105Y63.4779
G01 X21.3169Y63.3542
G01 X21.3202Y63.3262
G01 X21.3387Y63.2036
G01 X21.3446Y63.1761
G01 X21.3750Y63.0560
G01 X21.3837Y63.0291
G01 X21.4257Y62.9125
G01 X21.4369Y62.8866
G01 X21.4902Y62.7748
G01 X21.5039Y62.7501
G01 X21.5679Y62.6440
G01 X21.5839Y62.6208
G01 X21.6580Y62.5215
G01 X21.6763Y62.5000
G01 X21.7597Y62.4084
G01 X21.7800Y62.3888
G01 X21.8720Y62.3058
G01 X21.8941Y62.2882
G01 X21.9938Y62.2147
G01 X22.0175Y62.1994
G01 X22.1240Y62.1360
G01 X22.1491Y62.1231
G01 X22.2612Y62.0704
G01 X22.2874Y62.0600
G01 X22.4042Y62.0186
G01 X22.4313Y62.0109
G01 X22.5516Y61.9811
G01 X22.5794Y61.9760
G01 X22.7020Y61.9581
G01 X22.7301Y61.9558
G01 X22.8539Y61.9501
G01 X22.8821Y61.9505
G01 X23.0058Y61.9569
G01 X23.0338Y61.9602
G01 X23.1564Y61.9787
G01 X23.1839Y61.9846
G01 X23.3040Y62.0150
G01 X23.3309Y62.0237
G01 X23.4475Y62.0657
G01 X23.4734Y62.0769
G01 X23.5852Y62.1302
G01 X23.6099Y62.1439
G01 X23.7160Y62.2079
G01 X23.7392Y62.2239
G01 X23.8385Y62.2980
G01 X23.8600Y62.3163
G01 X23.9516Y62.3997
G01 X23.9712Y62.4200
G01 X24.0542Y62.5120
G01 X24.0718Y62.5341
G01 X24.1453Y62.6338
G01 X24.1606Y62.6575
G01 X24.2240Y62.7640
G01 X24.2369Y62.7891
G01 X24.2896Y62.9012
G01 X24.3000Y62.9274
G01 X24.3414Y63.0442
G01 X24.3491Y63.0713
G01 X24.3789Y63.1916
G01 X24.3840Y63.2194
G01 X24.4019Y63.3420
G01 X24.4042Y63.3701
G01 X24.4099Y63.4939
G01 X24.4095Y63.5221
G01 X24.4031Y63.6458
G01 X24.3998Y63.6738
G01 X24.3813Y63.7964
G01 X24.3754Y63.8239
G01 X24.3450Y63.9440
G01 X24.3363Y63.9709
G01 X24.2943Y64.0875
G01 X24.2831Y64.1134
G01 X24.2298Y64.2252
G01 X24.2161Y64.2499
G01 X24.1521Y64.3560
G01 X24.1361Y64.3792
G01 X24.0620Y64.4785
G01 X24.0437Y64.5000
G01 X23.9603Y64.5916
G01 X23.9400Y64.6112
G01 X23.8480Y64.6942
G01 X23.8259Y64.7118
G01 X23.7262Y64.7853
G01 X23.7025Y64.8006
G01 X23.5960Y64.8640
G01 X23.5709Y64.8769
G01 X23.4588Y64.9296
G01 X23.4326Y64.9400
G01 X23.3158Y64.9814
G01 X23.2887Y64.9891
G01 X23.1684Y65.0189
G01 X23.1406Y65.0240
G01 X23.0180Y65.0419
G01 X22.9899Y65.0442
G01 X22.8661Y65.0499
G01 X22.8379Y65.0495
G01 X22.7142Y65.0431
G01 X22.6862Y65.0398
G01 X22.5636Y65.0213
G01 X22.5361Y65.0154
G01 X22.4159Y64.9850
G01 X22.3891Y64.9763
G01 X22.2725Y64.9343
G01 X22.2466Y64.9231
G01 X22.1348Y64.8698
G01 X22.1101Y64.8561
G01 X22.0040Y64.7921
G01 X21.9808Y64.7761
G01 X21.8815Y64.7020
G01 X21.8600Y64.6837
G01 X21.7684Y64.6003
G01 X21.7488Y64.5800
G01 X21.6658Y64.4880
G01 X21.6482Y64.4659
G01 X21.5747Y64.3662
G01 X21.5594Y64.3425
G01 X21.4960Y64.2360
G01 X21.4831Y64.2109
G01 X21.4304Y64.0988
G01 X21.4200Y64.0726
G01 X21.3786Y63.9558
G01 X21.3709Y63.9287
G01 X21.3411Y63.8084
G01 X21.3360Y63.7806
G01 X21.3181Y63.6580
G01 X21.3158Y63.6299
G01 X21.3101Y63.5110
G00 Z20.0000
G00 X21.3338Y63.2345
G01 Z20.0000
G01 X20.4144Y63.6694
G01 X17.4761Y64.7207
G01 X14.4489Y65.4790
G01 X11.3620Y65.9369
G01 X8.2450Y66.0900
G01 X5.1281Y65.9369
G01 X4.7429Y65.8797
G00 Z20.0000
G00 X5.0488Y65.5212
G01 Z20.0000
G01 X5.1673Y65.5388
G01 X8.2450Y65.6900
G01 X11.3228Y65.5388
G01 X14.3709Y65.0867
G01 X17.3600Y64.3379
G01 X20.2613Y63.2998
G01 X21.5357Y62.6971
G00 Z20.0000
G00 X21.4216Y64.0769
G01 Z20.0000
G01 X20.7205Y64.4085
G01 X17.7083Y65.4863
G01 X14.6050Y66.2636
G01 X11.4404Y66.7330
G01 X8.2450Y66.8900
G01 X5.0497Y66.7330
G01 X1.8851Y66.2636
G01 X0.2600Y65.8565
G01 X0.2600Y66.2684
G01 X1.8071Y66.6559
G01 X5.0105Y67.1311
G01 X8.2450Y67.2900
G01 X11.4796Y67.1311
G01 X14.6830Y66.6559
G01 X17.8244Y65.8690
G01 X20.8736Y64.7780
G01 X21.6185Y64.4257
G00 Z20.0000
G00 X21.9151Y64.7274
G01 Z20.0000
G01 X21.0267Y65.1476
G01 X17.9405Y66.2518
G01 X14.7610Y67.0482
G01 X11.5188Y67.5292
G01 X8.2450Y67.6900
G01 X4.9713Y67.5292
G01 X1.7290Y67.0482
G01 X0.2600Y66.6803
G01 X0.2600Y67.0921
G01 X1.6510Y67.4405
G01 X4.9321Y67.9272
G01 X8.2450Y68.0900
G01 X11.5580Y67.9272
G01 X14.8391Y67.4405
G01 X18.0567Y66.6346
G01 X21.1797Y65.5171
G01 X22.3516Y64.9629
G00 Z20.0000
G00 X23.1668Y65.0193
G01 Z20.0000
G01 X21.3328Y65.8867
G01 X18.1728Y67.0174
G01 X14.9171Y67.8329
G01 X11.6331Y68.3200
G01 X14.3559Y68.3200
G01 X14.9952Y68.2252
G01 X18.2889Y67.4001
G01 X21.4859Y66.2562
G01 X24.5554Y64.8045
G01 X25.3580Y64.3234
G00 Z20.0000
G00 X25.1895Y63.9586
G01 Z20.0000
G01 X24.3668Y64.4517
G01 X23.8398Y64.7010
G00 Z20.0000
G00 X24.3212Y64.0133
G01 Z20.0000
G01 X25.1211Y63.5338
G00 Z20.0000
G00 X25.1957Y63.0233
G01 Z20.0000
G01 X24.4099Y63.4943
G00 Z20.0000
G00 X24.3477Y63.0658
G01 Z20.0000
G01 X25.7645Y62.2166
G00 Z20.0000
G00 X25.4627Y61.9317
G01 Z20.0000
G01 X24.1847Y62.6977
G00 Z20.0000
G00 X23.9333Y62.3826
G01 Z20.0000
G01 X25.2550Y61.5904
G00 Z20.0000
G00 X25.1391Y61.1941
G01 Z20.0000
G01 X23.5809Y62.1280
G00 Z20.0000
G00 X23.0739Y61.9661
G01 Z20.0000
G01 X25.1387Y60.7285
G00 Z20.0000
G00 X25.1201Y60.9710
G01 Z20.0000
G01 X25.1204Y60.9410
G01 X25.1258Y60.8301
G01 X25.1302Y60.7862
G01 X25.1460Y60.6794
G01 X25.1511Y60.6516
G01 X25.1809Y60.5313
G01 X25.1886Y60.5042
G01 X25.2357Y60.3725
G01 X25.2469Y60.3466
G01 X25.2931Y60.2491
G01 X25.3139Y60.2101
G01 X25.3726Y60.1123
G01 X25.3939Y60.0808
G01 X25.4582Y59.9941
G01 X25.4758Y59.9720
G01 X25.5588Y59.8800
G01 X25.5784Y59.8597
G01 X25.6820Y59.7658
G01 X25.7041Y59.7482
G01 X25.7908Y59.6839
G01 X25.8275Y59.6594
G01 X25.9254Y59.6008
G01 X25.9591Y59.5831
G01 X26.0566Y59.5369
G01 X26.0825Y59.5257
G01 X26.1991Y59.4837
G01 X26.2260Y59.4750
G01 X26.3616Y59.4411
G01 X26.3894Y59.4360
G01 X26.4962Y59.4202
G01 X26.5340Y59.4162
G01 X26.6479Y59.4105
G01 X26.6921Y59.4105
G01 X26.7999Y59.4158
G01 X26.8280Y59.4181
G01 X26.9506Y59.4360
G01 X26.9784Y59.4411
G01 X27.1140Y59.4750
G01 X27.1409Y59.4837
G01 X27.2426Y59.5200
G01 X27.2834Y59.5369
G01 X27.3865Y59.5858
G01 X27.4199Y59.6039
G01 X27.5125Y59.6594
G01 X27.5362Y59.6747
G01 X27.6485Y59.7580
G01 X27.6700Y59.7763
G01 X27.7616Y59.8597
G01 X27.7812Y59.8800
G01 X27.8537Y59.9600
G01 X27.8818Y59.9941
G01 X27.9461Y60.0808
G01 X27.9674Y60.1123
G01 X28.0261Y60.2101
G01 X28.0398Y60.2348
G01 X28.0931Y60.3466
G01 X28.1043Y60.3725
G01 X28.1463Y60.4891
G01 X28.1550Y60.5160
G01 X28.1854Y60.6361
G01 X28.1913Y60.6636
G01 X28.2098Y60.7862
G01 X28.2131Y60.8142
G01 X28.2195Y60.9379
G01 X28.2199Y60.9661
G01 X28.2131Y61.1058
G01 X28.2098Y61.1338
G01 X28.1913Y61.2564
G01 X28.1854Y61.2839
G01 X28.1550Y61.4040
G01 X28.1463Y61.4309
G01 X28.1043Y61.5475
G01 X28.0931Y61.5734
G01 X28.0398Y61.6852
G01 X28.0261Y61.7099
G01 X27.9621Y61.8160
G01 X27.9461Y61.8392
G01 X27.8720Y61.9385
G01 X27.8537Y61.9600
G01 X27.7703Y62.0516
G01 X27.7500Y62.0712
G01 X27.6580Y62.1542
G01 X27.6359Y62.1718
G01 X27.5574Y62.2300
G01 X27.6359Y62.2882
G01 X27.6580Y62.3058
G01 X27.7500Y62.3888
G01 X27.7812Y62.4200
G01 X27.8537Y62.5000
G01 X27.8720Y62.5215
G01 X27.9461Y62.6208
G01 X27.9706Y62.6575
G01 X28.0261Y62.7501
G01 X28.0398Y62.7748
G01 X28.0931Y62.8866
G01 X28.1100Y62.9274
G01 X28.1514Y63.0442
G01 X28.1591Y63.0713
G01 X28.1854Y63.1761
G01 X28.1940Y63.2194
G01 X28.2098Y63.3262
G01 X28.2131Y63.3542
G01 X28.2195Y63.4779
G01 X28.2195Y63.5221
G01 X28.2131Y63.6458
G01 X28.2098Y63.6738
G01 X28.1940Y63.7806
G01 X28.1889Y63.8084
G01 X28.1591Y63.9287
G01 X28.1463Y63.9709
G01 X28.1043Y64.0875
G01 X28.0931Y64.1134
G01 X28.0469Y64.2109
G01 X28.0292Y64.2446
G01 X27.9706Y64.3425
G01 X27.9461Y64.3792
G01 X27.8720Y64.4785
G01 X27.8537Y64.5000
G01 X27.7703Y64.5916
G01 X27.7500Y64.6112
G01 X27.6700Y64.6837
G01 X27.6485Y64.7020
G01 X27.5492Y64.7761
G01 X27.5177Y64.7974
G01 X27.4199Y64.8561
G01 X27.3952Y64.8698
G01 X27.2834Y64.9231
G01 X27.2575Y64.9343
G01 X27.1409Y64.9763
G01 X27.1141Y64.9850
G01 X26.9939Y65.0154
G01 X26.9664Y65.0213
G01 X26.8438Y65.0398
G01 X26.8158Y65.0431
G01 X26.6921Y65.0495
G01 X26.6639Y65.0499
G01 X26.5401Y65.0442
G01 X26.5120Y65.0419
G01 X26.3894Y65.0240
G01 X26.3616Y65.0189
G01 X26.2413Y64.9891
G01 X26.2142Y64.9814
G01 X26.0974Y64.9400
G01 X26.0712Y64.9296
G01 X25.9591Y64.8769
G01 X25.9340Y64.8640
G01 X25.8275Y64.8006
G01 X25.8038Y64.7853
G01 X25.7041Y64.7118
G01 X25.6820Y64.6942
G01 X25.5900Y64.6112
G01 X25.5697Y64.5916
G01 X25.4863Y64.5000
G01 X25.4680Y64.4785
G01 X25.3939Y64.3792
G01 X25.3726Y64.3477
G01 X25.3139Y64.2499
G01 X25.3002Y64.2252
G01 X25.2469Y64.1134
G01 X25.2357Y64.0875
G01 X25.1937Y63.9709
G01 X25.1850Y63.9440
G01 X25.1546Y63.8239
G01 X25.1487Y63.7964
G01 X25.1302Y63.6738
G01 X25.1269Y63.6458
G01 X25.1201Y63.5049
G01 X25.1205Y63.4779
G01 X25.1269Y63.3542
G01 X25.1302Y63.3262
G01 X25.1487Y63.2036
G01 X25.1546Y63.1761
G01 X25.1850Y63.0560
G01 X25.1937Y63.0291
G01 X25.2357Y62.9125
G01 X25.2469Y62.8866
G01 X25.3002Y62.7748
G01 X25.3139Y62.7501
G01 X25.3779Y62.6440
G01 X25.3939Y62.6208
G01 X25.4680Y62.5215
G01 X25.4863Y62.5000
G01 X25.5697Y62.4084
G01 X25.5900Y62.3888
G01 X25.6820Y62.3058
G01 X25.7041Y62.2882
G01 X25.7826Y62.2300
G01 X25.7041Y62.1718
G01 X25.6820Y62.1542
G01 X25.5900Y62.0712
G01 X25.5629Y62.0445
G01 X25.4863Y61.9600
G01 X25.4582Y61.9259
G01 X25.3847Y61.8262
G01 X25.3694Y61.8025
G01 X25.3139Y61.7099
G01 X25.3002Y61.6852
G01 X25.2469Y61.5734
G01 X25.2357Y61.5475
G01 X25.1937Y61.4309
G01 X25.1809Y61.3887
G01 X25.1511Y61.2684
G01 X25.1460Y61.2406
G01 X25.1302Y61.1338
G01 X25.1262Y61.0960
G01 X25.1201Y60.9710
G00 Z20.0000
G00 X25.3629Y60.1284
G01 Z20.0000
G01 X22.8583Y61.6296
G01 X20.1082Y62.9303
G01 X17.2439Y63.9552
G01 X14.2928Y64.6943
G01 X11.2836Y65.1407
G01 X8.2450Y65.2900
G01 X5.2106Y65.1409
G00 Z20.0000
G00 X5.2592Y64.7433
G01 Z20.0000
G01 X8.2450Y64.8900
G01 X11.2444Y64.7427
G01 X14.2148Y64.3020
G01 X17.1277Y63.5724
G01 X19.9551Y62.5607
G01 X22.6698Y61.2768
G01 X25.2455Y59.7330
G01 X27.6575Y57.9441
G01 X29.8825Y55.9275
G01 X31.8992Y53.7024
G01 X33.6880Y51.2904
G01 X35.2318Y48.7147
G01 X36.5157Y46.0001
G01 X37.5274Y43.1727
G01 X38.2571Y40.2598
G01 X38.6977Y37.2893
G01 X38.7137Y36.9628
G00 Z20.0000
G00 X39.1076Y37.0867
G01 Z20.0000
G01 X39.0958Y37.3285
G01 X38.6494Y40.3378
G01 X37.9102Y43.2888
G01 X36.8853Y46.1532
G01 X35.5846Y48.9033
G01 X34.0206Y51.5127
G01 X33.7390Y51.8923
G00 Z20.0000
G00 X34.3119Y51.7905
G01 Z20.0000
G01 X34.3532Y51.7349
G01 X35.9374Y49.0919
G01 X37.2548Y46.3063
G01 X38.2930Y43.4049
G01 X39.0417Y40.4158
G01 X39.4938Y37.3677
G01 X39.5068Y37.1037
G00 Z20.0000
G00 X39.9114Y37.0111
G01 Z20.0000
G01 X39.8919Y37.4069
G01 X39.4340Y40.4939
G01 X38.6757Y43.5211
G01 X37.6244Y46.4593
G01 X36.2901Y49.2804
G01 X34.7450Y51.8583
G00 Z20.0000
G00 X35.1102Y52.0261
G01 Z20.0000
G01 X36.6429Y49.4690
G01 X37.9940Y46.6124
G01 X39.0585Y43.6372
G01 X39.8263Y40.5719
G01 X40.2900Y37.4462
G01 X40.3226Y36.7816
G01 X40.7331Y36.5676
G01 X40.6881Y37.4854
G01 X40.2186Y40.6499
G01 X39.4413Y43.7533
G01 X38.3635Y46.7655
G01 X36.9957Y49.6575
G01 X35.4221Y52.2829
G00 Z20.0000
G00 X35.6719Y52.6395
G01 Z20.0000
G01 X35.6835Y52.6238
G01 X37.3484Y49.8461
G01 X38.7331Y46.9186
G01 X39.8241Y43.8694
G01 X40.6109Y40.7280
G01 X41.0861Y37.5246
G01 X41.1173Y36.8904
G00 Z20.0000
G00 X41.5091Y37.0561
G01 Z20.0000
G01 X41.4842Y37.5638
G01 X41.0033Y40.8060
G01 X40.2068Y43.9855
G01 X39.1026Y47.0716
G01 X37.7012Y50.0347
G01 X36.0161Y52.8460
G01 X35.8213Y53.1087
G00 Z20.0000
G00 X35.7369Y53.8932
G01 Z20.0000
G01 X36.3487Y53.0683
G01 X37.2877Y51.5016
G00 Z20.0000
G00 X37.2851Y51.4461
G01 Z20.0000
G01 X37.2854Y51.4160
G01 X37.2915Y51.2990
G01 X37.2947Y51.2710
G01 X37.3117Y51.1582
G01 X37.3177Y51.1306
G01 X37.3457Y51.0200
G01 X37.3544Y50.9931
G01 X37.3931Y50.8858
G01 X37.4043Y50.8599
G01 X37.4534Y50.7569
G01 X37.4671Y50.7323
G01 X37.5260Y50.6346
G01 X37.5421Y50.6114
G01 X37.6103Y50.5199
G01 X37.6286Y50.4984
G01 X37.7054Y50.4141
G01 X37.7257Y50.3945
G01 X37.8104Y50.3181
G01 X37.8325Y50.3005
G01 X37.9244Y50.2328
G01 X37.9481Y50.2176
G01 X38.0461Y50.1592
G01 X38.0712Y50.1463
G01 X38.1745Y50.0978
G01 X38.2007Y50.0874
G01 X38.3082Y50.0493
G01 X38.3354Y50.0415
G01 X38.4461Y50.0141
G01 X38.4739Y50.0091
G01 X38.5868Y49.9927
G01 X38.6149Y49.9904
G01 X38.7289Y49.9851
G01 X38.7571Y49.9855
G01 X38.8710Y49.9915
G01 X38.8990Y49.9947
G01 X39.0118Y50.0117
G01 X39.0394Y50.0177
G01 X39.1500Y50.0457
G01 X39.1769Y50.0544
G01 X39.2842Y50.0931
G01 X39.3101Y50.1043
G01 X39.4131Y50.1534
G01 X39.4377Y50.1671
G01 X39.5354Y50.2260
G01 X39.5586Y50.2421
G01 X39.6501Y50.3103
G01 X39.6716Y50.3286
G01 X39.7559Y50.4054
G01 X39.7755Y50.4257
G01 X39.8519Y50.5104
G01 X39.8695Y50.5325
G01 X39.9372Y50.6244
G01 X39.9524Y50.6481
G01 X40.0108Y50.7461
G01 X40.0237Y50.7712
G01 X40.0722Y50.8745
G01 X40.0826Y50.9007
G01 X40.1207Y51.0082
G01 X40.1285Y51.0354
G01 X40.1559Y51.1461
G01 X40.1609Y51.1739
G01 X40.1773Y51.2868
G01 X40.1796Y51.3149
G01 X40.1849Y51.4289
G01 X40.1845Y51.4571
G01 X40.1785Y51.5710
G01 X40.1753Y51.5990
G01 X40.1583Y51.7118
G01 X40.1523Y51.7394
G01 X40.1243Y51.8500
G01 X40.1156Y51.8769
G01 X40.0769Y51.9842
G01 X40.0657Y52.0101
G01 X40.0166Y52.1131
G01 X40.0029Y52.1377
G01 X39.9440Y52.2354
G01 X39.9279Y52.2586
G01 X39.8597Y52.3501
G01 X39.8414Y52.3716
G01 X39.7646Y52.4559
G01 X39.7443Y52.4755
G01 X39.6596Y52.5519
G01 X39.6375Y52.5695
G01 X39.5456Y52.6372
G01 X39.5219Y52.6524
G01 X39.4239Y52.7108
G01 X39.3988Y52.7237
G01 X39.2955Y52.7722
G01 X39.2693Y52.7826
G01 X39.1618Y52.8207
G01 X39.1346Y52.8285
G01 X39.0239Y52.8559
G01 X38.9961Y52.8609
G01 X38.8832Y52.8773
G01 X38.8551Y52.8796
G01 X38.7411Y52.8849
G01 X38.7129Y52.8845
G01 X38.5990Y52.8785
G01 X38.5710Y52.8753
G01 X38.4582Y52.8583
G01 X38.4306Y52.8523
G01 X38.3200Y52.8243
G01 X38.2931Y52.8156
G01 X38.1858Y52.7769
G01 X38.1599Y52.7657
G01 X38.0569Y52.7166
G01 X38.0323Y52.7029
G01 X37.9346Y52.6440
G01 X37.9114Y52.6279
G01 X37.8199Y52.5597
G01 X37.7984Y52.5414
G01 X37.7141Y52.4646
G01 X37.6945Y52.4443
G01 X37.6181Y52.3596
G01 X37.6005Y52.3375
G01 X37.5328Y52.2456
G01 X37.5176Y52.2219
G01 X37.4592Y52.1239
G01 X37.4463Y52.0988
G01 X37.3978Y51.9955
G01 X37.3874Y51.9693
G01 X37.3493Y51.8618
G01 X37.3415Y51.8346
G01 X37.3141Y51.7239
G01 X37.3091Y51.6961
G01 X37.2927Y51.5832
G01 X37.2904Y51.5551
G01 X37.2851Y51.4461
G00 Z20.0000
G00 X37.4239Y52.0515
G01 Z20.0000
G01 X36.6813Y53.2905
G01 X35.4891Y54.8980
G00 Z20.0000
G00 X35.1954Y54.6234
G01 Z20.0000
G01 X35.2394Y54.5640
G00 Z20.0000
G00 X35.7131Y55.2667
G01 Z20.0000
G01 X37.0139Y53.5127
G01 X37.6703Y52.4176
G00 Z20.0000
G00 X37.9828Y52.6733
G01 Z20.0000
G01 X37.3465Y53.7350
G01 X35.8353Y55.7726
G00 Z20.0000
G00 X34.4607Y57.4203
G01 Z20.0000
G01 X32.9938Y59.0387
G01 X30.4488Y61.3454
G01 X28.1526Y63.0483
G00 Z20.0000
G00 X27.9824Y62.6772
G01 Z20.0000
G01 X30.1950Y61.0362
G01 X32.7109Y58.7559
G01 X33.9481Y57.3909
G00 Z20.0000
G00 X33.5461Y57.2395
G01 Z20.0000
G01 X32.4281Y58.4731
G01 X29.9413Y60.7270
G01 X27.7278Y62.3686
G01 X28.0734Y61.6148
G01 X29.6875Y60.4178
G01 X32.1452Y58.1902
G01 X33.2220Y57.0022
G00 Z20.0000
G00 X32.9683Y56.6872
G01 Z20.0000
G01 X31.8624Y57.9074
G01 X29.4338Y60.1085
G01 X28.2181Y61.0102
G00 Z20.0000
G00 X28.1645Y60.5525
G01 Z20.0000
G01 X29.1800Y59.7993
G01 X31.5796Y57.6245
G01 X32.7946Y56.2839
G00 Z20.0000
G00 X32.7401Y55.8910
G01 Z20.0000
G01 X32.7405Y55.8579
G01 X32.7458Y55.7501
G01 X32.7481Y55.7220
G01 X32.7660Y55.5994
G01 X32.7746Y55.5561
G01 X32.8009Y55.4513
G01 X32.8086Y55.4242
G01 X32.8500Y55.3074
G01 X32.8669Y55.2666
G01 X32.9202Y55.1548
G01 X32.9339Y55.1301
G01 X32.9894Y55.0375
G01 X33.0047Y55.0138
G01 X33.0782Y54.9141
G01 X33.1063Y54.8800
G01 X33.1829Y54.7955
G01 X33.2100Y54.7688
G01 X33.3020Y54.6858
G01 X33.3241Y54.6682
G01 X33.4026Y54.6100
G01 X33.3241Y54.5518
G01 X33.3020Y54.5342
G01 X33.2100Y54.4512
G01 X33.1897Y54.4316
G01 X33.1063Y54.3400
G01 X33.0880Y54.3185
G01 X33.0139Y54.2192
G01 X32.9979Y54.1960
G01 X32.9339Y54.0899
G01 X32.9202Y54.0652
G01 X32.8669Y53.9534
G01 X32.8557Y53.9275
G01 X32.8137Y53.8109
G01 X32.8050Y53.7840
G01 X32.7746Y53.6639
G01 X32.7687Y53.6364
G01 X32.7502Y53.5138
G01 X32.7469Y53.4858
G01 X32.7405Y53.3621
G01 X32.7401Y53.3351
G01 X32.7469Y53.1942
G01 X32.7502Y53.1662
G01 X32.7687Y53.0436
G01 X32.7746Y53.0161
G01 X32.8050Y52.8960
G01 X32.8137Y52.8691
G01 X32.8557Y52.7525
G01 X32.8669Y52.7266
G01 X32.9202Y52.6148
G01 X32.9339Y52.5901
G01 X32.9926Y52.4923
G01 X33.0139Y52.4608
G01 X33.0880Y52.3615
G01 X33.1063Y52.3400
G01 X33.1897Y52.2484
G01 X33.2100Y52.2288
G01 X33.3020Y52.1458
G01 X33.3241Y52.1282
G01 X33.4238Y52.0547
G01 X33.4475Y52.0394
G01 X33.5540Y51.9760
G01 X33.5791Y51.9631
G01 X33.6912Y51.9104
G01 X33.7174Y51.9000
G01 X33.8342Y51.8586
G01 X33.8613Y51.8509
G01 X33.9816Y51.8211
G01 X34.0094Y51.8160
G01 X34.1320Y51.7981
G01 X34.1601Y51.7958
G01 X34.2839Y51.7901
G01 X34.3121Y51.7905
G01 X34.4358Y51.7969
G01 X34.4638Y51.8002
G01 X34.5864Y51.8187
G01 X34.6139Y51.8246
G01 X34.7340Y51.8550
G01 X34.7609Y51.8637
G01 X34.8775Y51.9057
G01 X34.9034Y51.9169
G01 X35.0152Y51.9702
G01 X35.0399Y51.9839
G01 X35.1377Y52.0426
G01 X35.1692Y52.0639
G01 X35.2685Y52.1380
G01 X35.2900Y52.1563
G01 X35.3700Y52.2288
G01 X35.3903Y52.2484
G01 X35.4737Y52.3400
G01 X35.4920Y52.3615
G01 X35.5661Y52.4608
G01 X35.5906Y52.4975
G01 X35.6492Y52.5954
G01 X35.6669Y52.6291
G01 X35.7131Y52.7266
G01 X35.7243Y52.7525
G01 X35.7663Y52.8691
G01 X35.7791Y52.9113
G01 X35.8089Y53.0316
G01 X35.8140Y53.0594
G01 X35.8298Y53.1662
G01 X35.8331Y53.1942
G01 X35.8395Y53.3179
G01 X35.8395Y53.3621
G01 X35.8342Y53.4699
G01 X35.8319Y53.4980
G01 X35.8140Y53.6206
G01 X35.8054Y53.6639
G01 X35.7750Y53.7841
G01 X35.7663Y53.8109
G01 X35.7300Y53.9126
G01 X35.7131Y53.9534
G01 X35.6598Y54.0652
G01 X35.6461Y54.0899
G01 X35.5906Y54.1825
G01 X35.5661Y54.2192
G01 X35.4920Y54.3185
G01 X35.4737Y54.3400
G01 X35.4012Y54.4200
G01 X35.3700Y54.4512
G01 X35.2780Y54.5342
G01 X35.2559Y54.5518
G01 X35.1774Y54.6100
G01 X35.2559Y54.6682
G01 X35.2780Y54.6858
G01 X35.3700Y54.7688
G01 X35.3903Y54.7884
G01 X35.4737Y54.8800
G01 X35.4920Y54.9015
G01 X35.5661Y55.0008
G01 X35.5821Y55.0240
G01 X35.6461Y55.1301
G01 X35.6598Y55.1548
G01 X35.7131Y55.2666
G01 X35.7243Y55.2925
G01 X35.7663Y55.4091
G01 X35.7750Y55.4359
G01 X35.8054Y55.5561
G01 X35.8113Y55.5836
G01 X35.8298Y55.7062
G01 X35.8331Y55.7342
G01 X35.8395Y55.8579
G01 X35.8399Y55.8861
G01 X35.8342Y56.0099
G01 X35.8319Y56.0380
G01 X35.8113Y56.1764
G01 X35.8054Y56.2039
G01 X35.7750Y56.3241
G01 X35.7663Y56.3509
G01 X35.7243Y56.4675
G01 X35.7131Y56.4934
G01 X35.6598Y56.6052
G01 X35.6461Y56.6299
G01 X35.5874Y56.7277
G01 X35.5661Y56.7592
G01 X35.5018Y56.8459
G01 X35.4737Y56.8800
G01 X35.4012Y56.9600
G01 X35.3816Y56.9803
G01 X35.2900Y57.0637
G01 X35.2685Y57.0820
G01 X35.1562Y57.1653
G01 X35.1325Y57.1806
G01 X35.0399Y57.2361
G01 X35.0065Y57.2542
G01 X34.9034Y57.3031
G01 X34.8626Y57.3200
G01 X34.7609Y57.3563
G01 X34.7340Y57.3650
G01 X34.5984Y57.3989
G01 X34.5706Y57.4040
G01 X34.4480Y57.4219
G01 X34.4199Y57.4242
G01 X34.3121Y57.4295
G01 X34.2741Y57.4297
G01 X34.1601Y57.4242
G01 X34.1162Y57.4198
G01 X34.0094Y57.4040
G01 X33.9816Y57.3989
G01 X33.8460Y57.3650
G01 X33.8191Y57.3563
G01 X33.7174Y57.3200
G01 X33.6766Y57.3031
G01 X33.5791Y57.2569
G01 X33.5540Y57.2440
G01 X33.4475Y57.1806
G01 X33.4238Y57.1653
G01 X33.3115Y57.0820
G01 X33.2900Y57.0637
G01 X33.2100Y56.9912
G01 X33.1829Y56.9645
G01 X33.1063Y56.8800
G01 X33.0782Y56.8459
G01 X33.0139Y56.7592
G01 X32.9979Y56.7360
G01 X32.9339Y56.6299
G01 X32.9202Y56.6052
G01 X32.8604Y56.4788
G01 X32.8500Y56.4526
G01 X32.8137Y56.3509
G01 X32.8009Y56.3087
G01 X32.7732Y56.1980
G01 X32.7660Y56.1606
G01 X32.7502Y56.0538
G01 X32.7469Y56.0258
G01 X32.7401Y55.8910
G00 Z20.0000
G00 X32.7463Y55.7423
G01 Z20.0000
G01 X31.2967Y57.3417
G01 X28.9263Y59.4901
G01 X28.0044Y60.1739
G00 Z20.0000
G00 X27.7597Y59.8579
G01 Z20.0000
G01 X28.6725Y59.1809
G01 X31.0139Y57.0588
G01 X33.1360Y54.7175
G01 X33.2838Y54.5181
G00 Z20.0000
G00 X33.0111Y54.2152
G01 Z20.0000
G01 X32.8268Y54.4637
G01 X30.7310Y56.7760
G01 X28.4187Y58.8717
G01 X27.4263Y59.6078
G00 Z20.0000
G00 X26.9800Y59.4414
G01 Z20.0000
G01 X28.1650Y58.5625
G01 X30.4482Y56.4932
G01 X32.5176Y54.2099
G01 X32.8136Y53.8108
G00 Z20.0000
G00 X32.7447Y53.2330
G01 Z20.0000
G01 X32.2084Y53.9562
G01 X30.1653Y56.2103
G01 X27.9112Y58.2533
G01 X26.2840Y59.4602
G01 X27.0877Y57.3719
G01 X24.8010Y59.0678
G01 X22.2927Y60.5713
G01 X19.6490Y61.8216
G01 X16.8955Y62.8068
G01 X14.0587Y63.5174
G01 X11.1659Y63.9465
G01 X8.2450Y64.0900
G01 X5.3241Y63.9465
G01 X4.9633Y63.8930
G00 Z20.0000
G00 X5.1915Y64.3307
G01 Z20.0000
G01 X5.2849Y64.3446
G01 X8.2450Y64.4900
G01 X11.2051Y64.3446
G01 X14.1368Y63.9097
G01 X17.0116Y63.1896
G01 X19.8021Y62.1912
G01 X22.4812Y60.9240
G01 X25.0233Y59.4004
G01 X27.4037Y57.6349
G01 X29.5997Y55.6446
G01 X31.5899Y53.4487
G01 X33.3554Y51.0682
G01 X34.8791Y48.5262
G01 X36.1462Y45.8470
G01 X37.1446Y43.0566
G01 X37.8647Y40.1817
G01 X38.2996Y37.2501
G01 X38.3264Y36.7043
G01 X37.9289Y36.6530
G01 X37.9015Y37.2109
G01 X37.4724Y40.1037
G01 X36.7619Y42.9405
G01 X35.7766Y45.6940
G01 X34.5263Y48.3376
G01 X33.0228Y50.8460
G01 X31.2807Y53.1949
G01 X29.3168Y55.3618
G01 X28.1083Y56.4572
G00 Z20.0000
G00 X28.2175Y55.8189
G01 Z20.0000
G01 X29.0340Y55.0789
G01 X30.9715Y52.9412
G01 X32.6902Y50.6238
G01 X34.1735Y48.1491
G01 X35.4071Y45.5409
G01 X36.3791Y42.8244
G01 X37.0801Y40.0257
G01 X37.5035Y37.1717
G01 X37.5144Y36.9495
G00 Z20.0000
G00 X37.9949Y33.2692
G01 Z20.0000
G01 X37.9015Y31.3691
G01 X37.4724Y28.4763
G01 X37.0846Y26.9279
G00 Z20.0000
G00 X37.4673Y26.8117
G01 Z20.0000
G01 X37.8647Y28.3983
G01 X38.2996Y31.3299
G01 X38.3862Y33.0923
G00 Z20.0000
G00 X38.7747Y32.8589
G01 Z20.0000
G01 X38.6977Y31.2907
G01 X38.2571Y28.3202
G01 X37.8235Y26.5895
G00 Z20.0000
G00 X38.1432Y26.2214
G01 Z20.0000
G01 X38.6494Y28.2422
G01 X39.0958Y31.2515
G01 X39.1696Y32.7541
G00 Z20.0000
G00 X39.5696Y32.7540
G01 Z20.0000
G01 X39.4938Y31.2123
G01 X39.0417Y28.1642
G01 X38.3754Y25.5043
G00 Z20.0000
G00 X38.0169Y24.4035
G01 Z20.0000
G01 X37.8739Y24.0040
G00 Z20.0000
G00 X38.1680Y23.6400
G01 Z20.0000
G01 X38.6757Y25.0589
G01 X39.4340Y28.0861
G01 X39.8919Y31.1731
G01 X39.9749Y32.8631
G00 Z20.0000
G00 X40.3877Y33.1222
G01 Z20.0000
G01 X40.2900Y31.1338
G01 X39.8263Y28.0081
G01 X39.0585Y24.9428
G01 X38.3713Y23.0223
G00 Z20.0000
G00 X37.8758Y21.7177
G01 Z20.0000
G01 X37.3106Y20.5228
G00 Z20.0000
G00 X37.6714Y20.3512
G01 Z20.0000
G01 X38.3635Y21.8145
G01 X39.4413Y24.8267
G01 X40.2186Y27.9301
G01 X40.6881Y31.0946
G01 X40.7923Y33.2171
G00 Z20.0000
G00 X41.1779Y32.9239
G01 Z20.0000
G01 X41.0861Y31.0554
G01 X40.6109Y27.8520
G01 X39.8241Y24.7106
G01 X38.7331Y21.6614
G01 X37.9856Y20.0811
G01 X38.5659Y20.3736
G01 X39.1026Y21.5084
G01 X40.2068Y24.5945
G01 X41.0033Y27.7740
G01 X41.4842Y31.0162
G01 X41.5708Y32.7785
G00 Z20.0000
G00 X41.9690Y32.7424
G01 Z20.0000
G01 X41.8823Y30.9770
G01 X41.3956Y27.6959
G01 X40.5896Y24.4784
G01 X39.4722Y21.3553
G01 X39.1036Y20.5761
G00 Z20.0000
G00 X39.5515Y20.5887
G01 Z20.0000
G01 X39.8417Y21.2022
G01 X40.9724Y24.3623
G01 X41.7879Y27.6179
G01 X42.2803Y30.9378
G01 X42.3724Y32.8108
G00 Z20.0000
G00 X42.7821Y33.0088
G01 Z20.0000
G01 X42.6784Y30.8986
G01 X42.1802Y27.5399
G01 X41.3552Y24.2462
G01 X40.2113Y21.0492
G01 X39.9462Y20.4886
G00 Z20.0000
G00 X40.2951Y20.2920
G01 Z20.0000
G01 X40.5808Y20.8961
G01 X41.7379Y24.1300
G01 X42.5725Y27.4618
G01 X43.0765Y30.8594
G01 X43.2001Y33.3755
G00 Z20.0000
G00 X43.5820Y33.0060
G01 Z20.0000
G01 X43.4746Y30.8202
G01 X42.9648Y27.3838
G01 X42.1207Y24.0139
G01 X40.9504Y20.7430
G01 X40.5968Y19.9956
G00 Z20.0000
G00 X41.2554Y20.4536
G01 Z20.0000
G01 X41.3199Y20.5899
G01 X42.5035Y23.8978
G01 X42.9043Y25.4978
G00 Z20.0000
G00 X43.0407Y26.0424
G01 Z20.0000
G01 X43.3571Y27.3058
G01 X43.8726Y30.7810
G01 X43.9726Y32.8160
G00 Z20.0000
G00 X44.3691Y32.7434
G01 Z20.0000
G01 X44.2707Y30.7418
G01 X43.7495Y27.2277
G01 X43.6192Y26.7076
G00 Z20.0000
G00 X44.0802Y26.9039
G01 Z20.0000
G01 X44.1418Y27.1497
G01 X44.6688Y30.7026
G01 X44.7705Y32.7738
G00 Z20.0000
G00 X45.1778Y32.9216
G01 Z20.0000
G01 X45.0669Y30.6634
G01 X44.5341Y27.0717
G01 X44.5031Y26.9479
G00 Z20.0000
G00 X44.8988Y26.8835
G01 Z20.0000
G01 X44.9264Y26.9936
G01 X45.4649Y30.6242
G01 X45.5937Y33.2458
G01 X45.9870Y33.1089
G01 X45.9709Y32.7813
G00 Z20.0000
G00 X45.8747Y30.8235
G01 Z20.0000
G01 X45.8630Y30.5850
G01 X45.3187Y26.9156
G01 X45.2685Y26.7150
G00 Z20.0000
G00 X45.6084Y26.4280
G01 Z20.0000
G01 X45.7110Y26.8376
G01 X46.2546Y30.5017
G00 Z20.0000
G00 X46.6352Y30.3453
G01 Z20.0000
G01 X46.1033Y26.7595
G01 X45.8995Y25.9458
G00 Z20.0000
G00 X45.4711Y24.2353
G01 Z20.0000
G01 X45.4278Y24.0626
G00 Z20.0000
G00 X45.7498Y23.7038
G01 Z20.0000
G01 X46.4957Y26.6815
G01 X47.0326Y30.3016
G00 Z20.0000
G00 X47.4474Y30.3749
G01 Z20.0000
G01 X46.8880Y26.6034
G01 X45.9912Y23.0233
G00 Z20.0000
G00 X45.5668Y21.7861
G01 Z20.0000
G01 X45.0921Y20.4595
G00 Z20.0000
G00 X44.7099Y20.5771
G01 Z20.0000
G01 X45.0099Y21.4155
G00 Z20.0000
G00 X44.5494Y21.3143
G01 Z20.0000
G01 X44.2908Y20.5917
G00 Z20.0000
G00 X43.8215Y20.4659
G01 Z20.0000
G01 X44.1351Y21.3425
G00 Z20.0000
G00 X43.7579Y21.4742
G01 Z20.0000
G01 X43.2342Y20.0104
G01 X42.8945Y20.2471
G01 X43.4167Y21.7064
G00 Z20.0000
G00 X43.1208Y22.0653
G01 Z20.0000
G01 X42.5471Y20.4619
G00 Z20.0000
G00 X42.1643Y20.5779
G01 Z20.0000
G01 X42.9126Y22.6695
G00 Z20.0000
G00 X42.9001Y22.8711
G01 Z20.0000
G01 X42.9004Y22.8410
G01 X42.9058Y22.7301
G01 X42.9102Y22.6862
G01 X42.9260Y22.5794
G01 X42.9311Y22.5516
G01 X42.9609Y22.4313
G01 X42.9686Y22.4042
G01 X43.0157Y22.2725
G01 X43.0269Y22.2466
G01 X43.0731Y22.1491
G01 X43.0939Y22.1101
G01 X43.1526Y22.0123
G01 X43.1739Y21.9808
G01 X43.2382Y21.8941
G01 X43.2558Y21.8720
G01 X43.3388Y21.7800
G01 X43.3584Y21.7597
G01 X43.4620Y21.6658
G01 X43.4841Y21.6482
G01 X43.5708Y21.5839
G01 X43.6023Y21.5626
G01 X43.7001Y21.5039
G01 X43.7391Y21.4831
G01 X43.8366Y21.4369
G01 X43.8625Y21.4257
G01 X43.9791Y21.3837
G01 X44.0060Y21.3750
G01 X44.1416Y21.3411
G01 X44.1694Y21.3360
G01 X44.2762Y21.3202
G01 X44.3201Y21.3158
G01 X44.4341Y21.3103
G01 X44.4721Y21.3105
G01 X44.5799Y21.3158
G01 X44.6080Y21.3181
G01 X44.7464Y21.3387
G01 X44.7739Y21.3446
G01 X44.8940Y21.3750
G01 X44.9209Y21.3837
G01 X45.0226Y21.4200
G01 X45.0578Y21.4344
G01 X45.1609Y21.4831
G01 X45.1999Y21.5039
G01 X45.2925Y21.5594
G01 X45.3162Y21.5747
G01 X45.4285Y21.6580
G01 X45.4500Y21.6763
G01 X45.5416Y21.7597
G01 X45.5612Y21.7800
G01 X45.6337Y21.8600
G01 X45.6618Y21.8941
G01 X45.7261Y21.9808
G01 X45.7474Y22.0123
G01 X45.8061Y22.1101
G01 X45.8198Y22.1348
G01 X45.8731Y22.2466
G01 X45.8843Y22.2725
G01 X45.9263Y22.3891
G01 X45.9350Y22.4160
G01 X45.9654Y22.5361
G01 X45.9713Y22.5636
G01 X45.9898Y22.6862
G01 X45.9931Y22.7142
G01 X45.9995Y22.8379
G01 X45.9999Y22.8661
G01 X45.9931Y23.0058
G01 X45.9898Y23.0338
G01 X45.9713Y23.1564
G01 X45.9654Y23.1839
G01 X45.9350Y23.3040
G01 X45.9263Y23.3309
G01 X45.8843Y23.4475
G01 X45.8731Y23.4734
G01 X45.8198Y23.5852
G01 X45.8061Y23.6099
G01 X45.7421Y23.7160
G01 X45.7261Y23.7392
G01 X45.6520Y23.8385
G01 X45.6337Y23.8600
G01 X45.5503Y23.9516
G01 X45.5300Y23.9712
G01 X45.4380Y24.0542
G01 X45.4159Y24.0718
G01 X45.3374Y24.1300
G01 X45.4159Y24.1882
G01 X45.4380Y24.2058
G01 X45.5300Y24.2888
G01 X45.5612Y24.3200
G01 X45.6337Y24.4000
G01 X45.6520Y24.4215
G01 X45.7261Y24.5208
G01 X45.7506Y24.5575
G01 X45.8140Y24.6640
G01 X45.8269Y24.6891
G01 X45.8731Y24.7866
G01 X45.8900Y24.8274
G01 X45.9314Y24.9442
G01 X45.9391Y24.9713
G01 X45.9654Y25.0761
G01 X45.9740Y25.1194
G01 X45.9898Y25.2262
G01 X45.9931Y25.2542
G01 X45.9995Y25.3779
G01 X45.9995Y25.4221
G01 X45.9931Y25.5458
G01 X45.9898Y25.5738
G01 X45.9740Y25.6806
G01 X45.9689Y25.7084
G01 X45.9391Y25.8287
G01 X45.9263Y25.8709
G01 X45.8878Y25.9783
G01 X45.8731Y26.0134
G01 X45.8269Y26.1109
G01 X45.8140Y26.1360
G01 X45.7506Y26.2425
G01 X45.7261Y26.2792
G01 X45.6520Y26.3785
G01 X45.6337Y26.4000
G01 X45.5503Y26.4916
G01 X45.5300Y26.5112
G01 X45.4500Y26.5837
G01 X45.4285Y26.6020
G01 X45.3292Y26.6761
G01 X45.2977Y26.6974
G01 X45.1999Y26.7561
G01 X45.1752Y26.7698
G01 X45.0634Y26.8231
G01 X45.0375Y26.8343
G01 X44.9209Y26.8763
G01 X44.8940Y26.8850
G01 X44.7739Y26.9154
G01 X44.7464Y26.9213
G01 X44.6238Y26.9398
G01 X44.5958Y26.9431
G01 X44.4721Y26.9495
G01 X44.4439Y26.9499
G01 X44.3201Y26.9442
G01 X44.2920Y26.9419
G01 X44.1694Y26.9240
G01 X44.1416Y26.9189
G01 X44.0213Y26.8891
G01 X43.9942Y26.8814
G01 X43.8774Y26.8400
G01 X43.8512Y26.8296
G01 X43.7391Y26.7769
G01 X43.7140Y26.7640
G01 X43.6075Y26.7006
G01 X43.5838Y26.6853
G01 X43.4841Y26.6118
G01 X43.4620Y26.5942
G01 X43.3700Y26.5112
G01 X43.3497Y26.4916
G01 X43.2663Y26.4000
G01 X43.2480Y26.3785
G01 X43.1739Y26.2792
G01 X43.1526Y26.2477
G01 X43.0939Y26.1499
G01 X43.0802Y26.1252
G01 X43.0269Y26.0134
G01 X43.0157Y25.9875
G01 X42.9737Y25.8709
G01 X42.9650Y25.8440
G01 X42.9346Y25.7239
G01 X42.9287Y25.6964
G01 X42.9102Y25.5738
G01 X42.9069Y25.5458
G01 X42.9005Y25.4221
G01 X42.9001Y25.3951
G01 X42.9069Y25.2542
G01 X42.9102Y25.2262
G01 X42.9287Y25.1036
G01 X42.9346Y25.0761
G01 X42.9650Y24.9560
G01 X42.9737Y24.9291
G01 X43.0157Y24.8125
G01 X43.0269Y24.7866
G01 X43.0802Y24.6748
G01 X43.0939Y24.6501
G01 X43.1579Y24.5440
G01 X43.1739Y24.5208
G01 X43.2480Y24.4215
G01 X43.2663Y24.4000
G01 X43.3497Y24.3084
G01 X43.3700Y24.2888
G01 X43.4620Y24.2058
G01 X43.4841Y24.1882
G01 X43.5626Y24.1300
G01 X43.4841Y24.0718
G01 X43.4620Y24.0542
G01 X43.3700Y23.9712
G01 X43.3429Y23.9445
G01 X43.2663Y23.8600
G01 X43.2382Y23.8259
G01 X43.1647Y23.7262
G01 X43.1494Y23.7025
G01 X43.0939Y23.6099
G01 X43.0802Y23.5852
G01 X43.0269Y23.4734
G01 X43.0157Y23.4475
G01 X42.9737Y23.3309
G01 X42.9609Y23.2887
G01 X42.9311Y23.1684
G01 X42.9260Y23.1406
G01 X42.9102Y23.0338
G01 X42.9062Y22.9960
G01 X42.9001Y22.8711
G00 Z20.0000
G00 X43.3374Y23.9385
G01 Z20.0000
G01 X43.4149Y24.2480
G00 Z20.0000
G00 X43.1009Y24.6385
G01 Z20.0000
G01 X42.8863Y23.7817
G01 X41.7446Y20.5910
G00 Z20.0000
G00 X45.4391Y20.2433
G01 Z20.0000
G01 X46.3313Y22.7367
G01 X47.2803Y26.5254
G01 X47.8534Y30.3889
G01 X47.8635Y30.5940
G00 Z20.0000
G00 X48.2887Y31.1073
G01 Z20.0000
G01 X48.2515Y30.3497
G01 X47.6726Y26.4474
G01 X46.7140Y22.6206
G01 X45.7854Y20.0252
G00 Z20.0000
G00 X46.3686Y20.4693
G01 Z20.0000
G01 X47.0968Y22.5044
G01 X48.0649Y26.3693
G01 X48.6495Y30.3105
G01 X48.7785Y32.9349
G00 Z20.0000
G00 X49.1710Y32.7834
G01 Z20.0000
G01 X49.0476Y30.2713
G01 X48.4572Y26.2913
G01 X47.4796Y22.3883
G01 X46.8370Y20.5924
G00 Z20.0000
G00 X47.2555Y20.5762
G01 Z20.0000
G01 X47.8624Y22.2722
G01 X48.8495Y26.2133
G01 X49.4457Y30.2321
G01 X49.5690Y32.7414
G00 Z20.0000
G00 X49.9721Y32.8045
G01 Z20.0000
G01 X49.8438Y30.1929
G01 X49.2419Y26.1352
G01 X48.2451Y22.1561
G01 X47.6372Y20.4571
G00 Z20.0000
G00 X47.9836Y20.2394
G01 Z20.0000
G01 X48.6279Y22.0400
G01 X49.6342Y26.0572
G01 X50.2418Y30.1537
G01 X50.3814Y32.9950
G00 Z20.0000
G00 X50.8013Y33.4008
G01 Z20.0000
G01 X50.7496Y32.3467
G00 Z20.0000
G00 X51.1763Y32.8909
G01 Z20.0000
G01 X51.1826Y33.0200
G00 Z20.0000
G00 X50.6974Y31.2856
G01 Z20.0000
G01 X50.6399Y30.1145
G01 X50.0265Y25.9792
G01 X49.0107Y21.9239
G01 X48.3360Y20.0383
G00 Z20.0000
G00 X48.9158Y20.4726
G01 Z20.0000
G01 X49.3935Y21.8078
G01 X50.4188Y25.9011
G01 X51.0380Y30.0753
G01 X51.0688Y30.7021
G00 Z20.0000
G00 X51.4558Y30.4378
G01 Z20.0000
G01 X51.4360Y30.0361
G01 X50.8111Y25.8231
G01 X49.7762Y21.6916
G01 X49.3831Y20.5930
G00 Z20.0000
G00 X49.8012Y20.5754
G01 Z20.0000
G01 X50.1590Y21.5755
G01 X51.2034Y25.7450
G01 X51.8341Y29.9968
G01 X51.8499Y30.3180
G00 Z20.0000
G00 X52.2496Y30.3120
G01 Z20.0000
G01 X52.2322Y29.9576
G01 X51.5957Y25.6670
G01 X50.5418Y21.4594
G01 X50.1823Y20.4547
G00 Z20.0000
G00 X50.5282Y20.2354
G01 Z20.0000
G01 X50.9246Y21.3433
G01 X51.9881Y25.5890
G01 X52.6303Y29.9184
G01 X52.6551Y30.4241
G00 Z20.0000
G00 X53.0687Y30.6998
G01 Z20.0000
G01 X53.0283Y29.8792
G01 X52.3804Y25.5109
G01 X51.3073Y21.2272
G01 X50.8861Y20.0498
G00 Z20.0000
G00 X51.4629Y20.4759
G01 Z20.0000
G01 X51.6901Y21.1111
G01 X52.7727Y25.4329
G01 X53.4264Y29.8400
G01 X53.5136Y31.6149
G00 Z20.0000
G00 X53.5199Y31.7430
G01 Z20.0000
G01 X53.5879Y33.1263
G01 X53.1926Y33.2225
G01 X53.1668Y32.6972
G01 X53.9756Y32.8769
G01 X53.8245Y29.8008
G01 X53.1650Y25.3549
G01 X52.0729Y20.9950
G01 X51.9292Y20.5934
G00 Z20.0000
G00 X52.3468Y20.5746
G01 Z20.0000
G01 X52.4557Y20.8788
G01 X53.5573Y25.2768
G01 X54.2226Y29.7616
G01 X54.3699Y32.7600
G00 Z20.0000
G00 X54.7693Y32.7483
G01 Z20.0000
G01 X54.6206Y29.7224
G01 X53.9496Y25.1988
G01 X52.8385Y20.7627
G01 X52.7274Y20.4522
G00 Z20.0000
G00 X53.0726Y20.2314
G01 Z20.0000
G01 X53.2212Y20.6466
G01 X54.3419Y25.1208
G01 X55.0187Y29.6832
G01 X55.1741Y32.8470
G00 Z20.0000
G00 X55.5859Y33.0859
G01 Z20.0000
G01 X55.4168Y29.6440
G01 X54.7343Y25.0427
G01 X53.6040Y20.5305
G01 X53.4359Y20.0607
G00 Z20.0000
G00 X54.0021Y20.4756
G01 Z20.0000
G01 X55.1266Y24.9647
G01 X55.8149Y29.6048
G01 X55.9944Y33.2589
G00 Z20.0000
G00 X56.3790Y32.9465
G01 Z20.0000
G01 X56.2129Y29.5656
G01 X55.5189Y24.8866
G01 X54.4428Y20.5907
G00 Z20.0000
G00 X54.8519Y20.5797
G01 Z20.0000
G01 X55.9112Y24.8086
G01 X56.6110Y29.5264
G01 X56.7713Y32.7883
G00 Z20.0000
G00 X57.1689Y32.7404
G01 Z20.0000
G01 X57.0091Y29.4872
G01 X56.3035Y24.7306
G01 X55.2356Y20.4673
G00 Z20.0000
G00 X55.5927Y20.2486
G01 Z20.0000
G01 X56.6958Y24.6525
G01 X57.4072Y29.4480
G01 X57.5718Y32.7991
G00 Z20.0000
G00 X57.9808Y32.9824
G01 Z20.0000
G01 X57.8052Y29.4087
G01 X57.0881Y24.5745
G01 X55.9501Y20.0310
G00 Z20.0000
G00 X56.4640Y20.4387
G01 Z20.0000
G01 X57.4805Y24.4965
G01 X58.2033Y29.3695
G01 X58.4001Y33.3758
G00 Z20.0000
G00 X58.7833Y33.0343
G01 Z20.0000
G01 X58.6014Y29.3303
G01 X57.8728Y24.4184
G01 X56.9113Y20.5802
G00 Z20.0000
G00 X57.3256Y20.5896
G01 Z20.0000
G01 X58.2651Y24.3404
G01 X58.9995Y29.2911
G01 X59.1733Y32.8301
G00 Z20.0000
G00 X59.5691Y32.7454
G01 Z20.0000
G01 X59.3975Y29.2519
G01 X58.6574Y24.2624
G01 X57.7133Y20.4933
G00 Z20.0000
G00 X58.0748Y20.2922
G01 Z20.0000
G01 X59.0497Y24.1843
G01 X59.7956Y29.2127
G01 X59.9702Y32.7659
G00 Z20.0000
G00 X60.3768Y32.9017
G01 Z20.0000
G01 X60.1937Y29.1735
G01 X59.4420Y24.1063
G01 X58.4034Y19.9598
G00 Z20.0000
G00 X58.9247Y20.3969
G01 Z20.0000
G01 X59.8343Y24.0282
G01 X60.5917Y29.1343
G01 X60.7915Y33.1996
G01 X61.1951Y33.2746
G01 X60.9898Y29.0951
G01 X60.2267Y23.9502
G01 X59.3796Y20.5685
G00 Z20.0000
G00 X59.7981Y20.5952
G01 Z20.0000
G01 X60.6190Y23.8722
G01 X61.3879Y29.0559
G01 X61.5814Y32.9941
G00 Z20.0000
G00 X61.9749Y32.8632
G01 Z20.0000
G01 X61.7860Y29.0167
G01 X61.0113Y23.7941
G01 X60.1901Y20.5159
G00 Z20.0000
G00 X60.5567Y20.3350
G01 Z20.0000
G01 X61.4036Y23.7161
G01 X62.1840Y28.9775
G01 X62.3742Y32.8473
G00 Z20.0000
G00 X62.7791Y32.9481
G01 Z20.0000
G01 X62.5821Y28.9383
G01 X61.7959Y23.6381
G01 X60.8918Y20.0287
G00 Z20.0000
G00 X61.1721Y19.5035
G01 Z20.0000
G01 X62.1882Y23.5600
G01 X62.9802Y28.8991
G01 X63.1918Y33.2064
G00 Z20.0000
G00 X63.6259Y33.9000
G01 Z20.0000
G01 X63.3783Y28.8599
G01 X62.5805Y23.4820
G01 X61.2595Y18.2082
G01 X61.2400Y18.1537
G00 Z20.0000
G00 X60.6795Y16.5870
G01 Z20.0000
G01 X59.4280Y13.0893
G01 X57.1035Y8.1746
G01 X54.3084Y3.5114
G01 X51.8970Y0.2600
G01 X52.3944Y0.2600
G01 X54.6410Y3.2892
G01 X57.4562Y7.9861
G01 X59.7975Y12.9363
G01 X61.6423Y18.0921
G01 X62.9728Y23.4040
G01 X63.7763Y28.8206
G01 X64.0450Y34.2900
G01 X63.7763Y39.7594
G01 X62.9728Y45.1760
G01 X62.5086Y47.0294
G00 Z20.0000
G00 X62.3443Y47.6853
G01 Z20.0000
G01 X61.6423Y50.4879
G01 X59.7975Y55.6437
G01 X57.4562Y60.5939
G01 X57.4042Y60.6808
G00 Z20.0000
G00 X57.2136Y60.1726
G01 Z20.0000
G01 X59.4280Y55.4907
G01 X61.2595Y50.3718
G01 X61.7770Y48.3059
G00 Z20.0000
G00 X61.3173Y48.4970
G01 Z20.0000
G01 X60.8767Y50.2557
G01 X59.0584Y55.3376
G01 X56.9354Y59.8264
G00 Z20.0000
G00 X56.6051Y59.5902
G01 Z20.0000
G01 X58.6889Y55.1845
G01 X60.4940Y50.1395
G01 X60.8946Y48.5400
G01 X60.4828Y48.5400
G01 X60.1112Y50.0234
G01 X58.3193Y55.0314
G01 X56.2290Y59.4509
G00 Z20.0000
G00 X55.8050Y59.4131
G01 Z20.0000
G01 X56.9432Y57.0065
G00 Z20.0000
G00 X56.3330Y57.3622
G01 Z20.0000
G01 X55.3396Y59.4626
G01 X55.3045Y59.5211
G00 Z20.0000
G00 X54.3301Y60.9711
G01 Z20.0000
G01 X54.3305Y60.9379
G01 X54.3369Y60.8142
G01 X54.3402Y60.7862
G01 X54.3587Y60.6636
G01 X54.3646Y60.6361
G01 X54.3950Y60.5160
G01 X54.4037Y60.4891
G01 X54.4457Y60.3725
G01 X54.4569Y60.3466
G01 X54.5102Y60.2348
G01 X54.5239Y60.2101
G01 X54.5879Y60.1040
G01 X54.6039Y60.0808
G01 X54.6780Y59.9815
G01 X54.6963Y59.9600
G01 X54.7797Y59.8684
G01 X54.8000Y59.8488
G01 X54.8920Y59.7658
G01 X54.9141Y59.7482
G01 X55.0138Y59.6747
G01 X55.0375Y59.6594
G01 X55.1440Y59.5960
G01 X55.1691Y59.5831
G01 X55.2812Y59.5304
G01 X55.3074Y59.5200
G01 X55.4242Y59.4786
G01 X55.4513Y59.4709
G01 X55.5716Y59.4411
G01 X55.5994Y59.4360
G01 X55.7220Y59.4181
G01 X55.7501Y59.4158
G01 X55.8739Y59.4101
G01 X55.9021Y59.4105
G01 X56.0258Y59.4169
G01 X56.0538Y59.4202
G01 X56.1764Y59.4387
G01 X56.2039Y59.4446
G01 X56.3240Y59.4750
G01 X56.3509Y59.4837
G01 X56.4675Y59.5257
G01 X56.4934Y59.5369
G01 X56.6052Y59.5902
G01 X56.6299Y59.6039
G01 X56.7360Y59.6679
G01 X56.7592Y59.6839
G01 X56.8585Y59.7580
G01 X56.8800Y59.7763
G01 X56.9716Y59.8597
G01 X56.9912Y59.8800
G01 X57.0742Y59.9720
G01 X57.0918Y59.9941
G01 X57.1653Y60.0938
G01 X57.1806Y60.1175
G01 X57.2440Y60.2240
G01 X57.2569Y60.2491
G01 X57.3096Y60.3612
G01 X57.3200Y60.3874
G01 X57.3614Y60.5042
G01 X57.3691Y60.5313
G01 X57.3989Y60.6516
G01 X57.4040Y60.6794
G01 X57.4219Y60.8020
G01 X57.4242Y60.8301
G01 X57.4299Y60.9539
G01 X57.4295Y60.9821
G01 X57.4231Y61.1058
G01 X57.4198Y61.1338
G01 X57.4013Y61.2564
G01 X57.3954Y61.2839
G01 X57.3650Y61.4040
G01 X57.3563Y61.4309
G01 X57.3143Y61.5475
G01 X57.3031Y61.5734
G01 X57.2498Y61.6852
G01 X57.2361Y61.7099
G01 X57.1721Y61.8160
G01 X57.1561Y61.8392
G01 X57.0820Y61.9385
G01 X57.0637Y61.9600
G01 X56.9803Y62.0516
G01 X56.9600Y62.0712
G01 X56.8680Y62.1542
G01 X56.8459Y62.1718
G01 X56.7462Y62.2453
G01 X56.7225Y62.2606
G01 X56.6160Y62.3240
G01 X56.5909Y62.3369
G01 X56.4788Y62.3896
G01 X56.4526Y62.4000
G01 X56.3358Y62.4414
G01 X56.3087Y62.4491
G01 X56.1884Y62.4789
G01 X56.1606Y62.4840
G01 X56.0380Y62.5019
G01 X56.0099Y62.5042
G01 X55.8861Y62.5099
G01 X55.8579Y62.5095
G01 X55.7342Y62.5031
G01 X55.7062Y62.4998
G01 X55.5836Y62.4813
G01 X55.5561Y62.4754
G01 X55.4360Y62.4450
G01 X55.4091Y62.4363
G01 X55.2925Y62.3943
G01 X55.2666Y62.3831
G01 X55.1548Y62.3298
G01 X55.1301Y62.3161
G01 X55.0240Y62.2521
G01 X55.0008Y62.2361
G01 X54.9015Y62.1620
G01 X54.8800Y62.1437
G01 X54.7884Y62.0603
G01 X54.7688Y62.0400
G01 X54.6858Y61.9480
G01 X54.6682Y61.9259
G01 X54.5947Y61.8262
G01 X54.5794Y61.8025
G01 X54.5160Y61.6960
G01 X54.5031Y61.6709
G01 X54.4504Y61.5588
G01 X54.4400Y61.5326
G01 X54.3986Y61.4158
G01 X54.3909Y61.3887
G01 X54.3611Y61.2684
G01 X54.3560Y61.2406
G01 X54.3381Y61.1180
G01 X54.3358Y61.0899
G01 X54.3301Y60.9711
G00 Z20.0000
G00 X54.3398Y61.1308
G01 Z20.0000
G01 X52.6455Y63.9575
G01 X49.5238Y68.1666
G01 X49.3848Y68.3200
G01 X49.9074Y68.3200
G01 X52.9781Y64.1797
G01 X54.4937Y61.6511
G00 Z20.0000
G00 X54.7432Y62.0119
G01 Z20.0000
G01 X53.3107Y64.4019
G01 X50.4048Y68.3200
G01 X50.9022Y68.3200
G01 X53.6433Y64.6241
G01 X55.0540Y62.2705
G00 Z20.0000
G00 X55.4185Y62.4395
G01 Z20.0000
G01 X53.9759Y64.8464
G01 X51.3996Y68.3200
G01 X51.8970Y68.3200
G01 X54.3084Y65.0686
G01 X55.8428Y62.5087
G00 Z20.0000
G00 X56.3522Y62.4359
G01 Z20.0000
G01 X54.6410Y65.2908
G01 X52.3944Y68.3200
G01 X52.8918Y68.3200
G01 X54.9736Y65.5130
G01 X57.8090Y60.7825
G01 X60.1671Y55.7968
G01 X62.0251Y50.6040
G01 X63.3652Y45.2541
G01 X64.1744Y39.7986
G01 X64.4450Y34.2900
G01 X64.1744Y28.7814
G01 X63.3652Y23.3259
G01 X62.0251Y17.9760
G01 X60.1671Y12.7832
G01 X57.8090Y7.7975
G01 X54.9736Y3.0670
G01 X52.8918Y0.2600
G01 X53.3892Y0.2600
G01 X55.3062Y2.8447
G01 X58.1618Y7.6089
G01 X60.5366Y12.6301
G01 X62.4079Y17.8599
G01 X63.7575Y23.2479
G01 X64.5725Y28.7422
G01 X64.8450Y34.2900
G01 X64.5725Y39.8378
G01 X63.7575Y45.3321
G01 X62.4079Y50.7201
G01 X60.5366Y55.9499
G01 X58.1618Y60.9711
G01 X55.3062Y65.7353
G01 X53.3892Y68.3200
G01 X53.8867Y68.3200
G01 X55.6388Y65.9575
G01 X58.5145Y61.1596
G01 X60.9062Y56.1030
G01 X62.7906Y50.8362
G01 X64.1498Y45.4101
G01 X64.9706Y39.8770
G01 X65.2450Y34.2900
G01 X64.9706Y28.7030
G01 X64.1498Y23.1699
G01 X62.7906Y17.7438
G01 X61.4150Y13.8991
G00 Z20.0000
G00 X61.9166Y14.1150
G01 Z20.0000
G01 X63.1734Y17.6277
G01 X64.5421Y23.0918
G01 X65.3686Y28.6638
G01 X65.6450Y34.2900
G01 X65.3686Y39.9162
G01 X64.5421Y45.4882
G01 X63.1734Y50.9523
G01 X61.2757Y56.2560
G01 X58.8673Y61.3482
G01 X55.9714Y66.1797
G01 X54.3841Y68.3200
G01 X54.8815Y68.3200
G01 X56.3040Y66.4020
G01 X59.2201Y61.5367
G01 X61.6453Y56.4091
G01 X63.5562Y51.0685
G01 X64.9344Y45.5662
G01 X65.7667Y39.9554
G01 X65.7800Y39.6848
G01 X65.7800Y42.5886
G01 X65.3267Y45.6443
G01 X63.9390Y51.1846
G01 X62.0148Y56.5622
G01 X59.5728Y61.7253
G01 X56.6366Y66.6242
G01 X55.3789Y68.3200
G01 X55.8763Y68.3200
G01 X56.9692Y66.8464
G01 X59.9256Y61.9138
G01 X62.3844Y56.7152
G01 X64.3217Y51.3007
G01 X65.7190Y45.7223
G01 X65.7800Y45.3114
G01 X65.7800Y47.1232
G01 X64.7045Y51.4168
G01 X62.7539Y56.8683
G01 X60.2784Y62.1024
G01 X57.3017Y67.0686
G01 X56.3737Y68.3200
G01 X56.8711Y68.3200
G01 X57.6343Y67.2909
G01 X60.6312Y62.2910
G01 X63.1235Y57.0214
G01 X65.0873Y51.5329
G01 X65.7800Y48.7674
G01 X65.7800Y50.4117
G01 X65.4701Y51.6490
G01 X63.4930Y57.1745
G01 X60.9839Y62.4795
G01 X57.9669Y67.5131
G01 X57.3685Y68.3200
G01 X57.8659Y68.3200
G01 X58.2995Y67.7353
G01 X61.3367Y62.6681
G01 X63.8626Y57.3275
G01 X65.7800Y51.9687
G01 X65.7800Y53.1546
G01 X64.2321Y57.4806
G01 X61.6895Y62.8566
G01 X61.0324Y63.9529
G00 Z20.0000
G00 X60.9449Y64.0989
G01 Z20.0000
G01 X58.6321Y67.9576
G01 X58.3633Y68.3200
G01 X58.8607Y68.3200
G01 X58.9647Y68.1798
G01 X60.8166Y65.0900
G00 Z20.0000
G00 X60.7801Y64.7811
G01 Z20.0000
G01 X60.7804Y64.7510
G01 X60.7865Y64.6340
G01 X60.7897Y64.6060
G01 X60.8067Y64.4932
G01 X60.8127Y64.4656
G01 X60.8407Y64.3550
G01 X60.8494Y64.3281
G01 X60.8881Y64.2208
G01 X60.8993Y64.1949
G01 X60.9484Y64.0919
G01 X60.9621Y64.0673
G01 X61.0210Y63.9696
G01 X61.0371Y63.9464
G01 X61.1053Y63.8549
G01 X61.1236Y63.8334
G01 X61.2004Y63.7491
G01 X61.2207Y63.7295
G01 X61.3054Y63.6531
G01 X61.3275Y63.6355
G01 X61.4194Y63.5678
G01 X61.4431Y63.5526
G01 X61.5411Y63.4942
G01 X61.5662Y63.4813
G01 X61.6695Y63.4328
G01 X61.6957Y63.4224
G01 X61.8032Y63.3843
G01 X61.8304Y63.3765
G01 X61.9411Y63.3491
G01 X61.9689Y63.3441
G01 X62.0818Y63.3277
G01 X62.1099Y63.3254
G01 X62.2239Y63.3201
G01 X62.2521Y63.3205
G01 X62.3660Y63.3265
G01 X62.3940Y63.3297
G01 X62.5068Y63.3467
G01 X62.5344Y63.3527
G01 X62.6450Y63.3807
G01 X62.6719Y63.3894
G01 X62.7792Y63.4281
G01 X62.8051Y63.4393
G01 X62.9081Y63.4884
G01 X62.9327Y63.5021
G01 X63.0304Y63.5610
G01 X63.0536Y63.5771
G01 X63.1451Y63.6453
G01 X63.1666Y63.6636
G01 X63.2509Y63.7404
G01 X63.2705Y63.7607
G01 X63.3469Y63.8454
G01 X63.3645Y63.8675
G01 X63.4322Y63.9594
G01 X63.4474Y63.9831
G01 X63.5058Y64.0811
G01 X63.5187Y64.1062
G01 X63.5672Y64.2095
G01 X63.5776Y64.2357
G01 X63.6157Y64.3432
G01 X63.6235Y64.3704
G01 X63.6509Y64.4811
G01 X63.6559Y64.5089
G01 X63.6723Y64.6218
G01 X63.6746Y64.6499
G01 X63.6799Y64.7639
G01 X63.6795Y64.7921
G01 X63.6735Y64.9060
G01 X63.6703Y64.9340
G01 X63.6533Y65.0469
G01 X63.6473Y65.0744
G01 X63.6193Y65.1850
G01 X63.6106Y65.2119
G01 X63.5719Y65.3192
G01 X63.5607Y65.3451
G01 X63.5116Y65.4481
G01 X63.4979Y65.4727
G01 X63.4390Y65.5704
G01 X63.4229Y65.5936
G01 X63.3547Y65.6851
G01 X63.3364Y65.7066
G01 X63.2596Y65.7909
G01 X63.2393Y65.8105
G01 X63.1546Y65.8869
G01 X63.1325Y65.9045
G01 X63.0406Y65.9722
G01 X63.0169Y65.9874
G01 X62.9189Y66.0458
G01 X62.8938Y66.0587
G01 X62.7905Y66.1072
G01 X62.7643Y66.1176
G01 X62.6568Y66.1557
G01 X62.6296Y66.1635
G01 X62.5189Y66.1909
G01 X62.4911Y66.1959
G01 X62.3782Y66.2123
G01 X62.3501Y66.2146
G01 X62.2361Y66.2199
G01 X62.2079Y66.2195
G01 X62.0940Y66.2135
G01 X62.0660Y66.2103
G01 X61.9532Y66.1933
G01 X61.9256Y66.1873
G01 X61.8150Y66.1593
G01 X61.7881Y66.1506
G01 X61.6808Y66.1119
G01 X61.6549Y66.1007
G01 X61.5519Y66.0516
G01 X61.5273Y66.0379
G01 X61.4296Y65.9790
G01 X61.4064Y65.9629
G01 X61.3149Y65.8947
G01 X61.2934Y65.8764
G01 X61.2091Y65.7996
G01 X61.1895Y65.7793
G01 X61.1131Y65.6946
G01 X61.0955Y65.6725
G01 X61.0278Y65.5806
G01 X61.0126Y65.5569
G01 X60.9542Y65.4589
G01 X60.9413Y65.4338
G01 X60.8928Y65.3305
G01 X60.8824Y65.3043
G01 X60.8443Y65.1968
G01 X60.8365Y65.1696
G01 X60.8091Y65.0589
G01 X60.8041Y65.0311
G01 X60.7877Y64.9182
G01 X60.7854Y64.8901
G01 X60.7801Y64.7811
G00 Z20.0000
G00 X61.0076Y65.5486
G01 Z20.0000
G01 X59.3464Y68.3200
G01 X59.8122Y68.3200
G01 X61.2827Y65.8667
G00 Z20.0000
G00 X61.6185Y66.0835
G01 Z20.0000
G01 X60.2780Y68.3200
G01 X60.7438Y68.3200
G01 X62.0130Y66.2025
G00 Z20.0000
G00 X62.4819Y66.1973
G01 Z20.0000
G01 X61.2096Y68.3200
G01 X61.6754Y68.3200
G01 X63.1157Y65.9168
G00 Z20.0000
G00 X63.6590Y65.0105
G01 Z20.0000
G01 X64.1588Y64.1766
G01 X65.7800Y60.7489
G01 X65.7800Y59.8145
G01 X63.8061Y63.9880
G01 X63.6075Y64.3193
G00 Z20.0000
G00 X63.3910Y63.9034
G01 Z20.0000
G01 X63.4533Y63.7994
G01 X65.7800Y58.8800
G01 X65.7800Y57.8982
G01 X65.7103Y58.0929
G01 X63.1001Y63.6116
G00 Z20.0000
G00 X62.7501Y63.4174
G01 Z20.0000
G01 X65.3408Y57.9398
G01 X65.7800Y56.7123
G01 X65.7800Y55.5264
G01 X64.9712Y57.7868
G01 X62.3950Y63.2338
G01 X62.3404Y63.3249
G00 Z20.0000
G00 X61.8460Y63.3726
G01 Z20.0000
G01 X62.0422Y63.0452
G01 X64.6017Y57.6337
G01 X65.7800Y54.3405
G00 Z20.0000
G00 X65.7800Y61.6833
G01 Z20.0000
G01 X64.5116Y64.3651
G01 X62.1411Y68.3200
G01 X62.6069Y68.3200
G01 X64.8644Y64.5537
G01 X65.7800Y62.6177
G01 X65.7800Y63.5522
G01 X65.2171Y64.7422
G01 X63.0727Y68.3200
G01 X63.5385Y68.3200
G01 X65.5699Y64.9308
G01 X65.7800Y64.4866
G01 X65.7800Y65.3574
G01 X64.0043Y68.3200
G01 X64.4701Y68.3200
G01 X65.7800Y66.1345
G01 X65.7800Y66.9116
G01 X64.9359Y68.3200
G01 X65.4016Y68.3200
G01 X65.7800Y67.6887
G00 Z20.0000
G00 X55.8593Y57.4295
G01 Z20.0000
G01 X54.9869Y59.2740
G01 X52.3129Y63.7352
G01 X49.2146Y67.9128
G01 X48.8456Y68.3200
G01 X48.3064Y68.3200
G01 X48.9054Y67.6591
G01 X51.9803Y63.5130
G01 X54.6341Y59.0855
G01 X55.4465Y57.3679
G00 Z20.0000
G00 X55.0808Y57.2065
G01 Z20.0000
G01 X54.2813Y58.8969
G01 X51.6477Y63.2908
G01 X48.5962Y67.4053
G01 X47.7672Y68.3200
G01 X47.2280Y68.3200
G01 X48.2870Y67.1516
G01 X51.3152Y63.0685
G01 X53.9286Y58.7084
G01 X54.7600Y56.9504
G00 Z20.0000
G00 X54.4956Y56.5751
G01 Z20.0000
G01 X53.5758Y58.5198
G01 X50.9826Y62.8463
G01 X47.9778Y66.8978
G01 X46.6888Y68.3200
G01 X46.1496Y68.3200
G01 X47.6686Y66.6441
G01 X50.6500Y62.6241
G01 X53.2230Y58.3312
G01 X54.3344Y55.9813
G00 Z20.0000
G00 X54.3301Y55.8911
G01 Z20.0000
G01 X54.3305Y55.8579
G01 X54.3369Y55.7342
G01 X54.3402Y55.7062
G01 X54.3587Y55.5836
G01 X54.3646Y55.5561
G01 X54.3950Y55.4360
G01 X54.4037Y55.4091
G01 X54.4457Y55.2925
G01 X54.4569Y55.2666
G01 X54.5102Y55.1548
G01 X54.5239Y55.1301
G01 X54.5879Y55.0240
G01 X54.6039Y55.0008
G01 X54.6780Y54.9015
G01 X54.6963Y54.8800
G01 X54.7797Y54.7884
G01 X54.8000Y54.7688
G01 X54.8920Y54.6858
G01 X54.9141Y54.6682
G01 X55.0138Y54.5947
G01 X55.0375Y54.5794
G01 X55.1440Y54.5160
G01 X55.1691Y54.5031
G01 X55.2812Y54.4504
G01 X55.3074Y54.4400
G01 X55.4242Y54.3986
G01 X55.4513Y54.3909
G01 X55.5716Y54.3611
G01 X55.5994Y54.3560
G01 X55.7220Y54.3381
G01 X55.7501Y54.3358
G01 X55.8739Y54.3301
G01 X55.9021Y54.3305
G01 X56.0258Y54.3369
G01 X56.0538Y54.3402
G01 X56.1764Y54.3587
G01 X56.2039Y54.3646
G01 X56.3240Y54.3950
G01 X56.3509Y54.4037
G01 X56.4675Y54.4457
G01 X56.4934Y54.4569
G01 X56.6052Y54.5102
G01 X56.6299Y54.5239
G01 X56.7360Y54.5879
G01 X56.7592Y54.6039
G01 X56.8585Y54.6780
G01 X56.8800Y54.6963
G01 X56.9716Y54.7797
G01 X56.9912Y54.8000
G01 X57.0742Y54.8920
G01 X57.0918Y54.9141
G01 X57.1653Y55.0138
G01 X57.1806Y55.0375
G01 X57.2440Y55.1440
G01 X57.2569Y55.1691
G01 X57.3096Y55.2812
G01 X57.3200Y55.3074
G01 X57.3614Y55.4242
G01 X57.3691Y55.4513
G01 X57.3989Y55.5716
G01 X57.4040Y55.5994
G01 X57.4219Y55.7220
G01 X57.4242Y55.7501
G01 X57.4299Y55.8739
G01 X57.4295Y55.9021
G01 X57.4231Y56.0258
G01 X57.4198Y56.0538
G01 X57.4013Y56.1764
G01 X57.3954Y56.2039
G01 X57.3650Y56.3240
G01 X57.3563Y56.3509
G01 X57.3143Y56.4675
G01 X57.3031Y56.4934
G01 X57.2498Y56.6052
G01 X57.2361Y56.6299
G01 X57.1721Y56.7360
G01 X57.1561Y56.7592
G01 X57.0820Y56.8585
G01 X57.0637Y56.8800
G01 X56.9803Y56.9716
G01 X56.9600Y56.9912
G01 X56.8680Y57.0742
G01 X56.8459Y57.0918
G01 X56.7462Y57.1653
G01 X56.7225Y57.1806
G01 X56.6160Y57.2440
G01 X56.5909Y57.2569
G01 X56.4788Y57.3096
G01 X56.4526Y57.3200
G01 X56.3358Y57.3614
G01 X56.3087Y57.3691
G01 X56.1884Y57.3989
G01 X56.1606Y57.4040
G01 X56.0380Y57.4219
G01 X56.0099Y57.4242
G01 X55.8861Y57.4299
G01 X55.8579Y57.4295
G01 X55.7342Y57.4231
G01 X55.7062Y57.4198
G01 X55.5836Y57.4013
G01 X55.5561Y57.3954
G01 X55.4360Y57.3650
G01 X55.4091Y57.3563
G01 X55.2925Y57.3143
G01 X55.2666Y57.3031
G01 X55.1548Y57.2498
G01 X55.1301Y57.2361
G01 X55.0240Y57.1721
G01 X55.0008Y57.1561
G01 X54.9015Y57.0820
G01 X54.8800Y57.0637
G01 X54.7884Y56.9803
G01 X54.7688Y56.9600
G01 X54.6858Y56.8680
G01 X54.6682Y56.8459
G01 X54.5947Y56.7462
G01 X54.5794Y56.7225
G01 X54.5160Y56.6160
G01 X54.5031Y56.5909
G01 X54.4504Y56.4788
G01 X54.4400Y56.4526
G01 X54.3986Y56.3358
G01 X54.3909Y56.3087
G01 X54.3611Y56.1884
G01 X54.3560Y56.1606
G01 X54.3381Y56.0380
G01 X54.3358Y56.0099
G01 X54.3301Y55.8911
G00 Z20.0000
G00 X54.9778Y54.6210
G01 Z20.0000
G01 X55.3629Y53.8069
G01 X57.0490Y49.0945
G01 X57.4392Y47.5368
G00 Z20.0000
G00 X57.5258Y47.1909
G01 Z20.0000
G01 X58.2651Y44.2396
G01 X58.9995Y39.2889
G01 X59.1120Y36.9979
G00 Z20.0000
G00 X59.5071Y37.0985
G01 Z20.0000
G01 X59.3975Y39.3281
G01 X58.6574Y44.3176
G01 X57.4318Y49.2106
G01 X55.7324Y53.9599
G01 X55.5390Y54.3689
G00 Z20.0000
G00 X55.9969Y54.3352
G01 Z20.0000
G01 X56.1020Y54.1130
G01 X57.8145Y49.3267
G01 X58.2539Y47.5728
G00 Z20.0000
G00 X58.5493Y48.0376
G01 Z20.0000
G01 X58.1973Y49.4429
G01 X56.4715Y54.2661
G01 X56.3984Y54.4207
G00 Z20.0000
G00 X56.7551Y54.6010
G01 Z20.0000
G01 X56.8411Y54.4191
G01 X58.5801Y49.5590
G01 X58.8912Y48.3168
G00 Z20.0000
G00 X59.2624Y48.4794
G01 Z20.0000
G01 X58.9629Y49.6751
G01 X57.2106Y54.5722
G01 X57.0646Y54.8810
G00 Z20.0000
G00 X57.3132Y55.2899
G01 Z20.0000
G01 X57.5802Y54.7253
G01 X59.3456Y49.7912
G01 X59.6593Y48.5390
G00 Z20.0000
G00 X60.0709Y48.5400
G01 Z20.0000
G01 X59.7284Y49.9073
G01 X57.9497Y54.8784
G01 X57.4253Y55.9873
G00 Z20.0000
G00 X56.3768Y48.4896
G01 Z20.0000
G01 X56.2834Y48.8623
G01 X54.6238Y53.5007
G01 X52.5175Y57.9541
G01 X49.9848Y62.1796
G01 X47.0502Y66.1365
G01 X45.0712Y68.3200
G01 X44.5320Y68.3200
G01 X46.7410Y65.8828
G01 X49.6522Y61.9574
G01 X52.1647Y57.7656
G01 X54.2542Y53.3476
G01 X55.9007Y48.7462
G01 X55.9523Y48.5400
G01 X55.5404Y48.5400
G01 X55.5179Y48.6301
G01 X53.8847Y53.1946
G01 X51.8119Y57.5770
G01 X49.8086Y60.9195
G00 Z20.0000
G00 X49.6844Y60.3495
G01 Z20.0000
G01 X51.4592Y57.3884
G01 X53.5151Y53.0415
G01 X55.1258Y48.5400
G00 Z20.0000
G00 X54.7016Y48.5396
G01 Z20.0000
G01 X53.1456Y52.8884
G01 X51.1064Y57.1999
G01 X49.4487Y59.9656
G00 Z20.0000
G00 X49.1479Y59.6904
G01 Z20.0000
G01 X50.7536Y57.0113
G01 X52.7760Y52.7353
G01 X54.2983Y48.4809
G00 Z20.0000
G00 X53.9307Y48.3224
G01 Z20.0000
G01 X52.4065Y52.5823
G01 X50.4009Y56.8228
G01 X48.7927Y59.5058
G00 Z20.0000
G00 X48.3811Y59.4154
G01 Z20.0000
G01 X50.0481Y56.6342
G01 X52.0369Y52.4292
G01 X53.6001Y48.0605
G00 Z20.0000
G00 X53.3015Y47.6130
G01 Z20.0000
G01 X53.2212Y47.9334
G01 X51.6674Y52.2761
G01 X49.7245Y56.3840
G00 Z20.0000
G00 X49.4178Y56.9086
G01 Z20.0000
G01 X47.8911Y59.4559
G00 Z20.0000
G00 X47.2015Y59.8293
G01 Z20.0000
G01 X48.6738Y57.3729
G00 Z20.0000
G00 X48.1759Y57.4264
G01 Z20.0000
G01 X46.6589Y59.9573
G01 X43.9581Y63.5990
G01 X40.9134Y66.9583
G01 X39.4110Y68.3200
G01 X40.0059Y68.3200
G01 X41.1962Y67.2412
G01 X44.2673Y63.8527
G01 X46.8039Y60.4325
G00 Z20.0000
G00 X46.7101Y60.9711
G01 Z20.0000
G01 X46.7105Y60.9379
G01 X46.7169Y60.8142
G01 X46.7202Y60.7862
G01 X46.7387Y60.6636
G01 X46.7446Y60.6361
G01 X46.7750Y60.5160
G01 X46.7837Y60.4891
G01 X46.8257Y60.3725
G01 X46.8369Y60.3466
G01 X46.8902Y60.2348
G01 X46.9039Y60.2101
G01 X46.9679Y60.1040
G01 X46.9839Y60.0808
G01 X47.0580Y59.9815
G01 X47.0763Y59.9600
G01 X47.1597Y59.8684
G01 X47.1800Y59.8488
G01 X47.2720Y59.7658
G01 X47.2941Y59.7482
G01 X47.3938Y59.6747
G01 X47.4175Y59.6594
G01 X47.5240Y59.5960
G01 X47.5491Y59.5831
G01 X47.6612Y59.5304
G01 X47.6874Y59.5200
G01 X47.8042Y59.4786
G01 X47.8313Y59.4709
G01 X47.9516Y59.4411
G01 X47.9794Y59.4360
G01 X48.1020Y59.4181
G01 X48.1301Y59.4158
G01 X48.2539Y59.4101
G01 X48.2821Y59.4105
G01 X48.4058Y59.4169
G01 X48.4338Y59.4202
G01 X48.5564Y59.4387
G01 X48.5839Y59.4446
G01 X48.7040Y59.4750
G01 X48.7309Y59.4837
G01 X48.8475Y59.5257
G01 X48.8734Y59.5369
G01 X48.9852Y59.5902
G01 X49.0099Y59.6039
G01 X49.1160Y59.6679
G01 X49.1392Y59.6839
G01 X49.2385Y59.7580
G01 X49.2600Y59.7763
G01 X49.3516Y59.8597
G01 X49.3712Y59.8800
G01 X49.4542Y59.9720
G01 X49.4718Y59.9941
G01 X49.5453Y60.0938
G01 X49.5606Y60.1175
G01 X49.6240Y60.2240
G01 X49.6369Y60.2491
G01 X49.6896Y60.3612
G01 X49.7000Y60.3874
G01 X49.7414Y60.5042
G01 X49.7491Y60.5313
G01 X49.7789Y60.6516
G01 X49.7840Y60.6794
G01 X49.8019Y60.8020
G01 X49.8042Y60.8301
G01 X49.8099Y60.9539
G01 X49.8095Y60.9821
G01 X49.8031Y61.1058
G01 X49.7998Y61.1338
G01 X49.7813Y61.2564
G01 X49.7754Y61.2839
G01 X49.7450Y61.4040
G01 X49.7363Y61.4309
G01 X49.6943Y61.5475
G01 X49.6831Y61.5734
G01 X49.6298Y61.6852
G01 X49.6161Y61.7099
G01 X49.5521Y61.8160
G01 X49.5361Y61.8392
G01 X49.4620Y61.9385
G01 X49.4437Y61.9600
G01 X49.3603Y62.0516
G01 X49.3400Y62.0712
G01 X49.2480Y62.1542
G01 X49.2259Y62.1718
G01 X49.1262Y62.2453
G01 X49.1025Y62.2606
G01 X48.9960Y62.3240
G01 X48.9709Y62.3369
G01 X48.8588Y62.3896
G01 X48.8326Y62.4000
G01 X48.7158Y62.4414
G01 X48.6887Y62.4491
G01 X48.5684Y62.4789
G01 X48.5406Y62.4840
G01 X48.4180Y62.5019
G01 X48.3899Y62.5042
G01 X48.2661Y62.5099
G01 X48.2379Y62.5095
G01 X48.1142Y62.5031
G01 X48.0862Y62.4998
G01 X47.9636Y62.4813
G01 X47.9361Y62.4754
G01 X47.8160Y62.4450
G01 X47.7891Y62.4363
G01 X47.6725Y62.3943
G01 X47.6466Y62.3831
G01 X47.5348Y62.3298
G01 X47.5101Y62.3161
G01 X47.4040Y62.2521
G01 X47.3808Y62.2361
G01 X47.2815Y62.1620
G01 X47.2600Y62.1437
G01 X47.1684Y62.0603
G01 X47.1488Y62.0400
G01 X47.0658Y61.9480
G01 X47.0482Y61.9259
G01 X46.9747Y61.8262
G01 X46.9594Y61.8025
G01 X46.8960Y61.6960
G01 X46.8831Y61.6709
G01 X46.8304Y61.5588
G01 X46.8200Y61.5326
G01 X46.7786Y61.4158
G01 X46.7709Y61.3887
G01 X46.7411Y61.2684
G01 X46.7360Y61.2406
G01 X46.7181Y61.1180
G01 X46.7158Y61.0899
G01 X46.7101Y60.9711
G00 Z20.0000
G00 X46.7303Y61.2024
G01 Z20.0000
G01 X44.5765Y64.1065
G01 X41.4790Y67.5240
G01 X40.6008Y68.3200
G01 X41.1957Y68.3200
G01 X41.7619Y67.8069
G01 X44.8857Y64.3602
G01 X46.8820Y61.6686
G00 Z20.0000
G00 X47.1241Y62.0128
G01 Z20.0000
G01 X45.1949Y64.6140
G01 X42.0447Y68.0897
G01 X41.7906Y68.3200
G01 X42.3752Y68.3200
G01 X45.5041Y64.8678
G01 X47.4315Y62.2690
G00 Z20.0000
G00 X47.8017Y62.4406
G01 Z20.0000
G01 X45.8133Y65.1215
G01 X42.9144Y68.3200
G01 X43.4536Y68.3200
G01 X46.1225Y65.3753
G01 X48.2477Y62.5098
G00 Z20.0000
G00 X48.8244Y62.4029
G01 Z20.0000
G01 X46.4317Y65.6290
G01 X43.9928Y68.3200
G01 X45.6104Y68.3200
G01 X47.3594Y66.3903
G01 X50.3174Y62.4019
G01 X52.8702Y58.1427
G01 X54.9933Y53.6538
G01 X56.6662Y48.9784
G01 X56.8396Y48.2862
G00 Z20.0000
G00 X57.3503Y46.2474
G01 Z20.0000
G01 X57.8728Y44.1616
G01 X58.6014Y39.2497
G01 X58.7231Y36.7710
G01 X58.3335Y36.5603
G01 X58.2033Y39.2105
G01 X57.4805Y44.0835
G01 X57.0380Y45.8498
G00 Z20.0000
G00 X56.6871Y45.6065
G01 Z20.0000
G01 X57.0881Y44.0055
G01 X57.8052Y39.1713
G01 X57.9165Y36.9061
G00 Z20.0000
G00 X57.5086Y37.0667
G01 Z20.0000
G01 X57.4072Y39.1320
G01 X56.6958Y43.9275
G01 X56.3086Y45.4734
G00 Z20.0000
G00 X55.9051Y45.4400
G01 Z20.0000
G01 X56.3035Y43.8494
G01 X57.0091Y39.0928
G01 X57.1066Y37.1084
G00 Z20.0000
G00 X56.7096Y37.0460
G01 Z20.0000
G01 X56.6110Y39.0536
G01 X55.9112Y43.7714
G01 X55.4932Y45.4400
G01 X55.0814Y45.4400
G01 X55.5189Y43.6934
G01 X56.2129Y39.0144
G01 X56.3184Y36.8671
G00 Z20.0000
G00 X55.9354Y36.5220
G01 Z20.0000
G01 X55.8149Y38.9752
G01 X55.1266Y43.6153
G01 X54.6690Y45.4420
G00 Z20.0000
G00 X54.2382Y45.5176
G01 Z20.0000
G01 X54.7343Y43.5373
G01 X55.4168Y38.9360
G01 X55.5211Y36.8124
G00 Z20.0000
G00 X55.1106Y37.0257
G01 Z20.0000
G01 X55.0187Y38.8968
G01 X54.3419Y43.4592
G01 X53.7626Y45.7719
G01 X52.8685Y46.0529
G01 X53.5573Y43.3032
G01 X54.2226Y38.8184
G01 X54.3080Y37.0802
G00 Z20.0000
G00 X54.7067Y37.1058
G01 Z20.0000
G01 X54.6206Y38.8576
G01 X53.9496Y43.3812
G01 X53.1569Y46.5461
G00 Z20.0000
G00 X52.5260Y45.7763
G01 Z20.0000
G01 X53.1650Y43.2251
G01 X53.8245Y38.7792
G01 X53.9146Y36.9443
G00 Z20.0000
G00 X53.5281Y36.6695
G01 Z20.0000
G01 X53.4264Y38.7400
G01 X52.7727Y43.1471
G01 X52.1512Y45.6284
G00 Z20.0000
G00 X51.7480Y45.5935
G01 Z20.0000
G01 X52.3804Y43.0691
G01 X53.0283Y38.7008
G01 X53.1270Y36.6921
G00 Z20.0000
G00 X52.7134Y36.9688
G01 Z20.0000
G01 X52.6303Y38.6616
G01 X51.9881Y42.9910
G01 X51.3121Y45.6896
G00 Z20.0000
G00 X50.8160Y46.0257
G01 Z20.0000
G01 X51.5957Y42.9130
G01 X52.2322Y38.6224
G01 X52.3075Y37.0904
G00 Z20.0000
G00 X51.9069Y37.1012
G01 Z20.0000
G01 X51.8341Y38.5832
G01 X51.2034Y42.8350
G01 X50.4310Y45.9188
G00 Z20.0000
G00 X50.0739Y45.7001
G01 Z20.0000
G01 X50.8111Y42.7569
G01 X51.4360Y38.5439
G01 X51.5116Y37.0050
G00 Z20.0000
G00 X51.1224Y36.7854
G01 Z20.0000
G01 X51.0380Y38.5047
G01 X50.4188Y42.6789
G01 X49.6873Y45.5992
G00 Z20.0000
G00 X49.2717Y45.6143
G01 Z20.0000
G01 X50.0265Y42.6008
G01 X50.6399Y38.4655
G01 X50.7347Y36.5350
G00 Z20.0000
G00 X50.3171Y36.8938
G01 Z20.0000
G01 X50.2418Y38.4263
G01 X49.6342Y42.5228
G01 X48.8166Y45.7867
G00 Z20.0000
G00 X48.1301Y47.0011
G01 Z20.0000
G01 X48.1304Y46.9710
G01 X48.1362Y46.8589
G01 X48.1394Y46.8309
G01 X48.1531Y46.7386
G01 X48.1617Y46.6953
G01 X48.1860Y46.5990
G01 X48.1972Y46.5626
G01 X48.2286Y46.4749
G01 X48.2390Y46.4486
G01 X48.2854Y46.3498
G01 X48.2983Y46.3247
G01 X48.3626Y46.2173
G01 X48.3787Y46.1941
G01 X48.4440Y46.1066
G01 X48.4622Y46.0851
G01 X48.5358Y46.0044
G01 X48.5560Y45.9848
G01 X48.6251Y45.9222
G01 X48.6593Y45.8942
G01 X48.7391Y45.8351
G01 X48.7709Y45.8141
G01 X48.8508Y45.7662
G01 X48.8755Y45.7525
G01 X48.9741Y45.7055
G01 X48.9999Y45.6943
G01 X49.1178Y45.6521
G01 X49.1449Y45.6444
G01 X49.2413Y45.6203
G01 X49.2726Y45.6141
G01 X49.3709Y45.5994
G01 X49.4148Y45.5951
G01 X49.5079Y45.5905
G01 X49.5361Y45.5901
G01 X49.6611Y45.5962
G01 X49.6891Y45.5994
G01 X49.7814Y45.6131
G01 X49.8247Y45.6217
G01 X49.9151Y45.6444
G01 X49.9422Y45.6521
G01 X50.0601Y45.6943
G01 X50.0860Y45.7055
G01 X50.1702Y45.7454
G01 X50.2092Y45.7662
G01 X50.2891Y45.8141
G01 X50.3129Y45.8294
G01 X50.4134Y45.9040
G01 X50.4349Y45.9222
G01 X50.5040Y45.9848
G01 X50.5352Y46.0160
G01 X50.6083Y46.0972
G01 X50.6258Y46.1193
G01 X50.6800Y46.1923
G01 X50.7342Y46.1193
G01 X50.7517Y46.0972
G01 X50.8248Y46.0160
G01 X50.8444Y45.9958
G01 X50.9372Y45.9117
G01 X50.9593Y45.8942
G01 X51.0341Y45.8387
G01 X51.0709Y45.8141
G01 X51.1561Y45.7631
G01 X51.1843Y45.7481
G01 X51.2886Y45.6990
G01 X51.3149Y45.6886
G01 X51.4026Y45.6572
G01 X51.4390Y45.6460
G01 X51.5353Y45.6217
G01 X51.5786Y45.6131
G01 X51.6709Y45.5994
G01 X51.6989Y45.5962
G01 X51.8239Y45.5901
G01 X51.8521Y45.5905
G01 X51.9452Y45.5951
G01 X51.9891Y45.5994
G01 X52.0814Y45.6131
G01 X52.1091Y45.6182
G01 X52.2210Y45.6460
G01 X52.2516Y45.6552
G01 X52.3452Y45.6886
G01 X52.3804Y45.7030
G01 X52.4845Y45.7525
G01 X52.5092Y45.7662
G01 X52.5891Y45.8141
G01 X52.6259Y45.8387
G01 X52.7134Y45.9040
G01 X52.7349Y45.9222
G01 X52.8040Y45.9848
G01 X52.8310Y46.0116
G01 X52.9083Y46.0972
G01 X52.9258Y46.1193
G01 X52.9813Y46.1941
G01 X53.0059Y46.2309
G01 X53.0617Y46.3247
G01 X53.0746Y46.3498
G01 X53.1145Y46.4341
G01 X53.1314Y46.4749
G01 X53.1628Y46.5626
G01 X53.1714Y46.5895
G01 X53.1983Y46.6956
G01 X53.2046Y46.6661
G01 X53.2350Y46.5460
G01 X53.2437Y46.5191
G01 X53.2800Y46.4174
G01 X53.2969Y46.3766
G01 X53.3458Y46.2735
G01 X53.3639Y46.2401
G01 X53.4194Y46.1475
G01 X53.4347Y46.1238
G01 X53.5082Y46.0241
G01 X53.5258Y46.0020
G01 X53.6088Y45.9100
G01 X53.6284Y45.8897
G01 X53.7320Y45.7958
G01 X53.7541Y45.7782
G01 X53.8538Y45.7047
G01 X53.8775Y45.6894
G01 X53.9701Y45.6339
G01 X54.0036Y45.6158
G01 X54.1066Y45.5669
G01 X54.1474Y45.5500
G01 X54.2491Y45.5137
G01 X54.2760Y45.5050
G01 X54.3961Y45.4746
G01 X54.4236Y45.4687
G01 X54.5462Y45.4502
G01 X54.5742Y45.4469
G01 X54.6979Y45.4405
G01 X54.7200Y45.4400
G01 X55.9900Y45.4400
G01 X56.0121Y45.4405
G01 X56.1358Y45.4469
G01 X56.1638Y45.4502
G01 X56.2864Y45.4687
G01 X56.3139Y45.4746
G01 X56.4340Y45.5050
G01 X56.4609Y45.5137
G01 X56.5626Y45.5500
G01 X56.5888Y45.5604
G01 X56.7009Y45.6131
G01 X56.7260Y45.6260
G01 X56.8325Y45.6894
G01 X56.8692Y45.7139
G01 X56.9559Y45.7782
G01 X56.9780Y45.7958
G01 X57.0700Y45.8788
G01 X57.1012Y45.9100
G01 X57.1842Y46.0020
G01 X57.2018Y46.0241
G01 X57.2661Y46.1108
G01 X57.2906Y46.1475
G01 X57.3461Y46.2401
G01 X57.3598Y46.2648
G01 X57.4131Y46.3766
G01 X57.4300Y46.4174
G01 X57.4663Y46.5191
G01 X57.4750Y46.5460
G01 X57.5054Y46.6661
G01 X57.5140Y46.7094
G01 X57.5298Y46.8162
G01 X57.5331Y46.8442
G01 X57.5399Y46.9839
G01 X57.5395Y47.0121
G01 X57.5331Y47.1358
G01 X57.5298Y47.1638
G01 X57.5113Y47.2864
G01 X57.5054Y47.3139
G01 X57.4750Y47.4340
G01 X57.4663Y47.4609
G01 X57.4243Y47.5775
G01 X57.4131Y47.6034
G01 X57.3598Y47.7152
G01 X57.3461Y47.7399
G01 X57.2821Y47.8460
G01 X57.2661Y47.8692
G01 X57.1920Y47.9685
G01 X57.1737Y47.9900
G01 X57.0903Y48.0816
G01 X57.0700Y48.1012
G01 X56.9780Y48.1842
G01 X56.9559Y48.2018
G01 X56.8562Y48.2753
G01 X56.8325Y48.2906
G01 X56.7260Y48.3540
G01 X56.7009Y48.3669
G01 X56.5888Y48.4196
G01 X56.5626Y48.4300
G01 X56.4458Y48.4714
G01 X56.4187Y48.4791
G01 X56.2984Y48.5089
G01 X56.2706Y48.5140
G01 X56.1480Y48.5319
G01 X56.1199Y48.5342
G01 X55.9900Y48.5400
G01 X54.7200Y48.5400
G01 X54.5840Y48.5338
G01 X54.5462Y48.5298
G01 X54.4236Y48.5113
G01 X54.3961Y48.5054
G01 X54.2913Y48.4791
G01 X54.2491Y48.4663
G01 X54.1474Y48.4300
G01 X54.1122Y48.4156
G01 X54.0036Y48.3642
G01 X53.9701Y48.3461
G01 X53.8640Y48.2821
G01 X53.8408Y48.2661
G01 X53.7541Y48.2018
G01 X53.7200Y48.1737
G01 X53.6284Y48.0903
G01 X53.6088Y48.0700
G01 X53.5363Y47.9900
G01 X53.5180Y47.9685
G01 X53.4439Y47.8692
G01 X53.4194Y47.8325
G01 X53.3639Y47.7399
G01 X53.3502Y47.7152
G01 X53.2969Y47.6034
G01 X53.2800Y47.5626
G01 X53.2386Y47.4458
G01 X53.2309Y47.4187
G01 X53.2046Y47.3139
G01 X53.1983Y47.2844
G01 X53.1714Y47.3905
G01 X53.1628Y47.4174
G01 X53.1314Y47.5051
G01 X53.1145Y47.5459
G01 X53.0746Y47.6302
G01 X53.0617Y47.6553
G01 X53.0059Y47.7491
G01 X52.9813Y47.7859
G01 X52.9258Y47.8607
G01 X52.9083Y47.8828
G01 X52.8310Y47.9684
G01 X52.8040Y47.9952
G01 X52.7349Y48.0578
G01 X52.7134Y48.0760
G01 X52.6259Y48.1413
G01 X52.5891Y48.1659
G01 X52.5092Y48.2138
G01 X52.4845Y48.2275
G01 X52.3804Y48.2770
G01 X52.3509Y48.2892
G01 X52.2574Y48.3228
G01 X52.2210Y48.3340
G01 X52.1091Y48.3618
G01 X52.0814Y48.3669
G01 X51.9891Y48.3806
G01 X51.9452Y48.3849
G01 X51.8521Y48.3895
G01 X51.8239Y48.3899
G01 X51.6989Y48.3838
G01 X51.6709Y48.3806
G01 X51.5786Y48.3669
G01 X51.5353Y48.3583
G01 X51.4390Y48.3340
G01 X51.4026Y48.3228
G01 X51.3149Y48.2914
G01 X51.2886Y48.2810
G01 X51.1843Y48.2319
G01 X51.1561Y48.2169
G01 X51.0709Y48.1659
G01 X51.0341Y48.1413
G01 X50.9593Y48.0858
G01 X50.9372Y48.0683
G01 X50.8444Y47.9842
G01 X50.8248Y47.9640
G01 X50.7517Y47.8828
G01 X50.7342Y47.8607
G01 X50.6800Y47.7877
G01 X50.6258Y47.8607
G01 X50.6083Y47.8828
G01 X50.5352Y47.9640
G01 X50.5040Y47.9952
G01 X50.4349Y48.0578
G01 X50.4134Y48.0760
G01 X50.3129Y48.1506
G01 X50.2891Y48.1659
G01 X50.2092Y48.2138
G01 X50.1702Y48.2346
G01 X50.0860Y48.2745
G01 X50.0601Y48.2857
G01 X49.9422Y48.3279
G01 X49.9151Y48.3356
G01 X49.8247Y48.3583
G01 X49.7814Y48.3669
G01 X49.6891Y48.3806
G01 X49.6611Y48.3838
G01 X49.5521Y48.3895
G01 X49.5079Y48.3895
G01 X49.4148Y48.3849
G01 X49.3867Y48.3826
G01 X49.2629Y48.3642
G01 X49.2353Y48.3583
G01 X49.1295Y48.3314
G01 X49.1026Y48.3228
G01 X49.0149Y48.2914
G01 X48.9741Y48.2745
G01 X48.8843Y48.2319
G01 X48.8508Y48.2138
G01 X48.7709Y48.1659
G01 X48.7471Y48.1506
G01 X48.6593Y48.0858
G01 X48.6372Y48.0683
G01 X48.5560Y47.9952
G01 X48.5358Y47.9756
G01 X48.4517Y47.8828
G01 X48.4342Y47.8607
G01 X48.3694Y47.7729
G01 X48.3541Y47.7491
G01 X48.3062Y47.6692
G01 X48.2881Y47.6357
G01 X48.2455Y47.5459
G01 X48.2286Y47.5051
G01 X48.1972Y47.4174
G01 X48.1886Y47.3905
G01 X48.1617Y47.2847
G01 X48.1558Y47.2571
G01 X48.1374Y47.1333
G01 X48.1351Y47.1052
G01 X48.1301Y47.0011
G00 Z20.0000
G00 X48.2583Y47.5730
G01 Z20.0000
G01 X47.2327Y50.4392
G01 X45.4621Y54.1829
G01 X43.3330Y57.7351
G01 X40.8661Y61.0614
G01 X38.0849Y64.1299
G01 X35.0164Y66.9110
G01 X33.1167Y68.3200
G01 X33.7873Y68.3200
G01 X35.2702Y67.2202
G01 X38.3678Y64.4127
G01 X41.1753Y61.3152
G01 X43.6656Y57.9573
G01 X45.8149Y54.3715
G01 X47.6023Y50.5923
G01 X48.5378Y47.9776
G00 Z20.0000
G00 X48.8732Y48.2263
G01 Z20.0000
G01 X47.9719Y50.7454
G01 X46.1676Y54.5601
G01 X43.9982Y58.1795
G01 X41.4845Y61.5689
G01 X38.6506Y64.6956
G01 X35.5239Y67.5294
G01 X34.4580Y68.3200
G01 X35.1287Y68.3200
G01 X35.7777Y67.8387
G01 X38.9335Y64.9784
G01 X41.7937Y61.8227
G01 X44.3308Y58.4017
G01 X46.5204Y54.7486
G01 X48.3414Y50.8985
G01 X49.2492Y48.3614
G00 Z20.0000
G00 X49.6657Y48.3833
G01 Z20.0000
G01 X48.7110Y51.0515
G01 X46.8732Y54.9372
G01 X44.6634Y58.6240
G01 X42.1029Y62.0764
G01 X39.2163Y65.2613
G01 X36.0315Y68.1479
G01 X35.7994Y68.3200
G01 X36.4364Y68.3200
G01 X39.4992Y65.5441
G01 X42.4121Y62.3302
G01 X44.9960Y58.8462
G01 X46.7143Y55.9793
G00 Z20.0000
G00 X46.7101Y55.8911
G01 Z20.0000
G01 X46.7105Y55.8579
G01 X46.7169Y55.7342
G01 X46.7202Y55.7062
G01 X46.7387Y55.5836
G01 X46.7446Y55.5561
G01 X46.7750Y55.4360
G01 X46.7837Y55.4091
G01 X46.8257Y55.2925
G01 X46.8369Y55.2666
G01 X46.8902Y55.1548
G01 X46.9039Y55.1301
G01 X46.9679Y55.0240
G01 X46.9839Y55.0008
G01 X47.0580Y54.9015
G01 X47.0763Y54.8800
G01 X47.1597Y54.7884
G01 X47.1800Y54.7688
G01 X47.2720Y54.6858
G01 X47.2941Y54.6682
G01 X47.3938Y54.5947
G01 X47.4175Y54.5794
G01 X47.5240Y54.5160
G01 X47.5491Y54.5031
G01 X47.6612Y54.4504
G01 X47.6874Y54.4400
G01 X47.8042Y54.3986
G01 X47.8313Y54.3909
G01 X47.9516Y54.3611
G01 X47.9794Y54.3560
G01 X48.1020Y54.3381
G01 X48.1301Y54.3358
G01 X48.2539Y54.3301
G01 X48.2821Y54.3305
G01 X48.4058Y54.3369
G01 X48.4338Y54.3402
G01 X48.5564Y54.3587
G01 X48.5839Y54.3646
G01 X48.7040Y54.3950
G01 X48.7309Y54.4037
G01 X48.8475Y54.4457
G01 X48.8734Y54.4569
G01 X48.9852Y54.5102
G01 X49.0099Y54.5239
G01 X49.1160Y54.5879
G01 X49.1392Y54.6039
G01 X49.2385Y54.6780
G01 X49.2600Y54.6963
G01 X49.3516Y54.7797
G01 X49.3712Y54.8000
G01 X49.4542Y54.8920
G01 X49.4718Y54.9141
G01 X49.5453Y55.0138
G01 X49.5606Y55.0375
G01 X49.6240Y55.1440
G01 X49.6369Y55.1691
G01 X49.6896Y55.2812
G01 X49.7000Y55.3074
G01 X49.7414Y55.4242
G01 X49.7491Y55.4513
G01 X49.7789Y55.5716
G01 X49.7840Y55.5994
G01 X49.8019Y55.7220
G01 X49.8042Y55.7501
G01 X49.8099Y55.8739
G01 X49.8095Y55.9021
G01 X49.8031Y56.0258
G01 X49.7998Y56.0538
G01 X49.7813Y56.1764
G01 X49.7754Y56.2039
G01 X49.7450Y56.3240
G01 X49.7363Y56.3509
G01 X49.6943Y56.4675
G01 X49.6831Y56.4934
G01 X49.6298Y56.6052
G01 X49.6161Y56.6299
G01 X49.5521Y56.7360
G01 X49.5361Y56.7592
G01 X49.4620Y56.8585
G01 X49.4437Y56.8800
G01 X49.3603Y56.9716
G01 X49.3400Y56.9912
G01 X49.2480Y57.0742
G01 X49.2259Y57.0918
G01 X49.1262Y57.1653
G01 X49.1025Y57.1806
G01 X48.9960Y57.2440
G01 X48.9709Y57.2569
G01 X48.8588Y57.3096
G01 X48.8326Y57.3200
G01 X48.7158Y57.3614
G01 X48.6887Y57.3691
G01 X48.5684Y57.3989
G01 X48.5406Y57.4040
G01 X48.4180Y57.4219
G01 X48.3899Y57.4242
G01 X48.2661Y57.4299
G01 X48.2379Y57.4295
G01 X48.1142Y57.4231
G01 X48.0862Y57.4198
G01 X47.9636Y57.4013
G01 X47.9361Y57.3954
G01 X47.8160Y57.3650
G01 X47.7891Y57.3563
G01 X47.6725Y57.3143
G01 X47.6466Y57.3031
G01 X47.5348Y57.2498
G01 X47.5101Y57.2361
G01 X47.4040Y57.1721
G01 X47.3808Y57.1561
G01 X47.2815Y57.0820
G01 X47.2600Y57.0637
G01 X47.1684Y56.9803
G01 X47.1488Y56.9600
G01 X47.0658Y56.8680
G01 X47.0482Y56.8459
G01 X46.9747Y56.7462
G01 X46.9594Y56.7225
G01 X46.8960Y56.6160
G01 X46.8831Y56.5909
G01 X46.8304Y56.4788
G01 X46.8200Y56.4526
G01 X46.7786Y56.3358
G01 X46.7709Y56.3087
G01 X46.7411Y56.1884
G01 X46.7360Y56.1606
G01 X46.7181Y56.0380
G01 X46.7158Y56.0099
G01 X46.7101Y55.8911
G00 Z20.0000
G00 X46.8524Y56.5261
G01 Z20.0000
G01 X45.3286Y59.0684
G01 X42.7213Y62.5839
G01 X39.7820Y65.8270
G01 X37.0314Y68.3200
G01 X37.6263Y68.3200
G01 X40.0648Y66.1098
G01 X43.0305Y62.8377
G01 X45.6612Y59.2907
G01 X47.0942Y56.8998
G00 Z20.0000
G00 X47.3988Y57.1687
G01 Z20.0000
G01 X45.9938Y59.5129
G01 X43.3397Y63.0915
G01 X40.3477Y66.3926
G01 X38.2212Y68.3200
G01 X38.8161Y68.3200
G01 X40.6305Y66.6755
G01 X43.6489Y63.3452
G01 X46.3263Y59.7351
G01 X47.7587Y57.3454
G00 Z20.0000
G00 X49.7394Y55.4181
G01 Z20.0000
G01 X51.2978Y52.1230
G01 X52.7608Y48.0343
G00 Z20.0000
G00 X52.2301Y48.3315
G01 Z20.0000
G01 X50.9283Y51.9700
G01 X49.5109Y54.9668
G00 Z20.0000
G00 X49.2142Y54.6596
G01 Z20.0000
G01 X50.5587Y51.8169
G01 X51.7855Y48.3884
G00 Z20.0000
G00 X51.3867Y48.3171
G01 Z20.0000
G01 X50.1892Y51.6638
G01 X48.8691Y54.4550
G00 Z20.0000
G00 X48.4783Y54.3468
G01 Z20.0000
G01 X49.8196Y51.5108
G01 X51.0271Y48.1361
G00 Z20.0000
G00 X50.7120Y47.8308
G01 Z20.0000
G01 X49.4501Y51.3577
G01 X48.0359Y54.3476
G00 Z20.0000
G00 X47.5108Y54.5235
G01 Z20.0000
G01 X49.0805Y51.2046
G01 X50.1377Y48.2500
G00 Z20.0000
G00 X58.6982Y45.7991
G01 Z20.0000
G01 X59.0497Y44.3957
G01 X59.7956Y39.3673
G01 X59.9073Y37.0934
G00 Z20.0000
G00 X60.3130Y36.9785
G01 Z20.0000
G01 X60.1937Y39.4065
G01 X59.4420Y44.4737
G01 X59.1778Y45.5284
G00 Z20.0000
G00 X59.6110Y45.4433
G01 Z20.0000
G01 X59.8343Y44.5518
G01 X60.5917Y39.4457
G01 X60.7261Y36.7111
G00 Z20.0000
G00 X61.1584Y36.0530
G01 Z20.0000
G01 X60.9898Y39.4849
G01 X60.2267Y44.6298
G01 X60.0237Y45.4400
G01 X60.4356Y45.4400
G01 X60.6190Y44.7078
G01 X61.3879Y39.5241
G01 X61.5814Y35.5859
G00 Z20.0000
G00 X61.9749Y35.7168
G01 Z20.0000
G01 X61.7860Y39.5633
G01 X61.0113Y44.7859
G01 X60.8474Y45.4400
G01 X60.9600Y45.4400
G01 X60.9741Y45.4402
G01 X61.0960Y45.4462
G01 X61.1338Y45.4502
G01 X61.2467Y45.4670
G01 X61.2839Y45.4746
G01 X61.4041Y45.5050
G01 X61.4309Y45.5137
G01 X61.5326Y45.5500
G01 X61.5588Y45.5604
G01 X61.6709Y45.6131
G01 X61.7099Y45.6339
G01 X61.8025Y45.6894
G01 X61.8262Y45.7047
G01 X61.9259Y45.7782
G01 X61.9600Y45.8063
G01 X62.0516Y45.8897
G01 X62.0712Y45.9100
G01 X62.1437Y45.9900
G01 X62.1620Y46.0115
G01 X62.2361Y46.1108
G01 X62.2606Y46.1475
G01 X62.3161Y46.2401
G01 X62.3298Y46.2648
G01 X62.3831Y46.3766
G01 X62.4000Y46.4174
G01 X62.4414Y46.5342
G01 X62.4491Y46.5613
G01 X62.4789Y46.6816
G01 X62.4840Y46.7094
G01 X62.4998Y46.8162
G01 X62.5031Y46.8442
G01 X62.5095Y46.9679
G01 X62.5095Y47.0121
G01 X62.5038Y47.1260
G01 X62.4998Y47.1638
G01 X62.4813Y47.2864
G01 X62.4754Y47.3139
G01 X62.4491Y47.4187
G01 X62.4363Y47.4609
G01 X62.3943Y47.5775
G01 X62.3831Y47.6034
G01 X62.3369Y47.7009
G01 X62.3161Y47.7399
G01 X62.2606Y47.8325
G01 X62.2453Y47.8562
G01 X62.1680Y47.9608
G01 X62.1437Y47.9900
G01 X62.0712Y48.0700
G01 X62.0400Y48.1012
G01 X61.9600Y48.1737
G01 X61.9385Y48.1920
G01 X61.8392Y48.2661
G01 X61.8025Y48.2906
G01 X61.7099Y48.3461
G01 X61.6852Y48.3598
G01 X61.5588Y48.4196
G01 X61.5326Y48.4300
G01 X61.4309Y48.4663
G01 X61.3887Y48.4791
G01 X61.2684Y48.5089
G01 X61.2406Y48.5140
G01 X61.1180Y48.5319
G01 X61.0899Y48.5342
G01 X60.9680Y48.5399
G01 X59.6869Y48.5400
G01 X59.5601Y48.5342
G01 X59.5222Y48.5307
G01 X59.3936Y48.5113
G01 X59.3661Y48.5054
G01 X59.2613Y48.4791
G01 X59.2191Y48.4663
G01 X59.1174Y48.4300
G01 X59.0912Y48.4196
G01 X58.9791Y48.3669
G01 X58.9401Y48.3461
G01 X58.8475Y48.2906
G01 X58.8238Y48.2753
G01 X58.7115Y48.1920
G01 X58.6900Y48.1737
G01 X58.5984Y48.0903
G01 X58.5788Y48.0700
G01 X58.4958Y47.9780
G01 X58.4782Y47.9559
G01 X58.4047Y47.8562
G01 X58.3894Y47.8325
G01 X58.3260Y47.7260
G01 X58.3131Y47.7009
G01 X58.2604Y47.5888
G01 X58.2500Y47.5626
G01 X58.2086Y47.4458
G01 X58.2009Y47.4187
G01 X58.1711Y47.2984
G01 X58.1660Y47.2706
G01 X58.1481Y47.1480
G01 X58.1458Y47.1199
G01 X58.1401Y46.9949
G01 X58.1405Y46.9679
G01 X58.1469Y46.8442
G01 X58.1502Y46.8162
G01 X58.1687Y46.6936
G01 X58.1746Y46.6661
G01 X58.2050Y46.5460
G01 X58.2137Y46.5191
G01 X58.2557Y46.4025
G01 X58.2669Y46.3766
G01 X58.3202Y46.2648
G01 X58.3339Y46.2401
G01 X58.3979Y46.1340
G01 X58.4139Y46.1108
G01 X58.4880Y46.0115
G01 X58.5063Y45.9900
G01 X58.5897Y45.8984
G01 X58.6100Y45.8788
G01 X58.6900Y45.8063
G01 X58.7192Y45.7820
G01 X58.8108Y45.7139
G01 X58.8475Y45.6894
G01 X58.9401Y45.6339
G01 X58.9648Y45.6202
G01 X59.0766Y45.5669
G01 X59.1025Y45.5557
G01 X59.2342Y45.5086
G01 X59.2613Y45.5009
G01 X59.3720Y45.4732
G01 X59.4094Y45.4660
G01 X59.5320Y45.4481
G01 X59.5601Y45.4458
G01 X59.6820Y45.4401
G01 X60.9600Y45.4400
G00 Z20.0000
G00 X61.2523Y45.4680
G01 Z20.0000
G01 X61.4036Y44.8639
G01 X62.1840Y39.6025
G01 X62.3742Y35.7327
G00 Z20.0000
G00 X62.7791Y35.6319
G01 Z20.0000
G01 X62.5821Y39.6417
G01 X61.7959Y44.9419
G01 X61.6324Y45.5948
G00 Z20.0000
G00 X61.9855Y45.8293
G01 Z20.0000
G01 X62.1882Y45.0200
G01 X62.9802Y39.6809
G01 X63.1918Y35.3736
G00 Z20.0000
G00 X63.6259Y34.6800
G01 Z20.0000
G01 X63.3783Y39.7201
G01 X62.5805Y45.0980
G01 X62.3008Y46.2147
G00 Z20.0000
G00 X49.9089Y37.0616
G01 Z20.0000
G01 X49.8438Y38.3871
G01 X49.2419Y42.4448
G01 X48.2451Y46.4239
G01 X46.8632Y50.2862
G01 X45.1093Y53.9944
G01 X43.0005Y57.5128
G01 X40.5569Y60.8076
G01 X40.1555Y61.2505
G00 Z20.0000
G00 X40.1530Y60.6584
G01 Z20.0000
G01 X40.2477Y60.5539
G01 X42.6679Y57.2906
G01 X44.7566Y53.8058
G01 X46.4936Y50.1331
G01 X47.8624Y46.3078
G01 X48.8495Y42.3667
G01 X49.4457Y38.3479
G01 X49.5065Y37.1094
G00 Z20.0000
G00 X49.1094Y37.0512
G01 Z20.0000
G01 X49.0476Y38.3087
G01 X48.4572Y42.2887
G01 X47.4796Y46.1917
G01 X46.1241Y49.9800
G01 X44.4038Y53.6173
G01 X42.3353Y57.0684
G01 X39.9883Y60.2329
G00 Z20.0000
G00 X39.7318Y59.9081
G01 Z20.0000
G01 X42.0027Y56.8462
G01 X44.0510Y53.4287
G01 X45.7545Y49.8269
G01 X47.0968Y46.0756
G01 X48.0649Y42.2107
G01 X48.6495Y38.2695
G01 X48.7179Y36.8788
G00 Z20.0000
G00 X48.3342Y36.5461
G01 Z20.0000
G01 X48.2515Y38.2303
G01 X47.6726Y42.1326
G01 X46.7140Y45.9594
G01 X45.3850Y49.6739
G01 X43.6983Y53.2401
G01 X41.6701Y56.6239
G01 X39.4070Y59.6753
G00 Z20.0000
G00 X39.0123Y59.5368
G01 Z20.0000
G01 X41.3375Y56.4017
G01 X43.3455Y53.0516
G01 X45.0154Y49.5208
G01 X46.3313Y45.8433
G01 X47.2803Y42.0546
G01 X47.8534Y38.1911
G01 X47.9219Y36.7970
G00 Z20.0000
G00 X47.5110Y37.0184
G01 Z20.0000
G01 X47.4553Y38.1519
G01 X46.8880Y41.9766
G01 X45.9485Y45.7272
G01 X44.6459Y49.3677
G01 X42.9927Y52.8630
G01 X41.0049Y56.1795
G01 X38.7016Y59.2851
G01 X38.4763Y59.5337
G00 Z20.0000
G00 X37.2902Y60.8423
G01 Z20.0000
G01 X36.1050Y62.1500
G01 X35.5737Y62.6316
G00 Z20.0000
G00 X35.3084Y62.3329
G01 Z20.0000
G01 X35.8222Y61.8672
G01 X38.3924Y59.0313
G01 X40.6723Y55.9572
G01 X42.6400Y52.6745
G01 X44.2763Y49.2147
G01 X45.5657Y45.6111
G01 X46.4957Y41.8985
G01 X47.0572Y38.1127
G01 X47.1067Y37.1048
G00 Z20.0000
G00 X46.7078Y37.0837
G01 Z20.0000
G01 X46.6592Y38.0735
G01 X46.1033Y41.8205
G01 X45.1829Y45.4950
G01 X43.9068Y49.0616
G01 X42.2872Y52.4859
G01 X40.3398Y55.7350
G01 X38.0832Y58.7776
G01 X35.8030Y61.2934
G00 Z20.0000
G00 X35.8149Y60.6854
G01 Z20.0000
G01 X37.7740Y58.5238
G01 X40.0072Y55.5128
G01 X41.9344Y52.2974
G01 X43.5372Y48.9085
G01 X44.8002Y45.3789
G01 X45.7110Y41.7425
G01 X46.2611Y38.0343
G01 X46.3142Y36.9535
G00 Z20.0000
G00 X45.9273Y36.6869
G01 Z20.0000
G01 X45.8630Y37.9950
G01 X45.3187Y41.6644
G01 X44.4174Y45.2628
G01 X43.1677Y48.7554
G01 X41.5817Y52.1088
G01 X39.6746Y55.2906
G01 X37.4648Y58.2701
G01 X35.6684Y60.2522
G00 Z20.0000
G00 X35.4339Y59.9160
G01 Z20.0000
G01 X37.1556Y58.0163
G01 X39.3420Y55.0683
G01 X41.2289Y51.9202
G01 X42.7981Y48.6024
G01 X44.0346Y45.1466
G01 X44.9264Y41.5864
G01 X45.4649Y37.9558
G01 X45.5280Y36.6731
G00 Z20.0000
G00 X45.1139Y36.9592
G01 Z20.0000
G01 X45.0669Y37.9166
G01 X44.5341Y41.5083
G01 X43.6518Y45.0305
G01 X42.4286Y48.4493
G01 X40.8761Y51.7317
G01 X39.0094Y54.8461
G01 X36.8464Y57.7626
G01 X35.1291Y59.6574
G00 Z20.0000
G00 X34.7505Y59.4801
G01 Z20.0000
G01 X36.5372Y57.5088
G01 X38.6768Y54.6239
G01 X40.5233Y51.5431
G01 X42.0590Y48.2962
G01 X43.2690Y44.9144
G01 X44.1418Y41.4303
G01 X44.6688Y37.8774
G01 X44.7076Y37.0874
G00 Z20.0000
G00 X44.3068Y37.1033
G01 Z20.0000
G01 X44.2707Y37.8382
G01 X43.7495Y41.3523
G01 X42.8863Y44.7983
G01 X41.6895Y48.1431
G01 X40.1806Y51.3335
G00 Z20.0000
G00 X40.0138Y50.7516
G01 Z20.0000
G01 X41.3199Y47.9901
G01 X42.5035Y44.6822
G01 X43.3571Y41.2742
G01 X43.8726Y37.7990
G01 X43.9113Y37.0121
G00 Z20.0000
G00 X43.5217Y36.7997
G01 Z20.0000
G01 X43.4746Y37.7598
G01 X42.9648Y41.1962
G01 X42.1207Y44.5661
G01 X40.9504Y47.8370
G01 X39.7418Y50.3922
G00 Z20.0000
G00 X39.4129Y50.1533
G01 Z20.0000
G01 X40.5808Y47.6839
G01 X41.7379Y44.4500
G01 X42.5725Y41.1182
G01 X43.0765Y37.7206
G01 X43.1361Y36.5065
G00 Z20.0000
G00 X42.7177Y36.8814
G01 Z20.0000
G01 X42.6784Y37.6814
G01 X42.1802Y41.0401
G01 X41.3552Y44.3339
G01 X40.2113Y47.5308
G01 X39.0355Y50.0168
G00 Z20.0000
G00 X38.6058Y49.9910
G01 Z20.0000
G01 X39.8417Y47.3778
G01 X40.9724Y44.2177
G01 X41.7879Y40.9621
G01 X42.2803Y37.6422
G01 X42.3091Y37.0565
G00 Z20.0000
G00 X41.9065Y37.1099
G01 Z20.0000
G01 X41.8823Y37.6030
G01 X41.3956Y40.8841
G01 X40.5896Y44.1016
G01 X39.4722Y47.2247
G01 X38.0959Y50.1346
G00 Z20.0000
G00 X38.3530Y52.8329
G01 Z20.0000
G01 X37.6791Y53.9572
G01 X35.6096Y56.7475
G01 X33.2766Y59.3216
G01 X30.7026Y61.6546
G01 X28.2199Y63.4958
G00 Z20.0000
G00 X28.1105Y64.0709
G01 Z20.0000
G01 X28.1344Y64.0566
G01 X30.9563Y61.9638
G01 X32.9847Y60.1253
G00 Z20.0000
G00 X32.7432Y60.8834
G01 Z20.0000
G01 X31.2101Y62.2730
G01 X28.3567Y64.3892
G01 X25.3096Y66.2156
G01 X22.0982Y67.7344
G01 X20.4616Y68.3200
G01 X21.6475Y68.3200
G01 X22.2512Y68.1040
G01 X25.4982Y66.5683
G01 X28.5789Y64.7218
G01 X31.4638Y62.5822
G01 X32.7971Y61.3738
G00 Z20.0000
G00 X32.7401Y60.9710
G01 Z20.0000
G01 X32.7404Y60.9410
G01 X32.7458Y60.8301
G01 X32.7502Y60.7862
G01 X32.7660Y60.6794
G01 X32.7711Y60.6516
G01 X32.8009Y60.5313
G01 X32.8086Y60.5042
G01 X32.8557Y60.3725
G01 X32.8669Y60.3466
G01 X32.9131Y60.2491
G01 X32.9308Y60.2154
G01 X32.9894Y60.1175
G01 X33.0139Y60.0808
G01 X33.0782Y59.9941
G01 X33.0958Y59.9720
G01 X33.1788Y59.8800
G01 X33.1984Y59.8597
G01 X33.3020Y59.7658
G01 X33.3241Y59.7482
G01 X33.4108Y59.6839
G01 X33.4475Y59.6594
G01 X33.5454Y59.6008
G01 X33.5791Y59.5831
G01 X33.6766Y59.5369
G01 X33.7025Y59.5257
G01 X33.8191Y59.4837
G01 X33.8460Y59.4750
G01 X33.9816Y59.4411
G01 X34.0094Y59.4360
G01 X34.1162Y59.4202
G01 X34.1540Y59.4162
G01 X34.2679Y59.4105
G01 X34.3121Y59.4105
G01 X34.4199Y59.4158
G01 X34.4480Y59.4181
G01 X34.5706Y59.4360
G01 X34.5984Y59.4411
G01 X34.7340Y59.4750
G01 X34.7609Y59.4837
G01 X34.8626Y59.5200
G01 X34.9034Y59.5369
G01 X35.0065Y59.5858
G01 X35.0399Y59.6039
G01 X35.1325Y59.6594
G01 X35.1562Y59.6747
G01 X35.2685Y59.7580
G01 X35.2900Y59.7763
G01 X35.3816Y59.8597
G01 X35.4012Y59.8800
G01 X35.4737Y59.9600
G01 X35.5018Y59.9941
G01 X35.5661Y60.0808
G01 X35.5874Y60.1123
G01 X35.6461Y60.2101
G01 X35.6598Y60.2348
G01 X35.7131Y60.3466
G01 X35.7243Y60.3725
G01 X35.7663Y60.4891
G01 X35.7750Y60.5159
G01 X35.8054Y60.6361
G01 X35.8113Y60.6636
G01 X35.8298Y60.7862
G01 X35.8331Y60.8142
G01 X35.8395Y60.9379
G01 X35.8399Y60.9661
G01 X35.8342Y61.0899
G01 X35.8319Y61.1180
G01 X35.8113Y61.2564
G01 X35.8054Y61.2839
G01 X35.7750Y61.4041
G01 X35.7663Y61.4309
G01 X35.7243Y61.5475
G01 X35.7131Y61.5734
G01 X35.6598Y61.6852
G01 X35.6461Y61.7099
G01 X35.5821Y61.8160
G01 X35.5661Y61.8392
G01 X35.4920Y61.9385
G01 X35.4737Y61.9600
G01 X35.3903Y62.0516
G01 X35.3700Y62.0712
G01 X35.2780Y62.1542
G01 X35.2559Y62.1718
G01 X35.1774Y62.2300
G01 X35.2559Y62.2882
G01 X35.2780Y62.3058
G01 X35.3700Y62.3888
G01 X35.4012Y62.4200
G01 X35.4737Y62.5000
G01 X35.4920Y62.5215
G01 X35.5661Y62.6208
G01 X35.5906Y62.6575
G01 X35.6461Y62.7501
G01 X35.6598Y62.7748
G01 X35.7131Y62.8866
G01 X35.7300Y62.9274
G01 X35.7663Y63.0291
G01 X35.7750Y63.0559
G01 X35.8054Y63.1761
G01 X35.8140Y63.2194
G01 X35.8319Y63.3420
G01 X35.8342Y63.3701
G01 X35.8395Y63.4779
G01 X35.8395Y63.5221
G01 X35.8331Y63.6458
G01 X35.8298Y63.6738
G01 X35.8140Y63.7806
G01 X35.8089Y63.8084
G01 X35.7791Y63.9287
G01 X35.7663Y63.9709
G01 X35.7278Y64.0783
G01 X35.7131Y64.1134
G01 X35.6669Y64.2109
G01 X35.6540Y64.2360
G01 X35.5906Y64.3425
G01 X35.5661Y64.3792
G01 X35.4920Y64.4785
G01 X35.4737Y64.5000
G01 X35.3903Y64.5916
G01 X35.3700Y64.6112
G01 X35.2900Y64.6837
G01 X35.2685Y64.7020
G01 X35.1692Y64.7761
G01 X35.1377Y64.7974
G01 X35.0399Y64.8561
G01 X35.0152Y64.8698
G01 X34.9034Y64.9231
G01 X34.8775Y64.9343
G01 X34.7609Y64.9763
G01 X34.7340Y64.9850
G01 X34.6139Y65.0154
G01 X34.5864Y65.0213
G01 X34.4638Y65.0398
G01 X34.4358Y65.0431
G01 X34.3121Y65.0495
G01 X34.2839Y65.0499
G01 X34.1601Y65.0442
G01 X34.1320Y65.0419
G01 X34.0094Y65.0240
G01 X33.9816Y65.0189
G01 X33.8613Y64.9891
G01 X33.8342Y64.9814
G01 X33.7174Y64.9400
G01 X33.6912Y64.9296
G01 X33.5791Y64.8769
G01 X33.5540Y64.8640
G01 X33.4475Y64.8006
G01 X33.4238Y64.7853
G01 X33.3241Y64.7118
G01 X33.3020Y64.6942
G01 X33.2100Y64.6112
G01 X33.1897Y64.5916
G01 X33.1063Y64.5000
G01 X33.0880Y64.4785
G01 X33.0139Y64.3792
G01 X32.9926Y64.3477
G01 X32.9339Y64.2499
G01 X32.9202Y64.2252
G01 X32.8669Y64.1134
G01 X32.8557Y64.0875
G01 X32.8137Y63.9709
G01 X32.8050Y63.9440
G01 X32.7746Y63.8239
G01 X32.7687Y63.7964
G01 X32.7502Y63.6738
G01 X32.7469Y63.6458
G01 X32.7401Y63.5049
G01 X32.7405Y63.4779
G01 X32.7469Y63.3542
G01 X32.7502Y63.3262
G01 X32.7687Y63.2036
G01 X32.7746Y63.1761
G01 X32.8050Y63.0560
G01 X32.8137Y63.0291
G01 X32.8557Y62.9125
G01 X32.8669Y62.8866
G01 X32.9202Y62.7748
G01 X32.9339Y62.7501
G01 X32.9979Y62.6440
G01 X33.0139Y62.6208
G01 X33.0880Y62.5215
G01 X33.1063Y62.5000
G01 X33.1897Y62.4084
G01 X33.2100Y62.3888
G01 X33.3020Y62.3058
G01 X33.3241Y62.2882
G01 X33.4026Y62.2300
G01 X33.3241Y62.1718
G01 X33.3020Y62.1542
G01 X33.2100Y62.0712
G01 X33.1829Y62.0445
G01 X33.1063Y61.9600
G01 X33.0782Y61.9259
G01 X33.0047Y61.8262
G01 X32.9894Y61.8025
G01 X32.9339Y61.7099
G01 X32.9202Y61.6852
G01 X32.8669Y61.5734
G01 X32.8557Y61.5475
G01 X32.8137Y61.4309
G01 X32.8009Y61.3887
G01 X32.7711Y61.2684
G01 X32.7660Y61.2406
G01 X32.7502Y61.1338
G01 X32.7462Y61.0960
G01 X32.7401Y60.9710
G00 Z20.0000
G00 X32.9646Y61.7611
G01 Z20.0000
G01 X31.7176Y62.8914
G01 X28.8011Y65.0544
G01 X25.6867Y66.9211
G01 X22.7290Y68.3200
G01 X23.6634Y68.3200
G01 X25.8753Y67.2739
G01 X29.0234Y65.3870
G01 X31.9713Y63.2006
G01 X33.2137Y62.0746
G00 Z20.0000
G00 X32.8416Y62.9510
G01 Z20.0000
G01 X32.2251Y63.5098
G01 X29.2456Y65.7196
G01 X26.0638Y67.6266
G01 X24.5978Y68.3200
G01 X25.5322Y68.3200
G01 X26.2524Y67.9794
G01 X29.4678Y66.0521
G01 X32.4789Y63.8190
G01 X32.7434Y63.5793
G00 Z20.0000
G00 X32.8363Y64.0342
G01 Z20.0000
G01 X32.7326Y64.1282
G01 X29.6900Y66.3847
G01 X26.4612Y68.3200
G01 X27.2384Y68.3200
G01 X29.9123Y66.7173
G01 X32.9864Y64.4374
G01 X33.0287Y64.3991
G00 Z20.0000
G00 X33.2999Y64.6924
G01 Z20.0000
G01 X33.2401Y64.7466
G01 X30.1345Y67.0499
G01 X28.0155Y68.3200
G01 X28.7926Y68.3200
G01 X30.3567Y67.3825
G01 X33.4939Y65.0558
G01 X33.6528Y64.9118
G00 Z20.0000
G00 X34.1078Y65.0386
G01 Z20.0000
G01 X33.7476Y65.3650
G01 X30.5790Y67.7151
G01 X29.5697Y68.3200
G01 X30.3468Y68.3200
G01 X30.8012Y68.0477
G01 X34.0014Y65.6742
G01 X34.7783Y64.9701
G00 Z20.0000
G00 X35.7052Y64.1300
G01 Z20.0000
G01 X36.9536Y62.9985
G01 X37.7984Y62.0664
G00 Z20.0000
G00 X37.5305Y61.7671
G01 Z20.0000
G01 X36.6707Y62.7157
G01 X35.8390Y63.4695
G00 Z20.0000
G00 X35.7574Y63.0042
G01 Z20.0000
G01 X36.3879Y62.4329
G01 X37.3460Y61.3758
G00 Z20.0000
G00 X37.2851Y60.9711
G01 Z20.0000
G01 X37.2854Y60.9410
G01 X37.2915Y60.8240
G01 X37.2947Y60.7960
G01 X37.3117Y60.6832
G01 X37.3177Y60.6556
G01 X37.3457Y60.5450
G01 X37.3544Y60.5181
G01 X37.3931Y60.4108
G01 X37.4043Y60.3849
G01 X37.4534Y60.2819
G01 X37.4671Y60.2573
G01 X37.5260Y60.1596
G01 X37.5421Y60.1364
G01 X37.6103Y60.0449
G01 X37.6286Y60.0234
G01 X37.7054Y59.9391
G01 X37.7257Y59.9195
G01 X37.8104Y59.8431
G01 X37.8325Y59.8255
G01 X37.9244Y59.7578
G01 X37.9481Y59.7426
G01 X38.0461Y59.6842
G01 X38.0712Y59.6713
G01 X38.1745Y59.6228
G01 X38.2007Y59.6124
G01 X38.3082Y59.5743
G01 X38.3354Y59.5665
G01 X38.4461Y59.5391
G01 X38.4739Y59.5341
G01 X38.5868Y59.5177
G01 X38.6149Y59.5154
G01 X38.7289Y59.5101
G01 X38.7571Y59.5105
G01 X38.8710Y59.5165
G01 X38.8990Y59.5197
G01 X39.0118Y59.5367
G01 X39.0394Y59.5427
G01 X39.1500Y59.5707
G01 X39.1769Y59.5794
G01 X39.2842Y59.6181
G01 X39.3101Y59.6293
G01 X39.4131Y59.6784
G01 X39.4377Y59.6921
G01 X39.5354Y59.7510
G01 X39.5586Y59.7671
G01 X39.6501Y59.8353
G01 X39.6716Y59.8536
G01 X39.7559Y59.9304
G01 X39.7755Y59.9507
G01 X39.8519Y60.0354
G01 X39.8695Y60.0575
G01 X39.9372Y60.1494
G01 X39.9524Y60.1731
G01 X40.0108Y60.2711
G01 X40.0237Y60.2962
G01 X40.0722Y60.3995
G01 X40.0826Y60.4257
G01 X40.1207Y60.5332
G01 X40.1285Y60.5604
G01 X40.1559Y60.6711
G01 X40.1609Y60.6989
G01 X40.1773Y60.8118
G01 X40.1796Y60.8399
G01 X40.1849Y60.9539
G01 X40.1845Y60.9821
G01 X40.1785Y61.0960
G01 X40.1753Y61.1240
G01 X40.1583Y61.2368
G01 X40.1523Y61.2644
G01 X40.1243Y61.3750
G01 X40.1156Y61.4019
G01 X40.0769Y61.5092
G01 X40.0657Y61.5351
G01 X40.0166Y61.6381
G01 X40.0029Y61.6627
G01 X39.9440Y61.7604
G01 X39.9279Y61.7836
G01 X39.8597Y61.8751
G01 X39.8414Y61.8966
G01 X39.7646Y61.9809
G01 X39.7443Y62.0005
G01 X39.6596Y62.0769
G01 X39.6375Y62.0945
G01 X39.5456Y62.1622
G01 X39.5219Y62.1774
G01 X39.4239Y62.2358
G01 X39.3988Y62.2487
G01 X39.2955Y62.2972
G01 X39.2693Y62.3076
G01 X39.1618Y62.3457
G01 X39.1346Y62.3535
G01 X39.0239Y62.3809
G01 X38.9961Y62.3859
G01 X38.8832Y62.4023
G01 X38.8551Y62.4046
G01 X38.7411Y62.4099
G01 X38.7129Y62.4095
G01 X38.5990Y62.4035
G01 X38.5710Y62.4003
G01 X38.4582Y62.3833
G01 X38.4306Y62.3773
G01 X38.3200Y62.3493
G01 X38.2931Y62.3406
G01 X38.1858Y62.3019
G01 X38.1599Y62.2907
G01 X38.0569Y62.2416
G01 X38.0323Y62.2279
G01 X37.9346Y62.1690
G01 X37.9114Y62.1529
G01 X37.8199Y62.0847
G01 X37.7984Y62.0664
G01 X37.7141Y61.9896
G01 X37.6945Y61.9693
G01 X37.6181Y61.8846
G01 X37.6005Y61.8625
G01 X37.5328Y61.7706
G01 X37.5176Y61.7469
G01 X37.4592Y61.6489
G01 X37.4463Y61.6238
G01 X37.3978Y61.5205
G01 X37.3874Y61.4943
G01 X37.3493Y61.3868
G01 X37.3415Y61.3596
G01 X37.3141Y61.2489
G01 X37.3091Y61.2211
G01 X37.2927Y61.1082
G01 X37.2904Y61.0801
G01 X37.2851Y60.9711
G00 Z20.0000
G00 X38.1420Y62.2822
G01 Z20.0000
G01 X37.2364Y63.2814
G01 X34.2552Y65.9834
G01 X31.1047Y68.3200
G01 X31.7753Y68.3200
G01 X34.5089Y66.2926
G01 X37.5193Y63.5642
G01 X38.5738Y62.4007
G00 Z20.0000
G00 X39.1633Y62.3452
G01 Z20.0000
G01 X37.8021Y63.8471
G01 X34.7627Y66.6018
G01 X32.4460Y68.3200
G00 Z20.0000
G00 X26.4945Y65.0396
G01 Z20.0000
G01 X25.1210Y65.8628
G01 X21.9451Y67.3649
G01 X19.2757Y68.3200
G01 X17.9051Y68.3200
G01 X18.5211Y68.1657
G01 X21.7920Y66.9953
G01 X24.9325Y65.5100
G01 X25.9757Y64.8848
G00 Z20.0000
G00 X25.6158Y64.6347
G01 Z20.0000
G01 X24.7439Y65.1572
G01 X21.6390Y66.6258
G01 X18.4050Y67.7829
G01 X16.2608Y68.3200
G00 Z20.0000
G00 X4.8570Y68.3200
G01 Z20.0000
G01 X1.5729Y67.8329
G01 X0.2600Y67.5040
G01 X0.2600Y67.9158
G01 X1.4949Y68.2252
G01 X2.1342Y68.3200
G00 Z20.0000
G00 X0.2600Y60.4990
G01 Z20.0000
G01 X0.2912Y60.5102
G01 X2.8996Y61.1635
G01 X5.5594Y61.5581
G01 X8.2450Y61.6900
G01 X10.9307Y61.5581
G01 X13.5905Y61.1635
G01 X16.1988Y60.5102
G01 X18.7306Y59.6043
G01 X21.1613Y58.4546
G01 X22.8711Y57.4298
G00 Z20.0000
G00 X22.2812Y57.3176
G01 Z20.0000
G01 X20.9727Y58.1019
G01 X18.5775Y59.2347
G01 X16.0827Y60.1274
G01 X13.5125Y60.7712
G01 X10.8915Y61.1600
G01 X8.2450Y61.2900
G01 X6.6458Y61.2114
G00 Z20.0000
G00 X5.9065Y61.1751
G01 Z20.0000
G01 X5.5986Y61.1600
G01 X2.9776Y60.7712
G01 X0.4073Y60.1274
G01 X0.2600Y60.0747
G01 X0.2600Y59.6503
G01 X0.5235Y59.7446
G01 X3.0556Y60.3789
G01 X5.1683Y60.6923
G00 Z20.0000
G00 X4.9053Y60.2494
G01 Z20.0000
G01 X3.1337Y59.9866
G01 X0.6396Y59.3618
G01 X0.2600Y59.2260
G01 X0.2600Y58.8017
G01 X0.7557Y58.9791
G01 X3.2117Y59.5943
G01 X4.8066Y59.8308
G00 Z20.0000
G00 X4.8230Y59.4294
G01 Z20.0000
G01 X3.2897Y59.2019
G01 X0.8718Y58.5963
G01 X0.2600Y58.3774
G01 X0.2600Y57.9531
G01 X0.9879Y58.2135
G01 X3.3678Y58.8096
G01 X4.9427Y59.0433
G00 Z20.0000
G00 X5.1802Y58.6746
G01 Z20.0000
G01 X3.4458Y58.4173
G01 X1.1040Y57.8307
G01 X0.2600Y57.5287
G01 X0.2600Y57.1044
G01 X1.2201Y57.4480
G01 X3.5238Y58.0250
G01 X5.3000Y58.2885
G00 Z20.0000
G00 X4.9605Y57.8342
G01 Z20.0000
G01 X3.6019Y57.6327
G01 X1.3363Y57.0652
G01 X0.2600Y56.6801
G01 X0.2600Y56.2558
G01 X1.4524Y56.6824
G01 X3.6799Y57.2404
G01 X4.8229Y57.4099
G00 Z20.0000
G00 X4.8070Y57.0037
G01 Z20.0000
G01 X3.7580Y56.8481
G01 X1.5685Y56.2996
G01 X0.2600Y55.8314
G01 X0.2600Y55.4071
G01 X1.6846Y55.9169
G01 X3.8360Y56.4557
G01 X4.8973Y56.6132
G00 Z20.0000
G00 X5.0975Y56.2390
G01 Z20.0000
G01 X3.9140Y56.0634
G01 X1.8007Y55.5341
G01 X0.2600Y54.9828
G01 X0.2600Y54.5585
G01 X1.9168Y55.1513
G01 X3.9921Y55.6711
G01 X5.4522Y55.8877
G00 Z20.0000
G00 X5.0307Y55.4213
G01 Z20.0000
G01 X4.0701Y55.2788
G01 X2.0329Y54.7685
G01 X0.2600Y54.1342
G01 X0.2600Y53.7098
G01 X2.1491Y54.3857
G01 X4.1481Y54.8865
G01 X4.8488Y54.9904
G00 Z20.0000
G00 X4.8001Y54.6210
G01 Z20.0000
G01 X4.8005Y54.5879
G01 X4.8069Y54.4642
G01 X4.8102Y54.4362
G01 X4.8260Y54.3294
G01 X4.8332Y54.2920
G01 X4.8609Y54.1813
G01 X4.8737Y54.1391
G01 X4.9100Y54.0374
G01 X4.9204Y54.0112
G01 X4.9731Y53.8991
G01 X4.9860Y53.8740
G01 X5.0494Y53.7675
G01 X5.0647Y53.7438
G01 X5.1382Y53.6441
G01 X5.1558Y53.6220
G01 X5.2388Y53.5300
G01 X5.2584Y53.5097
G01 X5.3620Y53.4158
G01 X5.3841Y53.3982
G01 X5.4838Y53.3247
G01 X5.5075Y53.3094
G01 X5.6001Y53.2539
G01 X5.6391Y53.2331
G01 X5.7512Y53.1804
G01 X5.7774Y53.1700
G01 X5.8791Y53.1337
G01 X5.9213Y53.1209
G01 X6.0320Y53.0932
G01 X6.0694Y53.0860
G01 X6.1762Y53.0702
G01 X6.2042Y53.0669
G01 X6.3279Y53.0605
G01 X6.3561Y53.0601
G01 X6.4799Y53.0658
G01 X6.5080Y53.0681
G01 X6.6306Y53.0860
G01 X6.6584Y53.0911
G01 X6.7787Y53.1209
G01 X6.8058Y53.1286
G01 X6.9375Y53.1757
G01 X6.9634Y53.1869
G01 X7.0752Y53.2402
G01 X7.0999Y53.2539
G01 X7.1925Y53.3094
G01 X7.2292Y53.3339
G01 X7.3285Y53.4080
G01 X7.3500Y53.4263
G01 X7.4300Y53.4988
G01 X7.4571Y53.5255
G01 X7.5337Y53.6100
G01 X7.5618Y53.6441
G01 X7.6261Y53.7308
G01 X7.6421Y53.7540
G01 X7.7061Y53.8601
G01 X7.7198Y53.8848
G01 X7.7731Y53.9966
G01 X7.7843Y54.0225
G01 X7.8314Y54.1542
G01 X7.8391Y54.1813
G01 X7.8689Y54.3016
G01 X7.8740Y54.3294
G01 X7.8898Y54.4362
G01 X7.8942Y54.4801
G01 X7.8995Y54.5879
G01 X7.8999Y54.6161
G01 X7.8931Y54.7558
G01 X7.8898Y54.7838
G01 X7.8740Y54.8906
G01 X7.8668Y54.9280
G01 X7.8391Y55.0387
G01 X7.8263Y55.0809
G01 X7.7900Y55.1826
G01 X7.7796Y55.2088
G01 X7.7242Y55.3265
G01 X7.7061Y55.3599
G01 X7.6506Y55.4525
G01 X7.6261Y55.4892
G01 X7.5618Y55.5759
G01 X7.5442Y55.5980
G01 X7.4503Y55.7016
G01 X7.4300Y55.7212
G01 X7.3380Y55.8042
G01 X7.3159Y55.8218
G01 X7.2374Y55.8800
G01 X7.3159Y55.9382
G01 X7.3380Y55.9558
G01 X7.4300Y56.0388
G01 X7.4612Y56.0700
G01 X7.5337Y56.1500
G01 X7.5520Y56.1715
G01 X7.6261Y56.2708
G01 X7.6506Y56.3075
G01 X7.7061Y56.4001
G01 X7.7198Y56.4248
G01 X7.7756Y56.5422
G01 X7.7900Y56.5774
G01 X7.8263Y56.6791
G01 X7.8391Y56.7213
G01 X7.8689Y56.8416
G01 X7.8740Y56.8694
G01 X7.8898Y56.9762
G01 X7.8942Y57.0201
G01 X7.8995Y57.1279
G01 X7.8999Y57.1561
G01 X7.8942Y57.2799
G01 X7.8898Y57.3238
G01 X7.8740Y57.4306
G01 X7.8689Y57.4584
G01 X7.8391Y57.5787
G01 X7.8314Y57.6058
G01 X7.7900Y57.7226
G01 X7.7796Y57.7488
G01 X7.7269Y57.8609
G01 X7.7061Y57.8999
G01 X7.6506Y57.9925
G01 X7.6353Y58.0162
G01 X7.5618Y58.1159
G01 X7.5337Y58.1500
G01 X7.4571Y58.2345
G01 X7.4300Y58.2612
G01 X7.3380Y58.3442
G01 X7.3159Y58.3618
G01 X7.2374Y58.4200
G01 X7.3159Y58.4782
G01 X7.3380Y58.4958
G01 X7.4300Y58.5788
G01 X7.4612Y58.6100
G01 X7.5337Y58.6900
G01 X7.5520Y58.7115
G01 X7.6261Y58.8108
G01 X7.6506Y58.8475
G01 X7.7061Y58.9401
G01 X7.7198Y58.9648
G01 X7.7756Y59.0822
G01 X7.7900Y59.1174
G01 X7.8263Y59.2191
G01 X7.8391Y59.2613
G01 X7.8689Y59.3816
G01 X7.8740Y59.4094
G01 X7.8898Y59.5162
G01 X7.8942Y59.5601
G01 X7.8995Y59.6679
G01 X7.8999Y59.6961
G01 X7.8942Y59.8199
G01 X7.8898Y59.8638
G01 X7.8740Y59.9706
G01 X7.8689Y59.9984
G01 X7.8391Y60.1187
G01 X7.8263Y60.1609
G01 X7.7900Y60.2626
G01 X7.7796Y60.2888
G01 X7.7198Y60.4152
G01 X7.7061Y60.4399
G01 X7.6506Y60.5325
G01 X7.6261Y60.5692
G01 X7.5618Y60.6559
G01 X7.5442Y60.6780
G01 X7.4503Y60.7816
G01 X7.4300Y60.8012
G01 X7.3500Y60.8737
G01 X7.3159Y60.9018
G01 X7.2162Y60.9753
G01 X7.1925Y60.9906
G01 X7.0999Y61.0461
G01 X7.0609Y61.0669
G01 X6.9634Y61.1131
G01 X6.9375Y61.1243
G01 X6.8058Y61.1714
G01 X6.7787Y61.1791
G01 X6.6584Y61.2089
G01 X6.6306Y61.2140
G01 X6.5080Y61.2319
G01 X6.4799Y61.2342
G01 X6.3561Y61.2399
G01 X6.3279Y61.2395
G01 X6.2042Y61.2331
G01 X6.1762Y61.2298
G01 X6.0536Y61.2113
G01 X6.0261Y61.2054
G01 X5.9060Y61.1750
G01 X5.8791Y61.1663
G01 X5.7625Y61.1243
G01 X5.7366Y61.1131
G01 X5.6248Y61.0598
G01 X5.6001Y61.0461
G01 X5.4940Y60.9821
G01 X5.4708Y60.9661
G01 X5.3715Y60.8920
G01 X5.3500Y60.8737
G01 X5.2584Y60.7903
G01 X5.2388Y60.7700
G01 X5.1558Y60.6780
G01 X5.1382Y60.6559
G01 X5.0647Y60.5562
G01 X5.0494Y60.5325
G01 X4.9860Y60.4260
G01 X4.9731Y60.4009
G01 X4.9204Y60.2888
G01 X4.9100Y60.2626
G01 X4.8686Y60.1458
G01 X4.8609Y60.1187
G01 X4.8346Y60.0139
G01 X4.8260Y59.9706
G01 X4.8102Y59.8638
G01 X4.8069Y59.8358
G01 X4.8005Y59.7121
G01 X4.8001Y59.6851
G01 X4.8069Y59.5442
G01 X4.8102Y59.5162
G01 X4.8260Y59.4094
G01 X4.8332Y59.3720
G01 X4.8609Y59.2613
G01 X4.8737Y59.2191
G01 X4.9100Y59.1174
G01 X4.9204Y59.0912
G01 X4.9758Y58.9735
G01 X4.9939Y58.9401
G01 X5.0494Y58.8475
G01 X5.0739Y58.8108
G01 X5.1382Y58.7241
G01 X5.1558Y58.7020
G01 X5.2497Y58.5984
G01 X5.2700Y58.5788
G01 X5.3620Y58.4958
G01 X5.3841Y58.4782
G01 X5.4626Y58.4200
G01 X5.3841Y58.3618
G01 X5.3620Y58.3442
G01 X5.2700Y58.2612
G01 X5.2388Y58.2300
G01 X5.1663Y58.1500
G01 X5.1480Y58.1285
G01 X5.0739Y58.0292
G01 X5.0494Y57.9925
G01 X4.9939Y57.8999
G01 X4.9802Y57.8752
G01 X4.9244Y57.7578
G01 X4.9100Y57.7226
G01 X4.8737Y57.6209
G01 X4.8609Y57.5787
G01 X4.8311Y57.4584
G01 X4.8260Y57.4306
G01 X4.8102Y57.3238
G01 X4.8058Y57.2799
G01 X4.8004Y57.1690
G01 X4.8001Y57.1451
G01 X4.8058Y57.0201
G01 X4.8102Y56.9762
G01 X4.8260Y56.8694
G01 X4.8311Y56.8416
G01 X4.8609Y56.7213
G01 X4.8686Y56.6942
G01 X4.9100Y56.5774
G01 X4.9204Y56.5512
G01 X4.9731Y56.4391
G01 X4.9939Y56.4001
G01 X5.0494Y56.3075
G01 X5.0647Y56.2838
G01 X5.1382Y56.1841
G01 X5.1663Y56.1500
G01 X5.2429Y56.0655
G01 X5.2700Y56.0388
G01 X5.3620Y55.9558
G01 X5.3841Y55.9382
G01 X5.4626Y55.8800
G01 X5.3841Y55.8218
G01 X5.3620Y55.8042
G01 X5.2700Y55.7212
G01 X5.2429Y55.6945
G01 X5.1663Y55.6100
G01 X5.1382Y55.5759
G01 X5.0647Y55.4762
G01 X5.0494Y55.4525
G01 X4.9939Y55.3599
G01 X4.9802Y55.3352
G01 X4.9269Y55.2234
G01 X4.9157Y55.1975
G01 X4.8737Y55.0809
G01 X4.8609Y55.0387
G01 X4.8311Y54.9184
G01 X4.8260Y54.8906
G01 X4.8102Y54.7838
G01 X4.8062Y54.7460
G01 X4.8001Y54.6210
G00 Z20.0000
G00 X4.8010Y54.5794
G01 Z20.0000
G01 X4.2262Y54.4942
G01 X2.2652Y54.0030
G01 X0.3618Y53.3219
G01 X0.2600Y53.2738
G01 X0.2600Y52.8318
G01 X0.5148Y52.9524
G01 X2.3813Y53.6202
G01 X4.3042Y54.1019
G01 X4.8601Y54.1843
G00 Z20.0000
G00 X5.0268Y53.8052
G01 Z20.0000
G01 X4.3822Y53.7095
G01 X2.4974Y53.2374
G01 X0.6679Y52.5828
G01 X0.2600Y52.3899
G01 X0.2600Y51.9479
G01 X0.8210Y52.2133
G01 X2.6135Y52.8546
G01 X4.4603Y53.3172
G01 X5.3282Y53.4460
G00 Z20.0000
G00 X5.8998Y53.1269
G01 Z20.0000
G01 X4.5383Y52.9249
G01 X2.7296Y52.4719
G01 X0.9740Y51.8437
G01 X0.2600Y51.5060
G01 X0.2600Y51.0640
G01 X1.1271Y51.4742
G01 X2.8457Y52.0891
G01 X4.6164Y52.5326
G01 X6.4219Y52.8004
G01 X8.2450Y52.8900
G01 X10.0681Y52.8004
G01 X11.8737Y52.5326
G01 X13.6443Y52.0891
G01 X15.3629Y51.4742
G01 X17.0130Y50.6937
G01 X18.5786Y49.7553
G01 X20.0447Y48.6680
G01 X21.3972Y47.4422
G01 X22.6230Y46.0897
G01 X23.7104Y44.6236
G01 X24.6488Y43.0580
G01 X25.1264Y42.0482
G00 Z20.0000
G00 X25.1201Y41.9210
G01 Z20.0000
G01 X25.1205Y41.8879
G01 X25.1269Y41.7642
G01 X25.1302Y41.7362
G01 X25.1487Y41.6136
G01 X25.1546Y41.5861
G01 X25.1850Y41.4660
G01 X25.1937Y41.4391
G01 X25.2357Y41.3225
G01 X25.2469Y41.2966
G01 X25.3002Y41.1848
G01 X25.3139Y41.1601
G01 X25.3779Y41.0540
G01 X25.3939Y41.0308
G01 X25.4680Y40.9315
G01 X25.4863Y40.9100
G01 X25.5697Y40.8184
G01 X25.5900Y40.7988
G01 X25.6820Y40.7158
G01 X25.7041Y40.6982
G01 X25.8038Y40.6247
G01 X25.8275Y40.6094
G01 X25.9340Y40.5460
G01 X25.9591Y40.5331
G01 X26.0712Y40.4804
G01 X26.0974Y40.4700
G01 X26.2142Y40.4286
G01 X26.2413Y40.4209
G01 X26.3616Y40.3911
G01 X26.3894Y40.3860
G01 X26.5120Y40.3681
G01 X26.5401Y40.3658
G01 X26.6639Y40.3601
G01 X26.6921Y40.3605
G01 X26.7999Y40.3658
G01 X26.8280Y40.3681
G01 X26.9506Y40.3860
G01 X26.9939Y40.3946
G01 X27.0987Y40.4209
G01 X27.1258Y40.4286
G01 X27.2426Y40.4700
G01 X27.2834Y40.4869
G01 X27.3952Y40.5402
G01 X27.4199Y40.5539
G01 X27.5125Y40.6094
G01 X27.5362Y40.6247
G01 X27.6359Y40.6982
G01 X27.6700Y40.7263
G01 X27.7545Y40.8029
G01 X27.7812Y40.8300
G01 X27.8642Y40.9220
G01 X27.8818Y40.9441
G01 X27.9400Y41.0226
G01 X27.9982Y40.9441
G01 X28.0158Y40.9220
G01 X28.0988Y40.8300
G01 X28.1255Y40.8029
G01 X28.2100Y40.7263
G01 X28.2441Y40.6982
G01 X28.3438Y40.6247
G01 X28.3675Y40.6094
G01 X28.4601Y40.5539
G01 X28.4991Y40.5331
G01 X28.6112Y40.4804
G01 X28.6374Y40.4700
G01 X28.7542Y40.4286
G01 X28.7813Y40.4209
G01 X28.9016Y40.3911
G01 X28.9294Y40.3860
G01 X29.0362Y40.3702
G01 X29.0642Y40.3669
G01 X29.1879Y40.3605
G01 X29.2321Y40.3605
G01 X29.3558Y40.3669
G01 X29.3838Y40.3702
G01 X29.4906Y40.3860
G01 X29.5339Y40.3946
G01 X29.6387Y40.4209
G01 X29.6658Y40.4286
G01 X29.7826Y40.4700
G01 X29.8234Y40.4869
G01 X29.9352Y40.5402
G01 X29.9599Y40.5539
G01 X30.0525Y40.6094
G01 X30.0892Y40.6339
G01 X30.1885Y40.7080
G01 X30.2100Y40.7263
G01 X30.2900Y40.7988
G01 X30.3212Y40.8300
G01 X30.4042Y40.9220
G01 X30.4218Y40.9441
G01 X30.4800Y41.0226
G01 X30.5382Y40.9441
G01 X30.5558Y40.9220
G01 X30.6388Y40.8300
G01 X30.6584Y40.8097
G01 X30.7500Y40.7263
G01 X30.7715Y40.7080
G01 X30.8708Y40.6339
G01 X30.8940Y40.6179
G01 X31.0001Y40.5539
G01 X31.0248Y40.5402
G01 X31.1366Y40.4869
G01 X31.1625Y40.4757
G01 X31.2791Y40.4337
G01 X31.3060Y40.4250
G01 X31.4261Y40.3946
G01 X31.4694Y40.3860
G01 X31.5762Y40.3702
G01 X31.6042Y40.3669
G01 X31.7279Y40.3605
G01 X31.7721Y40.3605
G01 X31.8799Y40.3658
G01 X31.9080Y40.3681
G01 X32.0464Y40.3887
G01 X32.0739Y40.3946
G01 X32.1787Y40.4209
G01 X32.2209Y40.4337
G01 X32.3375Y40.4757
G01 X32.3634Y40.4869
G01 X32.4609Y40.5331
G01 X32.4999Y40.5539
G01 X32.5925Y40.6094
G01 X32.6162Y40.6247
G01 X32.7285Y40.7080
G01 X32.7500Y40.7263
G01 X32.8300Y40.7988
G01 X32.8612Y40.8300
G01 X32.9442Y40.9220
G01 X32.9618Y40.9441
G01 X33.0200Y41.0226
G01 X33.0782Y40.9441
G01 X33.0958Y40.9220
G01 X33.1788Y40.8300
G01 X33.2100Y40.7988
G01 X33.2900Y40.7263
G01 X33.3115Y40.7080
G01 X33.4238Y40.6247
G01 X33.4475Y40.6094
G01 X33.5401Y40.5539
G01 X33.5791Y40.5331
G01 X33.6766Y40.4869
G01 X33.7025Y40.4757
G01 X33.8191Y40.4337
G01 X33.8613Y40.4209
G01 X33.9661Y40.3946
G01 X33.9936Y40.3887
G01 X34.1320Y40.3681
G01 X34.1601Y40.3658
G01 X34.2679Y40.3605
G01 X34.3121Y40.3605
G01 X34.4199Y40.3658
G01 X34.4480Y40.3681
G01 X34.5767Y40.3870
G01 X34.6139Y40.3946
G01 X34.7340Y40.4250
G01 X34.7609Y40.4337
G01 X34.8626Y40.4700
G01 X34.9034Y40.4869
G01 X35.0065Y40.5358
G01 X35.0399Y40.5539
G01 X35.1325Y40.6094
G01 X35.1562Y40.6247
G01 X35.2559Y40.6982
G01 X35.2780Y40.7158
G01 X35.3700Y40.7988
G01 X35.3903Y40.8184
G01 X35.4842Y40.9220
G01 X35.5018Y40.9441
G01 X35.5753Y41.0438
G01 X35.5906Y41.0675
G01 X35.6461Y41.1601
G01 X35.6669Y41.1991
G01 X35.7156Y41.3022
G01 X35.7300Y41.3374
G01 X35.7663Y41.4391
G01 X35.7750Y41.4659
G01 X35.8054Y41.5861
G01 X35.8113Y41.6136
G01 X35.8319Y41.7520
G01 X35.8342Y41.7801
G01 X35.8399Y41.9039
G01 X35.8395Y41.9321
G01 X35.8331Y42.0558
G01 X35.8298Y42.0838
G01 X35.8113Y42.2064
G01 X35.8054Y42.2339
G01 X35.7750Y42.3541
G01 X35.7663Y42.3809
G01 X35.7243Y42.4975
G01 X35.7131Y42.5234
G01 X35.6598Y42.6352
G01 X35.6461Y42.6599
G01 X35.5821Y42.7660
G01 X35.5661Y42.7892
G01 X35.4920Y42.8885
G01 X35.4737Y42.9100
G01 X35.3903Y43.0016
G01 X35.3700Y43.0212
G01 X35.2780Y43.1042
G01 X35.2559Y43.1218
G01 X35.1562Y43.1953
G01 X35.1325Y43.2106
G01 X35.0260Y43.2740
G01 X35.0009Y43.2869
G01 X34.8888Y43.3396
G01 X34.8626Y43.3500
G01 X34.7458Y43.3914
G01 X34.7187Y43.3991
G01 X34.5984Y43.4289
G01 X34.5706Y43.4340
G01 X34.4480Y43.4519
G01 X34.4199Y43.4542
G01 X34.2961Y43.4599
G01 X34.2679Y43.4595
G01 X34.1601Y43.4542
G01 X34.1320Y43.4519
G01 X34.0094Y43.4340
G01 X33.9661Y43.4254
G01 X33.8613Y43.3991
G01 X33.8342Y43.3914
G01 X33.7174Y43.3500
G01 X33.6766Y43.3331
G01 X33.5648Y43.2798
G01 X33.5401Y43.2661
G01 X33.4475Y43.2106
G01 X33.4238Y43.1953
G01 X33.3241Y43.1218
G01 X33.2900Y43.0937
G01 X33.2055Y43.0171
G01 X33.1788Y42.9900
G01 X33.0958Y42.8980
G01 X33.0782Y42.8759
G01 X33.0200Y42.7974
G01 X32.9618Y42.8759
G01 X32.9442Y42.8980
G01 X32.8612Y42.9900
G01 X32.8345Y43.0171
G01 X32.7500Y43.0937
G01 X32.7159Y43.1218
G01 X32.6162Y43.1953
G01 X32.5925Y43.2106
G01 X32.4999Y43.2661
G01 X32.4609Y43.2869
G01 X32.3488Y43.3396
G01 X32.3226Y43.3500
G01 X32.2058Y43.3914
G01 X32.1787Y43.3991
G01 X32.0584Y43.4289
G01 X32.0306Y43.4340
G01 X31.9238Y43.4498
G01 X31.8958Y43.4531
G01 X31.7721Y43.4595
G01 X31.7279Y43.4595
G01 X31.6042Y43.4531
G01 X31.5762Y43.4498
G01 X31.4694Y43.4340
G01 X31.4261Y43.4254
G01 X31.3213Y43.3991
G01 X31.2942Y43.3914
G01 X31.1774Y43.3500
G01 X31.1366Y43.3331
G01 X31.0248Y43.2798
G01 X31.0001Y43.2661
G01 X30.9075Y43.2106
G01 X30.8708Y43.1861
G01 X30.7715Y43.1120
G01 X30.7500Y43.0937
G01 X30.6700Y43.0212
G01 X30.6388Y42.9900
G01 X30.5558Y42.8980
G01 X30.5382Y42.8759
G01 X30.4800Y42.7974
G01 X30.4218Y42.8759
G01 X30.4042Y42.8980
G01 X30.3212Y42.9900
G01 X30.3016Y43.0103
G01 X30.2100Y43.0937
G01 X30.1885Y43.1120
G01 X30.0892Y43.1861
G01 X30.0660Y43.2021
G01 X29.9599Y43.2661
G01 X29.9352Y43.2798
G01 X29.8234Y43.3331
G01 X29.7975Y43.3443
G01 X29.6809Y43.3863
G01 X29.6540Y43.3950
G01 X29.5339Y43.4254
G01 X29.4906Y43.4340
G01 X29.3838Y43.4498
G01 X29.3558Y43.4531
G01 X29.2321Y43.4595
G01 X29.1879Y43.4595
G01 X29.0801Y43.4542
G01 X29.0520Y43.4519
G01 X28.9136Y43.4313
G01 X28.8861Y43.4254
G01 X28.7813Y43.3991
G01 X28.7391Y43.3863
G01 X28.6225Y43.3443
G01 X28.5966Y43.3331
G01 X28.4991Y43.2869
G01 X28.4601Y43.2661
G01 X28.3675Y43.2106
G01 X28.3438Y43.1953
G01 X28.2315Y43.1120
G01 X28.2100Y43.0937
G01 X28.1300Y43.0212
G01 X28.0988Y42.9900
G01 X28.0158Y42.8980
G01 X27.9982Y42.8759
G01 X27.9400Y42.7974
G01 X27.8818Y42.8759
G01 X27.8642Y42.8980
G01 X27.7812Y42.9900
G01 X27.7500Y43.0212
G01 X27.6700Y43.0937
G01 X27.6485Y43.1120
G01 X27.5362Y43.1953
G01 X27.5125Y43.2106
G01 X27.4199Y43.2661
G01 X27.3809Y43.2869
G01 X27.2834Y43.3331
G01 X27.2575Y43.3443
G01 X27.1409Y43.3863
G01 X27.0987Y43.3991
G01 X26.9939Y43.4254
G01 X26.9664Y43.4313
G01 X26.8280Y43.4519
G01 X26.7999Y43.4542
G01 X26.6921Y43.4595
G01 X26.6479Y43.4595
G01 X26.5401Y43.4542
G01 X26.5120Y43.4519
G01 X26.3833Y43.4330
G01 X26.3461Y43.4254
G01 X26.2260Y43.3950
G01 X26.1991Y43.3863
G01 X26.0974Y43.3500
G01 X26.0566Y43.3331
G01 X25.9536Y43.2842
G01 X25.9201Y43.2661
G01 X25.8275Y43.2106
G01 X25.8038Y43.1953
G01 X25.7041Y43.1218
G01 X25.6820Y43.1042
G01 X25.5900Y43.0212
G01 X25.5697Y43.0016
G01 X25.4758Y42.8980
G01 X25.4582Y42.8759
G01 X25.3847Y42.7762
G01 X25.3694Y42.7525
G01 X25.3139Y42.6599
G01 X25.2931Y42.6209
G01 X25.2444Y42.5178
G01 X25.2300Y42.4826
G01 X25.1937Y42.3809
G01 X25.1850Y42.3540
G01 X25.1546Y42.2339
G01 X25.1487Y42.2064
G01 X25.1281Y42.0680
G01 X25.1258Y42.0399
G01 X25.1201Y41.9210
G00 Z20.0000
G00 X25.2953Y42.6254
G01 Z20.0000
G01 X25.0015Y43.2465
G01 X24.0430Y44.8458
G01 X22.9322Y46.3435
G01 X21.6801Y47.7250
G01 X20.2985Y48.9772
G01 X18.8009Y50.0879
G01 X17.2016Y51.0465
G01 X15.5160Y51.8437
G01 X13.7604Y52.4719
G01 X11.9517Y52.9249
G01 X10.1074Y53.1985
G01 X8.2450Y53.2900
G01 X7.0580Y53.2317
G00 Z20.0000
G00 X7.5712Y53.6569
G01 Z20.0000
G01 X8.2450Y53.6900
G01 X10.1466Y53.5966
G01 X12.0298Y53.3172
G01 X13.8766Y52.8546
G01 X15.6691Y52.2133
G01 X17.3901Y51.3993
G01 X19.0231Y50.4205
G01 X20.5523Y49.2864
G01 X21.9629Y48.0079
G01 X23.2414Y46.5972
G01 X24.3755Y45.0681
G01 X25.3543Y43.4351
G01 X25.5628Y42.9943
G00 Z20.0000
G00 X25.8859Y43.2456
G01 Z20.0000
G01 X25.7071Y43.6237
G01 X24.7081Y45.2903
G01 X23.5506Y46.8510
G01 X22.2457Y48.2907
G01 X20.8060Y49.5956
G01 X19.2453Y50.7531
G01 X17.5787Y51.7520
G01 X15.8222Y52.5828
G01 X13.9927Y53.2374
G01 X12.1078Y53.7095
G01 X10.1858Y53.9947
G01 X8.2450Y54.0900
G01 X7.8010Y54.0682
G00 Z20.0000
G00 X7.8937Y54.4727
G01 Z20.0000
G01 X8.2450Y54.4900
G01 X10.2250Y54.3927
G01 X12.1859Y54.1019
G01 X14.1088Y53.6202
G01 X15.9752Y52.9524
G01 X17.7672Y52.1048
G01 X19.4675Y51.0857
G01 X21.0598Y49.9048
G01 X22.5286Y48.5736
G01 X23.8598Y47.1047
G01 X25.0407Y45.5125
G01 X26.0598Y43.8122
G01 X26.2537Y43.4023
G00 Z20.0000
G00 X26.6684Y43.4599
G01 Z20.0000
G01 X26.4126Y44.0008
G01 X25.3733Y45.7347
G01 X24.1690Y47.3585
G01 X22.8114Y48.8564
G01 X21.3135Y50.2140
G01 X19.6898Y51.4183
G01 X17.9558Y52.4576
G01 X16.1283Y53.3219
G01 X14.2249Y54.0030
G01 X12.2639Y54.4942
G01 X10.2642Y54.7908
G01 X8.2450Y54.8900
G01 X7.8768Y54.8719
G00 Z20.0000
G00 X7.7530Y55.2658
G01 Z20.0000
G01 X8.2450Y55.2900
G01 X10.3034Y55.1889
G01 X12.3419Y54.8865
G01 X14.3410Y54.3857
G01 X16.2814Y53.6915
G01 X18.1444Y52.8103
G01 X19.9120Y51.7509
G01 X21.5673Y50.5232
G01 X23.0943Y49.1392
G01 X24.4783Y47.6123
G01 X25.7059Y45.9570
G01 X26.7654Y44.1893
G01 X27.1460Y43.3845
G00 Z20.0000
G00 X27.7680Y43.0040
G01 Z20.0000
G01 X27.1181Y44.3779
G01 X26.0385Y46.1792
G01 X24.7875Y47.8660
G01 X23.3771Y49.4221
G01 X21.8210Y50.8324
G01 X20.1342Y52.0835
G01 X18.3329Y53.1631
G01 X16.4345Y54.0610
G01 X14.4571Y54.7685
G01 X12.4200Y55.2788
G01 X10.3426Y55.5870
G01 X8.2450Y55.6900
G01 X7.4947Y55.6531
G01 X7.4425Y56.0506
G01 X8.2450Y56.0900
G01 X10.3818Y55.9850
G01 X12.4980Y55.6711
G01 X14.5732Y55.1513
G01 X16.5875Y54.4306
G01 X18.5215Y53.5159
G01 X20.3565Y52.4160
G01 X22.0748Y51.1416
G01 X23.6600Y49.7049
G01 X25.0967Y48.1198
G01 X26.3711Y46.4014
G01 X27.4709Y44.5664
G01 X28.1802Y43.0668
G00 Z20.0000
G00 X28.5146Y43.2942
G01 Z20.0000
G01 X27.8237Y44.7550
G01 X26.7037Y46.6237
G01 X25.4059Y48.3735
G01 X23.9428Y49.9878
G01 X22.3286Y51.4508
G01 X20.5787Y52.7486
G01 X18.7100Y53.8687
G01 X16.7406Y54.8001
G01 X14.6894Y55.5341
G01 X12.5760Y56.0634
G01 X10.4210Y56.3831
G01 X8.2450Y56.4900
G01 X7.7392Y56.4652
G00 Z20.0000
G00 X7.8744Y56.8718
G01 Z20.0000
G01 X8.2450Y56.8900
G01 X10.4602Y56.7812
G01 X12.6541Y56.4557
G01 X14.8055Y55.9169
G01 X16.8937Y55.1697
G01 X18.8986Y54.2214
G01 X20.8009Y53.0812
G01 X22.5823Y51.7600
G01 X24.2256Y50.2706
G01 X25.7151Y48.6273
G01 X27.0362Y46.8459
G01 X28.1765Y44.9436
G01 X28.8937Y43.4272
G00 Z20.0000
G00 X29.3224Y43.4550
G01 Z20.0000
G01 X28.5292Y45.1321
G01 X27.3688Y47.0681
G01 X26.0243Y48.8810
G01 X24.5085Y50.5535
G01 X22.8361Y52.0692
G01 X21.0231Y53.4138
G01 X19.0872Y54.5742
G01 X17.0468Y55.5392
G01 X14.9216Y56.2996
G01 X12.7321Y56.8481
G01 X10.4994Y57.1792
G01 X8.2450Y57.2900
G01 X7.8945Y57.2728
G00 Z20.0000
G00 X7.8093Y57.6686
G01 Z20.0000
G01 X8.2450Y57.6900
G01 X10.5386Y57.5773
G01 X12.8101Y57.2404
G01 X15.0377Y56.6824
G01 X17.1998Y55.9088
G01 X19.2757Y54.9270
G01 X21.2454Y53.7464
G01 X23.0898Y52.3784
G01 X24.7913Y50.8363
G01 X26.3335Y49.1348
G01 X27.7014Y47.2903
G01 X28.8820Y45.3207
G01 X29.8217Y43.3338
G00 Z20.0000
G00 X30.4187Y42.8799
G01 Z20.0000
G01 X30.2334Y43.3979
G01 X29.2348Y45.5092
G01 X28.0340Y47.5126
G01 X26.6427Y49.3886
G01 X25.0742Y51.1191
G01 X23.3436Y52.6876
G01 X21.4676Y54.0790
G01 X19.4643Y55.2797
G01 X17.3529Y56.2783
G01 X15.1538Y57.0652
G01 X12.8882Y57.6327
G01 X10.5778Y57.9754
G01 X8.2450Y58.0900
G01 X7.6043Y58.0585
G00 Z20.0000
G00 X7.2670Y58.4420
G01 Z20.0000
G01 X8.2450Y58.4900
G01 X10.6170Y58.3735
G01 X12.9662Y58.0250
G01 X15.2699Y57.4480
G01 X17.5060Y56.6479
G01 X19.6528Y55.6325
G01 X21.6898Y54.4116
G01 X23.5973Y52.9969
G01 X25.3570Y51.4020
G01 X26.9519Y49.6423
G01 X28.3666Y47.7348
G01 X29.5875Y45.6978
G01 X30.6029Y43.5509
G01 X30.7626Y43.1047
G00 Z20.0000
G00 X31.1097Y43.3203
G01 Z20.0000
G01 X30.9725Y43.7040
G01 X29.9403Y45.8864
G01 X28.6992Y47.9570
G01 X27.2611Y49.8961
G01 X25.6399Y51.6848
G01 X23.8511Y53.3061
G01 X22.3544Y54.4161
G00 Z20.0000
G00 X21.6662Y54.8915
G01 Z20.0000
G01 X19.8414Y55.9853
G01 X17.6590Y57.0174
G01 X15.3860Y57.8307
G01 X13.0443Y58.4173
G01 X10.6563Y58.7715
G01 X8.2450Y58.8900
G01 X7.6588Y58.8612
G00 Z20.0000
G00 X7.8414Y59.2702
G01 Z20.0000
G01 X8.2450Y59.2900
G01 X10.6955Y59.1696
G01 X13.1223Y58.8096
G01 X15.5021Y58.2135
G01 X17.8121Y57.3870
G01 X20.0299Y56.3380
G01 X21.3464Y55.5490
G00 Z20.0000
G00 X21.3101Y55.8910
G01 Z20.0000
G01 X21.3105Y55.8579
G01 X21.3169Y55.7342
G01 X21.3202Y55.7062
G01 X21.3387Y55.5836
G01 X21.3446Y55.5561
G01 X21.3750Y55.4360
G01 X21.3837Y55.4091
G01 X21.4257Y55.2925
G01 X21.4369Y55.2666
G01 X21.4902Y55.1548
G01 X21.5039Y55.1301
G01 X21.5679Y55.0240
G01 X21.5839Y55.0008
G01 X21.6580Y54.9015
G01 X21.6763Y54.8800
G01 X21.7597Y54.7884
G01 X21.7800Y54.7688
G01 X21.8720Y54.6858
G01 X21.8941Y54.6682
G01 X21.9938Y54.5947
G01 X22.0175Y54.5794
G01 X22.1240Y54.5160
G01 X22.1491Y54.5031
G01 X22.2612Y54.4504
G01 X22.2874Y54.4400
G01 X22.4042Y54.3986
G01 X22.4313Y54.3909
G01 X22.5516Y54.3611
G01 X22.5794Y54.3560
G01 X22.7020Y54.3381
G01 X22.7301Y54.3358
G01 X22.8539Y54.3301
G01 X22.8821Y54.3305
G01 X23.0058Y54.3369
G01 X23.0338Y54.3402
G01 X23.1564Y54.3587
G01 X23.1839Y54.3646
G01 X23.3040Y54.3950
G01 X23.3309Y54.4037
G01 X23.4475Y54.4457
G01 X23.4734Y54.4569
G01 X23.5852Y54.5102
G01 X23.6099Y54.5239
G01 X23.7160Y54.5879
G01 X23.7392Y54.6039
G01 X23.8385Y54.6780
G01 X23.8600Y54.6963
G01 X23.9516Y54.7797
G01 X23.9712Y54.8000
G01 X24.0542Y54.8920
G01 X24.0718Y54.9141
G01 X24.1453Y55.0138
G01 X24.1606Y55.0375
G01 X24.2240Y55.1440
G01 X24.2369Y55.1691
G01 X24.2896Y55.2812
G01 X24.3000Y55.3074
G01 X24.3414Y55.4242
G01 X24.3491Y55.4513
G01 X24.3789Y55.5716
G01 X24.3840Y55.5994
G01 X24.4019Y55.7220
G01 X24.4042Y55.7501
G01 X24.4099Y55.8739
G01 X24.4095Y55.9021
G01 X24.4031Y56.0258
G01 X24.3998Y56.0538
G01 X24.3813Y56.1764
G01 X24.3754Y56.2039
G01 X24.3450Y56.3240
G01 X24.3363Y56.3509
G01 X24.2943Y56.4675
G01 X24.2831Y56.4934
G01 X24.2298Y56.6052
G01 X24.2161Y56.6299
G01 X24.1521Y56.7360
G01 X24.1361Y56.7592
G01 X24.0620Y56.8585
G01 X24.0437Y56.8800
G01 X23.9603Y56.9716
G01 X23.9400Y56.9912
G01 X23.8480Y57.0742
G01 X23.8259Y57.0918
G01 X23.7262Y57.1653
G01 X23.7025Y57.1806
G01 X23.5960Y57.2440
G01 X23.5709Y57.2569
G01 X23.4588Y57.3096
G01 X23.4326Y57.3200
G01 X23.3158Y57.3614
G01 X23.2887Y57.3691
G01 X23.1684Y57.3989
G01 X23.1406Y57.4040
G01 X23.0180Y57.4219
G01 X22.9899Y57.4242
G01 X22.8661Y57.4299
G01 X22.8379Y57.4295
G01 X22.7142Y57.4231
G01 X22.6862Y57.4198
G01 X22.5636Y57.4013
G01 X22.5361Y57.3954
G01 X22.4160Y57.3650
G01 X22.3891Y57.3563
G01 X22.2725Y57.3143
G01 X22.2466Y57.3031
G01 X22.1348Y57.2498
G01 X22.1101Y57.2361
G01 X22.0040Y57.1721
G01 X21.9808Y57.1561
G01 X21.8815Y57.0820
G01 X21.8600Y57.0637
G01 X21.7684Y56.9803
G01 X21.7488Y56.9600
G01 X21.6658Y56.8680
G01 X21.6482Y56.8459
G01 X21.5747Y56.7462
G01 X21.5594Y56.7225
G01 X21.4960Y56.6160
G01 X21.4831Y56.5909
G01 X21.4304Y56.4788
G01 X21.4200Y56.4526
G01 X21.3786Y56.3358
G01 X21.3709Y56.3087
G01 X21.3411Y56.1884
G01 X21.3360Y56.1606
G01 X21.3181Y56.0380
G01 X21.3158Y56.0099
G01 X21.3101Y55.8910
G00 Z20.0000
G00 X21.3176Y56.0321
G01 Z20.0000
G01 X20.2185Y56.6908
G01 X17.9652Y57.7565
G01 X15.6183Y58.5963
G01 X13.2003Y59.2019
G01 X10.7347Y59.5677
G01 X8.2450Y59.6900
G01 X7.8996Y59.6730
G00 Z20.0000
G00 X7.8512Y60.0707
G01 Z20.0000
G01 X8.2450Y60.0900
G01 X10.7739Y59.9658
G01 X13.2784Y59.5943
G01 X15.7344Y58.9791
G01 X18.1183Y58.1261
G01 X20.4071Y57.0436
G01 X21.4153Y56.4393
G00 Z20.0000
G00 X21.6069Y56.7902
G01 Z20.0000
G01 X20.5956Y57.3963
G01 X18.2713Y58.4956
G01 X15.8505Y59.3618
G01 X13.3564Y59.9866
G01 X10.8131Y60.3638
G01 X8.2450Y60.4900
G01 X7.6923Y60.4628
G00 Z20.0000
G00 X7.3790Y60.8475
G01 Z20.0000
G01 X8.2450Y60.8900
G01 X10.8523Y60.7619
G01 X13.4344Y60.3789
G01 X15.9666Y59.7446
G01 X18.4244Y58.8652
G01 X20.7842Y57.7491
G01 X21.8883Y57.0873
G00 Z20.0000
G00 X25.1201Y55.8910
G01 Z20.0000
G01 X25.1205Y55.8579
G01 X25.1258Y55.7501
G01 X25.1281Y55.7220
G01 X25.1460Y55.5994
G01 X25.1546Y55.5561
G01 X25.1809Y55.4513
G01 X25.1886Y55.4242
G01 X25.2300Y55.3074
G01 X25.2469Y55.2666
G01 X25.3002Y55.1548
G01 X25.3139Y55.1301
G01 X25.3694Y55.0375
G01 X25.3847Y55.0138
G01 X25.4582Y54.9141
G01 X25.4863Y54.8800
G01 X25.5629Y54.7955
G01 X25.5900Y54.7688
G01 X25.6820Y54.6858
G01 X25.7041Y54.6682
G01 X25.7826Y54.6100
G01 X25.7041Y54.5518
G01 X25.6820Y54.5342
G01 X25.5900Y54.4512
G01 X25.5697Y54.4316
G01 X25.4863Y54.3400
G01 X25.4680Y54.3185
G01 X25.3939Y54.2192
G01 X25.3779Y54.1960
G01 X25.3139Y54.0899
G01 X25.3002Y54.0652
G01 X25.2469Y53.9534
G01 X25.2357Y53.9275
G01 X25.1937Y53.8109
G01 X25.1850Y53.7840
G01 X25.1546Y53.6639
G01 X25.1487Y53.6364
G01 X25.1302Y53.5138
G01 X25.1269Y53.4858
G01 X25.1205Y53.3621
G01 X25.1201Y53.3351
G01 X25.1269Y53.1942
G01 X25.1302Y53.1662
G01 X25.1487Y53.0436
G01 X25.1546Y53.0161
G01 X25.1850Y52.8960
G01 X25.1937Y52.8691
G01 X25.2357Y52.7525
G01 X25.2469Y52.7266
G01 X25.3002Y52.6148
G01 X25.3139Y52.5901
G01 X25.3726Y52.4923
G01 X25.3939Y52.4608
G01 X25.4680Y52.3615
G01 X25.4863Y52.3400
G01 X25.5697Y52.2484
G01 X25.5900Y52.2288
G01 X25.6820Y52.1458
G01 X25.7041Y52.1282
G01 X25.8038Y52.0547
G01 X25.8275Y52.0394
G01 X25.9340Y51.9760
G01 X25.9591Y51.9631
G01 X26.0712Y51.9104
G01 X26.0974Y51.9000
G01 X26.2142Y51.8586
G01 X26.2413Y51.8509
G01 X26.3616Y51.8211
G01 X26.3894Y51.8160
G01 X26.5120Y51.7981
G01 X26.5401Y51.7958
G01 X26.6639Y51.7901
G01 X26.6921Y51.7905
G01 X26.8158Y51.7969
G01 X26.8438Y51.8002
G01 X26.9664Y51.8187
G01 X26.9939Y51.8246
G01 X27.1140Y51.8550
G01 X27.1409Y51.8637
G01 X27.2575Y51.9057
G01 X27.2834Y51.9169
G01 X27.3952Y51.9702
G01 X27.4199Y51.9839
G01 X27.5177Y52.0426
G01 X27.5492Y52.0639
G01 X27.6485Y52.1380
G01 X27.6700Y52.1563
G01 X27.7500Y52.2288
G01 X27.7703Y52.2484
G01 X27.8537Y52.3400
G01 X27.8720Y52.3615
G01 X27.9461Y52.4608
G01 X27.9706Y52.4975
G01 X28.0292Y52.5954
G01 X28.0469Y52.6291
G01 X28.0931Y52.7266
G01 X28.1043Y52.7525
G01 X28.1463Y52.8691
G01 X28.1591Y52.9113
G01 X28.1889Y53.0316
G01 X28.1940Y53.0594
G01 X28.2098Y53.1662
G01 X28.2131Y53.1942
G01 X28.2195Y53.3179
G01 X28.2195Y53.3621
G01 X28.2131Y53.4858
G01 X28.2098Y53.5138
G01 X28.1940Y53.6206
G01 X28.1854Y53.6639
G01 X28.1591Y53.7687
G01 X28.1514Y53.7958
G01 X28.1100Y53.9126
G01 X28.0931Y53.9534
G01 X28.0398Y54.0652
G01 X28.0261Y54.0899
G01 X27.9706Y54.1825
G01 X27.9461Y54.2192
G01 X27.8720Y54.3185
G01 X27.8537Y54.3400
G01 X27.7812Y54.4200
G01 X27.7500Y54.4512
G01 X27.6580Y54.5342
G01 X27.6359Y54.5518
G01 X27.5574Y54.6100
G01 X27.6359Y54.6682
G01 X27.6580Y54.6858
G01 X27.7500Y54.7688
G01 X27.7703Y54.7884
G01 X27.8537Y54.8800
G01 X27.8720Y54.9015
G01 X27.9461Y55.0008
G01 X27.9621Y55.0240
G01 X28.0261Y55.1301
G01 X28.0398Y55.1548
G01 X28.0931Y55.2666
G01 X28.1043Y55.2925
G01 X28.1463Y55.4091
G01 X28.1550Y55.4360
G01 X28.1854Y55.5561
G01 X28.1913Y55.5836
G01 X28.2098Y55.7062
G01 X28.2131Y55.7342
G01 X28.2195Y55.8579
G01 X28.2199Y55.8861
G01 X28.2131Y56.0258
G01 X28.2098Y56.0538
G01 X28.1913Y56.1764
G01 X28.1854Y56.2039
G01 X28.1550Y56.3240
G01 X28.1463Y56.3509
G01 X28.1043Y56.4675
G01 X28.0931Y56.4934
G01 X28.0398Y56.6052
G01 X28.0261Y56.6299
G01 X27.9674Y56.7277
G01 X27.9461Y56.7592
G01 X27.8818Y56.8459
G01 X27.8537Y56.8800
G01 X27.7812Y56.9600
G01 X27.7616Y56.9803
G01 X27.6700Y57.0637
G01 X27.6485Y57.0820
G01 X27.5362Y57.1653
G01 X27.5125Y57.1806
G01 X27.4199Y57.2361
G01 X27.3865Y57.2542
G01 X27.2834Y57.3031
G01 X27.2426Y57.3200
G01 X27.1409Y57.3563
G01 X27.1140Y57.3650
G01 X26.9784Y57.3989
G01 X26.9506Y57.4040
G01 X26.8280Y57.4219
G01 X26.7999Y57.4242
G01 X26.6921Y57.4295
G01 X26.6541Y57.4297
G01 X26.5401Y57.4242
G01 X26.4962Y57.4198
G01 X26.3894Y57.4040
G01 X26.3616Y57.3989
G01 X26.2260Y57.3650
G01 X26.1991Y57.3563
G01 X26.0974Y57.3200
G01 X26.0566Y57.3031
G01 X25.9591Y57.2569
G01 X25.9340Y57.2440
G01 X25.8275Y57.1806
G01 X25.8038Y57.1653
G01 X25.6915Y57.0820
G01 X25.6700Y57.0637
G01 X25.5900Y56.9912
G01 X25.5629Y56.9645
G01 X25.4863Y56.8800
G01 X25.4582Y56.8459
G01 X25.3939Y56.7592
G01 X25.3779Y56.7360
G01 X25.3139Y56.6299
G01 X25.3002Y56.6052
G01 X25.2404Y56.4788
G01 X25.2300Y56.4526
G01 X25.1937Y56.3509
G01 X25.1809Y56.3087
G01 X25.1532Y56.1980
G01 X25.1460Y56.1606
G01 X25.1302Y56.0538
G01 X25.1269Y56.0258
G01 X25.1201Y55.8910
G00 Z20.0000
G00 X33.5786Y59.5833
G01 Z20.0000
G01 X35.9188Y57.0013
G01 X38.0116Y54.1794
G01 X38.7887Y52.8829
G00 Z20.0000
G00 X39.3306Y52.7560
G01 Z20.0000
G01 X38.3442Y54.4016
G01 X36.2280Y57.2550
G01 X34.2746Y59.4103
G00 Z20.0000
G00 X22.6992Y41.5735
G01 Z20.0000
G01 X22.5322Y41.9266
G01 X21.7148Y43.2902
G01 X20.7678Y44.5672
G01 X19.7002Y45.7451
G01 X18.5222Y46.8128
G01 X17.2453Y47.7598
G01 X15.8817Y48.5771
G01 X14.4445Y49.2568
G01 X12.9476Y49.7924
G01 X11.4055Y50.1787
G01 X9.8329Y50.4120
G01 X8.2450Y50.4900
G01 X7.8642Y50.4713
G00 Z20.0000
G00 X7.7140Y50.0639
G01 Z20.0000
G01 X8.2450Y50.0900
G01 X9.7937Y50.0139
G01 X11.3275Y49.7864
G01 X12.8315Y49.4097
G01 X14.2914Y48.8873
G01 X15.6931Y48.2244
G01 X17.0230Y47.4272
G01 X18.2684Y46.5036
G01 X19.4173Y45.4623
G01 X20.4586Y44.3134
G01 X21.3823Y43.0680
G01 X22.0048Y42.0293
G00 Z20.0000
G00 X21.5048Y42.0864
G01 Z20.0000
G01 X21.0497Y42.8458
G01 X20.1494Y44.0597
G01 X19.1345Y45.1794
G01 X18.0147Y46.1944
G01 X16.8008Y47.0946
G01 X15.5045Y47.8716
G01 X14.1384Y48.5177
G01 X12.7154Y49.0269
G01 X11.2494Y49.3941
G01 X9.7545Y49.6158
G01 X8.2450Y49.6900
G01 X7.3848Y49.6477
G01 X7.5380Y49.2553
G01 X8.2450Y49.2900
G01 X9.7153Y49.2178
G01 X11.1714Y49.0018
G01 X12.5993Y48.6441
G01 X13.9853Y48.1482
G01 X15.3160Y47.5188
G01 X16.5786Y46.7620
G01 X17.7609Y45.8852
G01 X18.8516Y44.8966
G01 X19.8402Y43.8059
G01 X20.7171Y42.6236
G01 X21.0908Y42.0001
G00 Z20.0000
G00 X20.7379Y41.8118
G01 Z20.0000
G01 X20.3845Y42.4013
G01 X19.5310Y43.5521
G01 X18.5688Y44.6138
G01 X17.5072Y45.5760
G01 X16.3564Y46.4295
G01 X15.1274Y47.1661
G01 X13.8322Y47.7786
G01 X12.4832Y48.2613
G01 X11.0933Y48.6095
G01 X9.6761Y48.8197
G01 X8.2450Y48.8900
G01 X7.7760Y48.8670
G00 Z20.0000
G00 X7.8841Y48.4723
G01 Z20.0000
G01 X8.2450Y48.4900
G01 X9.6369Y48.4216
G01 X11.0153Y48.2172
G01 X12.3671Y47.8786
G01 X13.6791Y47.4091
G01 X14.9389Y46.8133
G01 X16.1341Y46.0969
G01 X17.2534Y45.2667
G01 X18.2859Y44.3309
G01 X19.2218Y43.2984
G01 X20.0519Y42.1791
G01 X20.4433Y41.5260
G00 Z20.0000
G00 X20.2222Y41.1178
G01 Z20.0000
G01 X19.7193Y41.9569
G01 X18.9126Y43.0446
G01 X18.0031Y44.0481
G01 X16.9997Y44.9575
G01 X15.9119Y45.7643
G01 X14.7503Y46.4605
G01 X13.5261Y47.0395
G01 X12.2510Y47.4958
G01 X10.9373Y47.8248
G01 X9.5977Y48.0235
G01 X8.2450Y48.0900
G01 X7.8878Y48.0725
G00 Z20.0000
G00 X7.7821Y47.6673
G01 Z20.0000
G01 X8.2450Y47.6900
G01 X9.5585Y47.6255
G01 X10.8592Y47.4325
G01 X12.1348Y47.1130
G01 X13.3730Y46.6700
G01 X14.5617Y46.1077
G01 X15.6897Y45.4317
G01 X16.7459Y44.6483
G01 X17.7203Y43.7652
G01 X18.6034Y42.7909
G01 X19.3867Y41.7346
G01 X20.0628Y40.6067
G01 X20.1611Y40.3987
G00 Z20.0000
G00 X20.1401Y40.6510
G01 Z20.0000
G01 X20.1405Y40.6179
G01 X20.1465Y40.5040
G01 X20.1497Y40.4760
G01 X20.1667Y40.3632
G01 X20.1727Y40.3356
G01 X20.2007Y40.2250
G01 X20.2094Y40.1981
G01 X20.2481Y40.0908
G01 X20.2593Y40.0649
G01 X20.3084Y39.9619
G01 X20.3221Y39.9373
G01 X20.3810Y39.8396
G01 X20.3971Y39.8164
G01 X20.4653Y39.7249
G01 X20.4836Y39.7034
G01 X20.5604Y39.6191
G01 X20.5807Y39.5995
G01 X20.6654Y39.5231
G01 X20.6875Y39.5055
G01 X20.7794Y39.4378
G01 X20.8031Y39.4226
G01 X20.9011Y39.3642
G01 X20.9262Y39.3513
G01 X21.0295Y39.3028
G01 X21.0557Y39.2924
G01 X21.1632Y39.2543
G01 X21.1904Y39.2465
G01 X21.3011Y39.2191
G01 X21.3289Y39.2141
G01 X21.4418Y39.1977
G01 X21.4699Y39.1954
G01 X21.5839Y39.1901
G01 X21.6121Y39.1905
G01 X21.7260Y39.1965
G01 X21.7540Y39.1997
G01 X21.8668Y39.2167
G01 X21.8944Y39.2227
G01 X22.0050Y39.2507
G01 X22.0319Y39.2594
G01 X22.1392Y39.2981
G01 X22.1651Y39.3093
G01 X22.2681Y39.3584
G01 X22.2927Y39.3721
G01 X22.3904Y39.4310
G01 X22.4136Y39.4471
G01 X22.5051Y39.5153
G01 X22.5266Y39.5336
G01 X22.6109Y39.6104
G01 X22.6305Y39.6307
G01 X22.7069Y39.7154
G01 X22.7245Y39.7375
G01 X22.7922Y39.8294
G01 X22.8074Y39.8531
G01 X22.8658Y39.9511
G01 X22.8787Y39.9762
G01 X22.9272Y40.0795
G01 X22.9376Y40.1057
G01 X22.9757Y40.2132
G01 X22.9835Y40.2404
G01 X23.0109Y40.3511
G01 X23.0159Y40.3789
G01 X23.0323Y40.4918
G01 X23.0346Y40.5199
G01 X23.0399Y40.6339
G01 X23.0395Y40.6621
G01 X23.0335Y40.7760
G01 X23.0303Y40.8040
G01 X23.0133Y40.9168
G01 X23.0073Y40.9444
G01 X22.9793Y41.0550
G01 X22.9706Y41.0819
G01 X22.9319Y41.1892
G01 X22.9207Y41.2151
G01 X22.8716Y41.3181
G01 X22.8579Y41.3427
G01 X22.7990Y41.4404
G01 X22.7829Y41.4636
G01 X22.7147Y41.5551
G01 X22.6964Y41.5766
G01 X22.6196Y41.6609
G01 X22.5993Y41.6805
G01 X22.5146Y41.7569
G01 X22.4925Y41.7745
G01 X22.4006Y41.8422
G01 X22.3769Y41.8574
G01 X22.2789Y41.9158
G01 X22.2538Y41.9287
G01 X22.1505Y41.9772
G01 X22.1243Y41.9876
G01 X22.0168Y42.0257
G01 X21.9896Y42.0335
G01 X21.8789Y42.0609
G01 X21.8511Y42.0659
G01 X21.7382Y42.0823
G01 X21.7101Y42.0846
G01 X21.5961Y42.0899
G01 X21.5679Y42.0895
G01 X21.4540Y42.0835
G01 X21.4260Y42.0803
G01 X21.3132Y42.0633
G01 X21.2856Y42.0573
G01 X21.1750Y42.0293
G01 X21.1481Y42.0206
G01 X21.0408Y41.9819
G01 X21.0149Y41.9707
G01 X20.9119Y41.9216
G01 X20.8873Y41.9079
G01 X20.7896Y41.8490
G01 X20.7664Y41.8329
G01 X20.6749Y41.7647
G01 X20.6534Y41.7464
G01 X20.5691Y41.6696
G01 X20.5495Y41.6493
G01 X20.4731Y41.5646
G01 X20.4555Y41.5425
G01 X20.3878Y41.4506
G01 X20.3726Y41.4269
G01 X20.3142Y41.3289
G01 X20.3013Y41.3038
G01 X20.2528Y41.2005
G01 X20.2424Y41.1743
G01 X20.2043Y41.0668
G01 X20.1965Y41.0396
G01 X20.1691Y40.9289
G01 X20.1641Y40.9011
G01 X20.1477Y40.7882
G01 X20.1454Y40.7601
G01 X20.1401Y40.6510
G00 Z20.0000
G00 X30.7855Y33.0772
G01 Z20.0000
G01 X30.7362Y32.0748
G01 X30.4108Y29.8810
G01 X29.8719Y27.7296
G01 X29.1247Y25.6414
G01 X28.1765Y23.6364
G01 X27.0362Y21.7341
G01 X26.1193Y20.4978
G00 Z20.0000
G00 X26.6921Y20.5995
G01 Z20.0000
G01 X27.3688Y21.5119
G01 X28.5292Y23.4479
G01 X29.4943Y25.4883
G01 X30.2547Y27.6135
G01 X30.8031Y29.8029
G01 X31.1343Y32.0356
G01 X31.1743Y32.8512
G00 Z20.0000
G00 X31.5694Y32.7512
G01 Z20.0000
G01 X31.5324Y31.9964
G01 X31.1954Y29.7249
G01 X30.6374Y27.4973
G01 X29.8638Y25.3352
G01 X28.8820Y23.2593
G01 X27.7014Y21.2897
G01 X27.1364Y20.5279
G00 Z20.0000
G00 X27.5055Y20.3548
G01 Z20.0000
G01 X28.0340Y21.0674
G01 X29.2348Y23.0708
G01 X30.2334Y25.1821
G01 X31.0202Y27.3812
G01 X31.5877Y29.6469
G01 X31.9304Y31.9572
G01 X31.9697Y32.7570
G00 Z20.0000
G00 X32.3754Y32.8726
G01 Z20.0000
G01 X32.3285Y31.9180
G01 X31.9800Y29.5688
G01 X31.4030Y27.2651
G01 X30.6029Y25.0291
G01 X29.5875Y22.8822
G01 X28.3666Y20.8452
G01 X27.8115Y20.0967
G00 Z20.0000
G00 X28.5833Y20.4668
G01 Z20.0000
G01 X28.6992Y20.6230
G01 X29.9403Y22.6936
G01 X30.9725Y24.8760
G01 X31.7858Y27.1490
G01 X32.3723Y29.4908
G01 X32.7266Y31.8788
G01 X32.7886Y33.1412
G01 X33.1913Y33.1968
G01 X33.1246Y31.8396
G01 X32.7647Y29.4127
G01 X32.1685Y27.0329
G01 X31.3420Y24.7229
G01 X30.2931Y22.5051
G01 X29.1498Y20.5976
G00 Z20.0000
G00 X29.5881Y20.5518
G01 Z20.0000
G01 X30.6458Y22.3165
G01 X31.7116Y24.5698
G01 X32.5513Y26.9168
G01 X33.1570Y29.3347
G01 X33.5227Y31.8004
G01 X33.5774Y32.9139
G00 Z20.0000
G00 X33.9705Y32.7736
G01 Z20.0000
G01 X33.9208Y31.7612
G01 X33.5493Y29.2567
G01 X32.9341Y26.8007
G01 X32.0811Y24.4168
G01 X30.9986Y22.1280
G01 X29.9648Y20.4032
G00 Z20.0000
G00 X30.2871Y20.1639
G01 Z20.0000
G01 X31.3514Y21.9394
G01 X32.4507Y24.2637
G01 X33.3169Y26.6845
G01 X33.9416Y29.1786
G01 X34.3189Y31.7220
G01 X34.3690Y32.7433
G00 Z20.0000
G00 X34.7727Y32.8179
G01 Z20.0000
G01 X34.7169Y31.6827
G01 X34.3339Y29.1006
G01 X33.6996Y26.5684
G01 X32.8202Y24.1106
G01 X31.7041Y21.7508
G01 X30.8336Y20.2985
G00 Z20.0000
G00 X31.4640Y20.5731
G01 Z20.0000
G01 X32.0569Y21.5623
G01 X33.1898Y23.9575
G01 X34.0824Y26.4523
G01 X34.7262Y29.0226
G01 X35.1150Y31.6435
G01 X35.1828Y33.0241
G00 Z20.0000
G00 X35.5989Y33.3502
G01 Z20.0000
G01 X35.5131Y31.6043
G01 X35.1185Y28.9445
G01 X34.4652Y26.3362
G01 X33.5593Y23.8045
G01 X32.4097Y21.3737
G01 X31.9385Y20.5877
G00 Z20.0000
G00 X32.3414Y20.4827
G01 Z20.0000
G01 X32.7624Y21.1852
G01 X33.9289Y23.6514
G01 X34.8480Y26.2201
G01 X35.5109Y28.8665
G01 X35.9112Y31.5651
G01 X35.9813Y32.9932
G00 Z20.0000
G00 X36.3723Y32.8092
G01 Z20.0000
G01 X36.3092Y31.5259
G01 X35.9032Y28.7885
G01 X35.2307Y26.1040
G01 X34.2984Y23.4983
G01 X33.1152Y20.9966
G01 X32.6874Y20.2829
G00 Z20.0000
G00 X32.9791Y19.9925
G01 Z20.0000
G01 X33.4680Y20.8081
G01 X34.6680Y23.3453
G01 X35.3051Y25.1258
G00 Z20.0000
G00 X35.5273Y24.5610
G01 Z20.0000
G01 X35.0375Y23.1922
G01 X33.8207Y20.6195
G01 X33.7501Y20.5017
G00 Z20.0000
G00 X34.2529Y20.5987
G01 Z20.0000
G01 X35.2835Y22.7778
G00 Z20.0000
G00 X35.2801Y22.8711
G01 Z20.0000
G01 X35.2804Y22.8410
G01 X35.2858Y22.7301
G01 X35.2902Y22.6862
G01 X35.3060Y22.5794
G01 X35.3111Y22.5516
G01 X35.3409Y22.4313
G01 X35.3486Y22.4042
G01 X35.3957Y22.2725
G01 X35.4069Y22.2466
G01 X35.4531Y22.1491
G01 X35.4708Y22.1154
G01 X35.5294Y22.0175
G01 X35.5539Y21.9808
G01 X35.6182Y21.8941
G01 X35.6358Y21.8720
G01 X35.7188Y21.7800
G01 X35.7384Y21.7597
G01 X35.8420Y21.6658
G01 X35.8641Y21.6482
G01 X35.9508Y21.5839
G01 X35.9823Y21.5626
G01 X36.0801Y21.5039
G01 X36.1191Y21.4831
G01 X36.2166Y21.4369
G01 X36.2425Y21.4257
G01 X36.3591Y21.3837
G01 X36.3860Y21.3750
G01 X36.5216Y21.3411
G01 X36.5494Y21.3360
G01 X36.6562Y21.3202
G01 X36.6940Y21.3162
G01 X36.8079Y21.3105
G01 X36.8521Y21.3105
G01 X36.9599Y21.3158
G01 X36.9880Y21.3181
G01 X37.1264Y21.3387
G01 X37.1539Y21.3446
G01 X37.2740Y21.3750
G01 X37.3009Y21.3837
G01 X37.4026Y21.4200
G01 X37.4378Y21.4344
G01 X37.5409Y21.4831
G01 X37.5799Y21.5039
G01 X37.6725Y21.5594
G01 X37.6962Y21.5747
G01 X37.8085Y21.6580
G01 X37.8300Y21.6763
G01 X37.9216Y21.7597
G01 X37.9412Y21.7800
G01 X38.0137Y21.8600
G01 X38.0418Y21.8941
G01 X38.1061Y21.9808
G01 X38.1274Y22.0123
G01 X38.1861Y22.1101
G01 X38.1998Y22.1348
G01 X38.2531Y22.2466
G01 X38.2643Y22.2725
G01 X38.3063Y22.3891
G01 X38.3150Y22.4160
G01 X38.3454Y22.5361
G01 X38.3513Y22.5636
G01 X38.3698Y22.6862
G01 X38.3731Y22.7142
G01 X38.3795Y22.8379
G01 X38.3799Y22.8661
G01 X38.3742Y22.9899
G01 X38.3719Y23.0180
G01 X38.3513Y23.1564
G01 X38.3454Y23.1839
G01 X38.3150Y23.3040
G01 X38.3063Y23.3309
G01 X38.2643Y23.4475
G01 X38.2531Y23.4734
G01 X38.1998Y23.5852
G01 X38.1861Y23.6099
G01 X38.1221Y23.7160
G01 X38.1061Y23.7392
G01 X38.0320Y23.8385
G01 X38.0137Y23.8600
G01 X37.9303Y23.9516
G01 X37.9100Y23.9712
G01 X37.8180Y24.0542
G01 X37.7959Y24.0718
G01 X37.7174Y24.1300
G01 X37.7959Y24.1882
G01 X37.8180Y24.2058
G01 X37.9100Y24.2888
G01 X37.9412Y24.3200
G01 X38.0137Y24.4000
G01 X38.0320Y24.4215
G01 X38.1061Y24.5208
G01 X38.1306Y24.5575
G01 X38.1940Y24.6640
G01 X38.2069Y24.6891
G01 X38.2531Y24.7866
G01 X38.2700Y24.8274
G01 X38.3114Y24.9442
G01 X38.3191Y24.9713
G01 X38.3454Y25.0761
G01 X38.3540Y25.1194
G01 X38.3719Y25.2420
G01 X38.3742Y25.2701
G01 X38.3795Y25.3779
G01 X38.3795Y25.4221
G01 X38.3731Y25.5458
G01 X38.3698Y25.5738
G01 X38.3540Y25.6806
G01 X38.3489Y25.7084
G01 X38.3191Y25.8287
G01 X38.3063Y25.8709
G01 X38.2700Y25.9726
G01 X38.2596Y25.9988
G01 X38.2069Y26.1109
G01 X38.1892Y26.1446
G01 X38.1306Y26.2425
G01 X38.1061Y26.2792
G01 X38.0320Y26.3785
G01 X38.0137Y26.4000
G01 X37.9303Y26.4916
G01 X37.9100Y26.5112
G01 X37.8300Y26.5837
G01 X37.8085Y26.6020
G01 X37.7092Y26.6761
G01 X37.6777Y26.6974
G01 X37.5799Y26.7561
G01 X37.5552Y26.7698
G01 X37.4434Y26.8231
G01 X37.4175Y26.8343
G01 X37.3009Y26.8763
G01 X37.2740Y26.8850
G01 X37.1539Y26.9154
G01 X37.1264Y26.9213
G01 X37.0038Y26.9398
G01 X36.9758Y26.9431
G01 X36.8521Y26.9495
G01 X36.8239Y26.9499
G01 X36.7001Y26.9442
G01 X36.6720Y26.9419
G01 X36.5494Y26.9240
G01 X36.5216Y26.9189
G01 X36.4013Y26.8891
G01 X36.3742Y26.8814
G01 X36.2574Y26.8400
G01 X36.2312Y26.8296
G01 X36.1191Y26.7769
G01 X36.0940Y26.7640
G01 X35.9875Y26.7006
G01 X35.9638Y26.6853
G01 X35.8641Y26.6118
G01 X35.8420Y26.5942
G01 X35.7500Y26.5112
G01 X35.7297Y26.4916
G01 X35.6463Y26.4000
G01 X35.6280Y26.3785
G01 X35.5539Y26.2792
G01 X35.5326Y26.2477
G01 X35.4739Y26.1499
G01 X35.4602Y26.1252
G01 X35.4069Y26.0134
G01 X35.3957Y25.9875
G01 X35.3537Y25.8709
G01 X35.3450Y25.8440
G01 X35.3146Y25.7239
G01 X35.3087Y25.6964
G01 X35.2902Y25.5738
G01 X35.2869Y25.5458
G01 X35.2805Y25.4221
G01 X35.2801Y25.3951
G01 X35.2869Y25.2542
G01 X35.2902Y25.2262
G01 X35.3087Y25.1036
G01 X35.3146Y25.0761
G01 X35.3450Y24.9560
G01 X35.3537Y24.9291
G01 X35.3957Y24.8125
G01 X35.4069Y24.7866
G01 X35.4602Y24.6748
G01 X35.4739Y24.6501
G01 X35.5379Y24.5440
G01 X35.5539Y24.5208
G01 X35.6280Y24.4215
G01 X35.6463Y24.4000
G01 X35.7297Y24.3084
G01 X35.7500Y24.2888
G01 X35.8420Y24.2058
G01 X35.8641Y24.1882
G01 X35.9426Y24.1300
G01 X35.8641Y24.0718
G01 X35.8420Y24.0542
G01 X35.7500Y23.9712
G01 X35.7229Y23.9445
G01 X35.6463Y23.8600
G01 X35.6182Y23.8259
G01 X35.5447Y23.7262
G01 X35.5294Y23.7025
G01 X35.4739Y23.6099
G01 X35.4602Y23.5852
G01 X35.4069Y23.4734
G01 X35.3957Y23.4475
G01 X35.3537Y23.3309
G01 X35.3409Y23.2887
G01 X35.3146Y23.1839
G01 X35.3087Y23.1564
G01 X35.2902Y23.0338
G01 X35.2862Y22.9960
G01 X35.2801Y22.8711
G00 Z20.0000
G00 X35.4406Y22.1755
G01 Z20.0000
G01 X34.6722Y20.5508
G00 Z20.0000
G00 X35.0444Y20.4034
G01 Z20.0000
G01 X35.7035Y21.7969
G00 Z20.0000
G00 X36.0230Y21.5381
G01 Z20.0000
G01 X35.3713Y20.1601
G01 X35.8597Y20.2584
G01 X36.3876Y21.3746
G00 Z20.0000
G00 X36.7995Y21.3110
G01 Z20.0000
G01 X36.4389Y20.5486
G00 Z20.0000
G00 X36.9037Y20.5969
G01 Z20.0000
G01 X37.2714Y21.3743
G00 Z20.0000
G00 X35.7358Y23.9577
G01 Z20.0000
G01 X35.8287Y24.2174
G00 Z20.0000
G00 X35.7430Y26.5047
G01 Z20.0000
G01 X36.2955Y28.7104
G01 X36.7073Y31.4867
G01 X36.7690Y32.7425
G00 Z20.0000
G00 X37.1708Y32.7788
G01 Z20.0000
G01 X37.1054Y31.4475
G01 X36.6878Y28.6324
G01 X36.2368Y26.8319
G00 Z20.0000
G00 X36.6763Y26.9423
G01 Z20.0000
G01 X37.0801Y28.5543
G01 X37.5035Y31.4083
G01 X37.5784Y32.9330
G00 Z20.0000
G00 X47.9726Y32.8148
G01 Z20.0000
G01 X47.9867Y33.1033
G01 X48.3934Y33.2380
G01 X48.3454Y32.2624
G00 Z20.0000
G00 X48.3533Y16.7722
G01 Z20.0000
G01 X46.8732Y13.6428
G01 X44.6634Y9.9560
G01 X44.6010Y9.8719
G00 Z20.0000
G00 X44.5691Y10.5757
G01 Z20.0000
G01 X46.5204Y13.8314
G01 X47.7492Y16.4295
G00 Z20.0000
G00 X47.2218Y16.2488
G01 Z20.0000
G01 X46.1676Y14.0199
G01 X44.3590Y11.0024
G00 Z20.0000
G00 X44.0726Y11.3017
G01 Z20.0000
G01 X44.2264Y11.5583
G00 Z20.0000
G00 X44.6802Y12.3154
G01 Z20.0000
G01 X45.8149Y14.2085
G01 X46.7784Y16.2458
G00 Z20.0000
G00 X46.3869Y16.3523
G01 Z20.0000
G01 X45.4621Y14.3971
G01 X44.6788Y13.0902
G00 Z20.0000
G00 X44.4823Y13.5395
G01 Z20.0000
G01 X45.1093Y14.5856
G01 X46.0411Y16.5556
G00 Z20.0000
G00 X45.7435Y16.8609
G01 Z20.0000
G01 X44.7566Y14.7742
G01 X44.2078Y13.8586
G00 Z20.0000
G00 X43.8769Y14.0836
G01 Z20.0000
G01 X44.4038Y14.9627
G01 X45.0632Y16.3569
G00 Z20.0000
G00 X44.5636Y16.2350
G01 Z20.0000
G01 X44.0510Y15.1513
G01 X43.4918Y14.2182
G00 Z20.0000
G00 X43.0412Y14.2436
G01 Z20.0000
G01 X43.6983Y15.3399
G01 X44.1347Y16.2626
G00 Z20.0000
G00 X43.7555Y16.3953
G01 Z20.0000
G01 X43.3455Y15.5284
G01 X42.4780Y14.0812
G00 Z20.0000
G00 X41.6301Y12.7111
G01 Z20.0000
G01 X41.6305Y12.6779
G01 X41.6358Y12.5701
G01 X41.6381Y12.5420
G01 X41.6560Y12.4194
G01 X41.6646Y12.3761
G01 X41.6950Y12.2559
G01 X41.7037Y12.2291
G01 X41.7400Y12.1274
G01 X41.7569Y12.0866
G01 X41.8031Y11.9891
G01 X41.8160Y11.9640
G01 X41.8879Y11.8440
G01 X41.9039Y11.8208
G01 X41.9682Y11.7341
G01 X41.9963Y11.7000
G01 X42.0797Y11.6084
G01 X42.1000Y11.5888
G01 X42.1800Y11.5163
G01 X42.2092Y11.4920
G01 X42.3138Y11.4147
G01 X42.3375Y11.3994
G01 X42.3838Y11.3717
G01 X42.3564Y11.3529
G01 X42.2649Y11.2847
G01 X42.2434Y11.2664
G01 X42.1591Y11.1896
G01 X42.1395Y11.1693
G01 X42.0631Y11.0846
G01 X42.0455Y11.0625
G01 X41.9778Y10.9706
G01 X41.9626Y10.9469
G01 X41.9042Y10.8489
G01 X41.8913Y10.8238
G01 X41.8428Y10.7205
G01 X41.8324Y10.6943
G01 X41.7943Y10.5868
G01 X41.7865Y10.5596
G01 X41.7591Y10.4489
G01 X41.7541Y10.4211
G01 X41.7377Y10.3082
G01 X41.7354Y10.2801
G01 X41.7301Y10.1649
G01 X41.7305Y10.1379
G01 X41.7365Y10.0240
G01 X41.7397Y9.9960
G01 X41.7567Y9.8831
G01 X41.7627Y9.8556
G01 X41.7907Y9.7450
G01 X41.7994Y9.7181
G01 X41.8381Y9.6108
G01 X41.8493Y9.5849
G01 X41.8984Y9.4819
G01 X41.9121Y9.4573
G01 X41.9658Y9.3679
G01 X41.9871Y9.3364
G01 X42.0553Y9.2449
G01 X42.0736Y9.2234
G01 X42.1504Y9.1391
G01 X42.1707Y9.1195
G01 X42.2554Y9.0431
G01 X42.2775Y9.0255
G01 X42.3694Y8.9578
G01 X42.3931Y8.9426
G01 X42.4911Y8.8842
G01 X42.5162Y8.8713
G01 X42.6195Y8.8228
G01 X42.6457Y8.8124
G01 X42.7532Y8.7743
G01 X42.7804Y8.7665
G01 X42.8911Y8.7391
G01 X42.9189Y8.7341
G01 X43.0318Y8.7177
G01 X43.0599Y8.7154
G01 X43.1739Y8.7101
G01 X43.2021Y8.7105
G01 X43.3160Y8.7165
G01 X43.3440Y8.7197
G01 X43.4569Y8.7367
G01 X43.4844Y8.7427
G01 X43.5950Y8.7707
G01 X43.6219Y8.7794
G01 X43.7292Y8.8181
G01 X43.7551Y8.8293
G01 X43.8581Y8.8784
G01 X43.8827Y8.8921
G01 X43.9721Y8.9458
G01 X44.0036Y8.9671
G01 X44.0951Y9.0353
G01 X44.1166Y9.0536
G01 X44.1893Y9.1195
G01 X44.2096Y9.1391
G01 X44.2864Y9.2234
G01 X44.3047Y9.2449
G01 X44.3729Y9.3364
G01 X44.3974Y9.3731
G01 X44.4558Y9.4711
G01 X44.4687Y9.4962
G01 X44.5107Y9.5849
G01 X44.5254Y9.6200
G01 X44.5606Y9.7181
G01 X44.5735Y9.7604
G01 X44.6009Y9.8711
G01 X44.6059Y9.8989
G01 X44.6223Y10.0118
G01 X44.6246Y10.0399
G01 X44.6295Y10.1379
G01 X44.6295Y10.1821
G01 X44.6246Y10.2801
G01 X44.6223Y10.3082
G01 X44.6033Y10.4369
G01 X44.5973Y10.4644
G01 X44.5735Y10.5596
G01 X44.5606Y10.6019
G01 X44.5276Y10.6943
G01 X44.5172Y10.7205
G01 X44.4687Y10.8238
G01 X44.4479Y10.8627
G01 X44.3890Y10.9604
G01 X44.3729Y10.9836
G01 X44.3145Y11.0625
G01 X44.2864Y11.0966
G01 X44.2096Y11.1809
G01 X44.1893Y11.2005
G01 X44.1166Y11.2664
G01 X44.0825Y11.2945
G01 X44.0036Y11.3529
G01 X43.9762Y11.3717
G01 X44.0225Y11.3994
G01 X44.0462Y11.4147
G01 X44.1508Y11.4920
G01 X44.1800Y11.5163
G01 X44.2645Y11.5929
G01 X44.2912Y11.6200
G01 X44.3742Y11.7120
G01 X44.3918Y11.7341
G01 X44.4597Y11.8258
G01 X44.4806Y11.8575
G01 X44.5440Y11.9640
G01 X44.5569Y11.9891
G01 X44.6096Y12.1012
G01 X44.6200Y12.1274
G01 X44.6614Y12.2442
G01 X44.6691Y12.2713
G01 X44.6968Y12.3820
G01 X44.7040Y12.4194
G01 X44.7219Y12.5420
G01 X44.7242Y12.5701
G01 X44.7299Y12.6939
G01 X44.7295Y12.7221
G01 X44.7231Y12.8458
G01 X44.7198Y12.8738
G01 X44.7013Y12.9964
G01 X44.6954Y13.0239
G01 X44.6650Y13.1441
G01 X44.6563Y13.1709
G01 X44.6143Y13.2875
G01 X44.6031Y13.3134
G01 X44.5498Y13.4252
G01 X44.5361Y13.4499
G01 X44.4774Y13.5477
G01 X44.4561Y13.5792
G01 X44.3918Y13.6659
G01 X44.3637Y13.7000
G01 X44.2912Y13.7800
G01 X44.2716Y13.8003
G01 X44.1800Y13.8837
G01 X44.1585Y13.9020
G01 X44.0462Y13.9853
G01 X44.0225Y14.0006
G01 X43.9299Y14.0561
G01 X43.8909Y14.0769
G01 X43.7878Y14.1256
G01 X43.7526Y14.1400
G01 X43.6509Y14.1763
G01 X43.6240Y14.1850
G01 X43.4884Y14.2189
G01 X43.4606Y14.2240
G01 X43.3380Y14.2419
G01 X43.3099Y14.2442
G01 X43.2021Y14.2495
G01 X43.1641Y14.2497
G01 X43.0501Y14.2442
G01 X43.0062Y14.2398
G01 X42.8994Y14.2240
G01 X42.8716Y14.2189
G01 X42.7360Y14.1850
G01 X42.7091Y14.1763
G01 X42.6074Y14.1400
G01 X42.5666Y14.1231
G01 X42.4691Y14.0769
G01 X42.4440Y14.0640
G01 X42.3375Y14.0006
G01 X42.3138Y13.9853
G01 X42.2015Y13.9020
G01 X42.1800Y13.8837
G01 X42.1000Y13.8112
G01 X42.0729Y13.7845
G01 X41.9963Y13.7000
G01 X41.9682Y13.6659
G01 X41.9039Y13.5792
G01 X41.8879Y13.5560
G01 X41.8160Y13.4360
G01 X41.8031Y13.4109
G01 X41.7504Y13.2988
G01 X41.7400Y13.2726
G01 X41.7037Y13.1709
G01 X41.6909Y13.1287
G01 X41.6632Y13.0180
G01 X41.6560Y12.9806
G01 X41.6402Y12.8738
G01 X41.6369Y12.8458
G01 X41.6301Y12.7111
G00 Z20.0000
G00 X41.6310Y12.6680
G01 Z20.0000
G01 X41.3375Y12.1783
G01 X39.0108Y9.0411
G01 X36.8254Y6.6299
G00 Z20.0000
G00 X37.2986Y6.5571
G01 Z20.0000
G01 X39.3201Y8.7874
G01 X41.6701Y11.9561
G01 X41.7532Y12.0948
G00 Z20.0000
G00 X41.9862Y11.7116
G01 Z20.0000
G01 X39.6293Y8.5336
G01 X37.6759Y6.3785
G00 Z20.0000
G00 X37.9792Y6.1182
G01 Z20.0000
G01 X39.9385Y8.2799
G01 X42.2811Y11.4386
G00 Z20.0000
G00 X41.7358Y10.0327
G01 Z20.0000
G01 X40.2477Y8.0261
G01 X38.9224Y6.5639
G00 Z20.0000
G00 X39.5152Y6.6231
G01 Z20.0000
G01 X40.5569Y7.7724
G01 X41.8695Y9.5422
G00 Z20.0000
G00 X42.1048Y9.1889
G01 Z20.0000
G01 X40.8661Y7.5186
G01 X39.9562Y6.5148
G00 Z20.0000
G00 X40.3104Y6.3106
G01 Z20.0000
G01 X41.1753Y7.2648
G01 X42.4114Y8.9316
G00 Z20.0000
G00 X42.7855Y8.7653
G01 Z20.0000
G01 X41.4845Y7.0111
G01 X40.5943Y6.0290
G00 Z20.0000
G00 X41.6586Y6.6083
G01 Z20.0000
G01 X41.7937Y6.7573
G01 X43.2438Y8.7126
G00 Z20.0000
G00 X43.8682Y8.8838
G01 Z20.0000
G01 X42.1787Y6.6058
G00 Z20.0000
G00 X42.5800Y6.4763
G01 Z20.0000
G01 X44.9960Y9.7338
G01 X47.2260Y13.4543
G01 X48.6639Y16.4946
G00 Z20.0000
G00 X49.0219Y16.3170
G01 Z20.0000
G01 X47.5787Y13.2657
G01 X45.3286Y9.5116
G01 X42.9159Y6.2584
G01 X43.3461Y6.1679
G01 X45.6612Y9.2893
G01 X47.9315Y13.0771
G01 X49.4249Y16.2346
G00 Z20.0000
G00 X49.8846Y16.2723
G01 Z20.0000
G01 X48.2843Y12.8886
G01 X45.9938Y9.0671
G01 X44.1667Y6.6036
G00 Z20.0000
G00 X44.6709Y6.6128
G01 Z20.0000
G01 X46.3263Y8.8449
G01 X48.6370Y12.7000
G01 X50.4507Y16.5347
G01 X50.9600Y16.6987
G01 X50.9283Y16.6100
G01 X48.9898Y12.5115
G01 X46.6589Y8.6227
G01 X45.0808Y6.4948
G00 Z20.0000
G00 X45.4234Y6.2860
G01 Z20.0000
G01 X46.9915Y8.4004
G01 X49.3111Y12.2704
G00 Z20.0000
G00 X49.2501Y12.7111
G01 Z20.0000
G01 X49.2505Y12.6779
G01 X49.2569Y12.5542
G01 X49.2602Y12.5262
G01 X49.2787Y12.4036
G01 X49.2846Y12.3761
G01 X49.3150Y12.2560
G01 X49.3237Y12.2291
G01 X49.3657Y12.1125
G01 X49.3769Y12.0866
G01 X49.4302Y11.9748
G01 X49.4439Y11.9501
G01 X49.5079Y11.8440
G01 X49.5239Y11.8208
G01 X49.5980Y11.7215
G01 X49.6163Y11.7000
G01 X49.6997Y11.6084
G01 X49.7200Y11.5888
G01 X49.8120Y11.5058
G01 X49.8341Y11.4882
G01 X49.9338Y11.4147
G01 X49.9575Y11.3994
G01 X50.0640Y11.3360
G01 X50.0891Y11.3231
G01 X50.2012Y11.2704
G01 X50.2274Y11.2600
G01 X50.3442Y11.2186
G01 X50.3713Y11.2109
G01 X50.4916Y11.1811
G01 X50.5194Y11.1760
G01 X50.6420Y11.1581
G01 X50.6701Y11.1558
G01 X50.7939Y11.1501
G01 X50.8221Y11.1505
G01 X50.9458Y11.1569
G01 X50.9738Y11.1602
G01 X51.0964Y11.1787
G01 X51.1239Y11.1846
G01 X51.2441Y11.2150
G01 X51.2709Y11.2237
G01 X51.3875Y11.2657
G01 X51.4134Y11.2769
G01 X51.5252Y11.3302
G01 X51.5499Y11.3439
G01 X51.6560Y11.4079
G01 X51.6792Y11.4239
G01 X51.7785Y11.4980
G01 X51.8000Y11.5163
G01 X51.8916Y11.5997
G01 X51.9112Y11.6200
G01 X51.9942Y11.7120
G01 X52.0118Y11.7341
G01 X52.0853Y11.8338
G01 X52.1006Y11.8575
G01 X52.1640Y11.9640
G01 X52.1769Y11.9891
G01 X52.2296Y12.1012
G01 X52.2400Y12.1274
G01 X52.2814Y12.2442
G01 X52.2891Y12.2713
G01 X52.3189Y12.3916
G01 X52.3240Y12.4194
G01 X52.3419Y12.5420
G01 X52.3442Y12.5701
G01 X52.3499Y12.6939
G01 X52.3495Y12.7221
G01 X52.3431Y12.8458
G01 X52.3398Y12.8738
G01 X52.3213Y12.9964
G01 X52.3154Y13.0239
G01 X52.2850Y13.1440
G01 X52.2763Y13.1709
G01 X52.2343Y13.2875
G01 X52.2231Y13.3134
G01 X52.1698Y13.4252
G01 X52.1561Y13.4499
G01 X52.0921Y13.5560
G01 X52.0761Y13.5792
G01 X52.0020Y13.6785
G01 X51.9837Y13.7000
G01 X51.9003Y13.7916
G01 X51.8800Y13.8112
G01 X51.7880Y13.8942
G01 X51.7659Y13.9118
G01 X51.6662Y13.9853
G01 X51.6425Y14.0006
G01 X51.5360Y14.0640
G01 X51.5109Y14.0769
G01 X51.3988Y14.1296
G01 X51.3726Y14.1400
G01 X51.2558Y14.1814
G01 X51.2287Y14.1891
G01 X51.1084Y14.2189
G01 X51.0806Y14.2240
G01 X50.9580Y14.2419
G01 X50.9299Y14.2442
G01 X50.8061Y14.2499
G01 X50.7779Y14.2495
G01 X50.6542Y14.2431
G01 X50.6262Y14.2398
G01 X50.5036Y14.2213
G01 X50.4761Y14.2154
G01 X50.3560Y14.1850
G01 X50.3291Y14.1763
G01 X50.2125Y14.1343
G01 X50.1866Y14.1231
G01 X50.0748Y14.0698
G01 X50.0501Y14.0561
G01 X49.9440Y13.9921
G01 X49.9208Y13.9761
G01 X49.8215Y13.9020
G01 X49.8000Y13.8837
G01 X49.7084Y13.8003
G01 X49.6888Y13.7800
G01 X49.6058Y13.6880
G01 X49.5882Y13.6659
G01 X49.5147Y13.5662
G01 X49.4994Y13.5425
G01 X49.4360Y13.4360
G01 X49.4231Y13.4109
G01 X49.3704Y13.2988
G01 X49.3600Y13.2726
G01 X49.3186Y13.1558
G01 X49.3109Y13.1287
G01 X49.2811Y13.0084
G01 X49.2760Y12.9806
G01 X49.2581Y12.8580
G01 X49.2558Y12.8299
G01 X49.2501Y12.7111
G00 Z20.0000
G00 X49.5150Y11.8334
G01 Z20.0000
G01 X47.3241Y8.1782
G01 X45.7022Y5.9913
G00 Z20.0000
G00 X45.9090Y5.5994
G01 Z20.0000
G01 X47.6567Y7.9560
G01 X49.7939Y11.5217
G00 Z20.0000
G00 X50.1293Y11.3041
G01 Z20.0000
G01 X47.9893Y7.7337
G01 X45.9991Y5.0503
G00 Z20.0000
G00 X44.8479Y3.5832
G01 Z20.0000
G01 X42.0447Y0.4903
G01 X41.7906Y0.2600
G01 X42.3752Y0.2600
G01 X45.5041Y3.7122
G01 X48.3219Y7.5115
G01 X50.5184Y11.1762
G00 Z20.0000
G00 X50.9746Y11.1603
G01 Z20.0000
G01 X48.6545Y7.2893
G01 X45.8133Y3.4585
G01 X42.9144Y0.2600
G01 X43.4536Y0.2600
G01 X46.1225Y3.2047
G01 X48.9870Y7.0671
G01 X51.4592Y11.1916
G01 X51.5246Y11.3299
G00 Z20.0000
G00 X52.3188Y13.0091
G01 Z20.0000
G01 X53.5151Y15.5385
G01 X53.8369Y16.4378
G00 Z20.0000
G00 X54.2064Y16.2846
G01 Z20.0000
G01 X53.8847Y15.3854
G01 X51.8119Y11.0030
G01 X49.3196Y6.8448
G01 X46.4317Y2.9510
G01 X43.9928Y0.2600
G01 X44.5320Y0.2600
G01 X46.7410Y2.6972
G01 X49.6522Y6.6226
G01 X52.1647Y10.8144
G01 X54.2542Y15.2324
G01 X54.6112Y16.2301
G00 Z20.0000
G00 X55.0594Y16.2966
G01 Z20.0000
G01 X54.6238Y15.0793
G01 X52.5175Y10.6259
G01 X49.9848Y6.4004
G01 X47.0502Y2.4435
G01 X45.0712Y0.2600
G01 X45.6104Y0.2600
G01 X47.3594Y2.1897
G01 X50.3174Y6.1781
G01 X52.8702Y10.4373
G01 X54.9933Y14.9262
G01 X55.5827Y16.5735
G01 X56.0486Y16.6895
G01 X55.3629Y14.7731
G01 X53.2230Y10.2488
G01 X50.6500Y5.9559
G01 X47.6686Y1.9359
G01 X46.1496Y0.2600
G01 X46.6888Y0.2600
G01 X47.9778Y1.6822
G01 X50.9826Y5.7337
G01 X53.5758Y10.0602
G01 X55.7324Y14.6201
G01 X56.3818Y16.4349
G00 Z20.0000
G00 X56.7518Y16.2832
G01 Z20.0000
G01 X56.1020Y14.4670
G01 X53.9286Y9.8716
G01 X51.3152Y5.5115
G01 X48.2870Y1.4284
G01 X47.2280Y0.2600
G01 X47.7672Y0.2600
G01 X48.5962Y1.1747
G01 X51.6477Y5.2892
G01 X54.2813Y9.6831
G01 X56.4715Y14.3139
G01 X57.1572Y16.2301
G00 Z20.0000
G00 X57.6060Y16.2987
G01 Z20.0000
G01 X56.8411Y14.1609
G01 X54.6341Y9.4945
G01 X51.9803Y5.0670
G01 X48.9054Y0.9209
G01 X48.3064Y0.2600
G01 X48.8456Y0.2600
G01 X49.2146Y0.6672
G01 X52.3129Y4.8448
G01 X54.9869Y9.3060
G01 X57.2106Y14.0078
G01 X58.1310Y16.5801
G01 X58.5929Y16.6851
G01 X57.5802Y13.8547
G01 X55.3396Y9.1174
G01 X52.6455Y4.6225
G01 X49.5238Y0.4134
G01 X49.3848Y0.2600
G01 X49.9074Y0.2600
G01 X52.9781Y4.4003
G01 X55.6924Y8.9289
G01 X57.9497Y13.7016
G01 X58.9267Y16.4320
G00 Z20.0000
G00 X59.2973Y16.2818
G01 Z20.0000
G01 X58.3193Y13.5486
G01 X56.0452Y8.7403
G01 X53.3107Y4.1781
G01 X50.4048Y0.2600
G01 X50.9022Y0.2600
G01 X53.6433Y3.9559
G01 X56.3979Y8.5517
G01 X58.6889Y13.3955
G01 X59.7031Y16.2302
G00 Z20.0000
G00 X60.1527Y16.3009
G01 Z20.0000
G01 X59.0584Y13.2424
G01 X56.7507Y8.3632
G01 X53.9759Y3.7336
G01 X51.3996Y0.2600
G01 X53.8867Y0.2600
G01 X55.6388Y2.6225
G01 X58.5145Y7.4204
G01 X60.8317Y12.3196
G00 Z20.0000
G00 X60.7801Y12.7111
G01 Z20.0000
G01 X60.7804Y12.6810
G01 X60.7865Y12.5640
G01 X60.7897Y12.5360
G01 X60.8067Y12.4231
G01 X60.8127Y12.3956
G01 X60.8407Y12.2850
G01 X60.8494Y12.2581
G01 X60.8881Y12.1508
G01 X60.8993Y12.1249
G01 X60.9484Y12.0219
G01 X60.9621Y11.9973
G01 X61.0210Y11.8996
G01 X61.0371Y11.8764
G01 X61.1053Y11.7849
G01 X61.1236Y11.7634
G01 X61.2004Y11.6791
G01 X61.2207Y11.6595
G01 X61.3054Y11.5831
G01 X61.3275Y11.5655
G01 X61.4194Y11.4978
G01 X61.4431Y11.4826
G01 X61.5411Y11.4242
G01 X61.5662Y11.4113
G01 X61.6695Y11.3628
G01 X61.6957Y11.3524
G01 X61.8032Y11.3143
G01 X61.8304Y11.3065
G01 X61.9411Y11.2791
G01 X61.9689Y11.2741
G01 X62.0818Y11.2577
G01 X62.1099Y11.2554
G01 X62.2239Y11.2501
G01 X62.2521Y11.2505
G01 X62.3660Y11.2565
G01 X62.3940Y11.2597
G01 X62.5068Y11.2767
G01 X62.5344Y11.2827
G01 X62.6450Y11.3107
G01 X62.6719Y11.3194
G01 X62.7792Y11.3581
G01 X62.8051Y11.3693
G01 X62.9081Y11.4184
G01 X62.9327Y11.4321
G01 X63.0304Y11.4910
G01 X63.0536Y11.5071
G01 X63.1451Y11.5753
G01 X63.1666Y11.5936
G01 X63.2509Y11.6704
G01 X63.2705Y11.6907
G01 X63.3469Y11.7754
G01 X63.3645Y11.7975
G01 X63.4322Y11.8894
G01 X63.4474Y11.9131
G01 X63.5058Y12.0111
G01 X63.5187Y12.0362
G01 X63.5672Y12.1395
G01 X63.5776Y12.1657
G01 X63.6157Y12.2732
G01 X63.6235Y12.3004
G01 X63.6509Y12.4111
G01 X63.6559Y12.4389
G01 X63.6723Y12.5518
G01 X63.6746Y12.5799
G01 X63.6799Y12.6939
G01 X63.6795Y12.7221
G01 X63.6735Y12.8360
G01 X63.6703Y12.8640
G01 X63.6533Y12.9768
G01 X63.6473Y13.0044
G01 X63.6193Y13.1150
G01 X63.6106Y13.1419
G01 X63.5719Y13.2492
G01 X63.5607Y13.2751
G01 X63.5116Y13.3781
G01 X63.4979Y13.4027
G01 X63.4390Y13.5004
G01 X63.4229Y13.5236
G01 X63.3547Y13.6151
G01 X63.3364Y13.6366
G01 X63.2596Y13.7209
G01 X63.2393Y13.7405
G01 X63.1546Y13.8169
G01 X63.1325Y13.8345
G01 X63.0406Y13.9022
G01 X63.0169Y13.9174
G01 X62.9189Y13.9758
G01 X62.8938Y13.9887
G01 X62.7905Y14.0372
G01 X62.7643Y14.0476
G01 X62.6568Y14.0857
G01 X62.6296Y14.0935
G01 X62.5189Y14.1209
G01 X62.4911Y14.1259
G01 X62.3782Y14.1423
G01 X62.3501Y14.1446
G01 X62.2361Y14.1499
G01 X62.2079Y14.1495
G01 X62.0940Y14.1435
G01 X62.0660Y14.1403
G01 X61.9532Y14.1233
G01 X61.9256Y14.1173
G01 X61.8150Y14.0893
G01 X61.7881Y14.0806
G01 X61.6808Y14.0419
G01 X61.6549Y14.0307
G01 X61.5519Y13.9816
G01 X61.5273Y13.9679
G01 X61.4296Y13.9090
G01 X61.4064Y13.8929
G01 X61.3149Y13.8247
G01 X61.2934Y13.8064
G01 X61.2091Y13.7296
G01 X61.1895Y13.7093
G01 X61.1131Y13.6246
G01 X61.0955Y13.6025
G01 X61.0278Y13.5106
G01 X61.0126Y13.4869
G01 X60.9542Y13.3889
G01 X60.9413Y13.3638
G01 X60.8928Y13.2605
G01 X60.8824Y13.2343
G01 X60.8443Y13.1268
G01 X60.8365Y13.0996
G01 X60.8091Y12.9889
G01 X60.8041Y12.9611
G01 X60.7877Y12.8482
G01 X60.7854Y12.8201
G01 X60.7801Y12.7111
G00 Z20.0000
G00 X61.0535Y11.8542
G01 Z20.0000
G01 X58.8673Y7.2318
G01 X55.9714Y2.4003
G01 X54.3841Y0.2600
G01 X54.8815Y0.2600
G01 X56.3040Y2.1780
G01 X59.2201Y7.0433
G01 X61.3508Y11.5483
G00 Z20.0000
G00 X61.6995Y11.3511
G01 Z20.0000
G01 X59.5728Y6.8547
G01 X56.6366Y1.9558
G01 X55.3789Y0.2600
G01 X55.8763Y0.2600
G01 X56.9692Y1.7336
G01 X59.9256Y6.6662
G01 X62.0966Y11.2563
G00 Z20.0000
G00 X62.5533Y11.2874
G01 Z20.0000
G01 X60.2784Y6.4776
G01 X57.3017Y1.5114
G01 X56.3737Y0.2600
G01 X56.8711Y0.2600
G01 X57.6343Y1.2891
G01 X60.6312Y6.2890
G01 X63.1236Y11.5590
G00 Z20.0000
G00 X63.6446Y13.0151
G01 Z20.0000
G01 X65.0873Y17.0471
G01 X65.7800Y19.8126
G01 X65.7800Y21.4568
G01 X64.7045Y17.1632
G01 X63.4090Y13.5424
G00 Z20.0000
G00 X63.0982Y13.8598
G01 Z20.0000
G01 X64.3217Y17.2793
G01 X65.7190Y22.8577
G01 X65.7800Y23.2686
G01 X65.7800Y25.9914
G01 X65.3267Y22.9357
G01 X63.9390Y17.3954
G01 X62.7437Y14.0549
G00 Z20.0000
G00 X62.3515Y14.1446
G01 Z20.0000
G01 X63.5562Y17.5115
G01 X64.9344Y23.0138
G01 X65.7667Y28.6246
G01 X65.7800Y28.8952
G00 Z20.0000
G00 X65.7800Y18.1683
G01 Z20.0000
G01 X65.4701Y16.9310
G01 X63.4930Y11.4055
G01 X60.9839Y6.1005
G01 X57.9669Y1.0669
G01 X57.3685Y0.2600
G01 X57.8659Y0.2600
G01 X58.2995Y0.8447
G01 X61.3367Y5.9119
G01 X63.8626Y11.2525
G01 X65.7800Y16.6113
G01 X65.7800Y15.4254
G01 X64.2321Y11.0994
G01 X61.6895Y5.7234
G01 X61.0324Y4.6270
G00 Z20.0000
G00 X60.9449Y4.4811
G01 Z20.0000
G01 X58.6321Y0.6224
G01 X58.3633Y0.2600
G01 X58.8607Y0.2600
G01 X58.9647Y0.4002
G01 X60.8166Y3.4900
G00 Z20.0000
G00 X60.7801Y3.8211
G01 Z20.0000
G01 X60.7804Y3.7910
G01 X60.7865Y3.6740
G01 X60.7897Y3.6460
G01 X60.8067Y3.5332
G01 X60.8127Y3.5056
G01 X60.8407Y3.3950
G01 X60.8494Y3.3681
G01 X60.8881Y3.2608
G01 X60.8993Y3.2349
G01 X60.9484Y3.1319
G01 X60.9621Y3.1073
G01 X61.0210Y3.0096
G01 X61.0371Y2.9864
G01 X61.1053Y2.8949
G01 X61.1236Y2.8734
G01 X61.2004Y2.7891
G01 X61.2207Y2.7695
G01 X61.3054Y2.6931
G01 X61.3275Y2.6755
G01 X61.4194Y2.6078
G01 X61.4431Y2.5926
G01 X61.5411Y2.5342
G01 X61.5662Y2.5213
G01 X61.6695Y2.4728
G01 X61.6957Y2.4624
G01 X61.8032Y2.4243
G01 X61.8304Y2.4165
G01 X61.9411Y2.3891
G01 X61.9689Y2.3841
G01 X62.0818Y2.3677
G01 X62.1099Y2.3654
G01 X62.2239Y2.3601
G01 X62.2521Y2.3605
G01 X62.3660Y2.3665
G01 X62.3940Y2.3697
G01 X62.5069Y2.3867
G01 X62.5344Y2.3927
G01 X62.6450Y2.4207
G01 X62.6719Y2.4294
G01 X62.7792Y2.4681
G01 X62.8051Y2.4793
G01 X62.9081Y2.5284
G01 X62.9327Y2.5421
G01 X63.0304Y2.6010
G01 X63.0536Y2.6171
G01 X63.1451Y2.6853
G01 X63.1666Y2.7036
G01 X63.2509Y2.7804
G01 X63.2705Y2.8007
G01 X63.3469Y2.8854
G01 X63.3645Y2.9075
G01 X63.4322Y2.9994
G01 X63.4474Y3.0231
G01 X63.5058Y3.1211
G01 X63.5187Y3.1462
G01 X63.5672Y3.2495
G01 X63.5776Y3.2757
G01 X63.6157Y3.3832
G01 X63.6235Y3.4104
G01 X63.6509Y3.5211
G01 X63.6559Y3.5489
G01 X63.6723Y3.6618
G01 X63.6746Y3.6899
G01 X63.6799Y3.8039
G01 X63.6795Y3.8321
G01 X63.6735Y3.9460
G01 X63.6703Y3.9740
G01 X63.6533Y4.0868
G01 X63.6473Y4.1144
G01 X63.6193Y4.2250
G01 X63.6106Y4.2519
G01 X63.5719Y4.3592
G01 X63.5607Y4.3851
G01 X63.5116Y4.4881
G01 X63.4979Y4.5127
G01 X63.4390Y4.6104
G01 X63.4229Y4.6336
G01 X63.3547Y4.7251
G01 X63.3364Y4.7466
G01 X63.2596Y4.8309
G01 X63.2393Y4.8505
G01 X63.1546Y4.9269
G01 X63.1325Y4.9445
G01 X63.0406Y5.0122
G01 X63.0169Y5.0274
G01 X62.9189Y5.0858
G01 X62.8938Y5.0987
G01 X62.7905Y5.1472
G01 X62.7643Y5.1576
G01 X62.6568Y5.1957
G01 X62.6296Y5.2035
G01 X62.5189Y5.2309
G01 X62.4911Y5.2359
G01 X62.3782Y5.2523
G01 X62.3501Y5.2546
G01 X62.2361Y5.2599
G01 X62.2079Y5.2595
G01 X62.0940Y5.2535
G01 X62.0660Y5.2503
G01 X61.9532Y5.2333
G01 X61.9256Y5.2273
G01 X61.8150Y5.1993
G01 X61.7881Y5.1906
G01 X61.6808Y5.1519
G01 X61.6549Y5.1407
G01 X61.5519Y5.0916
G01 X61.5273Y5.0779
G01 X61.4296Y5.0190
G01 X61.4064Y5.0029
G01 X61.3149Y4.9347
G01 X61.2934Y4.9164
G01 X61.2091Y4.8396
G01 X61.1895Y4.8193
G01 X61.1131Y4.7346
G01 X61.0955Y4.7125
G01 X61.0278Y4.6206
G01 X61.0126Y4.5969
G01 X60.9542Y4.4989
G01 X60.9413Y4.4738
G01 X60.8928Y4.3705
G01 X60.8824Y4.3443
G01 X60.8443Y4.2368
G01 X60.8365Y4.2096
G01 X60.8091Y4.0989
G01 X60.8041Y4.0711
G01 X60.7877Y3.9582
G01 X60.7854Y3.9301
G01 X60.7801Y3.8211
G00 Z20.0000
G00 X61.0076Y3.0314
G01 Z20.0000
G01 X59.3464Y0.2600
G01 X59.8122Y0.2600
G01 X61.2827Y2.7133
G00 Z20.0000
G00 X61.6185Y2.4965
G01 Z20.0000
G01 X60.2780Y0.2600
G01 X60.7438Y0.2600
G01 X62.0130Y2.3775
G00 Z20.0000
G00 X62.4819Y2.3827
G01 Z20.0000
G01 X61.2096Y0.2600
G01 X61.6754Y0.2600
G01 X63.1157Y2.6632
G00 Z20.0000
G00 X63.6590Y3.5695
G01 Z20.0000
G01 X64.1588Y4.4034
G01 X65.7800Y7.8311
G01 X65.7800Y8.7655
G01 X63.8061Y4.5920
G01 X63.6075Y4.2607
G00 Z20.0000
G00 X63.3910Y4.6766
G01 Z20.0000
G01 X63.4533Y4.7806
G01 X65.7800Y9.7000
G01 X65.7800Y10.6818
G01 X65.7103Y10.4871
G01 X63.1001Y4.9684
G00 Z20.0000
G00 X62.7501Y5.1626
G01 Z20.0000
G01 X65.3408Y10.6402
G01 X65.7800Y11.8677
G01 X65.7800Y13.0536
G01 X64.9712Y10.7932
G01 X62.3950Y5.3462
G01 X62.3404Y5.2551
G00 Z20.0000
G00 X61.8460Y5.2074
G01 Z20.0000
G01 X62.0422Y5.5348
G01 X64.6017Y10.9463
G01 X65.7800Y14.2395
G00 Z20.0000
G00 X65.7800Y6.8967
G01 Z20.0000
G01 X64.5116Y4.2149
G01 X62.1411Y0.2600
G01 X62.6069Y0.2600
G01 X64.8644Y4.0263
G01 X65.7800Y5.9623
G01 X65.7800Y5.0278
G01 X65.2171Y3.8378
G01 X63.0727Y0.2600
G01 X63.5385Y0.2600
G01 X65.5699Y3.6492
G01 X65.7800Y4.0934
G01 X65.7800Y3.2226
G01 X64.0043Y0.2600
G01 X64.4701Y0.2600
G01 X65.7800Y2.4455
G01 X65.7800Y1.6684
G01 X64.9359Y0.2600
G01 X65.4016Y0.2600
G01 X65.7800Y0.8913
G00 Z20.0000
G00 X52.1165Y13.5159
G01 Z20.0000
G01 X53.1456Y15.6916
G01 X53.5043Y16.6941
G01 X53.0346Y16.5673
G01 X52.7760Y15.8447
G01 X51.8340Y13.8529
G00 Z20.0000
G00 X51.5004Y14.0819
G01 Z20.0000
G01 X52.4065Y15.9977
G01 X52.5127Y16.2947
G00 Z20.0000
G00 X52.0653Y16.2301
G01 Z20.0000
G01 X52.0369Y16.1508
G01 X51.1218Y14.2159
G00 Z20.0000
G00 X50.6937Y14.2453
G01 Z20.0000
G01 X51.6591Y16.2864
G00 Z20.0000
G00 X51.2906Y16.4416
G01 Z20.0000
G01 X50.1960Y14.1273
G00 Z20.0000
G00 X43.4210Y16.6225
G01 Z20.0000
G01 X42.9927Y15.7170
G01 X41.0049Y12.4005
G01 X38.7016Y9.2949
G01 X36.1372Y6.4655
G01 X35.3084Y6.2471
G01 X35.8222Y6.7128
G01 X38.3924Y9.5487
G01 X39.6794Y11.2839
G00 Z20.0000
G00 X39.1682Y11.2653
G01 Z20.0000
G01 X38.0832Y9.8024
G01 X35.5394Y6.9957
G01 X34.9641Y6.4743
G00 Z20.0000
G00 X34.5205Y6.6114
G01 Z20.0000
G01 X35.2565Y7.2785
G01 X37.7740Y10.0562
G01 X38.7601Y11.3858
G00 Z20.0000
G00 X38.4235Y11.6025
G01 Z20.0000
G01 X37.4648Y10.3099
G01 X34.9737Y7.5614
G01 X33.8856Y6.5752
G00 Z20.0000
G00 X32.8480Y6.1739
G01 Z20.0000
G01 X34.6908Y7.8442
G01 X37.1556Y10.5637
G01 X38.1543Y11.9103
G00 Z20.0000
G00 X37.9689Y12.3309
G01 Z20.0000
G01 X36.8464Y10.8174
G01 X34.4080Y8.1270
G01 X32.5254Y6.4208
G00 Z20.0000
G00 X32.1125Y6.5857
G01 Z20.0000
G01 X34.1251Y8.4099
G01 X36.5372Y11.0712
G01 X37.9456Y12.9702
G00 Z20.0000
G00 X37.9201Y12.7111
G01 Z20.0000
G01 X37.9204Y12.6810
G01 X37.9265Y12.5640
G01 X37.9297Y12.5360
G01 X37.9467Y12.4231
G01 X37.9527Y12.3956
G01 X37.9807Y12.2850
G01 X37.9894Y12.2581
G01 X38.0281Y12.1508
G01 X38.0393Y12.1249
G01 X38.0884Y12.0219
G01 X38.1021Y11.9973
G01 X38.1610Y11.8996
G01 X38.1771Y11.8764
G01 X38.2453Y11.7849
G01 X38.2636Y11.7634
G01 X38.3404Y11.6791
G01 X38.3607Y11.6595
G01 X38.4454Y11.5831
G01 X38.4675Y11.5655
G01 X38.5594Y11.4978
G01 X38.5831Y11.4826
G01 X38.6811Y11.4242
G01 X38.7062Y11.4113
G01 X38.8095Y11.3628
G01 X38.8357Y11.3524
G01 X38.9432Y11.3143
G01 X38.9704Y11.3065
G01 X39.0811Y11.2791
G01 X39.1089Y11.2741
G01 X39.2218Y11.2577
G01 X39.2499Y11.2554
G01 X39.3639Y11.2501
G01 X39.3921Y11.2505
G01 X39.5060Y11.2565
G01 X39.5340Y11.2597
G01 X39.6468Y11.2767
G01 X39.6744Y11.2827
G01 X39.7850Y11.3107
G01 X39.8119Y11.3194
G01 X39.9192Y11.3581
G01 X39.9451Y11.3693
G01 X40.0481Y11.4184
G01 X40.0727Y11.4321
G01 X40.1704Y11.4910
G01 X40.1936Y11.5071
G01 X40.2851Y11.5753
G01 X40.3066Y11.5936
G01 X40.3909Y11.6704
G01 X40.4105Y11.6907
G01 X40.4869Y11.7754
G01 X40.5045Y11.7975
G01 X40.5722Y11.8894
G01 X40.5874Y11.9131
G01 X40.6458Y12.0111
G01 X40.6587Y12.0362
G01 X40.7072Y12.1395
G01 X40.7176Y12.1657
G01 X40.7557Y12.2732
G01 X40.7635Y12.3004
G01 X40.7909Y12.4111
G01 X40.7959Y12.4389
G01 X40.8123Y12.5518
G01 X40.8146Y12.5799
G01 X40.8199Y12.6939
G01 X40.8195Y12.7221
G01 X40.8146Y12.8201
G01 X40.8103Y12.8640
G01 X40.7959Y12.9611
G01 X40.7909Y12.9889
G01 X40.7635Y13.0996
G01 X40.7557Y13.1268
G01 X40.7119Y13.2492
G01 X40.7007Y13.2751
G01 X40.6587Y13.3638
G01 X40.6379Y13.4027
G01 X40.5842Y13.4921
G01 X40.5629Y13.5236
G01 X40.5045Y13.6025
G01 X40.4869Y13.6246
G01 X40.3996Y13.7209
G01 X40.3793Y13.7405
G01 X40.2946Y13.8169
G01 X40.2725Y13.8345
G01 X40.1936Y13.8929
G01 X40.1569Y13.9174
G01 X40.0674Y13.9710
G01 X40.0338Y13.9887
G01 X39.9451Y14.0307
G01 X39.9192Y14.0419
G01 X39.8119Y14.0806
G01 X39.7850Y14.0893
G01 X39.6744Y14.1173
G01 X39.6469Y14.1233
G01 X39.5340Y14.1403
G01 X39.4901Y14.1446
G01 X39.3859Y14.1497
G01 X39.3479Y14.1495
G01 X39.2340Y14.1435
G01 X39.2060Y14.1403
G01 X39.1089Y14.1259
G01 X39.0656Y14.1173
G01 X38.9550Y14.0893
G01 X38.9281Y14.0806
G01 X38.8357Y14.0476
G01 X38.8095Y14.0372
G01 X38.7062Y13.9887
G01 X38.6811Y13.9758
G01 X38.5831Y13.9174
G01 X38.5464Y13.8929
G01 X38.4675Y13.8345
G01 X38.4454Y13.8169
G01 X38.3607Y13.7405
G01 X38.3336Y13.7138
G01 X38.2636Y13.6366
G01 X38.2355Y13.6025
G01 X38.1678Y13.5106
G01 X38.1526Y13.4869
G01 X38.1021Y13.4027
G01 X38.0884Y13.3781
G01 X38.0393Y13.2751
G01 X38.0281Y13.2492
G01 X37.9894Y13.1419
G01 X37.9765Y13.0996
G01 X37.9527Y13.0044
G01 X37.9467Y12.9769
G01 X37.9297Y12.8640
G01 X37.9257Y12.8262
G01 X37.9201Y12.7111
G01 X37.0778Y13.8121
G01 X35.6096Y11.8325
G01 X33.2766Y9.2584
G01 X30.7026Y6.9254
G01 X30.0057Y6.4086
G00 Z20.0000
G00 X30.3293Y6.1512
G01 Z20.0000
G01 X30.9563Y6.6162
G01 X33.5595Y8.9756
G01 X35.9188Y11.5787
G01 X38.0135Y14.4036
G00 Z20.0000
G00 X38.1255Y14.5905
G01 Z20.0000
G01 X39.1209Y16.2513
G00 Z20.0000
G00 X38.7269Y16.3710
G01 Z20.0000
G01 X38.2426Y15.5631
G00 Z20.0000
G00 X38.0512Y16.0207
G01 Z20.0000
G01 X38.3872Y16.5815
G00 Z20.0000
G00 X38.1044Y16.8867
G01 Z20.0000
G01 X37.7757Y16.3382
G00 Z20.0000
G00 X39.5836Y16.2461
G01 Z20.0000
G01 X38.3442Y14.1784
G01 X36.2280Y11.3250
G01 X33.8423Y8.6927
G01 X31.5511Y6.6161
G01 X29.5735Y6.5855
G01 X30.4488Y7.2346
G01 X32.9938Y9.5413
G01 X35.3004Y12.0862
G01 X36.5806Y13.8124
G00 Z20.0000
G00 X36.1810Y13.9443
G01 Z20.0000
G01 X34.9912Y12.3400
G01 X32.7109Y9.8241
G01 X30.1950Y7.5438
G01 X28.9274Y6.6037
G00 Z20.0000
G00 X27.7278Y6.2114
G01 Z20.0000
G01 X29.9413Y7.8530
G01 X32.4281Y10.1069
G01 X34.6820Y12.5938
G01 X35.8519Y14.1712
G00 Z20.0000
G00 X35.5907Y14.4896
G01 Z20.0000
G01 X34.3728Y12.8475
G01 X32.1452Y10.3898
G01 X29.6875Y8.1622
G01 X27.3853Y6.4548
G00 Z20.0000
G00 X26.9216Y6.6083
G01 Z20.0000
G01 X29.4338Y8.4715
G01 X31.8624Y10.6726
G01 X34.0636Y13.1013
G01 X35.4156Y14.9242
G00 Z20.0000
G00 X38.6922Y13.9817
G01 Z20.0000
G01 X40.1762Y16.4576
G01 X40.7918Y16.7077
G01 X39.2558Y14.1449
G00 Z20.0000
G00 X39.7010Y14.1106
G01 Z20.0000
G01 X41.1067Y16.4559
G00 Z20.0000
G00 X41.4746Y16.2926
G01 Z20.0000
G01 X40.0790Y13.9642
G00 Z20.0000
G00 X40.3992Y13.7213
G01 Z20.0000
G01 X41.9029Y16.2301
G00 Z20.0000
G00 X42.3874Y16.3060
G01 Z20.0000
G01 X42.2872Y16.0941
G01 X40.6551Y13.3711
G00 Z20.0000
G00 X40.8115Y12.8549
G01 Z20.0000
G01 X42.6400Y15.9055
G01 X43.0101Y16.6882
G00 Z20.0000
G00 X43.2086Y4.1541
G01 Z20.0000
G01 X40.9134Y1.6217
G01 X39.4110Y0.2600
G01 X38.8161Y0.2600
G01 X40.6305Y1.9045
G01 X42.1175Y3.5452
G00 Z20.0000
G00 X41.5942Y3.5627
G01 Z20.0000
G01 X40.3477Y2.1874
G01 X38.2212Y0.2600
G01 X37.6263Y0.2600
G01 X40.0648Y2.4702
G01 X41.1875Y3.7088
G00 Z20.0000
G00 X40.8596Y3.9419
G01 Z20.0000
G01 X39.7820Y2.7530
G01 X37.0314Y0.2600
G01 X36.4364Y0.2600
G01 X39.4992Y3.0359
G01 X40.1261Y3.7277
G00 Z20.0000
G00 X39.4090Y3.5314
G01 Z20.0000
G01 X39.2163Y3.3187
G01 X36.0315Y0.4321
G01 X35.7993Y0.2600
G01 X35.1287Y0.2600
G01 X35.7777Y0.7413
G01 X38.9262Y3.5950
G00 Z20.0000
G00 X38.5319Y3.7768
G01 Z20.0000
G01 X35.5239Y1.0506
G01 X34.4580Y0.2600
G01 X33.7873Y0.2600
G01 X35.2702Y1.3598
G01 X38.2247Y4.0376
G00 Z20.0000
G00 X37.0961Y3.5538
G01 Z20.0000
G01 X35.0164Y1.6690
G01 X33.1167Y0.2600
G01 X32.4460Y0.2600
G01 X34.7627Y1.9782
G01 X36.5116Y3.5633
G00 Z20.0000
G00 X36.0885Y3.7191
G01 Z20.0000
G01 X34.5089Y2.2874
G01 X31.7753Y0.2600
G01 X31.1047Y0.2600
G01 X34.2552Y2.5966
G01 X35.7596Y3.9601
G01 X34.7783Y3.6099
G01 X34.0014Y2.9058
G01 X30.8012Y0.5323
G01 X30.3468Y0.2600
G01 X29.5697Y0.2600
G01 X30.5790Y0.8649
G01 X33.7476Y3.2150
G01 X34.1078Y3.5414
G00 Z20.0000
G00 X33.6528Y3.6682
G01 Z20.0000
G01 X33.4939Y3.5242
G01 X30.3567Y1.1975
G01 X28.7926Y0.2600
G01 X28.0155Y0.2600
G01 X30.1345Y1.5301
G01 X33.2401Y3.8334
G01 X33.2999Y3.8876
G00 Z20.0000
G00 X33.0287Y4.1809
G01 Z20.0000
G01 X32.9864Y4.1426
G01 X32.9786Y4.1369
G00 Z20.0000
G00 X32.2959Y3.6305
G01 Z20.0000
G01 X29.9123Y1.8627
G01 X27.2384Y0.2600
G01 X26.4612Y0.2600
G01 X29.6900Y2.1953
G01 X31.5155Y3.5492
G00 Z20.0000
G00 X31.0472Y3.6992
G01 Z20.0000
G01 X29.4678Y2.5279
G01 X26.2524Y0.6006
G01 X25.5322Y0.2600
G01 X24.5978Y0.2600
G01 X26.0638Y0.9534
G01 X29.2456Y2.8604
G01 X30.7015Y3.9402
G00 Z20.0000
G00 X29.5201Y3.5614
G01 Z20.0000
G01 X29.0234Y3.1930
G01 X25.8753Y1.3061
G01 X23.6634Y0.2600
G01 X22.7290Y0.2600
G01 X25.6867Y1.6589
G01 X28.8011Y3.5256
G01 X28.8619Y3.5707
G00 Z20.0000
G00 X28.4075Y3.7555
G01 Z20.0000
G01 X25.4982Y2.0117
G01 X22.2512Y0.4760
G01 X21.6475Y0.2600
G01 X20.4616Y0.2600
G01 X22.0982Y0.8456
G01 X25.3096Y2.3645
G01 X28.0775Y4.0235
G00 Z20.0000
G00 X26.4945Y3.5404
G01 Z20.0000
G01 X25.1210Y2.7172
G01 X21.9451Y1.2151
G01 X19.2757Y0.2600
G00 Z20.0000
G00 X40.0059Y0.2600
G01 Z20.0000
G01 X41.1962Y1.3388
G01 X43.4869Y3.8662
G00 Z20.0000
G00 X43.8365Y3.6570
G01 Z20.0000
G01 X41.4790Y1.0560
G01 X40.6008Y0.2600
G01 X41.1957Y0.2600
G01 X41.7619Y0.7731
G01 X44.2705Y3.5410
G00 Z20.0000
G00 Z20.0000
G00 X0Y0
M05
G0 Z20
G0 X0 Y100